type,malecns,fafb,banc,male_specific_annotated_cells,malecns_fruDsx,evidence
5th-LNv,0,2,0,0,,female name unmatched in MaleCNS; sex specificity unestablished
AC_neuron,0,4,3,0,,female name unmatched in MaleCNS; sex specificity unestablished
ADNM1,0,0,2,0,,female name unmatched in MaleCNS; sex specificity unestablished
ADNM2,0,0,2,0,,female name unmatched in MaleCNS; sex specificity unestablished
AN03A008,2,0,0,2,fru_high,MaleCNS source dimorphism=male-specific; annotation applies to these cells
AN05B023,0,0,6,0,,female name unmatched in MaleCNS; sex specificity unestablished
AN05B047,0,0,1,0,,female name unmatched in MaleCNS; sex specificity unestablished
AN05B049,0,0,6,0,,female name unmatched in MaleCNS; sex specificity unestablished
AN05B050,0,0,6,0,,female name unmatched in MaleCNS; sex specificity unestablished
AN05B054,0,0,6,0,,female name unmatched in MaleCNS; sex specificity unestablished
AN05B094,0,0,2,0,,female name unmatched in MaleCNS; sex specificity unestablished
AN05B102,0,0,4,0,,female name unmatched in MaleCNS; sex specificity unestablished
AN05B999,0,0,2,0,,female name unmatched in MaleCNS; sex specificity unestablished
AN06B999,0,0,2,0,,female name unmatched in MaleCNS; sex specificity unestablished
AN07B037,0,0,6,0,,female name unmatched in MaleCNS; sex specificity unestablished
AN07B046,0,0,8,0,,female name unmatched in MaleCNS; sex specificity unestablished
AN07B051,0,0,1,0,,female name unmatched in MaleCNS; sex specificity unestablished
AN07B069,0,0,10,0,,female name unmatched in MaleCNS; sex specificity unestablished
AN07B071,0,0,16,0,,female name unmatched in MaleCNS; sex specificity unestablished
AN07B072,0,0,23,0,,female name unmatched in MaleCNS; sex specificity unestablished
AN07B078,0,0,4,0,,female name unmatched in MaleCNS; sex specificity unestablished
AN07B082,0,0,15,0,,female name unmatched in MaleCNS; sex specificity unestablished
AN07B095,0,0,1,0,,female name unmatched in MaleCNS; sex specificity unestablished
AN07B101,0,0,4,0,,female name unmatched in MaleCNS; sex specificity unestablished
AN08B059,5,0,2,5,fru_high,MaleCNS source dimorphism=male-specific; annotation applies to these cells
AN08B071,0,0,6,0,,female name unmatched in MaleCNS; sex specificity unestablished
AN08B079,0,0,9,0,,female name unmatched in MaleCNS; sex specificity unestablished
AN08B099,0,0,21,0,,female name unmatched in MaleCNS; sex specificity unestablished
AN08B998,0,0,2,0,,female name unmatched in MaleCNS; sex specificity unestablished
AN09B001,0,0,3,0,,female name unmatched in MaleCNS; sex specificity unestablished
AN09B017a,2,0,0,2,fru_high,MaleCNS source dimorphism=male-specific; annotation applies to these cells
AN09B017b,2,0,0,2,fru_high,MaleCNS source dimorphism=male-specific; annotation applies to these cells
AN09B017c,2,0,0,2,fru_high,MaleCNS source dimorphism=male-specific; annotation applies to these cells
AN09B017d,2,0,0,2,fru_high,MaleCNS source dimorphism=male-specific; annotation applies to these cells
AN09B017e,2,0,0,2,fru_high,MaleCNS source dimorphism=male-specific; annotation applies to these cells
AN09B017f,2,0,0,2,fru_high,MaleCNS source dimorphism=male-specific; annotation applies to these cells
AN09B017g,2,0,0,2,fru_high,MaleCNS source dimorphism=male-specific; annotation applies to these cells
AN10B049,0,0,4,0,,female name unmatched in MaleCNS; sex specificity unestablished
AN10B051,0,0,4,0,,female name unmatched in MaleCNS; sex specificity unestablished
AN10B056,0,0,5,0,,female name unmatched in MaleCNS; sex specificity unestablished
AN10B060,0,0,5,0,,female name unmatched in MaleCNS; sex specificity unestablished
AN16B078,0,0,17,0,,female name unmatched in MaleCNS; sex specificity unestablished
AN19B074,0,0,1,0,,female name unmatched in MaleCNS; sex specificity unestablished
ANXXX019,0,0,2,0,,female name unmatched in MaleCNS; sex specificity unestablished
ANXXX043,0,0,4,0,,female name unmatched in MaleCNS; sex specificity unestablished
ANXXX046,0,0,2,0,,female name unmatched in MaleCNS; sex specificity unestablished
ANXXX090,0,0,1,0,,female name unmatched in MaleCNS; sex specificity unestablished
ANXXX148,0,0,3,0,,female name unmatched in MaleCNS; sex specificity unestablished
ANXXX313,0,0,2,0,,female name unmatched in MaleCNS; sex specificity unestablished
ANXXX433,0,0,6,0,,female name unmatched in MaleCNS; sex specificity unestablished
ANXXX462,0,0,2,0,,female name unmatched in MaleCNS; sex specificity unestablished
ANXXX976,0,0,2,0,,female name unmatched in MaleCNS; sex specificity unestablished
ANXXX977,0,0,1,0,,female name unmatched in MaleCNS; sex specificity unestablished
ANXXX981,0,0,2,0,,female name unmatched in MaleCNS; sex specificity unestablished
ANXXX982,0,0,2,0,,female name unmatched in MaleCNS; sex specificity unestablished
ANXXX983,0,0,2,0,,female name unmatched in MaleCNS; sex specificity unestablished
ANXXX985,0,0,1,0,,female name unmatched in MaleCNS; sex specificity unestablished
ANXXX986,0,0,4,0,,female name unmatched in MaleCNS; sex specificity unestablished
ANXXX987,0,0,2,0,,female name unmatched in MaleCNS; sex specificity unestablished
ANXXX988,0,0,5,0,,female name unmatched in MaleCNS; sex specificity unestablished
ANXXX989,0,0,2,0,,female name unmatched in MaleCNS; sex specificity unestablished
ANXXX990,0,0,2,0,,female name unmatched in MaleCNS; sex specificity unestablished
AN_AVLP_26,0,2,0,0,,female name unmatched in MaleCNS; sex specificity unestablished
AN_AVLP_27,0,4,0,0,,female name unmatched in MaleCNS; sex specificity unestablished
AN_AVLP_28,0,8,0,0,,female name unmatched in MaleCNS; sex specificity unestablished
AN_AVLP_38,0,2,0,0,,female name unmatched in MaleCNS; sex specificity unestablished
AN_AVLP_45,0,6,0,0,,female name unmatched in MaleCNS; sex specificity unestablished
AN_AVLP_46,0,5,0,0,,female name unmatched in MaleCNS; sex specificity unestablished
AN_AVLP_48,0,9,0,0,,female name unmatched in MaleCNS; sex specificity unestablished
AN_AVLP_53,0,27,0,0,,female name unmatched in MaleCNS; sex specificity unestablished
AN_AVLP_GNG_15,0,2,0,0,,female name unmatched in MaleCNS; sex specificity unestablished
AN_AVLP_GNG_23,0,15,0,0,,female name unmatched in MaleCNS; sex specificity unestablished
AN_AVLP_GNG_5,0,2,0,0,,female name unmatched in MaleCNS; sex specificity unestablished
AN_AVLP_SAD_5,0,4,0,0,,female name unmatched in MaleCNS; sex specificity unestablished
AN_FLA_1,0,2,0,0,,female name unmatched in MaleCNS; sex specificity unestablished
AN_FLA_SMP_1,0,2,0,0,,female name unmatched in MaleCNS; sex specificity unestablished
AN_GNG_102,0,2,0,0,,female name unmatched in MaleCNS; sex specificity unestablished
AN_GNG_103,0,3,0,0,,female name unmatched in MaleCNS; sex specificity unestablished
AN_GNG_104,0,2,0,0,,female name unmatched in MaleCNS; sex specificity unestablished
AN_GNG_110,0,2,0,0,,female name unmatched in MaleCNS; sex specificity unestablished
AN_GNG_115,0,2,0,0,,female name unmatched in MaleCNS; sex specificity unestablished
AN_GNG_116,0,2,0,0,,female name unmatched in MaleCNS; sex specificity unestablished
AN_GNG_119,0,2,0,0,,female name unmatched in MaleCNS; sex specificity unestablished
AN_GNG_120,0,2,0,0,,female name unmatched in MaleCNS; sex specificity unestablished
AN_GNG_121,0,2,0,0,,female name unmatched in MaleCNS; sex specificity unestablished
AN_GNG_123,0,2,0,0,,female name unmatched in MaleCNS; sex specificity unestablished
AN_GNG_124,0,4,0,0,,female name unmatched in MaleCNS; sex specificity unestablished
AN_GNG_125,0,2,0,0,,female name unmatched in MaleCNS; sex specificity unestablished
AN_GNG_126,0,2,0,0,,female name unmatched in MaleCNS; sex specificity unestablished
AN_GNG_129,0,2,0,0,,female name unmatched in MaleCNS; sex specificity unestablished
AN_GNG_130,0,2,0,0,,female name unmatched in MaleCNS; sex specificity unestablished
AN_GNG_135,0,2,0,0,,female name unmatched in MaleCNS; sex specificity unestablished
AN_GNG_137,0,2,0,0,,female name unmatched in MaleCNS; sex specificity unestablished
AN_GNG_138,0,2,0,0,,female name unmatched in MaleCNS; sex specificity unestablished
AN_GNG_139,0,2,0,0,,female name unmatched in MaleCNS; sex specificity unestablished
AN_GNG_143,0,2,0,0,,female name unmatched in MaleCNS; sex specificity unestablished
AN_GNG_147,0,2,0,0,,female name unmatched in MaleCNS; sex specificity unestablished
AN_GNG_148,0,6,0,0,,female name unmatched in MaleCNS; sex specificity unestablished
AN_GNG_149,0,4,0,0,,female name unmatched in MaleCNS; sex specificity unestablished
AN_GNG_15,0,2,0,0,,female name unmatched in MaleCNS; sex specificity unestablished
AN_GNG_152,0,2,0,0,,female name unmatched in MaleCNS; sex specificity unestablished
AN_GNG_154,0,2,0,0,,female name unmatched in MaleCNS; sex specificity unestablished
AN_GNG_159,0,4,0,0,,female name unmatched in MaleCNS; sex specificity unestablished
AN_GNG_161,0,3,0,0,,female name unmatched in MaleCNS; sex specificity unestablished
AN_GNG_162,0,8,0,0,,female name unmatched in MaleCNS; sex specificity unestablished
AN_GNG_163,0,7,0,0,,female name unmatched in MaleCNS; sex specificity unestablished
AN_GNG_164,0,11,0,0,,female name unmatched in MaleCNS; sex specificity unestablished
AN_GNG_165,0,38,0,0,,female name unmatched in MaleCNS; sex specificity unestablished
AN_GNG_166,0,11,0,0,,female name unmatched in MaleCNS; sex specificity unestablished
AN_GNG_168,0,3,0,0,,female name unmatched in MaleCNS; sex specificity unestablished
AN_GNG_169,0,4,0,0,,female name unmatched in MaleCNS; sex specificity unestablished
AN_GNG_17,0,2,0,0,,female name unmatched in MaleCNS; sex specificity unestablished
AN_GNG_172,0,16,0,0,,female name unmatched in MaleCNS; sex specificity unestablished
AN_GNG_173,0,4,0,0,,female name unmatched in MaleCNS; sex specificity unestablished
AN_GNG_174,0,2,0,0,,female name unmatched in MaleCNS; sex specificity unestablished
AN_GNG_175,0,27,0,0,,female name unmatched in MaleCNS; sex specificity unestablished
AN_GNG_176,0,3,0,0,,female name unmatched in MaleCNS; sex specificity unestablished
AN_GNG_177,0,5,0,0,,female name unmatched in MaleCNS; sex specificity unestablished
AN_GNG_179,0,8,0,0,,female name unmatched in MaleCNS; sex specificity unestablished
AN_GNG_182,0,5,0,0,,female name unmatched in MaleCNS; sex specificity unestablished
AN_GNG_183,0,4,0,0,,female name unmatched in MaleCNS; sex specificity unestablished
AN_GNG_184,0,7,0,0,,female name unmatched in MaleCNS; sex specificity unestablished
AN_GNG_189,0,2,0,0,,female name unmatched in MaleCNS; sex specificity unestablished
AN_GNG_190,0,5,0,0,,female name unmatched in MaleCNS; sex specificity unestablished
AN_GNG_192,0,6,0,0,,female name unmatched in MaleCNS; sex specificity unestablished
AN_GNG_194,0,3,0,0,,female name unmatched in MaleCNS; sex specificity unestablished
AN_GNG_196,0,6,0,0,,female name unmatched in MaleCNS; sex specificity unestablished
AN_GNG_197,0,15,0,0,,female name unmatched in MaleCNS; sex specificity unestablished
AN_GNG_200,0,6,0,0,,female name unmatched in MaleCNS; sex specificity unestablished
AN_GNG_204,0,8,0,0,,female name unmatched in MaleCNS; sex specificity unestablished
AN_GNG_48,0,2,0,0,,female name unmatched in MaleCNS; sex specificity unestablished
AN_GNG_52,0,2,0,0,,female name unmatched in MaleCNS; sex specificity unestablished
AN_GNG_55,0,2,0,0,,female name unmatched in MaleCNS; sex specificity unestablished
AN_GNG_61,0,2,0,0,,female name unmatched in MaleCNS; sex specificity unestablished
AN_GNG_62,0,2,0,0,,female name unmatched in MaleCNS; sex specificity unestablished
AN_GNG_63,0,2,0,0,,female name unmatched in MaleCNS; sex specificity unestablished
AN_GNG_69,0,11,1,0,,female name unmatched in MaleCNS; sex specificity unestablished
AN_GNG_75,0,2,0,0,,female name unmatched in MaleCNS; sex specificity unestablished
AN_GNG_77,0,2,0,0,,female name unmatched in MaleCNS; sex specificity unestablished
AN_GNG_78,0,2,0,0,,female name unmatched in MaleCNS; sex specificity unestablished
AN_GNG_84,0,2,0,0,,female name unmatched in MaleCNS; sex specificity unestablished
AN_GNG_86,0,2,0,0,,female name unmatched in MaleCNS; sex specificity unestablished
AN_GNG_88,0,2,0,0,,female name unmatched in MaleCNS; sex specificity unestablished
AN_GNG_90,0,3,1,0,,female name unmatched in MaleCNS; sex specificity unestablished
AN_GNG_94,0,4,0,0,,female name unmatched in MaleCNS; sex specificity unestablished
AN_GNG_95,0,2,0,0,,female name unmatched in MaleCNS; sex specificity unestablished
AN_GNG_99,0,3,0,0,,female name unmatched in MaleCNS; sex specificity unestablished
AN_GNG_FLA_4,0,2,0,0,,female name unmatched in MaleCNS; sex specificity unestablished
AN_GNG_FLA_5,0,2,0,0,,female name unmatched in MaleCNS; sex specificity unestablished
AN_GNG_IPS_13,0,3,0,0,,female name unmatched in MaleCNS; sex specificity unestablished
AN_GNG_IPS_14,0,7,0,0,,female name unmatched in MaleCNS; sex specificity unestablished
AN_GNG_IPS_15,0,3,0,0,,female name unmatched in MaleCNS; sex specificity unestablished
AN_GNG_IPS_16,0,3,0,0,,female name unmatched in MaleCNS; sex specificity unestablished
AN_GNG_IPS_18,0,5,0,0,,female name unmatched in MaleCNS; sex specificity unestablished
AN_GNG_IPS_19,0,10,0,0,,female name unmatched in MaleCNS; sex specificity unestablished
AN_GNG_IPS_20,0,4,0,0,,female name unmatched in MaleCNS; sex specificity unestablished
AN_GNG_IPS_4,0,2,0,0,,female name unmatched in MaleCNS; sex specificity unestablished
AN_GNG_SAD_1,0,2,0,0,,female name unmatched in MaleCNS; sex specificity unestablished
AN_GNG_SAD_22,0,2,0,0,,female name unmatched in MaleCNS; sex specificity unestablished
AN_GNG_SAD_25,0,2,0,0,,female name unmatched in MaleCNS; sex specificity unestablished
AN_GNG_SAD_26,0,5,0,0,,female name unmatched in MaleCNS; sex specificity unestablished
AN_GNG_SAD_32,0,8,0,0,,female name unmatched in MaleCNS; sex specificity unestablished
AN_GNG_SPS_1,0,4,0,0,,female name unmatched in MaleCNS; sex specificity unestablished
AN_GNG_VES_10,0,4,0,0,,female name unmatched in MaleCNS; sex specificity unestablished
AN_GNG_VES_7,0,6,0,0,,female name unmatched in MaleCNS; sex specificity unestablished
AN_IPS_1,0,2,0,0,,female name unmatched in MaleCNS; sex specificity unestablished
AN_IPS_GNG_4,0,2,0,0,,female name unmatched in MaleCNS; sex specificity unestablished
AN_IPS_GNG_6,0,13,0,0,,female name unmatched in MaleCNS; sex specificity unestablished
AN_IPS_GNG_7,0,12,0,0,,female name unmatched in MaleCNS; sex specificity unestablished
AN_IPS_LAL_1,0,6,0,0,,female name unmatched in MaleCNS; sex specificity unestablished
AN_SMP_1,0,5,0,0,,female name unmatched in MaleCNS; sex specificity unestablished
AN_SMP_2,0,2,0,0,,female name unmatched in MaleCNS; sex specificity unestablished
AN_SMP_3,0,2,0,0,,female name unmatched in MaleCNS; sex specificity unestablished
AN_SMP_FLA_1,0,2,0,0,,female name unmatched in MaleCNS; sex specificity unestablished
AN_multi_101,0,2,0,0,,female name unmatched in MaleCNS; sex specificity unestablished
AN_multi_104,0,2,0,0,,female name unmatched in MaleCNS; sex specificity unestablished
AN_multi_107,0,2,0,0,,female name unmatched in MaleCNS; sex specificity unestablished
AN_multi_119,0,2,0,0,,female name unmatched in MaleCNS; sex specificity unestablished
AN_multi_120,0,2,0,0,,female name unmatched in MaleCNS; sex specificity unestablished
AN_multi_121,0,2,0,0,,female name unmatched in MaleCNS; sex specificity unestablished
AN_multi_124,0,10,2,0,,female name unmatched in MaleCNS; sex specificity unestablished
AN_multi_125,0,2,0,0,,female name unmatched in MaleCNS; sex specificity unestablished
AN_multi_128,0,4,0,0,,female name unmatched in MaleCNS; sex specificity unestablished
AN_multi_44,0,2,0,0,,female name unmatched in MaleCNS; sex specificity unestablished
AN_multi_74,0,2,0,0,,female name unmatched in MaleCNS; sex specificity unestablished
AN_multi_96,0,2,0,0,,female name unmatched in MaleCNS; sex specificity unestablished
AN_multi_98,0,4,0,0,,female name unmatched in MaleCNS; sex specificity unestablished
AN_multi_99,0,2,0,0,,female name unmatched in MaleCNS; sex specificity unestablished
AOTU008a,0,8,5,0,,female name unmatched in MaleCNS; sex specificity unestablished
AOTU008b,0,2,3,0,,female name unmatched in MaleCNS; sex specificity unestablished
AOTU008c,0,4,6,0,,female name unmatched in MaleCNS; sex specificity unestablished
AOTU008d,0,8,12,0,,female name unmatched in MaleCNS; sex specificity unestablished
AOTU015a,0,4,2,0,,female name unmatched in MaleCNS; sex specificity unestablished
AOTU063a,0,2,1,0,,female name unmatched in MaleCNS; sex specificity unestablished
AOTU063b,0,2,3,0,,female name unmatched in MaleCNS; sex specificity unestablished
AOTU100m,2,0,0,2,,MaleCNS source dimorphism=male-specific; annotation applies to these cells
AOTU101m,2,0,0,2,,MaleCNS source dimorphism=male-specific; annotation applies to these cells
AOTU103m,4,0,0,4,coexpress_high,MaleCNS source dimorphism=male-specific; annotation applies to these cells
APDN3,0,12,7,0,,female name unmatched in MaleCNS; sex specificity unestablished
ATL010,0,4,3,0,,female name unmatched in MaleCNS; sex specificity unestablished
AVLP/PVLP_pr01,0,1,0,0,,female name unmatched in MaleCNS; sex specificity unestablished
AVLP006a,0,2,1,0,,female name unmatched in MaleCNS; sex specificity unestablished
AVLP006b,0,2,1,0,,female name unmatched in MaleCNS; sex specificity unestablished
AVLP008,0,10,8,0,,female name unmatched in MaleCNS; sex specificity unestablished
AVLP010,0,8,7,0,,female name unmatched in MaleCNS; sex specificity unestablished
AVLP011,0,9,15,0,,female name unmatched in MaleCNS; sex specificity unestablished
AVLP069,0,13,15,0,,female name unmatched in MaleCNS; sex specificity unestablished
AVLP100,0,2,2,0,,female name unmatched in MaleCNS; sex specificity unestablished
AVLP143a,0,2,1,0,,female name unmatched in MaleCNS; sex specificity unestablished
AVLP143b,0,2,2,0,,female name unmatched in MaleCNS; sex specificity unestablished
AVLP194,0,3,5,0,,female name unmatched in MaleCNS; sex specificity unestablished
AVLP194_b,0,4,1,0,,female name unmatched in MaleCNS; sex specificity unestablished
AVLP194_c,0,7,6,0,,female name unmatched in MaleCNS; sex specificity unestablished
AVLP205b,0,2,0,0,,female name unmatched in MaleCNS; sex specificity unestablished
AVLP206_a,0,0,1,0,,female name unmatched in MaleCNS; sex specificity unestablished
AVLP207,0,0,1,0,,female name unmatched in MaleCNS; sex specificity unestablished
AVLP219,0,0,2,0,,female name unmatched in MaleCNS; sex specificity unestablished
AVLP234a,0,2,1,0,,female name unmatched in MaleCNS; sex specificity unestablished
AVLP234b,0,2,3,0,,female name unmatched in MaleCNS; sex specificity unestablished
AVLP261,0,0,1,0,,female name unmatched in MaleCNS; sex specificity unestablished
AVLP270,0,0,1,0,,female name unmatched in MaleCNS; sex specificity unestablished
AVLP273,0,0,1,0,,female name unmatched in MaleCNS; sex specificity unestablished
AVLP286,0,2,4,0,,female name unmatched in MaleCNS; sex specificity unestablished
AVLP313,0,2,1,0,,female name unmatched in MaleCNS; sex specificity unestablished
AVLP380a,0,2,2,0,,female name unmatched in MaleCNS; sex specificity unestablished
AVLP380b,0,4,4,0,,female name unmatched in MaleCNS; sex specificity unestablished
AVLP386,0,2,0,0,,female name unmatched in MaleCNS; sex specificity unestablished
AVLP419b,0,4,0,0,,female name unmatched in MaleCNS; sex specificity unestablished
AVLP441,0,8,2,0,,female name unmatched in MaleCNS; sex specificity unestablished
AVLP454_a,0,10,12,0,,female name unmatched in MaleCNS; sex specificity unestablished
AVLP454_b,0,10,9,0,,female name unmatched in MaleCNS; sex specificity unestablished
AVLP458,0,1,2,0,,female name unmatched in MaleCNS; sex specificity unestablished
AVLP469a,0,2,1,0,,female name unmatched in MaleCNS; sex specificity unestablished
AVLP469b,0,6,8,0,,female name unmatched in MaleCNS; sex specificity unestablished
AVLP510,0,0,1,0,,female name unmatched in MaleCNS; sex specificity unestablished
AVLP548_f,0,4,7,0,,female name unmatched in MaleCNS; sex specificity unestablished
AVLP559a,0,4,4,0,,female name unmatched in MaleCNS; sex specificity unestablished
AVLP559b,0,3,2,0,,female name unmatched in MaleCNS; sex specificity unestablished
AVLP559c,0,2,1,0,,female name unmatched in MaleCNS; sex specificity unestablished
AVLP568,0,2,0,0,,female name unmatched in MaleCNS; sex specificity unestablished
AVLP569,0,4,3,0,,female name unmatched in MaleCNS; sex specificity unestablished
AVLP570,0,4,6,0,,female name unmatched in MaleCNS; sex specificity unestablished
AVLP700m,5,0,0,5,fru_high,MaleCNS source dimorphism=male-specific; annotation applies to these cells
AVLP702m,4,0,0,4,dsx_high,MaleCNS source dimorphism=male-specific; annotation applies to these cells
AVLP703m,2,0,0,2,,MaleCNS source dimorphism=male-specific; annotation applies to these cells
AVLP704m,3,0,0,3,fru_high,MaleCNS source dimorphism=male-specific; annotation applies to these cells
AVLP705m,9,0,0,9,dsx_high,MaleCNS source dimorphism=male-specific; annotation applies to these cells
AVLP706m,6,0,0,6,fru_high,MaleCNS source dimorphism=male-specific; annotation applies to these cells
AVLP708m,2,0,0,2,,MaleCNS source dimorphism=male-specific; annotation applies to these cells
AVLP709m,8,0,0,8,fru_high,MaleCNS source dimorphism=male-specific; annotation applies to these cells
AVLP710m,2,0,0,2,,MaleCNS source dimorphism=male-specific; annotation applies to these cells
AVLP711m,5,0,0,5,fru_high,MaleCNS source dimorphism=male-specific; annotation applies to these cells
AVLP712m,2,0,0,2,fru_high,MaleCNS source dimorphism=male-specific; annotation applies to these cells
AVLP713m,2,0,0,2,coexpress_high,MaleCNS source dimorphism=male-specific; annotation applies to these cells
AVLP714m,6,0,0,6,fru_high,MaleCNS source dimorphism=male-specific; annotation applies to these cells
AVLP715m,4,0,0,4,coexpress_high;fru_high,MaleCNS source dimorphism=male-specific; annotation applies to these cells
AVLP716m,2,0,0,2,coexpress_high,MaleCNS source dimorphism=male-specific; annotation applies to these cells
AVLP717m,2,0,0,2,fru_high,MaleCNS source dimorphism=male-specific; annotation applies to these cells
AVLP718m,5,0,0,5,coexpress_high;fru_high,MaleCNS source dimorphism=male-specific; annotation applies to these cells
AVLP719m,2,0,0,2,fru_high,MaleCNS source dimorphism=male-specific; annotation applies to these cells
AVLP720m,2,0,0,2,fru_high,MaleCNS source dimorphism=male-specific; annotation applies to these cells
AVLP721m,2,0,0,2,fru_high,MaleCNS source dimorphism=male-specific; annotation applies to these cells
AVLP722m,5,0,0,5,fru_high,MaleCNS source dimorphism=male-specific; annotation applies to these cells
AVLP723m,2,0,0,2,fru_high,MaleCNS source dimorphism=male-specific; annotation applies to these cells
AVLP724m,2,0,0,2,fru_high,MaleCNS source dimorphism=male-specific; annotation applies to these cells
AVLP725m,4,0,0,4,fru_high,MaleCNS source dimorphism=male-specific; annotation applies to these cells
AVLP727m,5,0,0,5,fru_high,MaleCNS source dimorphism=male-specific; annotation applies to these cells
AVLP728m,6,0,0,6,fru_high,MaleCNS source dimorphism=male-specific; annotation applies to these cells
AVLP729m,6,0,0,6,fru_high,MaleCNS source dimorphism=male-specific; annotation applies to these cells
AVLP730m,3,0,0,3,fru_high,MaleCNS source dimorphism=male-specific; annotation applies to these cells
AVLP731m,4,0,0,4,fru_high,MaleCNS source dimorphism=male-specific; annotation applies to these cells
AVLP732m,6,0,0,6,fru_high,MaleCNS source dimorphism=male-specific; annotation applies to these cells
AVLP733m,6,0,0,6,fru_high,MaleCNS source dimorphism=male-specific; annotation applies to these cells
AVLP734m,8,0,0,8,fru_high,MaleCNS source dimorphism=male-specific; annotation applies to these cells
AVLP735m,2,0,0,2,coexpress_high,MaleCNS source dimorphism=male-specific; annotation applies to these cells
AVLP736m,2,0,0,2,coexpress_high,MaleCNS source dimorphism=male-specific; annotation applies to these cells
AVLP737m,2,0,0,2,coexpress_high,MaleCNS source dimorphism=male-specific; annotation applies to these cells
AVLP738m,2,0,0,2,coexpress_high,MaleCNS source dimorphism=male-specific; annotation applies to these cells
AVLP739m,5,0,0,5,fru_high,MaleCNS source dimorphism=male-specific; annotation applies to these cells
AVLP742m,6,0,0,6,,MaleCNS source dimorphism=male-specific; annotation applies to these cells
AVLP743m,11,0,0,11,fru_low,MaleCNS source dimorphism=male-specific; annotation applies to these cells
AVLP744m,7,0,0,7,,MaleCNS source dimorphism=male-specific; annotation applies to these cells
AVLP745m,4,0,0,4,,MaleCNS source dimorphism=male-specific; annotation applies to these cells
AVLP746m,6,0,0,6,fru_high,MaleCNS source dimorphism=male-specific; annotation applies to these cells
AVLP749m,12,0,0,12,fru_high,MaleCNS source dimorphism=male-specific; annotation applies to these cells
AVLP750m,3,0,0,3,fru_high,MaleCNS source dimorphism=male-specific; annotation applies to these cells
AVLP751m,2,0,0,2,,MaleCNS source dimorphism=male-specific; annotation applies to these cells
AVLP752m,6,0,0,6,dsx_high,MaleCNS source dimorphism=male-specific; annotation applies to these cells
AVLP753m,12,0,0,12,fru_high,MaleCNS source dimorphism=male-specific; annotation applies to these cells
AVLP755m,2,0,0,2,fru_high,MaleCNS source dimorphism=male-specific; annotation applies to these cells
AVLP757m,2,0,0,2,fru_high,MaleCNS source dimorphism=male-specific; annotation applies to these cells
AVLP758m,2,0,0,2,,MaleCNS source dimorphism=male-specific; annotation applies to these cells
AVLP760m,2,0,0,2,fru_high,MaleCNS source dimorphism=male-specific; annotation applies to these cells
AVLP761m,4,0,0,4,fru_high,MaleCNS source dimorphism=male-specific; annotation applies to these cells
AVLP762m,5,0,0,5,fru_high,MaleCNS source dimorphism=male-specific; annotation applies to these cells
AVLP763m,2,0,0,2,fru_high,MaleCNS source dimorphism=male-specific; annotation applies to these cells
AVLP764m,2,0,0,2,,MaleCNS source dimorphism=male-specific; annotation applies to these cells
Allatostatin-C,0,0,1,0,,female name unmatched in MaleCNS; sex specificity unestablished
B1-4,0,1,0,0,,female name unmatched in MaleCNS; sex specificity unestablished
BM_dOcci,0,6,11,0,,female name unmatched in MaleCNS; sex specificity unestablished
BM_dPoOr,0,12,22,0,,female name unmatched in MaleCNS; sex specificity unestablished
CB0007,0,6,8,0,,female name unmatched in MaleCNS; sex specificity unestablished
CB0050,0,2,1,0,,female name unmatched in MaleCNS; sex specificity unestablished
CB0056,0,2,1,0,,female name unmatched in MaleCNS; sex specificity unestablished
CB0064,0,2,3,0,,female name unmatched in MaleCNS; sex specificity unestablished
CB0094,0,2,2,0,,female name unmatched in MaleCNS; sex specificity unestablished
CB0096,0,4,3,0,,female name unmatched in MaleCNS; sex specificity unestablished
CB0126,0,4,2,0,,female name unmatched in MaleCNS; sex specificity unestablished
CB0129,0,2,1,0,,female name unmatched in MaleCNS; sex specificity unestablished
CB0151,0,4,1,0,,female name unmatched in MaleCNS; sex specificity unestablished
CB0179,0,2,3,0,,female name unmatched in MaleCNS; sex specificity unestablished
CB0220,0,2,2,0,,female name unmatched in MaleCNS; sex specificity unestablished
CB0270,0,2,3,0,,female name unmatched in MaleCNS; sex specificity unestablished
CB0279,0,2,1,0,,female name unmatched in MaleCNS; sex specificity unestablished
CB0299,0,2,4,0,,female name unmatched in MaleCNS; sex specificity unestablished
CB0300,0,2,2,0,,female name unmatched in MaleCNS; sex specificity unestablished
CB0306,0,2,4,0,,female name unmatched in MaleCNS; sex specificity unestablished
CB0314,0,2,2,0,,female name unmatched in MaleCNS; sex specificity unestablished
CB0342,0,2,1,0,,female name unmatched in MaleCNS; sex specificity unestablished
CB0351,0,2,0,0,,female name unmatched in MaleCNS; sex specificity unestablished
CB0352,0,2,3,0,,female name unmatched in MaleCNS; sex specificity unestablished
CB0364,0,2,2,0,,female name unmatched in MaleCNS; sex specificity unestablished
CB0394,0,2,0,0,,female name unmatched in MaleCNS; sex specificity unestablished
CB0398,0,2,3,0,,female name unmatched in MaleCNS; sex specificity unestablished
CB0642,0,2,1,0,,female name unmatched in MaleCNS; sex specificity unestablished
CB0659,0,2,2,0,,female name unmatched in MaleCNS; sex specificity unestablished
CB0662,0,2,1,0,,female name unmatched in MaleCNS; sex specificity unestablished
CB0705,0,4,0,0,,female name unmatched in MaleCNS; sex specificity unestablished
CB0719,0,2,3,0,,female name unmatched in MaleCNS; sex specificity unestablished
CB0722,0,4,4,0,,female name unmatched in MaleCNS; sex specificity unestablished
CB0727,0,8,9,0,,female name unmatched in MaleCNS; sex specificity unestablished
CB0739,0,6,6,0,,female name unmatched in MaleCNS; sex specificity unestablished
CB0742,0,4,5,0,,female name unmatched in MaleCNS; sex specificity unestablished
CB0764,0,2,0,0,,female name unmatched in MaleCNS; sex specificity unestablished
CB0793,0,2,3,0,,female name unmatched in MaleCNS; sex specificity unestablished
CB0806,0,4,5,0,,female name unmatched in MaleCNS; sex specificity unestablished
CB0939,0,2,1,0,,female name unmatched in MaleCNS; sex specificity unestablished
CB0944,0,3,1,0,,female name unmatched in MaleCNS; sex specificity unestablished
CB0948,0,4,9,0,,female name unmatched in MaleCNS; sex specificity unestablished
CB0950,0,4,4,0,,female name unmatched in MaleCNS; sex specificity unestablished
CB0958,0,25,27,0,,female name unmatched in MaleCNS; sex specificity unestablished
CB0959,0,16,11,0,,female name unmatched in MaleCNS; sex specificity unestablished
CB0960,0,1,0,0,,female name unmatched in MaleCNS; sex specificity unestablished
CB0962,0,7,7,0,,female name unmatched in MaleCNS; sex specificity unestablished
CB0965,0,5,7,0,,female name unmatched in MaleCNS; sex specificity unestablished
CB0966,0,2,4,0,,female name unmatched in MaleCNS; sex specificity unestablished
CB0967,0,3,2,0,,female name unmatched in MaleCNS; sex specificity unestablished
CB0968,0,3,1,0,,female name unmatched in MaleCNS; sex specificity unestablished
CB0971,0,2,1,0,,female name unmatched in MaleCNS; sex specificity unestablished
CB0979,0,16,10,0,,female name unmatched in MaleCNS; sex specificity unestablished
CB0985,0,2,2,0,,female name unmatched in MaleCNS; sex specificity unestablished
CB0988,0,4,3,0,,female name unmatched in MaleCNS; sex specificity unestablished
CB1001,0,2,3,0,,female name unmatched in MaleCNS; sex specificity unestablished
CB1006,0,2,1,0,,female name unmatched in MaleCNS; sex specificity unestablished
CB1010,0,3,0,0,,female name unmatched in MaleCNS; sex specificity unestablished
CB1015,0,2,0,0,,female name unmatched in MaleCNS; sex specificity unestablished
CB1018,0,2,2,0,,female name unmatched in MaleCNS; sex specificity unestablished
CB1021,0,7,11,0,,female name unmatched in MaleCNS; sex specificity unestablished
CB1022,0,4,8,0,,female name unmatched in MaleCNS; sex specificity unestablished
CB1025,0,3,4,0,,female name unmatched in MaleCNS; sex specificity unestablished
CB1029,0,7,4,0,,female name unmatched in MaleCNS; sex specificity unestablished
CB1037,0,8,4,0,,female name unmatched in MaleCNS; sex specificity unestablished
CB1038,0,9,13,0,,female name unmatched in MaleCNS; sex specificity unestablished
CB1040,0,6,6,0,,female name unmatched in MaleCNS; sex specificity unestablished
CB1043,0,2,7,0,,female name unmatched in MaleCNS; sex specificity unestablished
CB1045,0,3,1,0,,female name unmatched in MaleCNS; sex specificity unestablished
CB1058,0,8,4,0,,female name unmatched in MaleCNS; sex specificity unestablished
CB1066,0,3,3,0,,female name unmatched in MaleCNS; sex specificity unestablished
CB1068,0,5,8,0,,female name unmatched in MaleCNS; sex specificity unestablished
CB1069,0,6,3,0,,female name unmatched in MaleCNS; sex specificity unestablished
CB1071,0,6,10,0,,female name unmatched in MaleCNS; sex specificity unestablished
CB1080,0,6,6,0,,female name unmatched in MaleCNS; sex specificity unestablished
CB1083,0,2,1,0,,female name unmatched in MaleCNS; sex specificity unestablished
CB1084,0,7,4,0,,female name unmatched in MaleCNS; sex specificity unestablished
CB1091,0,2,1,0,,female name unmatched in MaleCNS; sex specificity unestablished
CB1092,0,4,2,0,,female name unmatched in MaleCNS; sex specificity unestablished
CB1093,0,2,1,0,,female name unmatched in MaleCNS; sex specificity unestablished
CB1097,0,5,2,0,,female name unmatched in MaleCNS; sex specificity unestablished
CB1101,0,6,2,0,,female name unmatched in MaleCNS; sex specificity unestablished
CB1102,0,4,12,0,,female name unmatched in MaleCNS; sex specificity unestablished
CB1110,0,5,3,0,,female name unmatched in MaleCNS; sex specificity unestablished
CB1115,0,2,3,0,,female name unmatched in MaleCNS; sex specificity unestablished
CB1117,0,3,0,0,,female name unmatched in MaleCNS; sex specificity unestablished
CB1119,0,3,2,0,,female name unmatched in MaleCNS; sex specificity unestablished
CB1126,0,4,5,0,,female name unmatched in MaleCNS; sex specificity unestablished
CB1129,0,5,2,0,,female name unmatched in MaleCNS; sex specificity unestablished
CB1130,0,5,2,0,,female name unmatched in MaleCNS; sex specificity unestablished
CB1134,0,6,8,0,,female name unmatched in MaleCNS; sex specificity unestablished
CB1138,0,12,19,0,,female name unmatched in MaleCNS; sex specificity unestablished
CB1141,0,12,11,0,,female name unmatched in MaleCNS; sex specificity unestablished
CB1144,0,5,4,0,,female name unmatched in MaleCNS; sex specificity unestablished
CB1152,0,6,2,0,,female name unmatched in MaleCNS; sex specificity unestablished
CB1153,0,3,1,0,,female name unmatched in MaleCNS; sex specificity unestablished
CB1159,0,3,4,0,,female name unmatched in MaleCNS; sex specificity unestablished
CB1161,0,2,5,0,,female name unmatched in MaleCNS; sex specificity unestablished
CB1169,0,3,6,0,,female name unmatched in MaleCNS; sex specificity unestablished
CB1175,0,4,1,0,,female name unmatched in MaleCNS; sex specificity unestablished
CB1184,0,4,7,0,,female name unmatched in MaleCNS; sex specificity unestablished
CB1188,0,6,1,0,,female name unmatched in MaleCNS; sex specificity unestablished
CB1192,0,6,3,0,,female name unmatched in MaleCNS; sex specificity unestablished
CB1196,0,4,2,0,,female name unmatched in MaleCNS; sex specificity unestablished
CB1197,0,6,3,0,,female name unmatched in MaleCNS; sex specificity unestablished
CB1198,0,5,9,0,,female name unmatched in MaleCNS; sex specificity unestablished
CB1203,0,3,3,0,,female name unmatched in MaleCNS; sex specificity unestablished
CB1207,0,14,4,0,,female name unmatched in MaleCNS; sex specificity unestablished
CB1211,0,3,3,0,,female name unmatched in MaleCNS; sex specificity unestablished
CB1221,0,4,5,0,,female name unmatched in MaleCNS; sex specificity unestablished
CB1223,0,4,2,0,,female name unmatched in MaleCNS; sex specificity unestablished
CB1224,0,4,5,0,,female name unmatched in MaleCNS; sex specificity unestablished
CB1225,0,21,41,0,,female name unmatched in MaleCNS; sex specificity unestablished
CB1228,0,2,1,0,,female name unmatched in MaleCNS; sex specificity unestablished
CB1231,0,19,24,0,,female name unmatched in MaleCNS; sex specificity unestablished
CB1235,0,4,1,0,,female name unmatched in MaleCNS; sex specificity unestablished
CB1243,0,2,0,0,,female name unmatched in MaleCNS; sex specificity unestablished
CB1250,0,2,1,0,,female name unmatched in MaleCNS; sex specificity unestablished
CB1254,0,2,0,0,,female name unmatched in MaleCNS; sex specificity unestablished
CB1271,0,8,8,0,,female name unmatched in MaleCNS; sex specificity unestablished
CB1273,0,3,3,0,,female name unmatched in MaleCNS; sex specificity unestablished
CB1278,0,3,1,0,,female name unmatched in MaleCNS; sex specificity unestablished
CB1279,0,4,3,0,,female name unmatched in MaleCNS; sex specificity unestablished
CB1284,0,4,0,0,,female name unmatched in MaleCNS; sex specificity unestablished
CB1288,0,2,1,0,,female name unmatched in MaleCNS; sex specificity unestablished
CB1296,0,7,10,0,,female name unmatched in MaleCNS; sex specificity unestablished
CB1297,0,2,6,0,,female name unmatched in MaleCNS; sex specificity unestablished
CB1298,0,7,7,0,,female name unmatched in MaleCNS; sex specificity unestablished
CB1305,0,8,4,0,,female name unmatched in MaleCNS; sex specificity unestablished
CB1307,0,8,1,0,,female name unmatched in MaleCNS; sex specificity unestablished
CB1317,0,2,1,0,,female name unmatched in MaleCNS; sex specificity unestablished
CB1320,0,2,0,0,,female name unmatched in MaleCNS; sex specificity unestablished
CB1327,0,5,1,0,,female name unmatched in MaleCNS; sex specificity unestablished
CB1328,0,4,6,0,,female name unmatched in MaleCNS; sex specificity unestablished
CB1329,0,9,14,0,,female name unmatched in MaleCNS; sex specificity unestablished
CB1332,0,5,1,0,,female name unmatched in MaleCNS; sex specificity unestablished
CB1334,0,3,2,0,,female name unmatched in MaleCNS; sex specificity unestablished
CB1335,0,6,7,0,,female name unmatched in MaleCNS; sex specificity unestablished
CB1341,0,9,22,0,,female name unmatched in MaleCNS; sex specificity unestablished
CB1342,0,8,5,0,,female name unmatched in MaleCNS; sex specificity unestablished
CB1370,0,4,4,0,,female name unmatched in MaleCNS; sex specificity unestablished
CB1377,0,2,4,0,,female name unmatched in MaleCNS; sex specificity unestablished
CB1378,0,2,3,0,,female name unmatched in MaleCNS; sex specificity unestablished
CB1394_d,0,8,6,0,,female name unmatched in MaleCNS; sex specificity unestablished
CB1395,0,9,2,0,,female name unmatched in MaleCNS; sex specificity unestablished
CB1402,0,3,1,0,,female name unmatched in MaleCNS; sex specificity unestablished
CB1410,0,3,1,0,,female name unmatched in MaleCNS; sex specificity unestablished
CB1416,0,2,2,0,,female name unmatched in MaleCNS; sex specificity unestablished
CB1422,0,6,3,0,,female name unmatched in MaleCNS; sex specificity unestablished
CB1423,0,12,11,0,,female name unmatched in MaleCNS; sex specificity unestablished
CB1425,0,3,2,0,,female name unmatched in MaleCNS; sex specificity unestablished
CB1426,0,2,1,0,,female name unmatched in MaleCNS; sex specificity unestablished
CB1430,0,4,3,0,,female name unmatched in MaleCNS; sex specificity unestablished
CB1441,0,2,1,0,,female name unmatched in MaleCNS; sex specificity unestablished
CB1443,0,6,5,0,,female name unmatched in MaleCNS; sex specificity unestablished
CB1446,0,4,3,0,,female name unmatched in MaleCNS; sex specificity unestablished
CB1450,0,6,4,0,,female name unmatched in MaleCNS; sex specificity unestablished
CB1455,0,3,0,0,,female name unmatched in MaleCNS; sex specificity unestablished
CB1466,0,8,8,0,,female name unmatched in MaleCNS; sex specificity unestablished
CB1468,0,2,4,0,,female name unmatched in MaleCNS; sex specificity unestablished
CB1470,0,3,1,0,,female name unmatched in MaleCNS; sex specificity unestablished
CB1474,0,4,3,0,,female name unmatched in MaleCNS; sex specificity unestablished
CB1481,0,2,0,0,,female name unmatched in MaleCNS; sex specificity unestablished
CB1482,0,11,9,0,,female name unmatched in MaleCNS; sex specificity unestablished
CB1485,0,2,1,0,,female name unmatched in MaleCNS; sex specificity unestablished
CB1488,0,8,6,0,,female name unmatched in MaleCNS; sex specificity unestablished
CB1495,0,4,6,0,,female name unmatched in MaleCNS; sex specificity unestablished
CB1499,0,2,1,0,,female name unmatched in MaleCNS; sex specificity unestablished
CB1501,0,6,5,0,,female name unmatched in MaleCNS; sex specificity unestablished
CB1505,0,3,0,0,,female name unmatched in MaleCNS; sex specificity unestablished
CB1507,0,2,1,0,,female name unmatched in MaleCNS; sex specificity unestablished
CB1508,0,7,14,0,,female name unmatched in MaleCNS; sex specificity unestablished
CB1514,0,3,3,0,,female name unmatched in MaleCNS; sex specificity unestablished
CB1519,0,4,1,0,,female name unmatched in MaleCNS; sex specificity unestablished
CB1539,0,4,2,0,,female name unmatched in MaleCNS; sex specificity unestablished
CB1546,0,7,8,0,,female name unmatched in MaleCNS; sex specificity unestablished
CB1558,0,5,7,0,,female name unmatched in MaleCNS; sex specificity unestablished
CB1563,0,7,4,0,,female name unmatched in MaleCNS; sex specificity unestablished
CB1567,0,5,2,0,,female name unmatched in MaleCNS; sex specificity unestablished
CB1578,0,5,3,0,,female name unmatched in MaleCNS; sex specificity unestablished
CB1580,0,5,7,0,,female name unmatched in MaleCNS; sex specificity unestablished
CB1588,0,2,2,0,,female name unmatched in MaleCNS; sex specificity unestablished
CB1589,0,6,4,0,,female name unmatched in MaleCNS; sex specificity unestablished
CB1597,0,10,8,0,,female name unmatched in MaleCNS; sex specificity unestablished
CB1609,0,3,2,0,,female name unmatched in MaleCNS; sex specificity unestablished
CB1618,0,4,0,0,,female name unmatched in MaleCNS; sex specificity unestablished
CB1620,0,4,9,0,,female name unmatched in MaleCNS; sex specificity unestablished
CB1621,0,2,0,0,,female name unmatched in MaleCNS; sex specificity unestablished
CB1622,0,4,8,0,,female name unmatched in MaleCNS; sex specificity unestablished
CB1624,0,10,4,0,,female name unmatched in MaleCNS; sex specificity unestablished
CB1635,0,5,8,0,,female name unmatched in MaleCNS; sex specificity unestablished
CB1656,0,6,6,0,,female name unmatched in MaleCNS; sex specificity unestablished
CB1660,0,4,4,0,,female name unmatched in MaleCNS; sex specificity unestablished
CB1666,0,2,1,0,,female name unmatched in MaleCNS; sex specificity unestablished
CB1668,0,7,10,0,,female name unmatched in MaleCNS; sex specificity unestablished
CB1708,0,4,4,0,,female name unmatched in MaleCNS; sex specificity unestablished
CB1713,0,4,6,0,,female name unmatched in MaleCNS; sex specificity unestablished
CB1716,0,4,0,0,,female name unmatched in MaleCNS; sex specificity unestablished
CB1720,0,4,0,0,,female name unmatched in MaleCNS; sex specificity unestablished
CB1725,0,4,0,0,,female name unmatched in MaleCNS; sex specificity unestablished
CB1730,0,3,10,0,,female name unmatched in MaleCNS; sex specificity unestablished
CB1734,0,4,5,0,,female name unmatched in MaleCNS; sex specificity unestablished
CB1740,0,2,0,0,,female name unmatched in MaleCNS; sex specificity unestablished
CB1742,0,2,1,0,,female name unmatched in MaleCNS; sex specificity unestablished
CB1743,0,2,8,0,,female name unmatched in MaleCNS; sex specificity unestablished
CB1745,0,3,2,0,,female name unmatched in MaleCNS; sex specificity unestablished
CB1747,0,4,3,0,,female name unmatched in MaleCNS; sex specificity unestablished
CB1750,0,9,6,0,,female name unmatched in MaleCNS; sex specificity unestablished
CB1755,0,2,3,0,,female name unmatched in MaleCNS; sex specificity unestablished
CB1759,0,12,11,0,,female name unmatched in MaleCNS; sex specificity unestablished
CB1760,0,6,8,0,,female name unmatched in MaleCNS; sex specificity unestablished
CB1762,0,5,5,0,,female name unmatched in MaleCNS; sex specificity unestablished
CB1764,0,4,4,0,,female name unmatched in MaleCNS; sex specificity unestablished
CB1765,0,5,7,0,,female name unmatched in MaleCNS; sex specificity unestablished
CB1767,0,7,2,0,,female name unmatched in MaleCNS; sex specificity unestablished
CB1769,0,3,5,0,,female name unmatched in MaleCNS; sex specificity unestablished
CB1772,0,4,6,0,,female name unmatched in MaleCNS; sex specificity unestablished
CB1776,0,6,9,0,,female name unmatched in MaleCNS; sex specificity unestablished
CB1779,0,2,4,0,,female name unmatched in MaleCNS; sex specificity unestablished
CB1785,0,4,9,0,,female name unmatched in MaleCNS; sex specificity unestablished
CB1786,0,15,20,0,,female name unmatched in MaleCNS; sex specificity unestablished
CB1786_b,0,3,4,0,,female name unmatched in MaleCNS; sex specificity unestablished
CB1790,0,2,0,0,,female name unmatched in MaleCNS; sex specificity unestablished
CB1810,0,7,2,0,,female name unmatched in MaleCNS; sex specificity unestablished
CB1814,0,5,6,0,,female name unmatched in MaleCNS; sex specificity unestablished
CB1820,0,2,0,0,,female name unmatched in MaleCNS; sex specificity unestablished
CB1825,0,3,1,0,,female name unmatched in MaleCNS; sex specificity unestablished
CB1827,0,10,5,0,,female name unmatched in MaleCNS; sex specificity unestablished
CB1829,0,2,0,0,,female name unmatched in MaleCNS; sex specificity unestablished
CB1830,0,3,3,0,,female name unmatched in MaleCNS; sex specificity unestablished
CB1837,0,5,3,0,,female name unmatched in MaleCNS; sex specificity unestablished
CB1855,0,5,7,0,,female name unmatched in MaleCNS; sex specificity unestablished
CB1859,0,2,0,0,,female name unmatched in MaleCNS; sex specificity unestablished
CB1861,0,8,19,0,,female name unmatched in MaleCNS; sex specificity unestablished
CB1868,0,7,3,0,,female name unmatched in MaleCNS; sex specificity unestablished
CB1872,0,3,4,0,,female name unmatched in MaleCNS; sex specificity unestablished
CB1873,0,3,1,0,,female name unmatched in MaleCNS; sex specificity unestablished
CB1875,0,3,0,0,,female name unmatched in MaleCNS; sex specificity unestablished
CB1880,0,1,0,0,,female name unmatched in MaleCNS; sex specificity unestablished
CB1886,0,3,4,0,,female name unmatched in MaleCNS; sex specificity unestablished
CB1887,0,4,0,0,,female name unmatched in MaleCNS; sex specificity unestablished
CB1892,0,4,2,0,,female name unmatched in MaleCNS; sex specificity unestablished
CB1893,0,8,10,0,,female name unmatched in MaleCNS; sex specificity unestablished
CB1894,0,4,1,0,,female name unmatched in MaleCNS; sex specificity unestablished
CB1900,0,2,1,0,,female name unmatched in MaleCNS; sex specificity unestablished
CB1904,0,6,5,0,,female name unmatched in MaleCNS; sex specificity unestablished
CB1905,0,2,1,0,,female name unmatched in MaleCNS; sex specificity unestablished
CB1917,0,4,7,0,,female name unmatched in MaleCNS; sex specificity unestablished
CB1919,0,5,17,0,,female name unmatched in MaleCNS; sex specificity unestablished
CB1922,0,2,4,0,,female name unmatched in MaleCNS; sex specificity unestablished
CB1925,0,4,4,0,,female name unmatched in MaleCNS; sex specificity unestablished
CB1929,0,4,0,0,,female name unmatched in MaleCNS; sex specificity unestablished
CB1930,0,6,1,0,,female name unmatched in MaleCNS; sex specificity unestablished
CB1943,0,4,1,0,,female name unmatched in MaleCNS; sex specificity unestablished
CB1947,0,2,0,0,,female name unmatched in MaleCNS; sex specificity unestablished
CB1951,0,6,6,0,,female name unmatched in MaleCNS; sex specificity unestablished
CB1952,0,2,0,0,,female name unmatched in MaleCNS; sex specificity unestablished
CB1962,0,2,4,0,,female name unmatched in MaleCNS; sex specificity unestablished
CB1963,0,4,3,0,,female name unmatched in MaleCNS; sex specificity unestablished
CB1965,0,3,2,0,,female name unmatched in MaleCNS; sex specificity unestablished
CB1966,0,3,0,0,,female name unmatched in MaleCNS; sex specificity unestablished
CB1967,0,4,2,0,,female name unmatched in MaleCNS; sex specificity unestablished
CB1969,0,6,2,0,,female name unmatched in MaleCNS; sex specificity unestablished
CB1972,0,4,1,0,,female name unmatched in MaleCNS; sex specificity unestablished
CB1982,0,3,2,0,,female name unmatched in MaleCNS; sex specificity unestablished
CB1986,0,2,0,0,,female name unmatched in MaleCNS; sex specificity unestablished
CB1989,0,4,4,0,,female name unmatched in MaleCNS; sex specificity unestablished
CB1993,0,4,3,0,,female name unmatched in MaleCNS; sex specificity unestablished
CB1996,0,5,6,0,,female name unmatched in MaleCNS; sex specificity unestablished
CB2007,0,3,3,0,,female name unmatched in MaleCNS; sex specificity unestablished
CB2009,0,6,6,0,,female name unmatched in MaleCNS; sex specificity unestablished
CB2010,0,2,2,0,,female name unmatched in MaleCNS; sex specificity unestablished
CB2011,0,4,3,0,,female name unmatched in MaleCNS; sex specificity unestablished
CB2013,0,2,0,0,,female name unmatched in MaleCNS; sex specificity unestablished
CB2014,0,2,3,0,,female name unmatched in MaleCNS; sex specificity unestablished
CB2015,0,4,3,0,,female name unmatched in MaleCNS; sex specificity unestablished
CB2016,0,2,1,0,,female name unmatched in MaleCNS; sex specificity unestablished
CB2021,0,8,7,0,,female name unmatched in MaleCNS; sex specificity unestablished
CB2023,0,3,2,0,,female name unmatched in MaleCNS; sex specificity unestablished
CB2024,0,4,4,0,,female name unmatched in MaleCNS; sex specificity unestablished
CB2030,0,4,5,0,,female name unmatched in MaleCNS; sex specificity unestablished
CB2031,0,3,0,0,,female name unmatched in MaleCNS; sex specificity unestablished
CB2034,0,6,10,0,,female name unmatched in MaleCNS; sex specificity unestablished
CB2039,0,3,1,0,,female name unmatched in MaleCNS; sex specificity unestablished
CB2044,0,5,5,0,,female name unmatched in MaleCNS; sex specificity unestablished
CB2054,0,11,13,0,,female name unmatched in MaleCNS; sex specificity unestablished
CB2056,0,8,7,0,,female name unmatched in MaleCNS; sex specificity unestablished
CB2057,0,5,5,0,,female name unmatched in MaleCNS; sex specificity unestablished
CB2063,0,2,2,0,,female name unmatched in MaleCNS; sex specificity unestablished
CB2068,0,3,4,0,,female name unmatched in MaleCNS; sex specificity unestablished
CB2071,0,11,2,0,,female name unmatched in MaleCNS; sex specificity unestablished
CB2076,0,4,2,0,,female name unmatched in MaleCNS; sex specificity unestablished
CB2077,0,4,1,0,,female name unmatched in MaleCNS; sex specificity unestablished
CB2080,0,9,0,0,,female name unmatched in MaleCNS; sex specificity unestablished
CB2081,0,17,10,0,,female name unmatched in MaleCNS; sex specificity unestablished
CB2085,0,4,4,0,,female name unmatched in MaleCNS; sex specificity unestablished
CB2098,0,2,2,0,,female name unmatched in MaleCNS; sex specificity unestablished
CB2100,0,5,4,0,,female name unmatched in MaleCNS; sex specificity unestablished
CB2101,0,4,1,0,,female name unmatched in MaleCNS; sex specificity unestablished
CB2103,0,3,3,0,,female name unmatched in MaleCNS; sex specificity unestablished
CB2112,0,2,1,0,,female name unmatched in MaleCNS; sex specificity unestablished
CB2115,0,5,2,0,,female name unmatched in MaleCNS; sex specificity unestablished
CB2119,0,2,4,0,,female name unmatched in MaleCNS; sex specificity unestablished
CB2120,0,4,1,0,,female name unmatched in MaleCNS; sex specificity unestablished
CB2121,0,2,0,0,,female name unmatched in MaleCNS; sex specificity unestablished
CB2122,0,4,4,0,,female name unmatched in MaleCNS; sex specificity unestablished
CB2124,0,2,0,0,,female name unmatched in MaleCNS; sex specificity unestablished
CB2128,0,4,6,0,,female name unmatched in MaleCNS; sex specificity unestablished
CB2130,0,2,0,0,,female name unmatched in MaleCNS; sex specificity unestablished
CB2142,0,4,2,0,,female name unmatched in MaleCNS; sex specificity unestablished
CB2155,0,6,9,0,,female name unmatched in MaleCNS; sex specificity unestablished
CB2156,0,6,3,0,,female name unmatched in MaleCNS; sex specificity unestablished
CB2157,0,4,4,0,,female name unmatched in MaleCNS; sex specificity unestablished
CB2160,0,4,2,0,,female name unmatched in MaleCNS; sex specificity unestablished
CB2164,0,3,0,0,,female name unmatched in MaleCNS; sex specificity unestablished
CB2165,0,3,4,0,,female name unmatched in MaleCNS; sex specificity unestablished
CB2166,0,2,0,0,,female name unmatched in MaleCNS; sex specificity unestablished
CB2169,0,3,2,0,,female name unmatched in MaleCNS; sex specificity unestablished
CB2173,0,2,1,0,,female name unmatched in MaleCNS; sex specificity unestablished
CB2176,0,3,1,0,,female name unmatched in MaleCNS; sex specificity unestablished
CB2187,0,6,18,0,,female name unmatched in MaleCNS; sex specificity unestablished
CB2188,0,3,5,0,,female name unmatched in MaleCNS; sex specificity unestablished
CB2193,0,4,5,0,,female name unmatched in MaleCNS; sex specificity unestablished
CB2195,0,6,6,0,,female name unmatched in MaleCNS; sex specificity unestablished
CB2197,0,4,2,0,,female name unmatched in MaleCNS; sex specificity unestablished
CB2198,0,4,4,0,,female name unmatched in MaleCNS; sex specificity unestablished
CB2209,0,3,4,0,,female name unmatched in MaleCNS; sex specificity unestablished
CB2213,0,4,6,0,,female name unmatched in MaleCNS; sex specificity unestablished
CB2214,0,8,6,0,,female name unmatched in MaleCNS; sex specificity unestablished
CB2216,0,8,3,0,,female name unmatched in MaleCNS; sex specificity unestablished
CB2220,0,3,4,0,,female name unmatched in MaleCNS; sex specificity unestablished
CB2225,0,3,7,0,,female name unmatched in MaleCNS; sex specificity unestablished
CB2236,0,3,3,0,,female name unmatched in MaleCNS; sex specificity unestablished
CB2237,0,4,4,0,,female name unmatched in MaleCNS; sex specificity unestablished
CB2238,0,4,5,0,,female name unmatched in MaleCNS; sex specificity unestablished
CB2241,0,2,2,0,,female name unmatched in MaleCNS; sex specificity unestablished
CB2242,0,11,8,0,,female name unmatched in MaleCNS; sex specificity unestablished
CB2249,0,4,0,0,,female name unmatched in MaleCNS; sex specificity unestablished
CB2258,0,4,7,0,,female name unmatched in MaleCNS; sex specificity unestablished
CB2261,0,2,1,0,,female name unmatched in MaleCNS; sex specificity unestablished
CB2264,0,2,3,0,,female name unmatched in MaleCNS; sex specificity unestablished
CB2265,0,4,2,0,,female name unmatched in MaleCNS; sex specificity unestablished
CB2266,0,3,2,0,,female name unmatched in MaleCNS; sex specificity unestablished
CB2267_b,0,6,12,0,,female name unmatched in MaleCNS; sex specificity unestablished
CB2271,0,4,5,0,,female name unmatched in MaleCNS; sex specificity unestablished
CB2274,0,3,2,0,,female name unmatched in MaleCNS; sex specificity unestablished
CB2276,0,3,3,0,,female name unmatched in MaleCNS; sex specificity unestablished
CB2282,0,3,5,0,,female name unmatched in MaleCNS; sex specificity unestablished
CB2289,0,2,4,0,,female name unmatched in MaleCNS; sex specificity unestablished
CB2291,0,2,4,0,,female name unmatched in MaleCNS; sex specificity unestablished
CB2293,0,7,8,0,,female name unmatched in MaleCNS; sex specificity unestablished
CB2308,0,4,4,0,,female name unmatched in MaleCNS; sex specificity unestablished
CB2317,0,13,20,0,,female name unmatched in MaleCNS; sex specificity unestablished
CB2331,0,2,2,0,,female name unmatched in MaleCNS; sex specificity unestablished
CB2334,0,4,3,0,,female name unmatched in MaleCNS; sex specificity unestablished
CB2340,0,2,2,0,,female name unmatched in MaleCNS; sex specificity unestablished
CB2344,0,6,8,0,,female name unmatched in MaleCNS; sex specificity unestablished
CB2349,0,6,0,0,,female name unmatched in MaleCNS; sex specificity unestablished
CB2352,0,3,2,0,,female name unmatched in MaleCNS; sex specificity unestablished
CB2353,0,11,13,0,,female name unmatched in MaleCNS; sex specificity unestablished
CB2354,0,5,4,0,,female name unmatched in MaleCNS; sex specificity unestablished
CB2358,0,4,18,0,,female name unmatched in MaleCNS; sex specificity unestablished
CB2360,0,6,2,0,,female name unmatched in MaleCNS; sex specificity unestablished
CB2362,0,2,0,0,,female name unmatched in MaleCNS; sex specificity unestablished
CB2367,0,8,13,0,,female name unmatched in MaleCNS; sex specificity unestablished
CB2368,0,2,2,0,,female name unmatched in MaleCNS; sex specificity unestablished
CB2376,0,10,15,0,,female name unmatched in MaleCNS; sex specificity unestablished
CB2378,0,2,4,0,,female name unmatched in MaleCNS; sex specificity unestablished
CB2382,0,2,2,0,,female name unmatched in MaleCNS; sex specificity unestablished
CB2383,0,4,2,0,,female name unmatched in MaleCNS; sex specificity unestablished
CB2384,0,5,14,0,,female name unmatched in MaleCNS; sex specificity unestablished
CB2392,0,8,6,0,,female name unmatched in MaleCNS; sex specificity unestablished
CB2393,0,3,2,0,,female name unmatched in MaleCNS; sex specificity unestablished
CB2399,0,9,14,0,,female name unmatched in MaleCNS; sex specificity unestablished
CB2402,0,4,6,0,,female name unmatched in MaleCNS; sex specificity unestablished
CB2403,0,2,3,0,,female name unmatched in MaleCNS; sex specificity unestablished
CB2406,0,4,1,0,,female name unmatched in MaleCNS; sex specificity unestablished
CB2414,0,4,0,0,,female name unmatched in MaleCNS; sex specificity unestablished
CB2417,0,4,4,0,,female name unmatched in MaleCNS; sex specificity unestablished
CB2419,0,4,4,0,,female name unmatched in MaleCNS; sex specificity unestablished
CB2424,0,3,2,0,,female name unmatched in MaleCNS; sex specificity unestablished
CB2426,0,2,7,0,,female name unmatched in MaleCNS; sex specificity unestablished
CB2427,0,2,12,0,,female name unmatched in MaleCNS; sex specificity unestablished
CB2432,0,3,7,0,,female name unmatched in MaleCNS; sex specificity unestablished
CB2446,0,3,6,0,,female name unmatched in MaleCNS; sex specificity unestablished
CB2449,0,6,7,0,,female name unmatched in MaleCNS; sex specificity unestablished
CB2450,0,2,1,0,,female name unmatched in MaleCNS; sex specificity unestablished
CB2457,0,2,2,0,,female name unmatched in MaleCNS; sex specificity unestablished
CB2466,0,5,1,0,,female name unmatched in MaleCNS; sex specificity unestablished
CB2468,0,4,0,0,,female name unmatched in MaleCNS; sex specificity unestablished
CB2473,0,4,1,0,,female name unmatched in MaleCNS; sex specificity unestablished
CB2474,0,2,2,0,,female name unmatched in MaleCNS; sex specificity unestablished
CB2477,0,5,1,0,,female name unmatched in MaleCNS; sex specificity unestablished
CB2482,0,2,3,0,,female name unmatched in MaleCNS; sex specificity unestablished
CB2487,0,3,4,0,,female name unmatched in MaleCNS; sex specificity unestablished
CB2490,0,2,3,0,,female name unmatched in MaleCNS; sex specificity unestablished
CB2492,0,3,3,0,,female name unmatched in MaleCNS; sex specificity unestablished
CB2502,0,5,5,0,,female name unmatched in MaleCNS; sex specificity unestablished
CB2505,0,4,2,0,,female name unmatched in MaleCNS; sex specificity unestablished
CB2506,0,4,6,0,,female name unmatched in MaleCNS; sex specificity unestablished
CB2510,0,4,6,0,,female name unmatched in MaleCNS; sex specificity unestablished
CB2519,0,3,9,0,,female name unmatched in MaleCNS; sex specificity unestablished
CB2520,0,5,1,0,,female name unmatched in MaleCNS; sex specificity unestablished
CB2532,0,6,3,0,,female name unmatched in MaleCNS; sex specificity unestablished
CB2533,0,5,0,0,,female name unmatched in MaleCNS; sex specificity unestablished
CB2542,0,3,5,0,,female name unmatched in MaleCNS; sex specificity unestablished
CB2543,0,3,0,0,,female name unmatched in MaleCNS; sex specificity unestablished
CB2544,0,3,2,0,,female name unmatched in MaleCNS; sex specificity unestablished
CB2551,0,6,4,0,,female name unmatched in MaleCNS; sex specificity unestablished
CB2554,0,3,4,0,,female name unmatched in MaleCNS; sex specificity unestablished
CB2556,0,7,7,0,,female name unmatched in MaleCNS; sex specificity unestablished
CB2557,0,2,2,0,,female name unmatched in MaleCNS; sex specificity unestablished
CB2560,0,2,3,0,,female name unmatched in MaleCNS; sex specificity unestablished
CB2564,0,2,2,0,,female name unmatched in MaleCNS; sex specificity unestablished
CB2565,0,7,1,0,,female name unmatched in MaleCNS; sex specificity unestablished
CB2569,0,4,5,0,,female name unmatched in MaleCNS; sex specificity unestablished
CB2571,0,5,5,0,,female name unmatched in MaleCNS; sex specificity unestablished
CB2573,0,6,4,0,,female name unmatched in MaleCNS; sex specificity unestablished
CB2574,0,4,4,0,,female name unmatched in MaleCNS; sex specificity unestablished
CB2575,0,3,0,0,,female name unmatched in MaleCNS; sex specificity unestablished
CB2579,0,2,2,0,,female name unmatched in MaleCNS; sex specificity unestablished
CB2580,0,7,8,0,,female name unmatched in MaleCNS; sex specificity unestablished
CB2583,0,3,3,0,,female name unmatched in MaleCNS; sex specificity unestablished
CB2591,0,2,3,0,,female name unmatched in MaleCNS; sex specificity unestablished
CB2593,0,5,4,0,,female name unmatched in MaleCNS; sex specificity unestablished
CB2598,0,2,0,0,,female name unmatched in MaleCNS; sex specificity unestablished
CB2602,0,3,8,0,,female name unmatched in MaleCNS; sex specificity unestablished
CB2604,0,5,6,0,,female name unmatched in MaleCNS; sex specificity unestablished
CB2605,0,5,5,0,,female name unmatched in MaleCNS; sex specificity unestablished
CB2613,0,2,3,0,,female name unmatched in MaleCNS; sex specificity unestablished
CB2617,0,3,0,0,,female name unmatched in MaleCNS; sex specificity unestablished
CB2618,0,4,5,0,,female name unmatched in MaleCNS; sex specificity unestablished
CB2621,0,8,0,0,,female name unmatched in MaleCNS; sex specificity unestablished
CB2637,0,2,2,0,,female name unmatched in MaleCNS; sex specificity unestablished
CB2649,0,2,0,0,,female name unmatched in MaleCNS; sex specificity unestablished
CB2651,0,2,5,0,,female name unmatched in MaleCNS; sex specificity unestablished
CB2661,0,3,3,0,,female name unmatched in MaleCNS; sex specificity unestablished
CB2662,0,2,6,0,,female name unmatched in MaleCNS; sex specificity unestablished
CB2663,0,3,3,0,,female name unmatched in MaleCNS; sex specificity unestablished
CB2665,0,2,3,0,,female name unmatched in MaleCNS; sex specificity unestablished
CB2669,0,2,1,0,,female name unmatched in MaleCNS; sex specificity unestablished
CB2670,0,3,8,0,,female name unmatched in MaleCNS; sex specificity unestablished
CB2673,0,2,3,0,,female name unmatched in MaleCNS; sex specificity unestablished
CB2696,0,4,3,0,,female name unmatched in MaleCNS; sex specificity unestablished
CB2697,0,4,2,0,,female name unmatched in MaleCNS; sex specificity unestablished
CB2698,0,2,1,0,,female name unmatched in MaleCNS; sex specificity unestablished
CB2699,0,2,4,0,,female name unmatched in MaleCNS; sex specificity unestablished
CB2716,0,1,0,0,,female name unmatched in MaleCNS; sex specificity unestablished
CB2717,0,9,3,0,,female name unmatched in MaleCNS; sex specificity unestablished
CB2723,0,5,3,0,,female name unmatched in MaleCNS; sex specificity unestablished
CB2728,0,5,4,0,,female name unmatched in MaleCNS; sex specificity unestablished
CB2729,0,2,0,0,,female name unmatched in MaleCNS; sex specificity unestablished
CB2738,0,3,6,0,,female name unmatched in MaleCNS; sex specificity unestablished
CB2745,0,4,4,0,,female name unmatched in MaleCNS; sex specificity unestablished
CB2746,0,2,0,0,,female name unmatched in MaleCNS; sex specificity unestablished
CB2749,0,2,1,0,,female name unmatched in MaleCNS; sex specificity unestablished
CB2752,0,2,0,0,,female name unmatched in MaleCNS; sex specificity unestablished
CB2758,0,2,4,0,,female name unmatched in MaleCNS; sex specificity unestablished
CB2760,0,3,0,0,,female name unmatched in MaleCNS; sex specificity unestablished
CB2762,0,2,1,0,,female name unmatched in MaleCNS; sex specificity unestablished
CB2776,0,4,3,0,,female name unmatched in MaleCNS; sex specificity unestablished
CB2778,0,5,6,0,,female name unmatched in MaleCNS; sex specificity unestablished
CB2779,0,2,0,0,,female name unmatched in MaleCNS; sex specificity unestablished
CB2781,0,3,4,0,,female name unmatched in MaleCNS; sex specificity unestablished
CB2785,0,5,8,0,,female name unmatched in MaleCNS; sex specificity unestablished
CB2793,0,2,2,0,,female name unmatched in MaleCNS; sex specificity unestablished
CB2795,0,4,19,0,,female name unmatched in MaleCNS; sex specificity unestablished
CB2796,0,2,9,0,,female name unmatched in MaleCNS; sex specificity unestablished
CB2801,0,4,5,0,,female name unmatched in MaleCNS; sex specificity unestablished
CB2803,0,3,1,0,,female name unmatched in MaleCNS; sex specificity unestablished
CB2806,0,2,1,0,,female name unmatched in MaleCNS; sex specificity unestablished
CB2813,0,4,1,0,,female name unmatched in MaleCNS; sex specificity unestablished
CB2821,0,4,2,0,,female name unmatched in MaleCNS; sex specificity unestablished
CB2825,0,6,2,0,,female name unmatched in MaleCNS; sex specificity unestablished
CB2835,0,8,9,0,,female name unmatched in MaleCNS; sex specificity unestablished
CB2836,0,2,2,0,,female name unmatched in MaleCNS; sex specificity unestablished
CB2841,0,5,2,0,,female name unmatched in MaleCNS; sex specificity unestablished
CB2849,0,5,5,0,,female name unmatched in MaleCNS; sex specificity unestablished
CB2850,0,3,1,0,,female name unmatched in MaleCNS; sex specificity unestablished
CB2853,0,4,5,0,,female name unmatched in MaleCNS; sex specificity unestablished
CB2856,0,4,2,0,,female name unmatched in MaleCNS; sex specificity unestablished
CB2860,0,2,0,0,,female name unmatched in MaleCNS; sex specificity unestablished
CB2865,0,2,5,0,,female name unmatched in MaleCNS; sex specificity unestablished
CB2867,0,2,1,0,,female name unmatched in MaleCNS; sex specificity unestablished
CB2883,0,2,1,0,,female name unmatched in MaleCNS; sex specificity unestablished
CB2886,0,5,2,0,,female name unmatched in MaleCNS; sex specificity unestablished
CB2891,0,4,7,0,,female name unmatched in MaleCNS; sex specificity unestablished
CB2893,0,4,5,0,,female name unmatched in MaleCNS; sex specificity unestablished
CB2894,0,5,5,0,,female name unmatched in MaleCNS; sex specificity unestablished
CB2897,0,3,0,0,,female name unmatched in MaleCNS; sex specificity unestablished
CB2903,0,3,4,0,,female name unmatched in MaleCNS; sex specificity unestablished
CB2905,0,3,6,0,,female name unmatched in MaleCNS; sex specificity unestablished
CB2909,0,3,5,0,,female name unmatched in MaleCNS; sex specificity unestablished
CB2911,0,4,8,0,,female name unmatched in MaleCNS; sex specificity unestablished
CB2915,0,3,6,0,,female name unmatched in MaleCNS; sex specificity unestablished
CB2917,0,2,3,0,,female name unmatched in MaleCNS; sex specificity unestablished
CB2918,0,2,1,0,,female name unmatched in MaleCNS; sex specificity unestablished
CB2921,0,3,3,0,,female name unmatched in MaleCNS; sex specificity unestablished
CB2928,0,10,14,0,,female name unmatched in MaleCNS; sex specificity unestablished
CB2929,0,3,0,0,,female name unmatched in MaleCNS; sex specificity unestablished
CB2930,0,5,5,0,,female name unmatched in MaleCNS; sex specificity unestablished
CB2932,0,4,10,0,,female name unmatched in MaleCNS; sex specificity unestablished
CB2942,0,2,0,0,,female name unmatched in MaleCNS; sex specificity unestablished
CB2946,0,2,0,0,,female name unmatched in MaleCNS; sex specificity unestablished
CB2951,0,3,6,0,,female name unmatched in MaleCNS; sex specificity unestablished
CB2960,0,5,1,0,,female name unmatched in MaleCNS; sex specificity unestablished
CB2969,0,2,0,0,,female name unmatched in MaleCNS; sex specificity unestablished
CB2977,0,2,6,0,,female name unmatched in MaleCNS; sex specificity unestablished
CB2987,0,6,2,0,,female name unmatched in MaleCNS; sex specificity unestablished
CB2997,0,2,3,0,,female name unmatched in MaleCNS; sex specificity unestablished
CB2999,0,2,1,0,,female name unmatched in MaleCNS; sex specificity unestablished
CB3002,0,3,2,0,,female name unmatched in MaleCNS; sex specificity unestablished
CB3003,0,2,2,0,,female name unmatched in MaleCNS; sex specificity unestablished
CB3006,0,3,8,0,,female name unmatched in MaleCNS; sex specificity unestablished
CB3011,0,2,3,0,,female name unmatched in MaleCNS; sex specificity unestablished
CB3017,0,4,8,0,,female name unmatched in MaleCNS; sex specificity unestablished
CB3020,0,2,0,0,,female name unmatched in MaleCNS; sex specificity unestablished
CB3035,0,4,4,0,,female name unmatched in MaleCNS; sex specificity unestablished
CB3038,0,2,0,0,,female name unmatched in MaleCNS; sex specificity unestablished
CB3046,0,2,0,0,,female name unmatched in MaleCNS; sex specificity unestablished
CB3048,0,6,2,0,,female name unmatched in MaleCNS; sex specificity unestablished
CB3057,0,2,0,0,,female name unmatched in MaleCNS; sex specificity unestablished
CB3058,0,2,1,0,,female name unmatched in MaleCNS; sex specificity unestablished
CB3063,0,3,3,0,,female name unmatched in MaleCNS; sex specificity unestablished
CB3066,0,2,3,0,,female name unmatched in MaleCNS; sex specificity unestablished
CB3072,0,4,4,0,,female name unmatched in MaleCNS; sex specificity unestablished
CB3077,0,2,3,0,,female name unmatched in MaleCNS; sex specificity unestablished
CB3082,0,3,6,0,,female name unmatched in MaleCNS; sex specificity unestablished
CB3083,0,2,3,0,,female name unmatched in MaleCNS; sex specificity unestablished
CB3095,0,0,1,0,,female name unmatched in MaleCNS; sex specificity unestablished
CB3102,0,4,7,0,,female name unmatched in MaleCNS; sex specificity unestablished
CB3106,0,2,0,0,,female name unmatched in MaleCNS; sex specificity unestablished
CB3107,0,3,2,0,,female name unmatched in MaleCNS; sex specificity unestablished
CB3111,0,6,6,0,,female name unmatched in MaleCNS; sex specificity unestablished
CB3114,0,4,4,0,,female name unmatched in MaleCNS; sex specificity unestablished
CB3115,0,2,3,0,,female name unmatched in MaleCNS; sex specificity unestablished
CB3123,0,2,6,0,,female name unmatched in MaleCNS; sex specificity unestablished
CB3125,0,3,1,0,,female name unmatched in MaleCNS; sex specificity unestablished
CB3129,0,2,2,0,,female name unmatched in MaleCNS; sex specificity unestablished
CB3149,0,2,0,0,,female name unmatched in MaleCNS; sex specificity unestablished
CB3150,0,6,3,0,,female name unmatched in MaleCNS; sex specificity unestablished
CB3154,0,2,4,0,,female name unmatched in MaleCNS; sex specificity unestablished
CB3166,0,2,0,0,,female name unmatched in MaleCNS; sex specificity unestablished
CB3169,0,3,1,0,,female name unmatched in MaleCNS; sex specificity unestablished
CB3174,0,5,4,0,,female name unmatched in MaleCNS; sex specificity unestablished
CB3176,0,4,4,0,,female name unmatched in MaleCNS; sex specificity unestablished
CB3179,0,2,1,0,,female name unmatched in MaleCNS; sex specificity unestablished
CB3181,0,3,0,0,,female name unmatched in MaleCNS; sex specificity unestablished
CB3182,0,5,2,0,,female name unmatched in MaleCNS; sex specificity unestablished
CB3183,0,3,2,0,,female name unmatched in MaleCNS; sex specificity unestablished
CB3192,0,0,7,0,,female name unmatched in MaleCNS; sex specificity unestablished
CB3193,0,2,0,0,,female name unmatched in MaleCNS; sex specificity unestablished
CB3195,0,2,1,0,,female name unmatched in MaleCNS; sex specificity unestablished
CB3198,0,4,5,0,,female name unmatched in MaleCNS; sex specificity unestablished
CB3199,0,4,5,0,,female name unmatched in MaleCNS; sex specificity unestablished
CB3200,0,2,6,0,,female name unmatched in MaleCNS; sex specificity unestablished
CB3200b,0,4,5,0,,female name unmatched in MaleCNS; sex specificity unestablished
CB3210,0,2,1,0,,female name unmatched in MaleCNS; sex specificity unestablished
CB3211,0,4,0,0,,female name unmatched in MaleCNS; sex specificity unestablished
CB3214,0,2,1,0,,female name unmatched in MaleCNS; sex specificity unestablished
CB3223,0,3,1,0,,female name unmatched in MaleCNS; sex specificity unestablished
CB3224,0,2,0,0,,female name unmatched in MaleCNS; sex specificity unestablished
CB3226,0,2,0,0,,female name unmatched in MaleCNS; sex specificity unestablished
CB3227,0,2,1,0,,female name unmatched in MaleCNS; sex specificity unestablished
CB3229,0,4,8,0,,female name unmatched in MaleCNS; sex specificity unestablished
CB3230,0,4,5,0,,female name unmatched in MaleCNS; sex specificity unestablished
CB3231,0,5,3,0,,female name unmatched in MaleCNS; sex specificity unestablished
CB3234,0,4,2,0,,female name unmatched in MaleCNS; sex specificity unestablished
CB3235,0,2,2,0,,female name unmatched in MaleCNS; sex specificity unestablished
CB3238,0,2,2,0,,female name unmatched in MaleCNS; sex specificity unestablished
CB3239,0,4,1,0,,female name unmatched in MaleCNS; sex specificity unestablished
CB3244,0,2,2,0,,female name unmatched in MaleCNS; sex specificity unestablished
CB3253,0,2,0,0,,female name unmatched in MaleCNS; sex specificity unestablished
CB3254,0,3,2,0,,female name unmatched in MaleCNS; sex specificity unestablished
CB3256,0,6,4,0,,female name unmatched in MaleCNS; sex specificity unestablished
CB3270,0,3,2,0,,female name unmatched in MaleCNS; sex specificity unestablished
CB3272,0,8,5,0,,female name unmatched in MaleCNS; sex specificity unestablished
CB3275,0,6,8,0,,female name unmatched in MaleCNS; sex specificity unestablished
CB3279,0,4,0,0,,female name unmatched in MaleCNS; sex specificity unestablished
CB3280,0,2,0,0,,female name unmatched in MaleCNS; sex specificity unestablished
CB3283,0,4,6,0,,female name unmatched in MaleCNS; sex specificity unestablished
CB3284,0,2,4,0,,female name unmatched in MaleCNS; sex specificity unestablished
CB3285,0,3,4,0,,female name unmatched in MaleCNS; sex specificity unestablished
CB3287,0,7,11,0,,female name unmatched in MaleCNS; sex specificity unestablished
CB3289,0,5,4,0,,female name unmatched in MaleCNS; sex specificity unestablished
CB3292,0,4,2,0,,female name unmatched in MaleCNS; sex specificity unestablished
CB3300,0,8,0,0,,female name unmatched in MaleCNS; sex specificity unestablished
CB3312,0,5,7,0,,female name unmatched in MaleCNS; sex specificity unestablished
CB3314,0,3,1,0,,female name unmatched in MaleCNS; sex specificity unestablished
CB3315,0,2,3,0,,female name unmatched in MaleCNS; sex specificity unestablished
CB3317,0,2,2,0,,female name unmatched in MaleCNS; sex specificity unestablished
CB3325,0,2,1,0,,female name unmatched in MaleCNS; sex specificity unestablished
CB3327,0,2,2,0,,female name unmatched in MaleCNS; sex specificity unestablished
CB3330,0,3,0,0,,female name unmatched in MaleCNS; sex specificity unestablished
CB3342,0,2,4,0,,female name unmatched in MaleCNS; sex specificity unestablished
CB3346,0,2,2,0,,female name unmatched in MaleCNS; sex specificity unestablished
CB3354,0,2,4,0,,female name unmatched in MaleCNS; sex specificity unestablished
CB3355,0,2,1,0,,female name unmatched in MaleCNS; sex specificity unestablished
CB3356,0,2,2,0,,female name unmatched in MaleCNS; sex specificity unestablished
CB3359,0,2,4,0,,female name unmatched in MaleCNS; sex specificity unestablished
CB3363,0,2,2,0,,female name unmatched in MaleCNS; sex specificity unestablished
CB3377,0,3,3,0,,female name unmatched in MaleCNS; sex specificity unestablished
CB3378,0,2,2,0,,female name unmatched in MaleCNS; sex specificity unestablished
CB3379,0,3,3,0,,female name unmatched in MaleCNS; sex specificity unestablished
CB3390,0,4,1,0,,female name unmatched in MaleCNS; sex specificity unestablished
CB3392,0,4,9,0,,female name unmatched in MaleCNS; sex specificity unestablished
CB3401,0,6,2,0,,female name unmatched in MaleCNS; sex specificity unestablished
CB3403,0,4,6,0,,female name unmatched in MaleCNS; sex specificity unestablished
CB3405,0,2,0,0,,female name unmatched in MaleCNS; sex specificity unestablished
CB3406,0,2,1,0,,female name unmatched in MaleCNS; sex specificity unestablished
CB3410,0,2,3,0,,female name unmatched in MaleCNS; sex specificity unestablished
CB3413,0,5,2,0,,female name unmatched in MaleCNS; sex specificity unestablished
CB3422,0,2,3,0,,female name unmatched in MaleCNS; sex specificity unestablished
CB3423,0,4,5,0,,female name unmatched in MaleCNS; sex specificity unestablished
CB3424,0,5,3,0,,female name unmatched in MaleCNS; sex specificity unestablished
CB3426,0,3,2,0,,female name unmatched in MaleCNS; sex specificity unestablished
CB3428,0,1,0,0,,female name unmatched in MaleCNS; sex specificity unestablished
CB3429,0,2,4,0,,female name unmatched in MaleCNS; sex specificity unestablished
CB3431,0,5,1,0,,female name unmatched in MaleCNS; sex specificity unestablished
CB3438,0,2,7,0,,female name unmatched in MaleCNS; sex specificity unestablished
CB3442,0,2,1,0,,female name unmatched in MaleCNS; sex specificity unestablished
CB3444,0,2,2,0,,female name unmatched in MaleCNS; sex specificity unestablished
CB3452,0,2,2,0,,female name unmatched in MaleCNS; sex specificity unestablished
CB3462,0,3,1,0,,female name unmatched in MaleCNS; sex specificity unestablished
CB3470,0,4,1,0,,female name unmatched in MaleCNS; sex specificity unestablished
CB3471,0,2,2,0,,female name unmatched in MaleCNS; sex specificity unestablished
CB3473,0,2,4,0,,female name unmatched in MaleCNS; sex specificity unestablished
CB3482,0,3,4,0,,female name unmatched in MaleCNS; sex specificity unestablished
CB3485,0,2,2,0,,female name unmatched in MaleCNS; sex specificity unestablished
CB3491,0,4,5,0,,female name unmatched in MaleCNS; sex specificity unestablished
CB3492,0,2,0,0,,female name unmatched in MaleCNS; sex specificity unestablished
CB3493,0,2,3,0,,female name unmatched in MaleCNS; sex specificity unestablished
CB3497,0,4,1,0,,female name unmatched in MaleCNS; sex specificity unestablished
CB3504,0,3,0,0,,female name unmatched in MaleCNS; sex specificity unestablished
CB3510,0,2,0,0,,female name unmatched in MaleCNS; sex specificity unestablished
CB3513a,0,2,3,0,,female name unmatched in MaleCNS; sex specificity unestablished
CB3513b,0,2,3,0,,female name unmatched in MaleCNS; sex specificity unestablished
CB3515,0,3,1,0,,female name unmatched in MaleCNS; sex specificity unestablished
CB3516,0,2,5,0,,female name unmatched in MaleCNS; sex specificity unestablished
CB3527,0,2,2,0,,female name unmatched in MaleCNS; sex specificity unestablished
CB3529,0,3,3,0,,female name unmatched in MaleCNS; sex specificity unestablished
CB3531,0,4,6,0,,female name unmatched in MaleCNS; sex specificity unestablished
CB3533,0,3,2,0,,female name unmatched in MaleCNS; sex specificity unestablished
CB3534,0,6,6,0,,female name unmatched in MaleCNS; sex specificity unestablished
CB3536,0,4,1,0,,female name unmatched in MaleCNS; sex specificity unestablished
CB3538,0,3,4,0,,female name unmatched in MaleCNS; sex specificity unestablished
CB3546,0,3,5,0,,female name unmatched in MaleCNS; sex specificity unestablished
CB3550,0,2,6,0,,female name unmatched in MaleCNS; sex specificity unestablished
CB3551,0,3,3,0,,female name unmatched in MaleCNS; sex specificity unestablished
CB3557,0,3,1,0,,female name unmatched in MaleCNS; sex specificity unestablished
CB3568,0,2,1,0,,female name unmatched in MaleCNS; sex specificity unestablished
CB3573,0,2,0,0,,female name unmatched in MaleCNS; sex specificity unestablished
CB3575,0,2,1,0,,female name unmatched in MaleCNS; sex specificity unestablished
CB3584,0,2,0,0,,female name unmatched in MaleCNS; sex specificity unestablished
CB3587,0,4,4,0,,female name unmatched in MaleCNS; sex specificity unestablished
CB3592,0,3,0,0,,female name unmatched in MaleCNS; sex specificity unestablished
CB3600,0,2,0,0,,female name unmatched in MaleCNS; sex specificity unestablished
CB3609,0,2,2,0,,female name unmatched in MaleCNS; sex specificity unestablished
CB3611,0,4,2,0,,female name unmatched in MaleCNS; sex specificity unestablished
CB3612,0,0,2,0,,female name unmatched in MaleCNS; sex specificity unestablished
CB3617,0,2,0,0,,female name unmatched in MaleCNS; sex specificity unestablished
CB3621,0,2,2,0,,female name unmatched in MaleCNS; sex specificity unestablished
CB3622,0,2,3,0,,female name unmatched in MaleCNS; sex specificity unestablished
CB3623,0,6,9,0,,female name unmatched in MaleCNS; sex specificity unestablished
CB3627,0,2,3,0,,female name unmatched in MaleCNS; sex specificity unestablished
CB3628,0,2,3,0,,female name unmatched in MaleCNS; sex specificity unestablished
CB3632,0,3,5,0,,female name unmatched in MaleCNS; sex specificity unestablished
CB3648,0,4,3,0,,female name unmatched in MaleCNS; sex specificity unestablished
CB3650,0,2,2,0,,female name unmatched in MaleCNS; sex specificity unestablished
CB3662,0,2,1,0,,female name unmatched in MaleCNS; sex specificity unestablished
CB3672,0,2,0,0,,female name unmatched in MaleCNS; sex specificity unestablished
CB3673,0,4,7,0,,female name unmatched in MaleCNS; sex specificity unestablished
CB3687,0,2,2,0,,female name unmatched in MaleCNS; sex specificity unestablished
CB3693,0,1,0,0,,female name unmatched in MaleCNS; sex specificity unestablished
CB3705,0,3,1,0,,female name unmatched in MaleCNS; sex specificity unestablished
CB3737,0,3,2,0,,female name unmatched in MaleCNS; sex specificity unestablished
CB3749,0,2,3,0,,female name unmatched in MaleCNS; sex specificity unestablished
CB3750,0,2,1,0,,female name unmatched in MaleCNS; sex specificity unestablished
CB3753,0,5,2,0,,female name unmatched in MaleCNS; sex specificity unestablished
CB3755,0,4,4,0,,female name unmatched in MaleCNS; sex specificity unestablished
CB3764,0,0,5,0,,female name unmatched in MaleCNS; sex specificity unestablished
CB3776,0,2,1,0,,female name unmatched in MaleCNS; sex specificity unestablished
CB3787,0,4,5,0,,female name unmatched in MaleCNS; sex specificity unestablished
CB3792,0,6,4,0,,female name unmatched in MaleCNS; sex specificity unestablished
CB3793,0,3,4,0,,female name unmatched in MaleCNS; sex specificity unestablished
CB3794,0,4,4,0,,female name unmatched in MaleCNS; sex specificity unestablished
CB3796,0,3,4,0,,female name unmatched in MaleCNS; sex specificity unestablished
CB3800,0,2,1,0,,female name unmatched in MaleCNS; sex specificity unestablished
CB3801,0,2,0,0,,female name unmatched in MaleCNS; sex specificity unestablished
CB3802,0,2,1,0,,female name unmatched in MaleCNS; sex specificity unestablished
CB3803,0,2,12,0,,female name unmatched in MaleCNS; sex specificity unestablished
CB3804,0,2,3,0,,female name unmatched in MaleCNS; sex specificity unestablished
CB3809,0,2,1,0,,female name unmatched in MaleCNS; sex specificity unestablished
CB3814,0,1,2,0,,female name unmatched in MaleCNS; sex specificity unestablished
CB3858,0,9,6,0,,female name unmatched in MaleCNS; sex specificity unestablished
CB3859,0,3,2,0,,female name unmatched in MaleCNS; sex specificity unestablished
CB3861,0,5,5,0,,female name unmatched in MaleCNS; sex specificity unestablished
CB3867,0,2,1,0,,female name unmatched in MaleCNS; sex specificity unestablished
CB3877,0,3,7,0,,female name unmatched in MaleCNS; sex specificity unestablished
CB3888,0,2,0,0,,female name unmatched in MaleCNS; sex specificity unestablished
CB3889,0,5,3,0,,female name unmatched in MaleCNS; sex specificity unestablished
CB3890,0,9,16,0,,female name unmatched in MaleCNS; sex specificity unestablished
CB3905,0,3,3,0,,female name unmatched in MaleCNS; sex specificity unestablished
CB3915,0,2,2,0,,female name unmatched in MaleCNS; sex specificity unestablished
CB3917,0,2,1,0,,female name unmatched in MaleCNS; sex specificity unestablished
CB3921,0,1,2,0,,female name unmatched in MaleCNS; sex specificity unestablished
CB3922,0,3,2,0,,female name unmatched in MaleCNS; sex specificity unestablished
CB3923,0,4,6,0,,female name unmatched in MaleCNS; sex specificity unestablished
CB3925,0,2,0,0,,female name unmatched in MaleCNS; sex specificity unestablished
CB3941,0,2,3,0,,female name unmatched in MaleCNS; sex specificity unestablished
CB3966,0,2,4,0,,female name unmatched in MaleCNS; sex specificity unestablished
CB3978,0,10,10,0,,female name unmatched in MaleCNS; sex specificity unestablished
CB3983,0,6,8,0,,female name unmatched in MaleCNS; sex specificity unestablished
CB4053,0,1,0,0,,female name unmatched in MaleCNS; sex specificity unestablished
CB4068,0,7,8,0,,female name unmatched in MaleCNS; sex specificity unestablished
CB4146,0,2,0,0,,female name unmatched in MaleCNS; sex specificity unestablished
CB4186,0,1,1,0,,female name unmatched in MaleCNS; sex specificity unestablished
CB4187,0,6,4,0,,female name unmatched in MaleCNS; sex specificity unestablished
CB4230,0,8,12,0,,female name unmatched in MaleCNS; sex specificity unestablished
CB4233,0,15,1,0,,female name unmatched in MaleCNS; sex specificity unestablished
CB4244,0,20,20,0,,female name unmatched in MaleCNS; sex specificity unestablished
CL022,0,6,4,0,,female name unmatched in MaleCNS; sex specificity unestablished
CL024a,0,4,11,0,,female name unmatched in MaleCNS; sex specificity unestablished
CL024b,0,6,1,0,,female name unmatched in MaleCNS; sex specificity unestablished
CL037,0,2,2,0,,female name unmatched in MaleCNS; sex specificity unestablished
CL059,0,2,2,0,,female name unmatched in MaleCNS; sex specificity unestablished
CL060,0,2,2,0,,female name unmatched in MaleCNS; sex specificity unestablished
CL062_a,0,9,9,0,,female name unmatched in MaleCNS; sex specificity unestablished
CL062_b,0,8,8,0,,female name unmatched in MaleCNS; sex specificity unestablished
CL078a,0,2,4,0,,female name unmatched in MaleCNS; sex specificity unestablished
CL078b,0,2,1,0,,female name unmatched in MaleCNS; sex specificity unestablished
CL089_a,0,5,2,0,,female name unmatched in MaleCNS; sex specificity unestablished
CL099a,0,4,3,0,,female name unmatched in MaleCNS; sex specificity unestablished
CL099b,0,3,0,0,,female name unmatched in MaleCNS; sex specificity unestablished
CL123,0,12,15,0,,female name unmatched in MaleCNS; sex specificity unestablished
CL128b,0,5,4,0,,female name unmatched in MaleCNS; sex specificity unestablished
CL128c,0,5,5,0,,female name unmatched in MaleCNS; sex specificity unestablished
CL156,0,2,2,0,,female name unmatched in MaleCNS; sex specificity unestablished
CL160a,0,2,3,0,,female name unmatched in MaleCNS; sex specificity unestablished
CL160b,0,2,1,0,,female name unmatched in MaleCNS; sex specificity unestablished
CL210,0,7,9,0,,female name unmatched in MaleCNS; sex specificity unestablished
CL237,0,2,2,0,,female name unmatched in MaleCNS; sex specificity unestablished
CL243,0,0,1,0,,female name unmatched in MaleCNS; sex specificity unestablished
CL265,0,2,2,0,,female name unmatched in MaleCNS; sex specificity unestablished
CL266_a,0,6,6,0,,female name unmatched in MaleCNS; sex specificity unestablished
CL266_b,0,4,4,0,,female name unmatched in MaleCNS; sex specificity unestablished
CL272_a,0,4,2,0,,female name unmatched in MaleCNS; sex specificity unestablished
CL272_b,0,6,6,0,,female name unmatched in MaleCNS; sex specificity unestablished
CL289,0,2,2,0,,female name unmatched in MaleCNS; sex specificity unestablished
CL312,0,1,0,0,,female name unmatched in MaleCNS; sex specificity unestablished
CL313,0,11,11,0,,female name unmatched in MaleCNS; sex specificity unestablished
CL344,0,2,4,0,,female name unmatched in MaleCNS; sex specificity unestablished
CMU,0,0,2,0,,female name unmatched in MaleCNS; sex specificity unestablished
CRE043,0,14,12,0,,female name unmatched in MaleCNS; sex specificity unestablished
CRE080a,0,2,5,0,,female name unmatched in MaleCNS; sex specificity unestablished
CRE080b,0,2,1,0,,female name unmatched in MaleCNS; sex specificity unestablished
CRE080c,0,4,4,0,,female name unmatched in MaleCNS; sex specificity unestablished
CREa1A_T01,0,3,4,0,,female name unmatched in MaleCNS; sex specificity unestablished
CREl1_30,0,0,4,0,,female name unmatched in MaleCNS; sex specificity unestablished
CS,0,0,8,0,,female name unmatched in MaleCNS; sex specificity unestablished
CV1040,0,0,1,0,,female name unmatched in MaleCNS; sex specificity unestablished
CV1044,0,0,1,0,,female name unmatched in MaleCNS; sex specificity unestablished
Cm26,13,0,0,13,,MaleCNS source dimorphism=male-specific; annotation applies to these cells
CoHP3,0,0,1,0,,female name unmatched in MaleCNS; sex specificity unestablished
CoHP8,0,0,1,0,,female name unmatched in MaleCNS; sex specificity unestablished
CvN1,0,0,4,0,,female name unmatched in MaleCNS; sex specificity unestablished
CvN10,0,0,2,0,,female name unmatched in MaleCNS; sex specificity unestablished
CvN11,0,0,2,0,,female name unmatched in MaleCNS; sex specificity unestablished
CvN3,0,0,2,0,,female name unmatched in MaleCNS; sex specificity unestablished
CvN9,0,0,2,0,,female name unmatched in MaleCNS; sex specificity unestablished
DLM1-4,0,0,8,0,,female name unmatched in MaleCNS; sex specificity unestablished
DLM5,0,0,2,0,,female name unmatched in MaleCNS; sex specificity unestablished
DM4_CX_p__0,0,0,1,0,,female name unmatched in MaleCNS; sex specificity unestablished
DM6_posterior_60,0,0,1,0,,female name unmatched in MaleCNS; sex specificity unestablished
DN1pC,0,4,0,0,,female name unmatched in MaleCNS; sex specificity unestablished
DN1pD,0,8,0,0,,female name unmatched in MaleCNS; sex specificity unestablished
DN1pE,0,4,0,0,,female name unmatched in MaleCNS; sex specificity unestablished
DN2,0,3,0,0,,female name unmatched in MaleCNS; sex specificity unestablished
DNad004,0,0,2,0,,female name unmatched in MaleCNS; sex specificity unestablished
DNad006,0,0,2,0,,female name unmatched in MaleCNS; sex specificity unestablished
DNfl012,0,0,2,0,,female name unmatched in MaleCNS; sex specificity unestablished
DNfl014,0,0,2,0,,female name unmatched in MaleCNS; sex specificity unestablished
DNfl015,0,0,1,0,,female name unmatched in MaleCNS; sex specificity unestablished
DNfl017,0,0,1,0,,female name unmatched in MaleCNS; sex specificity unestablished
DNfl019,0,0,2,0,,female name unmatched in MaleCNS; sex specificity unestablished
DNfl020,0,0,3,0,,female name unmatched in MaleCNS; sex specificity unestablished
DNfl021,0,0,7,0,,female name unmatched in MaleCNS; sex specificity unestablished
DNfl022,0,0,1,0,,female name unmatched in MaleCNS; sex specificity unestablished
DNfl024,0,0,6,0,,female name unmatched in MaleCNS; sex specificity unestablished
DNfl025,0,0,2,0,,female name unmatched in MaleCNS; sex specificity unestablished
DNfl026,0,0,2,0,,female name unmatched in MaleCNS; sex specificity unestablished
DNfl027,0,0,1,0,,female name unmatched in MaleCNS; sex specificity unestablished
DNfl028,0,0,2,0,,female name unmatched in MaleCNS; sex specificity unestablished
DNfl030,0,0,2,0,,female name unmatched in MaleCNS; sex specificity unestablished
DNfl032,0,0,2,0,,female name unmatched in MaleCNS; sex specificity unestablished
DNfl033,0,0,1,0,,female name unmatched in MaleCNS; sex specificity unestablished
DNfl035,0,0,2,0,,female name unmatched in MaleCNS; sex specificity unestablished
DNfl036,0,0,1,0,,female name unmatched in MaleCNS; sex specificity unestablished
DNfl037,0,0,2,0,,female name unmatched in MaleCNS; sex specificity unestablished
DNfl038,0,0,2,0,,female name unmatched in MaleCNS; sex specificity unestablished
DNfl040,0,0,2,0,,female name unmatched in MaleCNS; sex specificity unestablished
DNfl041,0,0,1,0,,female name unmatched in MaleCNS; sex specificity unestablished
DNfl042,0,0,2,0,,female name unmatched in MaleCNS; sex specificity unestablished
DNfl044,0,0,1,0,,female name unmatched in MaleCNS; sex specificity unestablished
DNg01,0,8,8,0,,female name unmatched in MaleCNS; sex specificity unestablished
DNg02,0,0,32,0,,female name unmatched in MaleCNS; sex specificity unestablished
DNg02_h,0,2,2,0,,female name unmatched in MaleCNS; sex specificity unestablished
DNg05,0,0,6,0,,female name unmatched in MaleCNS; sex specificity unestablished
DNg09,0,8,6,0,,female name unmatched in MaleCNS; sex specificity unestablished
DNg12,0,0,35,0,,female name unmatched in MaleCNS; sex specificity unestablished
DNg18,0,0,3,0,,female name unmatched in MaleCNS; sex specificity unestablished
DNg36,0,0,10,0,,female name unmatched in MaleCNS; sex specificity unestablished
DNg74,0,0,3,0,,female name unmatched in MaleCNS; sex specificity unestablished
DNg92,0,0,7,0,,female name unmatched in MaleCNS; sex specificity unestablished
DNge005,0,2,0,0,,female name unmatched in MaleCNS; sex specificity unestablished
DNge112,0,2,1,0,,female name unmatched in MaleCNS; sex specificity unestablished
DNht001,0,0,2,0,,female name unmatched in MaleCNS; sex specificity unestablished
DNit003,0,0,5,0,,female name unmatched in MaleCNS; sex specificity unestablished
DNit004,0,0,2,0,,female name unmatched in MaleCNS; sex specificity unestablished
DNit005,0,0,3,0,,female name unmatched in MaleCNS; sex specificity unestablished
DNit007,0,0,2,0,,female name unmatched in MaleCNS; sex specificity unestablished
DNit008,0,0,1,0,,female name unmatched in MaleCNS; sex specificity unestablished
DNit012,0,0,3,0,,female name unmatched in MaleCNS; sex specificity unestablished
DNit013,0,0,2,0,,female name unmatched in MaleCNS; sex specificity unestablished
DNnt007,0,0,1,0,,female name unmatched in MaleCNS; sex specificity unestablished
DNnt008,0,0,8,0,,female name unmatched in MaleCNS; sex specificity unestablished
DNnt009,0,0,1,0,,female name unmatched in MaleCNS; sex specificity unestablished
DNnt010,0,0,2,0,,female name unmatched in MaleCNS; sex specificity unestablished
DNnt011,0,0,9,0,,female name unmatched in MaleCNS; sex specificity unestablished
DNnt012,0,0,5,0,,female name unmatched in MaleCNS; sex specificity unestablished
DNnt013,0,0,5,0,,female name unmatched in MaleCNS; sex specificity unestablished
DNnt015,0,0,2,0,,female name unmatched in MaleCNS; sex specificity unestablished
DNnt016,0,0,2,0,,female name unmatched in MaleCNS; sex specificity unestablished
DNnt017,0,0,2,0,,female name unmatched in MaleCNS; sex specificity unestablished
DNnt018,0,0,1,0,,female name unmatched in MaleCNS; sex specificity unestablished
DNnt019,0,0,2,0,,female name unmatched in MaleCNS; sex specificity unestablished
DNnt020,0,0,2,0,,female name unmatched in MaleCNS; sex specificity unestablished
DNp16,0,4,9,0,,female name unmatched in MaleCNS; sex specificity unestablished
DNp37,0,2,2,0,,female name unmatched in MaleCNS; sex specificity unestablished
DNpe012,0,8,3,0,,female name unmatched in MaleCNS; sex specificity unestablished
DNpe038,0,2,2,0,,female name unmatched in MaleCNS; sex specificity unestablished
DNpe044,0,2,0,0,,female name unmatched in MaleCNS; sex specificity unestablished
DNpe046,0,2,0,0,,female name unmatched in MaleCNS; sex specificity unestablished
DNpe047,0,2,0,0,,female name unmatched in MaleCNS; sex specificity unestablished
DNut037,0,0,2,0,,female name unmatched in MaleCNS; sex specificity unestablished
DNut040,0,0,2,0,,female name unmatched in MaleCNS; sex specificity unestablished
DNut042,0,0,12,0,,female name unmatched in MaleCNS; sex specificity unestablished
DNut043,0,0,1,0,,female name unmatched in MaleCNS; sex specificity unestablished
DNut046,0,0,9,0,,female name unmatched in MaleCNS; sex specificity unestablished
DNut047,0,0,2,0,,female name unmatched in MaleCNS; sex specificity unestablished
DNut048,0,0,1,0,,female name unmatched in MaleCNS; sex specificity unestablished
DNut050,0,0,1,0,,female name unmatched in MaleCNS; sex specificity unestablished
DNut051,0,0,2,0,,female name unmatched in MaleCNS; sex specificity unestablished
DNut053,0,0,1,0,,female name unmatched in MaleCNS; sex specificity unestablished
DNut054,0,0,7,0,,female name unmatched in MaleCNS; sex specificity unestablished
DNut058,0,0,2,0,,female name unmatched in MaleCNS; sex specificity unestablished
DNut062,0,0,1,0,,female name unmatched in MaleCNS; sex specificity unestablished
DNxl014,0,0,1,0,,female name unmatched in MaleCNS; sex specificity unestablished
DNxl021,0,0,2,0,,female name unmatched in MaleCNS; sex specificity unestablished
DNxl022,0,0,1,0,,female name unmatched in MaleCNS; sex specificity unestablished
DNxl049,0,0,1,0,,female name unmatched in MaleCNS; sex specificity unestablished
DNxl056,0,0,1,0,,female name unmatched in MaleCNS; sex specificity unestablished
DNxl063,0,0,2,0,,female name unmatched in MaleCNS; sex specificity unestablished
DNxl066,0,0,1,0,,female name unmatched in MaleCNS; sex specificity unestablished
DNxl067,0,0,1,0,,female name unmatched in MaleCNS; sex specificity unestablished
DNxl068,0,0,2,0,,female name unmatched in MaleCNS; sex specificity unestablished
DNxl070,0,0,2,0,,female name unmatched in MaleCNS; sex specificity unestablished
DNxl071,0,0,2,0,,female name unmatched in MaleCNS; sex specificity unestablished
DNxl072,0,0,1,0,,female name unmatched in MaleCNS; sex specificity unestablished
DNxl073,0,0,2,0,,female name unmatched in MaleCNS; sex specificity unestablished
DNxl075,0,0,1,0,,female name unmatched in MaleCNS; sex specificity unestablished
DNxl078,0,0,1,0,,female name unmatched in MaleCNS; sex specificity unestablished
DNxl080,0,0,2,0,,female name unmatched in MaleCNS; sex specificity unestablished
DNxl081,0,0,1,0,,female name unmatched in MaleCNS; sex specificity unestablished
DNxl082,0,0,1,0,,female name unmatched in MaleCNS; sex specificity unestablished
DNxl083,0,0,1,0,,female name unmatched in MaleCNS; sex specificity unestablished
DNxl084,0,0,2,0,,female name unmatched in MaleCNS; sex specificity unestablished
DNxl086,0,0,2,0,,female name unmatched in MaleCNS; sex specificity unestablished
DNxl087,0,0,1,0,,female name unmatched in MaleCNS; sex specificity unestablished
DNxl088,0,0,2,0,,female name unmatched in MaleCNS; sex specificity unestablished
DNxl091,0,0,1,0,,female name unmatched in MaleCNS; sex specificity unestablished
DNxl092,0,0,1,0,,female name unmatched in MaleCNS; sex specificity unestablished
DNxl093,0,0,1,0,,female name unmatched in MaleCNS; sex specificity unestablished
DNxl094,0,0,2,0,,female name unmatched in MaleCNS; sex specificity unestablished
DNxl095,0,0,1,0,,female name unmatched in MaleCNS; sex specificity unestablished
DNxl096,0,0,1,0,,female name unmatched in MaleCNS; sex specificity unestablished
DNxl097,0,0,2,0,,female name unmatched in MaleCNS; sex specificity unestablished
DNxl099,0,0,1,0,,female name unmatched in MaleCNS; sex specificity unestablished
DNxl100,0,0,2,0,,female name unmatched in MaleCNS; sex specificity unestablished
DNxl101,0,0,2,0,,female name unmatched in MaleCNS; sex specificity unestablished
DNxl102,0,0,1,0,,female name unmatched in MaleCNS; sex specificity unestablished
DNxl103,0,0,1,0,,female name unmatched in MaleCNS; sex specificity unestablished
DNxl104,0,0,2,0,,female name unmatched in MaleCNS; sex specificity unestablished
DNxl105,0,0,1,0,,female name unmatched in MaleCNS; sex specificity unestablished
DNxl106,0,0,2,0,,female name unmatched in MaleCNS; sex specificity unestablished
DNxl107,0,0,1,0,,female name unmatched in MaleCNS; sex specificity unestablished
DNxl108,0,0,1,0,,female name unmatched in MaleCNS; sex specificity unestablished
DNxl109,0,0,1,0,,female name unmatched in MaleCNS; sex specificity unestablished
DNxl110,0,0,1,0,,female name unmatched in MaleCNS; sex specificity unestablished
DNxl111,0,0,2,0,,female name unmatched in MaleCNS; sex specificity unestablished
DNxl112,0,0,1,0,,female name unmatched in MaleCNS; sex specificity unestablished
DNxl113,0,0,4,0,,female name unmatched in MaleCNS; sex specificity unestablished
DNxl115,0,0,1,0,,female name unmatched in MaleCNS; sex specificity unestablished
DNxl117,0,0,2,0,,female name unmatched in MaleCNS; sex specificity unestablished
DNxl118,0,0,2,0,,female name unmatched in MaleCNS; sex specificity unestablished
DNxl119,0,0,1,0,,female name unmatched in MaleCNS; sex specificity unestablished
DNxl120,0,0,1,0,,female name unmatched in MaleCNS; sex specificity unestablished
DNxl121,0,0,1,0,,female name unmatched in MaleCNS; sex specificity unestablished
DNxl123,0,0,2,0,,female name unmatched in MaleCNS; sex specificity unestablished
DNxl124,0,0,1,0,,female name unmatched in MaleCNS; sex specificity unestablished
DNxl125,0,0,2,0,,female name unmatched in MaleCNS; sex specificity unestablished
DNxl127,0,0,2,0,,female name unmatched in MaleCNS; sex specificity unestablished
DNxl128,0,0,1,0,,female name unmatched in MaleCNS; sex specificity unestablished
DNxl129,0,0,1,0,,female name unmatched in MaleCNS; sex specificity unestablished
DNxl130,0,0,1,0,,female name unmatched in MaleCNS; sex specificity unestablished
DNxl131,0,0,1,0,,female name unmatched in MaleCNS; sex specificity unestablished
DNxl132,0,0,1,0,,female name unmatched in MaleCNS; sex specificity unestablished
DNxl134,0,0,1,0,,female name unmatched in MaleCNS; sex specificity unestablished
DNxn007,0,0,1,0,,female name unmatched in MaleCNS; sex specificity unestablished
DNxn071,0,0,2,0,,female name unmatched in MaleCNS; sex specificity unestablished
DNxn073,0,0,2,0,,female name unmatched in MaleCNS; sex specificity unestablished
DNxn102,0,0,2,0,,female name unmatched in MaleCNS; sex specificity unestablished
DNxn104,0,0,1,0,,female name unmatched in MaleCNS; sex specificity unestablished
DNxn105,0,0,1,0,,female name unmatched in MaleCNS; sex specificity unestablished
DNxn106,0,0,2,0,,female name unmatched in MaleCNS; sex specificity unestablished
DNxn108,0,0,3,0,,female name unmatched in MaleCNS; sex specificity unestablished
DNxn109,0,0,9,0,,female name unmatched in MaleCNS; sex specificity unestablished
DNxn110,0,0,1,0,,female name unmatched in MaleCNS; sex specificity unestablished
DNxn111,0,0,1,0,,female name unmatched in MaleCNS; sex specificity unestablished
DNxn112,0,0,1,0,,female name unmatched in MaleCNS; sex specificity unestablished
DNxn113,0,0,2,0,,female name unmatched in MaleCNS; sex specificity unestablished
DNxn114,0,0,2,0,,female name unmatched in MaleCNS; sex specificity unestablished
DNxn115,0,0,1,0,,female name unmatched in MaleCNS; sex specificity unestablished
DNxn116,0,0,1,0,,female name unmatched in MaleCNS; sex specificity unestablished
DNxn117,0,0,4,0,,female name unmatched in MaleCNS; sex specificity unestablished
DNxn118,0,0,2,0,,female name unmatched in MaleCNS; sex specificity unestablished
DNxn119,0,0,2,0,,female name unmatched in MaleCNS; sex specificity unestablished
DNxn122,0,0,2,0,,female name unmatched in MaleCNS; sex specificity unestablished
DNxn124,0,0,2,0,,female name unmatched in MaleCNS; sex specificity unestablished
DNxn125,0,0,2,0,,female name unmatched in MaleCNS; sex specificity unestablished
DNxn126,0,0,2,0,,female name unmatched in MaleCNS; sex specificity unestablished
DNxn127,0,0,1,0,,female name unmatched in MaleCNS; sex specificity unestablished
DNxn128,0,0,1,0,,female name unmatched in MaleCNS; sex specificity unestablished
DNxn129,0,0,2,0,,female name unmatched in MaleCNS; sex specificity unestablished
DNxn130,0,0,2,0,,female name unmatched in MaleCNS; sex specificity unestablished
DNxn131,0,0,1,0,,female name unmatched in MaleCNS; sex specificity unestablished
DNxn132,0,0,1,0,,female name unmatched in MaleCNS; sex specificity unestablished
DNxn133,0,0,1,0,,female name unmatched in MaleCNS; sex specificity unestablished
DNxn134,0,0,3,0,,female name unmatched in MaleCNS; sex specificity unestablished
DNxn136,0,0,1,0,,female name unmatched in MaleCNS; sex specificity unestablished
DNxn137,0,0,1,0,,female name unmatched in MaleCNS; sex specificity unestablished
DNxn139,0,0,2,0,,female name unmatched in MaleCNS; sex specificity unestablished
DNxn140,0,0,2,0,,female name unmatched in MaleCNS; sex specificity unestablished
DNxn142,0,0,2,0,,female name unmatched in MaleCNS; sex specificity unestablished
DNxn143,0,0,3,0,,female name unmatched in MaleCNS; sex specificity unestablished
DNxn144,0,0,6,0,,female name unmatched in MaleCNS; sex specificity unestablished
DNxn145,0,0,2,0,,female name unmatched in MaleCNS; sex specificity unestablished
DNxn146,0,0,3,0,,female name unmatched in MaleCNS; sex specificity unestablished
DNxn148,0,0,2,0,,female name unmatched in MaleCNS; sex specificity unestablished
DNxn151,0,0,2,0,,female name unmatched in MaleCNS; sex specificity unestablished
DNxn152,0,0,2,0,,female name unmatched in MaleCNS; sex specificity unestablished
DNxn153,0,0,3,0,,female name unmatched in MaleCNS; sex specificity unestablished
DNxn154,0,0,1,0,,female name unmatched in MaleCNS; sex specificity unestablished
DNxn155,0,0,2,0,,female name unmatched in MaleCNS; sex specificity unestablished
DNxn157,0,0,2,0,,female name unmatched in MaleCNS; sex specificity unestablished
DNxn159,0,0,2,0,,female name unmatched in MaleCNS; sex specificity unestablished
DNxn162,0,0,2,0,,female name unmatched in MaleCNS; sex specificity unestablished
DNxn163,0,0,2,0,,female name unmatched in MaleCNS; sex specificity unestablished
DNxn165,0,0,2,0,,female name unmatched in MaleCNS; sex specificity unestablished
DNxn167,0,0,1,0,,female name unmatched in MaleCNS; sex specificity unestablished
DNxn168,0,0,2,0,,female name unmatched in MaleCNS; sex specificity unestablished
DNxn170,0,0,1,0,,female name unmatched in MaleCNS; sex specificity unestablished
DNxn171,0,0,1,0,,female name unmatched in MaleCNS; sex specificity unestablished
DNxn172,0,0,2,0,,female name unmatched in MaleCNS; sex specificity unestablished
DNxn173,0,0,2,0,,female name unmatched in MaleCNS; sex specificity unestablished
DNxn174,0,0,1,0,,female name unmatched in MaleCNS; sex specificity unestablished
DNxn175,0,0,1,0,,female name unmatched in MaleCNS; sex specificity unestablished
DNxn176,0,0,1,0,,female name unmatched in MaleCNS; sex specificity unestablished
DNxn177,0,0,1,0,,female name unmatched in MaleCNS; sex specificity unestablished
DNxn178,0,0,2,0,,female name unmatched in MaleCNS; sex specificity unestablished
DNxn179,0,0,4,0,,female name unmatched in MaleCNS; sex specificity unestablished
DNxn181,0,0,4,0,,female name unmatched in MaleCNS; sex specificity unestablished
DNxn183,0,0,2,0,,female name unmatched in MaleCNS; sex specificity unestablished
DNxn187,0,0,2,0,,female name unmatched in MaleCNS; sex specificity unestablished
DNxn189,0,0,1,0,,female name unmatched in MaleCNS; sex specificity unestablished
DProN1,0,0,2,0,,female name unmatched in MaleCNS; sex specificity unestablished
DProN2,0,0,2,0,,female name unmatched in MaleCNS; sex specificity unestablished
DProN3a,0,0,2,0,,female name unmatched in MaleCNS; sex specificity unestablished
DProN3b,0,0,2,0,,female name unmatched in MaleCNS; sex specificity unestablished
DProN4,0,0,2,0,,female name unmatched in MaleCNS; sex specificity unestablished
DProN5,0,0,2,0,,female name unmatched in MaleCNS; sex specificity unestablished
DProN6,0,0,1,0,,female name unmatched in MaleCNS; sex specificity unestablished
DProN7,0,0,2,0,,female name unmatched in MaleCNS; sex specificity unestablished
DProN8,0,0,2,0,,female name unmatched in MaleCNS; sex specificity unestablished
DProN9,0,0,2,0,,female name unmatched in MaleCNS; sex specificity unestablished
DVM1a-c,0,0,6,0,,female name unmatched in MaleCNS; sex specificity unestablished
DVM2a-b,0,0,4,0,,female name unmatched in MaleCNS; sex specificity unestablished
DVM3a-b,0,0,4,0,,female name unmatched in MaleCNS; sex specificity unestablished
D_ORN,0,0,1,0,,female name unmatched in MaleCNS; sex specificity unestablished
Dm8,0,4,0,0,,female name unmatched in MaleCNS; sex specificity unestablished
EFFabg01,0,0,2,0,,female name unmatched in MaleCNS; sex specificity unestablished
EFFabg02,0,0,1,0,,female name unmatched in MaleCNS; sex specificity unestablished
EFFabg03,0,0,1,0,,female name unmatched in MaleCNS; sex specificity unestablished
EFFabg04,0,0,2,0,,female name unmatched in MaleCNS; sex specificity unestablished
EFFabg05,0,0,2,0,,female name unmatched in MaleCNS; sex specificity unestablished
EFFabg06,0,0,1,0,,female name unmatched in MaleCNS; sex specificity unestablished
EFFabg07,0,0,1,0,,female name unmatched in MaleCNS; sex specificity unestablished
EFFabg08,0,0,1,0,,female name unmatched in MaleCNS; sex specificity unestablished
EFFabg10,0,0,4,0,,female name unmatched in MaleCNS; sex specificity unestablished
EFFabg11,0,0,2,0,,female name unmatched in MaleCNS; sex specificity unestablished
EFFabg12,0,0,10,0,,female name unmatched in MaleCNS; sex specificity unestablished
EFFabg13,0,0,4,0,,female name unmatched in MaleCNS; sex specificity unestablished
EFFabg14,0,0,3,0,,female name unmatched in MaleCNS; sex specificity unestablished
EFFabg15,0,0,1,0,,female name unmatched in MaleCNS; sex specificity unestablished
EFFabg16,0,0,2,0,,female name unmatched in MaleCNS; sex specificity unestablished
EFFabg17,0,0,2,0,,female name unmatched in MaleCNS; sex specificity unestablished
EFFabg18,0,0,4,0,,female name unmatched in MaleCNS; sex specificity unestablished
EFFabg19,0,0,4,0,,female name unmatched in MaleCNS; sex specificity unestablished
EFFabg20,0,0,3,0,,female name unmatched in MaleCNS; sex specificity unestablished
EFFabg21,0,0,4,0,,female name unmatched in MaleCNS; sex specificity unestablished
EFFabg22,0,0,1,0,,female name unmatched in MaleCNS; sex specificity unestablished
EFFabg25,0,0,1,0,,female name unmatched in MaleCNS; sex specificity unestablished
EFFabg26,0,0,1,0,,female name unmatched in MaleCNS; sex specificity unestablished
EFFabg27,0,0,1,0,,female name unmatched in MaleCNS; sex specificity unestablished
EFFabg28,0,0,4,0,,female name unmatched in MaleCNS; sex specificity unestablished
EFFabg32,0,0,1,0,,female name unmatched in MaleCNS; sex specificity unestablished
EFFabg33,0,0,1,0,,female name unmatched in MaleCNS; sex specificity unestablished
EFFabg34,0,0,1,0,,female name unmatched in MaleCNS; sex specificity unestablished
EFFabg35,0,0,1,0,,female name unmatched in MaleCNS; sex specificity unestablished
EFFabg36,0,0,4,0,,female name unmatched in MaleCNS; sex specificity unestablished
EFFabg37,0,0,1,0,,female name unmatched in MaleCNS; sex specificity unestablished
EFFabg38,0,0,4,0,,female name unmatched in MaleCNS; sex specificity unestablished
EFFabg39,0,0,4,0,,female name unmatched in MaleCNS; sex specificity unestablished
EFFabg40,0,0,4,0,,female name unmatched in MaleCNS; sex specificity unestablished
EFFabg41,0,0,6,0,,female name unmatched in MaleCNS; sex specificity unestablished
EFFabg42,0,0,1,0,,female name unmatched in MaleCNS; sex specificity unestablished
EFFabg43,0,0,3,0,,female name unmatched in MaleCNS; sex specificity unestablished
EFFabg44,0,0,4,0,,female name unmatched in MaleCNS; sex specificity unestablished
EFFabg45,0,0,3,0,,female name unmatched in MaleCNS; sex specificity unestablished
EFFabg46,0,0,1,0,,female name unmatched in MaleCNS; sex specificity unestablished
EFFabg47,0,0,3,0,,female name unmatched in MaleCNS; sex specificity unestablished
EFFabg48,0,0,6,0,,female name unmatched in MaleCNS; sex specificity unestablished
EFFabg49,0,0,3,0,,female name unmatched in MaleCNS; sex specificity unestablished
EFFabg50,0,0,2,0,,female name unmatched in MaleCNS; sex specificity unestablished
EFFabg95f,0,0,4,0,,female name unmatched in MaleCNS; sex specificity unestablished
EFFabg96f,0,0,4,0,,female name unmatched in MaleCNS; sex specificity unestablished
EFFabg97f,0,0,4,0,,female name unmatched in MaleCNS; sex specificity unestablished
EFFabg98f,0,0,2,0,,female name unmatched in MaleCNS; sex specificity unestablished
EFFabg99f,0,0,2,0,,female name unmatched in MaleCNS; sex specificity unestablished
EN00B007,0,0,1,0,,female name unmatched in MaleCNS; sex specificity unestablished
EN27X010,0,0,5,0,,female name unmatched in MaleCNS; sex specificity unestablished
ENXXX,0,0,1,0,,female name unmatched in MaleCNS; sex specificity unestablished
ENXXX012,0,0,2,0,,female name unmatched in MaleCNS; sex specificity unestablished
ER1,0,29,5,0,,female name unmatched in MaleCNS; sex specificity unestablished
ER2,0,43,0,0,,female name unmatched in MaleCNS; sex specificity unestablished
ER3w,0,25,0,0,,female name unmatched in MaleCNS; sex specificity unestablished
ExR2_1,0,2,1,0,,female name unmatched in MaleCNS; sex specificity unestablished
ExR2_2,0,2,2,0,,female name unmatched in MaleCNS; sex specificity unestablished
FB1E,0,4,1,0,,female name unmatched in MaleCNS; sex specificity unestablished
FB2B,0,4,0,0,,female name unmatched in MaleCNS; sex specificity unestablished
FB2G,0,4,0,0,,female name unmatched in MaleCNS; sex specificity unestablished
FB2J,0,0,3,0,,female name unmatched in MaleCNS; sex specificity unestablished
FB2M,0,6,12,0,,female name unmatched in MaleCNS; sex specificity unestablished
FB3B,0,14,7,0,,female name unmatched in MaleCNS; sex specificity unestablished
FB4A,0,8,6,0,,female name unmatched in MaleCNS; sex specificity unestablished
FB4D,0,6,7,0,,female name unmatched in MaleCNS; sex specificity unestablished
FB4E,0,8,3,0,,female name unmatched in MaleCNS; sex specificity unestablished
FB4F,0,1,0,0,,female name unmatched in MaleCNS; sex specificity unestablished
FB4P,0,7,0,0,,female name unmatched in MaleCNS; sex specificity unestablished
FB4Z,0,17,13,0,,female name unmatched in MaleCNS; sex specificity unestablished
FB4_unclear,0,2,0,0,,female name unmatched in MaleCNS; sex specificity unestablished
FB5G,0,6,8,0,,female name unmatched in MaleCNS; sex specificity unestablished
FB5V,0,20,17,0,,female name unmatched in MaleCNS; sex specificity unestablished
FB5W,0,6,6,0,,female name unmatched in MaleCNS; sex specificity unestablished
FB5Y,0,4,5,0,,female name unmatched in MaleCNS; sex specificity unestablished
FB6,0,9,0,0,,female name unmatched in MaleCNS; sex specificity unestablished
FB6A,0,4,8,0,,female name unmatched in MaleCNS; sex specificity unestablished
FB6C,0,9,0,0,,female name unmatched in MaleCNS; sex specificity unestablished
FB7D,0,4,4,0,,female name unmatched in MaleCNS; sex specificity unestablished
FB9B,0,21,0,0,,female name unmatched in MaleCNS; sex specificity unestablished
FB9C_b,0,0,1,0,,female name unmatched in MaleCNS; sex specificity unestablished
FC1C,0,37,53,0,,female name unmatched in MaleCNS; sex specificity unestablished
FC3,0,46,51,0,,female name unmatched in MaleCNS; sex specificity unestablished
FLA001m,12,0,0,12,,MaleCNS source dimorphism=male-specific; annotation applies to these cells
FLA002m,12,0,0,12,fru_high,MaleCNS source dimorphism=male-specific; annotation applies to these cells
FLA003m,4,0,0,4,,MaleCNS source dimorphism=male-specific; annotation applies to these cells
FLA004m,11,0,0,11,,MaleCNS source dimorphism=male-specific; annotation applies to these cells
FLA005m,3,0,0,3,,MaleCNS source dimorphism=male-specific; annotation applies to these cells
FLA006m,6,0,0,6,fru_high,MaleCNS source dimorphism=male-specific; annotation applies to these cells
FLA009m,1,0,0,1,,MaleCNS source dimorphism=male-specific; annotation applies to these cells
FLA100f,0,7,1,0,,female name unmatched in MaleCNS; sex specificity unestablished
FLA101f_a,0,5,3,0,,female name unmatched in MaleCNS; sex specificity unestablished
FLA101f_b,0,12,10,0,,female name unmatched in MaleCNS; sex specificity unestablished
FLA101f_c,0,6,9,0,,female name unmatched in MaleCNS; sex specificity unestablished
FLA101f_d,0,5,12,0,,female name unmatched in MaleCNS; sex specificity unestablished
FS,0,0,1,0,,female name unmatched in MaleCNS; sex specificity unestablished
FS1A,0,41,65,0,,female name unmatched in MaleCNS; sex specificity unestablished
FS1B,0,22,28,0,,female name unmatched in MaleCNS; sex specificity unestablished
FS4,0,0,1,0,,female name unmatched in MaleCNS; sex specificity unestablished
GNG700m,2,0,0,2,fru_high,MaleCNS source dimorphism=male-specific; annotation applies to these cells
GNG701m,2,0,0,2,dsx_high,MaleCNS source dimorphism=male-specific; annotation applies to these cells
GNG702m,2,0,0,2,,MaleCNS source dimorphism=male-specific; annotation applies to these cells
GNG800f,0,2,2,0,,female name unmatched in MaleCNS; sex specificity unestablished
IB057,0,1,0,0,,female name unmatched in MaleCNS; sex specificity unestablished
ICL002m,2,0,0,2,fru_high,MaleCNS source dimorphism=male-specific; annotation applies to these cells
ICL003m,4,0,0,4,fru_high,MaleCNS source dimorphism=male-specific; annotation applies to these cells
ICL004m_a,2,0,0,2,fru_high,MaleCNS source dimorphism=male-specific; annotation applies to these cells
ICL004m_b,2,0,0,2,fru_high,MaleCNS source dimorphism=male-specific; annotation applies to these cells
ICL005m,2,0,0,2,fru_high,MaleCNS source dimorphism=male-specific; annotation applies to these cells
ICL006m,5,0,0,5,fru_high,MaleCNS source dimorphism=male-specific; annotation applies to these cells
ICL008m,6,0,0,6,fru_high,MaleCNS source dimorphism=male-specific; annotation applies to these cells
ICL010m,2,0,0,2,fru_high,MaleCNS source dimorphism=male-specific; annotation applies to these cells
ICL011m,2,0,0,2,fru_high,MaleCNS source dimorphism=male-specific; annotation applies to these cells
ICL013m_a,2,0,0,2,fru_high,MaleCNS source dimorphism=male-specific; annotation applies to these cells
ICL013m_b,2,0,0,2,fru_high,MaleCNS source dimorphism=male-specific; annotation applies to these cells
IN00A046,0,0,1,0,,female name unmatched in MaleCNS; sex specificity unestablished
IN01A001,0,0,2,0,,female name unmatched in MaleCNS; sex specificity unestablished
IN01A003,0,0,2,0,,female name unmatched in MaleCNS; sex specificity unestablished
IN01A004,0,0,2,0,,female name unmatched in MaleCNS; sex specificity unestablished
IN01A019,0,0,2,0,,female name unmatched in MaleCNS; sex specificity unestablished
IN01A052,0,0,4,0,,female name unmatched in MaleCNS; sex specificity unestablished
IN01A062,0,0,13,0,,female name unmatched in MaleCNS; sex specificity unestablished
IN01A063,0,0,7,0,,female name unmatched in MaleCNS; sex specificity unestablished
IN01A080,0,0,4,0,,female name unmatched in MaleCNS; sex specificity unestablished
IN01A083,0,0,6,0,,female name unmatched in MaleCNS; sex specificity unestablished
IN01A087,0,0,2,0,,female name unmatched in MaleCNS; sex specificity unestablished
IN01B013,0,0,1,0,,female name unmatched in MaleCNS; sex specificity unestablished
IN01B019,0,0,6,0,,female name unmatched in MaleCNS; sex specificity unestablished
IN01B023,0,0,9,0,,female name unmatched in MaleCNS; sex specificity unestablished
IN01B027,0,0,15,0,,female name unmatched in MaleCNS; sex specificity unestablished
IN01B028,0,0,2,0,,female name unmatched in MaleCNS; sex specificity unestablished
IN01B031,0,0,5,0,,female name unmatched in MaleCNS; sex specificity unestablished
IN01B037,0,0,4,0,,female name unmatched in MaleCNS; sex specificity unestablished
IN01B038,0,0,3,0,,female name unmatched in MaleCNS; sex specificity unestablished
IN01B044,0,0,4,0,,female name unmatched in MaleCNS; sex specificity unestablished
IN01B046,0,0,8,0,,female name unmatched in MaleCNS; sex specificity unestablished
IN01B048,0,0,4,0,,female name unmatched in MaleCNS; sex specificity unestablished
IN01B050,0,0,4,0,,female name unmatched in MaleCNS; sex specificity unestablished
IN01B051,0,0,4,0,,female name unmatched in MaleCNS; sex specificity unestablished
IN01B059,0,0,7,0,,female name unmatched in MaleCNS; sex specificity unestablished
IN01B069,0,0,5,0,,female name unmatched in MaleCNS; sex specificity unestablished
IN01B071,0,0,1,0,,female name unmatched in MaleCNS; sex specificity unestablished
IN01B077,0,0,4,0,,female name unmatched in MaleCNS; sex specificity unestablished
IN01B083,0,0,8,0,,female name unmatched in MaleCNS; sex specificity unestablished
IN01B089,0,0,3,0,,female name unmatched in MaleCNS; sex specificity unestablished
IN01B096,0,0,2,0,,female name unmatched in MaleCNS; sex specificity unestablished
IN02A006,0,0,1,0,,female name unmatched in MaleCNS; sex specificity unestablished
IN02A039,0,0,2,0,,female name unmatched in MaleCNS; sex specificity unestablished
IN02A056,0,0,9,0,,female name unmatched in MaleCNS; sex specificity unestablished
IN03A016,0,0,2,0,,female name unmatched in MaleCNS; sex specificity unestablished
IN03A026,0,0,8,0,,female name unmatched in MaleCNS; sex specificity unestablished
IN03A062,0,0,23,0,,female name unmatched in MaleCNS; sex specificity unestablished
IN03B082,0,0,1,0,,female name unmatched in MaleCNS; sex specificity unestablished
IN03B086,0,0,18,0,,female name unmatched in MaleCNS; sex specificity unestablished
IN03B087,0,0,2,0,,female name unmatched in MaleCNS; sex specificity unestablished
IN03B093,0,0,3,0,,female name unmatched in MaleCNS; sex specificity unestablished
IN04B043,0,0,4,0,,female name unmatched in MaleCNS; sex specificity unestablished
IN04B049,0,0,5,0,,female name unmatched in MaleCNS; sex specificity unestablished
IN04B054,0,0,9,0,,female name unmatched in MaleCNS; sex specificity unestablished
IN04B113,0,0,2,0,,female name unmatched in MaleCNS; sex specificity unestablished
IN04B114,0,0,4,0,,female name unmatched in MaleCNS; sex specificity unestablished
IN05B011,0,0,4,0,,female name unmatched in MaleCNS; sex specificity unestablished
IN05B064,0,0,5,0,,female name unmatched in MaleCNS; sex specificity unestablished
IN05B072,0,0,8,0,,female name unmatched in MaleCNS; sex specificity unestablished
IN05B079,0,0,2,0,,female name unmatched in MaleCNS; sex specificity unestablished
IN06A053,0,0,1,0,,female name unmatched in MaleCNS; sex specificity unestablished
IN06A067,0,0,10,0,,female name unmatched in MaleCNS; sex specificity unestablished
IN06A068,0,0,1,0,,female name unmatched in MaleCNS; sex specificity unestablished
IN06A076,0,0,6,0,,female name unmatched in MaleCNS; sex specificity unestablished
IN06A118,0,0,1,0,,female name unmatched in MaleCNS; sex specificity unestablished
IN06A120,0,0,5,0,,female name unmatched in MaleCNS; sex specificity unestablished
IN06A126,0,0,6,0,,female name unmatched in MaleCNS; sex specificity unestablished
IN06A130,0,0,4,0,,female name unmatched in MaleCNS; sex specificity unestablished
IN06B060,0,0,2,0,,female name unmatched in MaleCNS; sex specificity unestablished
IN06B084,0,0,3,0,,female name unmatched in MaleCNS; sex specificity unestablished
IN07B073,0,0,21,0,,female name unmatched in MaleCNS; sex specificity unestablished
IN07B076,0,0,10,0,,female name unmatched in MaleCNS; sex specificity unestablished
IN07B083,0,0,13,0,,female name unmatched in MaleCNS; sex specificity unestablished
IN07B092,0,0,13,0,,female name unmatched in MaleCNS; sex specificity unestablished
IN07B094,0,0,11,0,,female name unmatched in MaleCNS; sex specificity unestablished
IN07B096,0,0,14,0,,female name unmatched in MaleCNS; sex specificity unestablished
IN08A033,0,0,4,0,,female name unmatched in MaleCNS; sex specificity unestablished
IN08B051,0,0,12,0,,female name unmatched in MaleCNS; sex specificity unestablished
IN08B070,0,0,10,0,,female name unmatched in MaleCNS; sex specificity unestablished
IN08B083,0,0,12,0,,female name unmatched in MaleCNS; sex specificity unestablished
IN08B085,0,0,7,0,,female name unmatched in MaleCNS; sex specificity unestablished
IN09A025,0,0,3,0,,female name unmatched in MaleCNS; sex specificity unestablished
IN09A040,0,0,1,0,,female name unmatched in MaleCNS; sex specificity unestablished
IN09A072,0,0,7,0,,female name unmatched in MaleCNS; sex specificity unestablished
IN09A080,0,0,4,0,,female name unmatched in MaleCNS; sex specificity unestablished
IN09A085,0,0,4,0,,female name unmatched in MaleCNS; sex specificity unestablished
IN09B051,0,0,2,0,,female name unmatched in MaleCNS; sex specificity unestablished
IN09B052,0,0,2,0,,female name unmatched in MaleCNS; sex specificity unestablished
IN09B057,0,0,1,0,,female name unmatched in MaleCNS; sex specificity unestablished
IN10B013,2,0,0,2,coexpress_high,MaleCNS source dimorphism=male-specific; annotation applies to these cells
IN10B061,0,0,1,0,,female name unmatched in MaleCNS; sex specificity unestablished
IN11A015,0,0,2,0,,female name unmatched in MaleCNS; sex specificity unestablished
IN11A023,0,0,2,0,,female name unmatched in MaleCNS; sex specificity unestablished
IN11A024,0,0,3,0,,female name unmatched in MaleCNS; sex specificity unestablished
IN11A027,0,0,10,0,,female name unmatched in MaleCNS; sex specificity unestablished
IN11A032,0,0,12,0,,female name unmatched in MaleCNS; sex specificity unestablished
IN11A037,0,0,4,0,,female name unmatched in MaleCNS; sex specificity unestablished
IN11B006,0,0,2,0,,female name unmatched in MaleCNS; sex specificity unestablished
IN11B016,0,0,14,0,,female name unmatched in MaleCNS; sex specificity unestablished
IN11B017,0,0,14,0,,female name unmatched in MaleCNS; sex specificity unestablished
IN11B021,0,0,16,0,,female name unmatched in MaleCNS; sex specificity unestablished
IN11B022,0,0,19,0,,female name unmatched in MaleCNS; sex specificity unestablished
IN12A019,0,0,1,0,,female name unmatched in MaleCNS; sex specificity unestablished
IN12A021,0,0,6,0,,female name unmatched in MaleCNS; sex specificity unestablished
IN12A030,5,0,0,1,coexpress_high;fru_high,MaleCNS source dimorphism=male-specific; annotation applies to these cells
IN12A043,0,0,11,0,,female name unmatched in MaleCNS; sex specificity unestablished
IN12A046,0,0,4,0,,female name unmatched in MaleCNS; sex specificity unestablished
IN12A050,0,0,6,0,,female name unmatched in MaleCNS; sex specificity unestablished
IN12A051,0,0,2,0,,female name unmatched in MaleCNS; sex specificity unestablished
IN12A052,0,0,6,0,,female name unmatched in MaleCNS; sex specificity unestablished
IN12A053,0,0,8,0,,female name unmatched in MaleCNS; sex specificity unestablished
IN12A057,0,0,4,0,,female name unmatched in MaleCNS; sex specificity unestablished
IN12A059,0,0,18,0,,female name unmatched in MaleCNS; sex specificity unestablished
IN12A060,0,0,4,0,,female name unmatched in MaleCNS; sex specificity unestablished
IN12A061,0,0,12,0,,female name unmatched in MaleCNS; sex specificity unestablished
IN12A063,0,0,18,0,,female name unmatched in MaleCNS; sex specificity unestablished
IN12B024,0,0,17,0,,female name unmatched in MaleCNS; sex specificity unestablished
IN12B037,0,0,15,0,,female name unmatched in MaleCNS; sex specificity unestablished
IN12B044,0,0,13,0,,female name unmatched in MaleCNS; sex specificity unestablished
IN12B063,0,0,11,0,,female name unmatched in MaleCNS; sex specificity unestablished
IN12B066,0,0,12,0,,female name unmatched in MaleCNS; sex specificity unestablished
IN12B068,0,0,10,0,,female name unmatched in MaleCNS; sex specificity unestablished
IN12B079,0,0,12,0,,female name unmatched in MaleCNS; sex specificity unestablished
IN13B047,0,0,1,0,,female name unmatched in MaleCNS; sex specificity unestablished
IN13B095,0,0,1,0,,female name unmatched in MaleCNS; sex specificity unestablished
IN13B096,0,0,5,0,,female name unmatched in MaleCNS; sex specificity unestablished
IN14A006,6,0,6,2,coexpress_high,MaleCNS source dimorphism=male-specific; annotation applies to these cells
IN14A042,0,0,6,0,,female name unmatched in MaleCNS; sex specificity unestablished
IN14A048,0,0,3,0,,female name unmatched in MaleCNS; sex specificity unestablished
IN14A060,0,0,2,0,,female name unmatched in MaleCNS; sex specificity unestablished
IN14A067,0,0,3,0,,female name unmatched in MaleCNS; sex specificity unestablished
IN14A071,0,0,1,0,,female name unmatched in MaleCNS; sex specificity unestablished
IN14A083,0,0,2,0,,female name unmatched in MaleCNS; sex specificity unestablished
IN14A085,0,0,4,0,,female name unmatched in MaleCNS; sex specificity unestablished
IN14A092,0,0,2,0,,female name unmatched in MaleCNS; sex specificity unestablished
IN14A094,0,0,1,0,,female name unmatched in MaleCNS; sex specificity unestablished
IN14A100,0,0,5,0,,female name unmatched in MaleCNS; sex specificity unestablished
IN14A112,0,0,2,0,,female name unmatched in MaleCNS; sex specificity unestablished
IN14A113,0,0,2,0,,female name unmatched in MaleCNS; sex specificity unestablished
IN14A121,0,0,3,0,,female name unmatched in MaleCNS; sex specificity unestablished
IN14B013,0,0,2,0,,female name unmatched in MaleCNS; sex specificity unestablished
IN16B067,0,0,2,0,,female name unmatched in MaleCNS; sex specificity unestablished
IN16B068,0,0,6,0,,female name unmatched in MaleCNS; sex specificity unestablished
IN16B088,0,0,2,0,,female name unmatched in MaleCNS; sex specificity unestablished
IN16B100,0,0,9,0,,female name unmatched in MaleCNS; sex specificity unestablished
IN16B102,0,0,2,0,,female name unmatched in MaleCNS; sex specificity unestablished
IN16B103,0,0,2,0,,female name unmatched in MaleCNS; sex specificity unestablished
IN16B109,0,0,2,0,,female name unmatched in MaleCNS; sex specificity unestablished
IN16B110,0,0,3,0,,female name unmatched in MaleCNS; sex specificity unestablished
IN17A043,0,0,3,0,,female name unmatched in MaleCNS; sex specificity unestablished
IN17A046,0,0,2,0,,female name unmatched in MaleCNS; sex specificity unestablished
IN17A059,0,0,1,0,,female name unmatched in MaleCNS; sex specificity unestablished
IN17A063,0,0,2,0,,female name unmatched in MaleCNS; sex specificity unestablished
IN17A069,0,0,2,0,,female name unmatched in MaleCNS; sex specificity unestablished
IN17A071,0,0,3,0,,female name unmatched in MaleCNS; sex specificity unestablished
IN17A080,0,0,2,0,,female name unmatched in MaleCNS; sex specificity unestablished
IN17A081,0,0,2,0,,female name unmatched in MaleCNS; sex specificity unestablished
IN17A082,0,0,2,0,,female name unmatched in MaleCNS; sex specificity unestablished
IN17A083,0,0,2,0,,female name unmatched in MaleCNS; sex specificity unestablished
IN17A086,0,0,1,0,,female name unmatched in MaleCNS; sex specificity unestablished
IN17A088,0,0,2,0,,female name unmatched in MaleCNS; sex specificity unestablished
IN17A089,0,0,2,0,,female name unmatched in MaleCNS; sex specificity unestablished
IN17A106,0,0,3,0,,female name unmatched in MaleCNS; sex specificity unestablished
IN17A117,0,0,1,0,,female name unmatched in MaleCNS; sex specificity unestablished
IN17A120,0,0,3,0,,female name unmatched in MaleCNS; sex specificity unestablished
IN18B045,0,0,7,0,,female name unmatched in MaleCNS; sex specificity unestablished
IN19A050,0,0,2,0,,female name unmatched in MaleCNS; sex specificity unestablished
IN19A051,0,0,2,0,,female name unmatched in MaleCNS; sex specificity unestablished
IN19A053,0,0,1,0,,female name unmatched in MaleCNS; sex specificity unestablished
IN19A055,0,0,2,0,,female name unmatched in MaleCNS; sex specificity unestablished
IN19A058,0,0,2,0,,female name unmatched in MaleCNS; sex specificity unestablished
IN19A062,0,0,3,0,,female name unmatched in MaleCNS; sex specificity unestablished
IN19A063,0,0,1,0,,female name unmatched in MaleCNS; sex specificity unestablished
IN19A068,0,0,2,0,,female name unmatched in MaleCNS; sex specificity unestablished
IN19A069,0,0,9,0,,female name unmatched in MaleCNS; sex specificity unestablished
IN19A077,0,0,1,0,,female name unmatched in MaleCNS; sex specificity unestablished
IN19A081,0,0,7,0,,female name unmatched in MaleCNS; sex specificity unestablished
IN19A088,0,0,18,0,,female name unmatched in MaleCNS; sex specificity unestablished
IN19A089,0,0,1,0,,female name unmatched in MaleCNS; sex specificity unestablished
IN19A092,0,0,1,0,,female name unmatched in MaleCNS; sex specificity unestablished
IN19A095,0,0,3,0,,female name unmatched in MaleCNS; sex specificity unestablished
IN19A107,0,0,5,0,,female name unmatched in MaleCNS; sex specificity unestablished
IN19A109,0,0,6,0,,female name unmatched in MaleCNS; sex specificity unestablished
IN19A116,0,0,2,0,,female name unmatched in MaleCNS; sex specificity unestablished
IN19A119,0,0,1,0,,female name unmatched in MaleCNS; sex specificity unestablished
IN19A122,0,0,8,0,,female name unmatched in MaleCNS; sex specificity unestablished
IN19A125,0,0,1,0,,female name unmatched in MaleCNS; sex specificity unestablished
IN19A127,0,0,2,0,,female name unmatched in MaleCNS; sex specificity unestablished
IN19A130,0,0,1,0,,female name unmatched in MaleCNS; sex specificity unestablished
IN19A132,0,0,2,0,,female name unmatched in MaleCNS; sex specificity unestablished
IN19A136,0,0,1,0,,female name unmatched in MaleCNS; sex specificity unestablished
IN19B052,0,0,2,0,,female name unmatched in MaleCNS; sex specificity unestablished
IN19B096,0,0,2,0,,female name unmatched in MaleCNS; sex specificity unestablished
IN20A.22A025,0,0,5,0,,female name unmatched in MaleCNS; sex specificity unestablished
IN20A.22A032,0,0,2,0,,female name unmatched in MaleCNS; sex specificity unestablished
IN20A.22A061,0,0,10,0,,female name unmatched in MaleCNS; sex specificity unestablished
IN20A.22A068,0,0,4,0,,female name unmatched in MaleCNS; sex specificity unestablished
IN20A.22A072,0,0,1,0,,female name unmatched in MaleCNS; sex specificity unestablished
IN20A.22A080,0,0,5,0,,female name unmatched in MaleCNS; sex specificity unestablished
IN21A023,0,0,6,0,,female name unmatched in MaleCNS; sex specificity unestablished
IN21A024,0,0,5,0,,female name unmatched in MaleCNS; sex specificity unestablished
IN21A025,0,0,1,0,,female name unmatched in MaleCNS; sex specificity unestablished
IN21A029,0,0,2,0,,female name unmatched in MaleCNS; sex specificity unestablished
IN21A030,0,0,2,0,,female name unmatched in MaleCNS; sex specificity unestablished
IN21A045,0,0,2,0,,female name unmatched in MaleCNS; sex specificity unestablished
IN21A046,0,0,2,0,,female name unmatched in MaleCNS; sex specificity unestablished
IN21A047,0,0,14,0,,female name unmatched in MaleCNS; sex specificity unestablished
IN21A053,0,0,2,0,,female name unmatched in MaleCNS; sex specificity unestablished
IN21A067,0,0,2,0,,female name unmatched in MaleCNS; sex specificity unestablished
IN21A068,0,0,1,0,,female name unmatched in MaleCNS; sex specificity unestablished
IN21A069,0,0,1,0,,female name unmatched in MaleCNS; sex specificity unestablished
IN21A089,0,0,2,0,,female name unmatched in MaleCNS; sex specificity unestablished
IN21A091,0,0,1,0,,female name unmatched in MaleCNS; sex specificity unestablished
IN21A092,0,0,3,0,,female name unmatched in MaleCNS; sex specificity unestablished
IN21A101,0,0,1,0,,female name unmatched in MaleCNS; sex specificity unestablished
IN21A104,0,0,1,0,,female name unmatched in MaleCNS; sex specificity unestablished
IN21A105,0,0,1,0,,female name unmatched in MaleCNS; sex specificity unestablished
IN23B052,0,0,1,0,,female name unmatched in MaleCNS; sex specificity unestablished
IN23B067,0,0,11,0,,female name unmatched in MaleCNS; sex specificity unestablished
IN23B069,0,0,2,0,,female name unmatched in MaleCNS; sex specificity unestablished
IN23B077,0,0,3,0,,female name unmatched in MaleCNS; sex specificity unestablished
INAbG005,0,0,2,0,,female name unmatched in MaleCNS; sex specificity unestablished
INXXX064,0,0,2,0,,female name unmatched in MaleCNS; sex specificity unestablished
INXXX078,0,0,4,0,,female name unmatched in MaleCNS; sex specificity unestablished
INXXX110,4,0,0,4,dsx_high,MaleCNS source dimorphism=male-specific; annotation applies to these cells
INXXX112,0,0,2,0,,female name unmatched in MaleCNS; sex specificity unestablished
INXXX211,0,0,5,0,,female name unmatched in MaleCNS; sex specificity unestablished
INXXX217,10,0,11,2,dsx_high,MaleCNS source dimorphism=male-specific; annotation applies to these cells
INXXX233,0,0,3,0,,female name unmatched in MaleCNS; sex specificity unestablished
INXXX234,0,0,2,0,,female name unmatched in MaleCNS; sex specificity unestablished
INXXX266,0,0,2,0,,female name unmatched in MaleCNS; sex specificity unestablished
INXXX305,0,0,1,0,,female name unmatched in MaleCNS; sex specificity unestablished
INXXX325,0,0,2,0,,female name unmatched in MaleCNS; sex specificity unestablished
INXXX375,0,0,1,0,,female name unmatched in MaleCNS; sex specificity unestablished
INXXX382,0,0,9,0,,female name unmatched in MaleCNS; sex specificity unestablished
INXXX384,0,0,4,0,,female name unmatched in MaleCNS; sex specificity unestablished
INXXX408,0,0,2,0,,female name unmatched in MaleCNS; sex specificity unestablished
INXXX447,0,0,2,0,,female name unmatched in MaleCNS; sex specificity unestablished
INXXX449,0,0,2,0,,female name unmatched in MaleCNS; sex specificity unestablished
INXXX455,0,0,2,0,,female name unmatched in MaleCNS; sex specificity unestablished
INXXX458,0,0,3,0,,female name unmatched in MaleCNS; sex specificity unestablished
INXXX459,0,0,3,0,,female name unmatched in MaleCNS; sex specificity unestablished
INXXX467,0,0,2,0,,female name unmatched in MaleCNS; sex specificity unestablished
INXXX469,0,0,2,0,,female name unmatched in MaleCNS; sex specificity unestablished
INXXX807_f,0,0,2,0,,female name unmatched in MaleCNS; sex specificity unestablished
INXXX808_f,0,0,2,0,,female name unmatched in MaleCNS; sex specificity unestablished
INXXX809_f,0,0,2,0,,female name unmatched in MaleCNS; sex specificity unestablished
INXXX810_f,0,0,2,0,,female name unmatched in MaleCNS; sex specificity unestablished
INXXX811_f,0,0,2,0,,female name unmatched in MaleCNS; sex specificity unestablished
INXXX812_f,0,0,2,0,,female name unmatched in MaleCNS; sex specificity unestablished
INXXX813_f,0,0,2,0,,female name unmatched in MaleCNS; sex specificity unestablished
INXXX814_f,0,0,2,0,,female name unmatched in MaleCNS; sex specificity unestablished
INXXX815_f,0,0,2,0,,female name unmatched in MaleCNS; sex specificity unestablished
INXXX816_f,0,0,3,0,,female name unmatched in MaleCNS; sex specificity unestablished
INXXX817_f,0,0,2,0,,female name unmatched in MaleCNS; sex specificity unestablished
INXXX818_f,0,0,3,0,,female name unmatched in MaleCNS; sex specificity unestablished
INXXX819_f,0,0,2,0,,female name unmatched in MaleCNS; sex specificity unestablished
INXXX820_f,0,0,2,0,,female name unmatched in MaleCNS; sex specificity unestablished
INXXX821_f,0,0,2,0,,female name unmatched in MaleCNS; sex specificity unestablished
INXXX822_f,0,0,4,0,,female name unmatched in MaleCNS; sex specificity unestablished
INXXX823_f,0,0,2,0,,female name unmatched in MaleCNS; sex specificity unestablished
INXXX824_f,0,0,2,0,,female name unmatched in MaleCNS; sex specificity unestablished
INXXX825_f,0,0,2,0,,female name unmatched in MaleCNS; sex specificity unestablished
INXXX826_f,0,0,2,0,,female name unmatched in MaleCNS; sex specificity unestablished
INXXX827_f,0,0,2,0,,female name unmatched in MaleCNS; sex specificity unestablished
INXXX828_f,0,0,2,0,,female name unmatched in MaleCNS; sex specificity unestablished
INXXX829_f,0,0,2,0,,female name unmatched in MaleCNS; sex specificity unestablished
INXXX830_f,0,0,2,0,,female name unmatched in MaleCNS; sex specificity unestablished
INXXX831_f,0,0,2,0,,female name unmatched in MaleCNS; sex specificity unestablished
INXXX832_f,0,0,2,0,,female name unmatched in MaleCNS; sex specificity unestablished
INXXX833_f,0,0,2,0,,female name unmatched in MaleCNS; sex specificity unestablished
INXXX834_f,0,0,2,0,,female name unmatched in MaleCNS; sex specificity unestablished
INXXX835_f,0,0,2,0,,female name unmatched in MaleCNS; sex specificity unestablished
INXXX836_f,0,0,2,0,,female name unmatched in MaleCNS; sex specificity unestablished
INXXX837_f,0,0,2,0,,female name unmatched in MaleCNS; sex specificity unestablished
INXXX838_f,0,0,2,0,,female name unmatched in MaleCNS; sex specificity unestablished
INXXX839_f,0,0,2,0,,female name unmatched in MaleCNS; sex specificity unestablished
INXXX840_f,0,0,3,0,,female name unmatched in MaleCNS; sex specificity unestablished
INXXX841_f,0,0,2,0,,female name unmatched in MaleCNS; sex specificity unestablished
INXXX842_f,0,0,3,0,,female name unmatched in MaleCNS; sex specificity unestablished
INXXX843_f,0,0,2,0,,female name unmatched in MaleCNS; sex specificity unestablished
INXXX844_f,0,0,2,0,,female name unmatched in MaleCNS; sex specificity unestablished
INXXX845_f,0,0,4,0,,female name unmatched in MaleCNS; sex specificity unestablished
INXXX846_f,0,0,3,0,,female name unmatched in MaleCNS; sex specificity unestablished
INXXX847_f,0,0,2,0,,female name unmatched in MaleCNS; sex specificity unestablished
INXXX848_f,0,0,2,0,,female name unmatched in MaleCNS; sex specificity unestablished
INXXX849_f,0,0,3,0,,female name unmatched in MaleCNS; sex specificity unestablished
INXXX850_f,0,0,2,0,,female name unmatched in MaleCNS; sex specificity unestablished
INXXX851_f,0,0,2,0,,female name unmatched in MaleCNS; sex specificity unestablished
INXXX852_f,0,0,2,0,,female name unmatched in MaleCNS; sex specificity unestablished
INXXX853_f,0,0,2,0,,female name unmatched in MaleCNS; sex specificity unestablished
INXXX854_f,0,0,2,0,,female name unmatched in MaleCNS; sex specificity unestablished
INXXX855_f,0,0,2,0,,female name unmatched in MaleCNS; sex specificity unestablished
INXXX856_f,0,0,2,0,,female name unmatched in MaleCNS; sex specificity unestablished
INXXX857_f,0,0,2,0,,female name unmatched in MaleCNS; sex specificity unestablished
INXXX858_f,0,0,2,0,,female name unmatched in MaleCNS; sex specificity unestablished
INXXX859_f,0,0,2,0,,female name unmatched in MaleCNS; sex specificity unestablished
INXXX860_f,0,0,2,0,,female name unmatched in MaleCNS; sex specificity unestablished
INXXX861_f,0,0,2,0,,female name unmatched in MaleCNS; sex specificity unestablished
INXXX862_f,0,0,2,0,,female name unmatched in MaleCNS; sex specificity unestablished
INXXX863_f,0,0,2,0,,female name unmatched in MaleCNS; sex specificity unestablished
INXXX864_f,0,0,2,0,,female name unmatched in MaleCNS; sex specificity unestablished
INXXX865_f,0,0,2,0,,female name unmatched in MaleCNS; sex specificity unestablished
INXXX866_f,0,0,2,0,,female name unmatched in MaleCNS; sex specificity unestablished
INXXX867_f,0,0,3,0,,female name unmatched in MaleCNS; sex specificity unestablished
INXXX868_f,0,0,2,0,,female name unmatched in MaleCNS; sex specificity unestablished
INXXX869_f,0,0,2,0,,female name unmatched in MaleCNS; sex specificity unestablished
INXXX870_f,0,0,2,0,,female name unmatched in MaleCNS; sex specificity unestablished
INXXX871_f,0,0,2,0,,female name unmatched in MaleCNS; sex specificity unestablished
INXXX872_f,0,0,2,0,,female name unmatched in MaleCNS; sex specificity unestablished
INXXX873_f,0,0,3,0,,female name unmatched in MaleCNS; sex specificity unestablished
INXXX874_f,0,0,2,0,,female name unmatched in MaleCNS; sex specificity unestablished
INXXX875_f,0,0,2,0,,female name unmatched in MaleCNS; sex specificity unestablished
INXXX876_f,0,0,2,0,,female name unmatched in MaleCNS; sex specificity unestablished
INXXX877_f,0,0,2,0,,female name unmatched in MaleCNS; sex specificity unestablished
INXXX878_f,0,0,2,0,,female name unmatched in MaleCNS; sex specificity unestablished
INXXX879_f,0,0,2,0,,female name unmatched in MaleCNS; sex specificity unestablished
INXXX880_f,0,0,2,0,,female name unmatched in MaleCNS; sex specificity unestablished
INXXX881_f,0,0,2,0,,female name unmatched in MaleCNS; sex specificity unestablished
INXXX882_f,0,0,4,0,,female name unmatched in MaleCNS; sex specificity unestablished
INXXX883_f,0,0,5,0,,female name unmatched in MaleCNS; sex specificity unestablished
INXXX884_f,0,0,2,0,,female name unmatched in MaleCNS; sex specificity unestablished
INXXX885_f,0,0,2,0,,female name unmatched in MaleCNS; sex specificity unestablished
INXXX886_f,0,0,2,0,,female name unmatched in MaleCNS; sex specificity unestablished
INXXX887_f,0,0,3,0,,female name unmatched in MaleCNS; sex specificity unestablished
INXXX888_f,0,0,2,0,,female name unmatched in MaleCNS; sex specificity unestablished
INXXX889_f,0,0,2,0,,female name unmatched in MaleCNS; sex specificity unestablished
INXXX890_f,0,0,2,0,,female name unmatched in MaleCNS; sex specificity unestablished
INXXX891_f,0,0,2,0,,female name unmatched in MaleCNS; sex specificity unestablished
INXXX892_f,0,0,2,0,,female name unmatched in MaleCNS; sex specificity unestablished
INXXX893_f,0,0,2,0,,female name unmatched in MaleCNS; sex specificity unestablished
INXXX894_f,0,0,2,0,,female name unmatched in MaleCNS; sex specificity unestablished
INXXX895_f,0,0,2,0,,female name unmatched in MaleCNS; sex specificity unestablished
INXXX896_f,0,0,3,0,,female name unmatched in MaleCNS; sex specificity unestablished
INXXX897_f,0,0,2,0,,female name unmatched in MaleCNS; sex specificity unestablished
INXXX898_f,0,0,2,0,,female name unmatched in MaleCNS; sex specificity unestablished
INXXX899_f,0,0,2,0,,female name unmatched in MaleCNS; sex specificity unestablished
INXXX900_f,0,0,2,0,,female name unmatched in MaleCNS; sex specificity unestablished
INXXX901_f,0,0,2,0,,female name unmatched in MaleCNS; sex specificity unestablished
INXXX902_f,0,0,2,0,,female name unmatched in MaleCNS; sex specificity unestablished
INXXX903_f,0,0,2,0,,female name unmatched in MaleCNS; sex specificity unestablished
INXXX904_f,0,0,3,0,,female name unmatched in MaleCNS; sex specificity unestablished
INXXX905_f,0,0,2,0,,female name unmatched in MaleCNS; sex specificity unestablished
INXXX906_f,0,0,3,0,,female name unmatched in MaleCNS; sex specificity unestablished
INXXX907_f,0,0,2,0,,female name unmatched in MaleCNS; sex specificity unestablished
INXXX908_f,0,0,2,0,,female name unmatched in MaleCNS; sex specificity unestablished
INXXX909_f,0,0,2,0,,female name unmatched in MaleCNS; sex specificity unestablished
INXXX910_f,0,0,2,0,,female name unmatched in MaleCNS; sex specificity unestablished
INXXX911_f,0,0,2,0,,female name unmatched in MaleCNS; sex specificity unestablished
INXXX912_f,0,0,2,0,,female name unmatched in MaleCNS; sex specificity unestablished
INXXX913_f,0,0,2,0,,female name unmatched in MaleCNS; sex specificity unestablished
INXXX914_f,0,0,2,0,,female name unmatched in MaleCNS; sex specificity unestablished
INXXX915_f,0,0,2,0,,female name unmatched in MaleCNS; sex specificity unestablished
INXXX916_f,0,0,2,0,,female name unmatched in MaleCNS; sex specificity unestablished
INXXX917_f,0,0,5,0,,female name unmatched in MaleCNS; sex specificity unestablished
INXXX918_f,0,0,2,0,,female name unmatched in MaleCNS; sex specificity unestablished
INXXX919_f,0,0,2,0,,female name unmatched in MaleCNS; sex specificity unestablished
INXXX920_f,0,0,2,0,,female name unmatched in MaleCNS; sex specificity unestablished
INXXX921_f,0,0,2,0,,female name unmatched in MaleCNS; sex specificity unestablished
INXXX922_f,0,0,2,0,,female name unmatched in MaleCNS; sex specificity unestablished
INXXX923_f,0,0,2,0,,female name unmatched in MaleCNS; sex specificity unestablished
INXXX924_f,0,0,2,0,,female name unmatched in MaleCNS; sex specificity unestablished
INXXX925_f,0,0,2,0,,female name unmatched in MaleCNS; sex specificity unestablished
INXXX926_f,0,0,2,0,,female name unmatched in MaleCNS; sex specificity unestablished
INXXX927_f,0,0,2,0,,female name unmatched in MaleCNS; sex specificity unestablished
INXXX928_f,0,0,2,0,,female name unmatched in MaleCNS; sex specificity unestablished
INXXX929_f,0,0,2,0,,female name unmatched in MaleCNS; sex specificity unestablished
INXXX930_f,0,0,2,0,,female name unmatched in MaleCNS; sex specificity unestablished
INXXX931_f,0,0,2,0,,female name unmatched in MaleCNS; sex specificity unestablished
INXXX932_f,0,0,2,0,,female name unmatched in MaleCNS; sex specificity unestablished
INXXX933_f,0,0,2,0,,female name unmatched in MaleCNS; sex specificity unestablished
INXXX934_f,0,0,2,0,,female name unmatched in MaleCNS; sex specificity unestablished
INXXX935_f,0,0,2,0,,female name unmatched in MaleCNS; sex specificity unestablished
INXXX936_f,0,0,2,0,,female name unmatched in MaleCNS; sex specificity unestablished
INXXX937_f,0,0,2,0,,female name unmatched in MaleCNS; sex specificity unestablished
INXXX938_f,0,0,2,0,,female name unmatched in MaleCNS; sex specificity unestablished
INXXX939_f,0,0,2,0,,female name unmatched in MaleCNS; sex specificity unestablished
INXXX940_f,0,0,2,0,,female name unmatched in MaleCNS; sex specificity unestablished
INXXX941_f,0,0,2,0,,female name unmatched in MaleCNS; sex specificity unestablished
INXXX942_f,0,0,2,0,,female name unmatched in MaleCNS; sex specificity unestablished
INXXX943_f,0,0,2,0,,female name unmatched in MaleCNS; sex specificity unestablished
INXXX944_f,0,0,2,0,,female name unmatched in MaleCNS; sex specificity unestablished
INXXX945_f,0,0,2,0,,female name unmatched in MaleCNS; sex specificity unestablished
INXXX946_f,0,0,2,0,,female name unmatched in MaleCNS; sex specificity unestablished
INXXX947_f,0,0,2,0,,female name unmatched in MaleCNS; sex specificity unestablished
INXXX948_f,0,0,2,0,,female name unmatched in MaleCNS; sex specificity unestablished
INXXX949_f,0,0,2,0,,female name unmatched in MaleCNS; sex specificity unestablished
INXXX950_f,0,0,2,0,,female name unmatched in MaleCNS; sex specificity unestablished
INXXX951_f,0,0,2,0,,female name unmatched in MaleCNS; sex specificity unestablished
INXXX952_f,0,0,2,0,,female name unmatched in MaleCNS; sex specificity unestablished
INXXX953_f,0,0,2,0,,female name unmatched in MaleCNS; sex specificity unestablished
INXXX954_f,0,0,2,0,,female name unmatched in MaleCNS; sex specificity unestablished
INXXX955_f,0,0,2,0,,female name unmatched in MaleCNS; sex specificity unestablished
INXXX956_f,0,0,2,0,,female name unmatched in MaleCNS; sex specificity unestablished
INXXX957_f,0,0,2,0,,female name unmatched in MaleCNS; sex specificity unestablished
INXXX958_f,0,0,2,0,,female name unmatched in MaleCNS; sex specificity unestablished
INXXX959_f,0,0,2,0,,female name unmatched in MaleCNS; sex specificity unestablished
INXXX960_f,0,0,2,0,,female name unmatched in MaleCNS; sex specificity unestablished
INXXX961_f,0,0,2,0,,female name unmatched in MaleCNS; sex specificity unestablished
INXXX962_f,0,0,2,0,,female name unmatched in MaleCNS; sex specificity unestablished
INXXX963_f,0,0,2,0,,female name unmatched in MaleCNS; sex specificity unestablished
INXXX964_f,0,0,2,0,,female name unmatched in MaleCNS; sex specificity unestablished
INXXX965_f,0,0,2,0,,female name unmatched in MaleCNS; sex specificity unestablished
INXXX966_f,0,0,3,0,,female name unmatched in MaleCNS; sex specificity unestablished
INXXX967_f,0,0,2,0,,female name unmatched in MaleCNS; sex specificity unestablished
INXXX968_f,0,0,2,0,,female name unmatched in MaleCNS; sex specificity unestablished
INXXX969_f,0,0,2,0,,female name unmatched in MaleCNS; sex specificity unestablished
INXXX970_f,0,0,2,0,,female name unmatched in MaleCNS; sex specificity unestablished
INXXX971_f,0,0,2,0,,female name unmatched in MaleCNS; sex specificity unestablished
INXXX972_f,0,0,2,0,,female name unmatched in MaleCNS; sex specificity unestablished
INXXX973_f,0,0,2,0,,female name unmatched in MaleCNS; sex specificity unestablished
INXXX974_f,0,0,2,0,,female name unmatched in MaleCNS; sex specificity unestablished
INXXX975_f,0,0,2,0,,female name unmatched in MaleCNS; sex specificity unestablished
INXXX976_f,0,0,2,0,,female name unmatched in MaleCNS; sex specificity unestablished
INXXX977_f,0,0,2,0,,female name unmatched in MaleCNS; sex specificity unestablished
INXXX978_f,0,0,2,0,,female name unmatched in MaleCNS; sex specificity unestablished
INXXX979_f,0,0,2,0,,female name unmatched in MaleCNS; sex specificity unestablished
INXXX980_f,0,0,2,0,,female name unmatched in MaleCNS; sex specificity unestablished
INXXX981_f,0,0,2,0,,female name unmatched in MaleCNS; sex specificity unestablished
INXXX982_f,0,0,2,0,,female name unmatched in MaleCNS; sex specificity unestablished
INXXX983_f,0,0,2,0,,female name unmatched in MaleCNS; sex specificity unestablished
INXXX984_f,0,0,2,0,,female name unmatched in MaleCNS; sex specificity unestablished
INXXX985_f,0,0,4,0,,female name unmatched in MaleCNS; sex specificity unestablished
INXXX986_f,0,0,2,0,,female name unmatched in MaleCNS; sex specificity unestablished
INXXX987_f,0,0,2,0,,female name unmatched in MaleCNS; sex specificity unestablished
INXXX988_f,0,0,2,0,,female name unmatched in MaleCNS; sex specificity unestablished
INXXX989_f,0,0,2,0,,female name unmatched in MaleCNS; sex specificity unestablished
INXXX990_f,0,0,2,0,,female name unmatched in MaleCNS; sex specificity unestablished
INXXX991_f,0,0,2,0,,female name unmatched in MaleCNS; sex specificity unestablished
INXXX992_f,0,0,4,0,,female name unmatched in MaleCNS; sex specificity unestablished
INXXX993_f,0,0,2,0,,female name unmatched in MaleCNS; sex specificity unestablished
INXXX994_f,0,0,2,0,,female name unmatched in MaleCNS; sex specificity unestablished
INXXX995_f,0,0,2,0,,female name unmatched in MaleCNS; sex specificity unestablished
INXXX996_f,0,0,2,0,,female name unmatched in MaleCNS; sex specificity unestablished
INXXX997_f,0,0,2,0,,female name unmatched in MaleCNS; sex specificity unestablished
INXXX998_f,0,0,2,0,,female name unmatched in MaleCNS; sex specificity unestablished
INXXX999_f,0,0,3,0,,female name unmatched in MaleCNS; sex specificity unestablished
JO,0,0,7,0,,female name unmatched in MaleCNS; sex specificity unestablished
JO-C,0,26,50,0,,female name unmatched in MaleCNS; sex specificity unestablished
JO-CA,0,17,1,0,,female name unmatched in MaleCNS; sex specificity unestablished
JO-D,0,28,12,0,,female name unmatched in MaleCNS; sex specificity unestablished
JO-E,0,196,364,0,,female name unmatched in MaleCNS; sex specificity unestablished
JO-EDC,0,13,2,0,,female name unmatched in MaleCNS; sex specificity unestablished
JO-EDM,0,40,8,0,,female name unmatched in MaleCNS; sex specificity unestablished
JO-EDP,0,12,5,0,,female name unmatched in MaleCNS; sex specificity unestablished
JO-EV,0,23,2,0,,female name unmatched in MaleCNS; sex specificity unestablished
JO-EVL,0,27,10,0,,female name unmatched in MaleCNS; sex specificity unestablished
JO-EVM,0,44,18,0,,female name unmatched in MaleCNS; sex specificity unestablished
JO-EVP,0,18,0,0,,female name unmatched in MaleCNS; sex specificity unestablished
JO-F,0,111,184,0,,female name unmatched in MaleCNS; sex specificity unestablished
JO-FDA,0,22,0,0,,female name unmatched in MaleCNS; sex specificity unestablished
JO-FDL,0,4,0,0,,female name unmatched in MaleCNS; sex specificity unestablished
JO-FDP,0,6,0,0,,female name unmatched in MaleCNS; sex specificity unestablished
JO-FVA,0,58,7,0,,female name unmatched in MaleCNS; sex specificity unestablished
JO-FVL,0,4,0,0,,female name unmatched in MaleCNS; sex specificity unestablished
KCab,0,1643,1810,0,,female name unmatched in MaleCNS; sex specificity unestablished
KCab-ap1,0,1,3,0,,female name unmatched in MaleCNS; sex specificity unestablished
KCab-ap2,0,0,4,0,,female name unmatched in MaleCNS; sex specificity unestablished
LAL026,0,4,4,0,,female name unmatched in MaleCNS; sex specificity unestablished
LAL043a,0,5,6,0,,female name unmatched in MaleCNS; sex specificity unestablished
LAL043c,0,5,4,0,,female name unmatched in MaleCNS; sex specificity unestablished
LAL091,0,6,7,0,,female name unmatched in MaleCNS; sex specificity unestablished
LAL103,0,4,4,0,,female name unmatched in MaleCNS; sex specificity unestablished
LAL117a,0,2,1,0,,female name unmatched in MaleCNS; sex specificity unestablished
LAL117b,0,2,3,0,,female name unmatched in MaleCNS; sex specificity unestablished
LAL120a,0,2,2,0,,female name unmatched in MaleCNS; sex specificity unestablished
LAL120b,0,2,2,0,,female name unmatched in MaleCNS; sex specificity unestablished
LAL133a,0,5,4,0,,female name unmatched in MaleCNS; sex specificity unestablished
LAL133b,0,6,9,0,,female name unmatched in MaleCNS; sex specificity unestablished
LAL144a,0,2,4,0,,female name unmatched in MaleCNS; sex specificity unestablished
LAL147a,0,2,2,0,,female name unmatched in MaleCNS; sex specificity unestablished
LAL147b,0,4,5,0,,female name unmatched in MaleCNS; sex specificity unestablished
LAL179b,0,2,0,0,,female name unmatched in MaleCNS; sex specificity unestablished
LAL188,0,8,10,0,,female name unmatched in MaleCNS; sex specificity unestablished
LAL300m,4,0,0,4,dsx_high,MaleCNS source dimorphism=male-specific; annotation applies to these cells
LAL301m,4,0,0,4,dsx_high,MaleCNS source dimorphism=male-specific; annotation applies to these cells
LAL302m,8,0,0,8,dsx_high,MaleCNS source dimorphism=male-specific; annotation applies to these cells
LAL303m,5,0,0,5,dsx_high,MaleCNS source dimorphism=male-specific; annotation applies to these cells
LAL304m,5,0,0,5,fru_high,MaleCNS source dimorphism=male-specific; annotation applies to these cells
LB23_L_3,0,0,1,0,,female name unmatched in MaleCNS; sex specificity unestablished
LB2a-b,0,8,0,0,,female name unmatched in MaleCNS; sex specificity unestablished
LC10,0,0,10,0,,female name unmatched in MaleCNS; sex specificity unestablished
LC10c,0,203,175,0,,female name unmatched in MaleCNS; sex specificity unestablished
LC14,0,0,20,0,,female name unmatched in MaleCNS; sex specificity unestablished
LC20,0,0,12,0,,female name unmatched in MaleCNS; sex specificity unestablished
LC28b,0,0,19,0,,female name unmatched in MaleCNS; sex specificity unestablished
LC31,0,0,1,0,,female name unmatched in MaleCNS; sex specificity unestablished
LC31c,0,2,2,0,,female name unmatched in MaleCNS; sex specificity unestablished
LC33b,0,0,1,0,,female name unmatched in MaleCNS; sex specificity unestablished
LC35,0,8,8,0,,female name unmatched in MaleCNS; sex specificity unestablished
LC39,0,8,8,0,,female name unmatched in MaleCNS; sex specificity unestablished
LC45,0,24,16,0,,female name unmatched in MaleCNS; sex specificity unestablished
LC46a,0,0,1,0,,female name unmatched in MaleCNS; sex specificity unestablished
LH001m,4,0,0,4,fru_high,MaleCNS source dimorphism=male-specific; annotation applies to these cells
LH002m,9,0,0,9,fru_high,MaleCNS source dimorphism=male-specific; annotation applies to these cells
LH003m,6,0,0,6,fru_high,MaleCNS source dimorphism=male-specific; annotation applies to these cells
LH004m,6,0,0,6,fru_high,MaleCNS source dimorphism=male-specific; annotation applies to these cells
LH005m,2,0,0,2,,MaleCNS source dimorphism=male-specific; annotation applies to these cells
LH006m,7,0,0,7,fru_high,MaleCNS source dimorphism=male-specific; annotation applies to these cells
LH007m,8,0,0,8,fru_high,MaleCNS source dimorphism=male-specific; annotation applies to these cells
LH008m,11,0,0,11,fru_high,MaleCNS source dimorphism=male-specific; annotation applies to these cells
LHAD1a4a,0,3,0,0,,female name unmatched in MaleCNS; sex specificity unestablished
LHAD1a4b,0,2,2,0,,female name unmatched in MaleCNS; sex specificity unestablished
LHAD1b2_a,0,15,11,0,,female name unmatched in MaleCNS; sex specificity unestablished
LHAD1f3c,0,4,2,0,,female name unmatched in MaleCNS; sex specificity unestablished
LHAV1d2_b,0,0,1,0,,female name unmatched in MaleCNS; sex specificity unestablished
LHAV2b2a,0,10,12,0,,female name unmatched in MaleCNS; sex specificity unestablished
LHAV2i5,0,0,1,0,,female name unmatched in MaleCNS; sex specificity unestablished
LHAV3c1,0,4,4,0,,female name unmatched in MaleCNS; sex specificity unestablished
LHAV4g18,0,0,1,0,,female name unmatched in MaleCNS; sex specificity unestablished
LHAV4h1,0,0,1,0,,female name unmatched in MaleCNS; sex specificity unestablished
LHAV4i2,0,2,1,0,,female name unmatched in MaleCNS; sex specificity unestablished
LHAV6c1a,0,4,0,0,,female name unmatched in MaleCNS; sex specificity unestablished
LHAV6c1b,0,3,0,0,,female name unmatched in MaleCNS; sex specificity unestablished
LHAV7a2,0,1,0,0,,female name unmatched in MaleCNS; sex specificity unestablished
LHPD3b1_a,0,0,1,0,,female name unmatched in MaleCNS; sex specificity unestablished
LHPD4b1b,0,4,2,0,,female name unmatched in MaleCNS; sex specificity unestablished
LHPV2f2,0,8,10,0,,female name unmatched in MaleCNS; sex specificity unestablished
LHPV2i1a,0,2,2,0,,female name unmatched in MaleCNS; sex specificity unestablished
LHPV3a3_c,0,1,0,0,,female name unmatched in MaleCNS; sex specificity unestablished
LHPV5b2_a,0,0,1,0,,female name unmatched in MaleCNS; sex specificity unestablished
LHPV6f2_a,0,0,1,0,,female name unmatched in MaleCNS; sex specificity unestablished
LHPV6f4_b,0,0,1,0,,female name unmatched in MaleCNS; sex specificity unestablished
LHPV6h3,0,1,0,0,,female name unmatched in MaleCNS; sex specificity unestablished
LHPV6r1,0,9,9,0,,female name unmatched in MaleCNS; sex specificity unestablished
LLPC2c,0,0,1,0,,female name unmatched in MaleCNS; sex specificity unestablished
LM102a_L234-M89,0,2,0,0,,female name unmatched in MaleCNS; sex specificity unestablished
LMa4,0,67,39,0,,female name unmatched in MaleCNS; sex specificity unestablished
LNd_CRY+,0,4,0,0,,female name unmatched in MaleCNS; sex specificity unestablished
LNd_CRY+_ITP+,0,2,0,0,,female name unmatched in MaleCNS; sex specificity unestablished
LNd_CRY-,0,6,0,0,,female name unmatched in MaleCNS; sex specificity unestablished
LNd_a,0,0,2,0,,female name unmatched in MaleCNS; sex specificity unestablished
LPN,0,6,0,0,,female name unmatched in MaleCNS; sex specificity unestablished
LT1,0,0,3,0,,female name unmatched in MaleCNS; sex specificity unestablished
LT44a,0,0,1,0,,female name unmatched in MaleCNS; sex specificity unestablished
LT45,0,0,2,0,,female name unmatched in MaleCNS; sex specificity unestablished
LT53,0,8,9,0,,female name unmatched in MaleCNS; sex specificity unestablished
LT57,0,22,20,0,,female name unmatched in MaleCNS; sex specificity unestablished
LT61,0,0,1,0,,female name unmatched in MaleCNS; sex specificity unestablished
LT82,0,6,3,0,,female name unmatched in MaleCNS; sex specificity unestablished
LTe32,0,6,1,0,,female name unmatched in MaleCNS; sex specificity unestablished
LTe42a,0,2,1,0,,female name unmatched in MaleCNS; sex specificity unestablished
LTe42b,0,2,2,0,,female name unmatched in MaleCNS; sex specificity unestablished
LTe42c,0,2,1,0,,female name unmatched in MaleCNS; sex specificity unestablished
LTe43,0,8,8,0,,female name unmatched in MaleCNS; sex specificity unestablished
LTe49a,0,4,5,0,,female name unmatched in MaleCNS; sex specificity unestablished
LTe49b,0,5,1,0,,female name unmatched in MaleCNS; sex specificity unestablished
LTe49c,0,6,1,0,,female name unmatched in MaleCNS; sex specificity unestablished
LTe49d,0,4,5,0,,female name unmatched in MaleCNS; sex specificity unestablished
LTe49e,0,3,2,0,,female name unmatched in MaleCNS; sex specificity unestablished
LTe49f,0,3,1,0,,female name unmatched in MaleCNS; sex specificity unestablished
LTe59b,0,2,2,0,,female name unmatched in MaleCNS; sex specificity unestablished
LTe61,0,2,2,0,,female name unmatched in MaleCNS; sex specificity unestablished
LTe68,0,10,10,0,,female name unmatched in MaleCNS; sex specificity unestablished
Lat,0,7,4,0,,female name unmatched in MaleCNS; sex specificity unestablished
LatB,0,9,0,0,,female name unmatched in MaleCNS; sex specificity unestablished
LgLG3b,0,0,1,0,,female name unmatched in MaleCNS; sex specificity unestablished
Li11,0,62,44,0,,female name unmatched in MaleCNS; sex specificity unestablished
Li124_56,0,2,3,0,,female name unmatched in MaleCNS; sex specificity unestablished
LoVP92,13,0,0,13,fru_high,MaleCNS source dimorphism=male-specific; annotation applies to these cells
MC61,0,0,22,0,,female name unmatched in MaleCNS; sex specificity unestablished
MC62,0,0,9,0,,female name unmatched in MaleCNS; sex specificity unestablished
MC64,0,0,8,0,,female name unmatched in MaleCNS; sex specificity unestablished
MC66,0,0,2,0,,female name unmatched in MaleCNS; sex specificity unestablished
MNabgxxF,0,0,2,0,,female name unmatched in MaleCNS; sex specificity unestablished
MNad04,0,0,4,0,,female name unmatched in MaleCNS; sex specificity unestablished
MNad13,0,0,5,0,,female name unmatched in MaleCNS; sex specificity unestablished
MNad18,0,0,3,0,,female name unmatched in MaleCNS; sex specificity unestablished
MNad38,0,0,1,0,,female name unmatched in MaleCNS; sex specificity unestablished
MNad48,0,0,1,0,,female name unmatched in MaleCNS; sex specificity unestablished
MNad52,0,0,1,0,,female name unmatched in MaleCNS; sex specificity unestablished
MNad58,0,0,3,0,,female name unmatched in MaleCNS; sex specificity unestablished
MTe01b,0,52,48,0,,female name unmatched in MaleCNS; sex specificity unestablished
MTe04,0,30,20,0,,female name unmatched in MaleCNS; sex specificity unestablished
MTe10,0,8,10,0,,female name unmatched in MaleCNS; sex specificity unestablished
MTe17,0,4,4,0,,female name unmatched in MaleCNS; sex specificity unestablished
M_adPNm6,0,2,2,0,,female name unmatched in MaleCNS; sex specificity unestablished
M_ilPN8t91,0,2,0,0,,female name unmatched in MaleCNS; sex specificity unestablished
M_lv2PN9t49a,0,2,2,0,,female name unmatched in MaleCNS; sex specificity unestablished
M_lv2PN9t49b,0,2,2,0,,female name unmatched in MaleCNS; sex specificity unestablished
M_vPNml64,0,2,2,0,,female name unmatched in MaleCNS; sex specificity unestablished
MeTu4_unknown,0,1,0,0,,female name unmatched in MaleCNS; sex specificity unestablished
Mi1_DRA,0,0,7,0,,female name unmatched in MaleCNS; sex specificity unestablished
Mi20,2,0,0,2,,MaleCNS source dimorphism=male-specific; annotation applies to these cells
OCG08,0,0,1,0,,female name unmatched in MaleCNS; sex specificity unestablished
OCI,0,0,11,0,,female name unmatched in MaleCNS; sex specificity unestablished
ORN,0,0,36,0,,female name unmatched in MaleCNS; sex specificity unestablished
ORN_VM6,0,0,11,0,,female name unmatched in MaleCNS; sex specificity unestablished
P1-9,0,0,2,0,,female name unmatched in MaleCNS; sex specificity unestablished
PAL02,0,2,2,0,,female name unmatched in MaleCNS; sex specificity unestablished
PAM,0,0,18,0,,female name unmatched in MaleCNS; sex specificity unestablished
PDt,0,11,4,0,,female name unmatched in MaleCNS; sex specificity unestablished
PFNm,0,83,15,0,,female name unmatched in MaleCNS; sex specificity unestablished
PFNp,0,244,69,0,,female name unmatched in MaleCNS; sex specificity unestablished
PFR,0,30,6,0,,female name unmatched in MaleCNS; sex specificity unestablished
PLP024,0,1,1,0,,female name unmatched in MaleCNS; sex specificity unestablished
PLP037a,0,2,2,0,,female name unmatched in MaleCNS; sex specificity unestablished
PLP042b,0,3,6,0,,female name unmatched in MaleCNS; sex specificity unestablished
PLP042c,0,13,7,0,,female name unmatched in MaleCNS; sex specificity unestablished
PLP053a,0,1,1,0,,female name unmatched in MaleCNS; sex specificity unestablished
PLP053b,0,4,5,0,,female name unmatched in MaleCNS; sex specificity unestablished
PLP057a,0,2,0,0,,female name unmatched in MaleCNS; sex specificity unestablished
PLP057b,0,4,10,0,,female name unmatched in MaleCNS; sex specificity unestablished
PLP065b,0,3,4,0,,female name unmatched in MaleCNS; sex specificity unestablished
PLP087a,0,2,6,0,,female name unmatched in MaleCNS; sex specificity unestablished
PLP103a,0,4,4,0,,female name unmatched in MaleCNS; sex specificity unestablished
PLP103c,0,2,9,0,,female name unmatched in MaleCNS; sex specificity unestablished
PLP104,0,1,0,0,,female name unmatched in MaleCNS; sex specificity unestablished
PLP150a,0,2,1,0,,female name unmatched in MaleCNS; sex specificity unestablished
PLP150b,0,2,2,0,,female name unmatched in MaleCNS; sex specificity unestablished
PLP150c,0,6,7,0,,female name unmatched in MaleCNS; sex specificity unestablished
PLP166,0,0,3,0,,female name unmatched in MaleCNS; sex specificity unestablished
PLP191a,0,7,6,0,,female name unmatched in MaleCNS; sex specificity unestablished
PLP191b,0,10,10,0,,female name unmatched in MaleCNS; sex specificity unestablished
PLP198,0,4,3,0,,female name unmatched in MaleCNS; sex specificity unestablished
PLP223,0,2,0,0,,female name unmatched in MaleCNS; sex specificity unestablished
PLP234,0,2,1,0,,female name unmatched in MaleCNS; sex specificity unestablished
PLP237,0,6,5,0,,female name unmatched in MaleCNS; sex specificity unestablished
PLP242,0,4,0,0,,female name unmatched in MaleCNS; sex specificity unestablished
PLP300m,4,0,0,4,fru_high,MaleCNS source dimorphism=male-specific; annotation applies to these cells
PS004a,0,4,1,0,,female name unmatched in MaleCNS; sex specificity unestablished
PS004b,0,4,9,0,,female name unmatched in MaleCNS; sex specificity unestablished
PS005,0,20,20,0,,female name unmatched in MaleCNS; sex specificity unestablished
PS008,0,24,13,0,,female name unmatched in MaleCNS; sex specificity unestablished
PS023a,0,3,7,0,,female name unmatched in MaleCNS; sex specificity unestablished
PS023b,0,6,1,0,,female name unmatched in MaleCNS; sex specificity unestablished
PS043,0,1,0,0,,female name unmatched in MaleCNS; sex specificity unestablished
PS083a,0,4,3,0,,female name unmatched in MaleCNS; sex specificity unestablished
PS131,0,0,1,0,,female name unmatched in MaleCNS; sex specificity unestablished
PS184,0,4,4,0,,female name unmatched in MaleCNS; sex specificity unestablished
PS188a,0,2,3,0,,female name unmatched in MaleCNS; sex specificity unestablished
PS188b,0,2,2,0,,female name unmatched in MaleCNS; sex specificity unestablished
PS188c,0,2,3,0,,female name unmatched in MaleCNS; sex specificity unestablished
PS191a,0,2,0,0,,female name unmatched in MaleCNS; sex specificity unestablished
PS191b,0,2,0,0,,female name unmatched in MaleCNS; sex specificity unestablished
PS204,0,0,1,0,,female name unmatched in MaleCNS; sex specificity unestablished
PS225,0,0,1,0,,female name unmatched in MaleCNS; sex specificity unestablished
PS235,0,2,4,0,,female name unmatched in MaleCNS; sex specificity unestablished
PS251,0,2,3,0,,female name unmatched in MaleCNS; sex specificity unestablished
PS256,0,0,1,0,,female name unmatched in MaleCNS; sex specificity unestablished
PS257,0,0,1,0,,female name unmatched in MaleCNS; sex specificity unestablished
PS289,0,2,6,0,,female name unmatched in MaleCNS; sex specificity unestablished
PSn_u,0,0,2,0,,female name unmatched in MaleCNS; sex specificity unestablished
PVLP006,0,7,8,0,,female name unmatched in MaleCNS; sex specificity unestablished
PVLP008,0,29,21,0,,female name unmatched in MaleCNS; sex specificity unestablished
PVLP029,0,0,1,0,,female name unmatched in MaleCNS; sex specificity unestablished
PVLP041,0,0,1,0,,female name unmatched in MaleCNS; sex specificity unestablished
PVLP043,0,0,1,0,,female name unmatched in MaleCNS; sex specificity unestablished
PVLP067,0,0,4,0,,female name unmatched in MaleCNS; sex specificity unestablished
PVLP200m_a,2,0,0,2,dsx_low,MaleCNS source dimorphism=male-specific; annotation applies to these cells
PVLP200m_b,2,0,0,2,dsx_low,MaleCNS source dimorphism=male-specific; annotation applies to these cells
PVLP201m_a,2,0,0,2,,MaleCNS source dimorphism=male-specific; annotation applies to these cells
PVLP201m_b,2,0,0,2,,MaleCNS source dimorphism=male-specific; annotation applies to these cells
PVLP201m_c,2,0,0,2,,MaleCNS source dimorphism=male-specific; annotation applies to these cells
PVLP201m_d,2,0,0,2,,MaleCNS source dimorphism=male-specific; annotation applies to these cells
PVLP202m,6,0,0,6,dsx_high,MaleCNS source dimorphism=male-specific; annotation applies to these cells
PVLP203m,8,0,0,8,fru_high,MaleCNS source dimorphism=male-specific; annotation applies to these cells
PVLP204m,6,0,0,6,coexpress_high;fru_high,MaleCNS source dimorphism=male-specific; annotation applies to these cells
PVLP205m,8,0,0,8,fru_high,MaleCNS source dimorphism=male-specific; annotation applies to these cells
PVLP206m,4,0,0,4,fru_high,MaleCNS source dimorphism=male-specific; annotation applies to these cells
PVLP207m,8,0,0,8,fru_low,MaleCNS source dimorphism=male-specific; annotation applies to these cells
PVLP208m,3,0,0,3,fru_high,MaleCNS source dimorphism=male-specific; annotation applies to these cells
PVLP209m,13,0,0,13,coexpress_high;fru_high,MaleCNS source dimorphism=male-specific; annotation applies to these cells
PVLP210m,6,0,0,6,coexpress_high;fru_high,MaleCNS source dimorphism=male-specific; annotation applies to these cells
PVLP211m_a,2,0,0,2,fru_high,MaleCNS source dimorphism=male-specific; annotation applies to these cells
PVLP211m_b,2,0,0,2,fru_high,MaleCNS source dimorphism=male-specific; annotation applies to these cells
PVLP211m_c,2,0,0,2,fru_high,MaleCNS source dimorphism=male-specific; annotation applies to these cells
PVLP213m,4,0,0,4,fru_high,MaleCNS source dimorphism=male-specific; annotation applies to these cells
PVLP214m,10,0,0,10,fru_low,MaleCNS source dimorphism=male-specific; annotation applies to these cells
PVLP216m,4,0,0,4,fru_high,MaleCNS source dimorphism=male-specific; annotation applies to these cells
PVLP217m,2,0,0,2,fru_high,MaleCNS source dimorphism=male-specific; annotation applies to these cells
SA1,0,12,1,0,,female name unmatched in MaleCNS; sex specificity unestablished
SA2,0,9,5,0,,female name unmatched in MaleCNS; sex specificity unestablished
SAD015,0,5,7,0,,female name unmatched in MaleCNS; sex specificity unestablished
SAD016,0,6,6,0,,female name unmatched in MaleCNS; sex specificity unestablished
SAD017,0,2,0,0,,female name unmatched in MaleCNS; sex specificity unestablished
SAD068,0,0,2,0,,female name unmatched in MaleCNS; sex specificity unestablished
SAD069,0,0,1,0,,female name unmatched in MaleCNS; sex specificity unestablished
SAD083,0,0,1,0,,female name unmatched in MaleCNS; sex specificity unestablished
SAD088,0,0,1,0,,female name unmatched in MaleCNS; sex specificity unestablished
SAD090,0,0,1,0,,female name unmatched in MaleCNS; sex specificity unestablished
SAD200m,11,0,0,11,fru_high,MaleCNS source dimorphism=male-specific; annotation applies to these cells
SAD301f,0,2,1,0,,female name unmatched in MaleCNS; sex specificity unestablished
SA_DLV,0,25,0,0,,female name unmatched in MaleCNS; sex specificity unestablished
SA_DMT_ADMN_1,0,10,0,0,,female name unmatched in MaleCNS; sex specificity unestablished
SA_DMT_ADMN_10,0,5,0,0,,female name unmatched in MaleCNS; sex specificity unestablished
SA_DMT_ADMN_11,0,21,0,0,,female name unmatched in MaleCNS; sex specificity unestablished
SA_DMT_ADMN_2,0,4,0,0,,female name unmatched in MaleCNS; sex specificity unestablished
SA_DMT_ADMN_3,0,5,0,0,,female name unmatched in MaleCNS; sex specificity unestablished
SA_DMT_ADMN_4,0,3,0,0,,female name unmatched in MaleCNS; sex specificity unestablished
SA_DMT_ADMN_5,0,7,0,0,,female name unmatched in MaleCNS; sex specificity unestablished
SA_DMT_ADMN_6,0,4,0,0,,female name unmatched in MaleCNS; sex specificity unestablished
SA_DMT_ADMN_7,0,10,0,0,,female name unmatched in MaleCNS; sex specificity unestablished
SA_DMT_ADMN_8,0,4,0,0,,female name unmatched in MaleCNS; sex specificity unestablished
SA_DMT_ADMN_9,0,7,0,0,,female name unmatched in MaleCNS; sex specificity unestablished
SA_DMT_DMetaN,0,0,2,0,,female name unmatched in MaleCNS; sex specificity unestablished
SA_DMT_DMetaN_1,0,2,0,0,,female name unmatched in MaleCNS; sex specificity unestablished
SA_DMT_DMetaN_10,0,2,0,0,,female name unmatched in MaleCNS; sex specificity unestablished
SA_DMT_DMetaN_11,0,2,0,0,,female name unmatched in MaleCNS; sex specificity unestablished
SA_DMT_DMetaN_12,0,62,1,0,,female name unmatched in MaleCNS; sex specificity unestablished
SA_DMT_DMetaN_2,0,2,0,0,,female name unmatched in MaleCNS; sex specificity unestablished
SA_DMT_DMetaN_3,0,3,0,0,,female name unmatched in MaleCNS; sex specificity unestablished
SA_DMT_DMetaN_4,0,5,0,0,,female name unmatched in MaleCNS; sex specificity unestablished
SA_DMT_DMetaN_5,0,4,0,0,,female name unmatched in MaleCNS; sex specificity unestablished
SA_DMT_DMetaN_6,0,10,0,0,,female name unmatched in MaleCNS; sex specificity unestablished
SA_DMT_DMetaN_7,0,2,0,0,,female name unmatched in MaleCNS; sex specificity unestablished
SA_DMT_DMetaN_8,0,12,0,0,,female name unmatched in MaleCNS; sex specificity unestablished
SA_DMT_DMetaN_9,0,7,0,0,,female name unmatched in MaleCNS; sex specificity unestablished
SA_MDA_1,0,4,0,0,,female name unmatched in MaleCNS; sex specificity unestablished
SA_MDA_2,0,5,0,0,,female name unmatched in MaleCNS; sex specificity unestablished
SA_MDA_3,0,2,0,0,,female name unmatched in MaleCNS; sex specificity unestablished
SA_MDA_4,0,6,0,0,,female name unmatched in MaleCNS; sex specificity unestablished
SA_VTV_1,0,4,0,0,,female name unmatched in MaleCNS; sex specificity unestablished
SA_VTV_10,0,9,0,0,,female name unmatched in MaleCNS; sex specificity unestablished
SA_VTV_2,0,12,0,0,,female name unmatched in MaleCNS; sex specificity unestablished
SA_VTV_3,0,7,0,0,,female name unmatched in MaleCNS; sex specificity unestablished
SA_VTV_4,0,18,0,0,,female name unmatched in MaleCNS; sex specificity unestablished
SA_VTV_5,0,14,0,0,,female name unmatched in MaleCNS; sex specificity unestablished
SA_VTV_7,0,2,0,0,,female name unmatched in MaleCNS; sex specificity unestablished
SA_VTV_9,0,6,0,0,,female name unmatched in MaleCNS; sex specificity unestablished
SA_VTV_PDMN_1,0,4,0,0,,female name unmatched in MaleCNS; sex specificity unestablished
SAabg01,0,0,3,0,,female name unmatched in MaleCNS; sex specificity unestablished
SAch01,0,0,44,0,,female name unmatched in MaleCNS; sex specificity unestablished
SAch02,0,0,19,0,,female name unmatched in MaleCNS; sex specificity unestablished
SAchxx,0,0,7,0,,female name unmatched in MaleCNS; sex specificity unestablished
SApp02,0,0,17,0,,female name unmatched in MaleCNS; sex specificity unestablished
SApp03,0,0,16,0,,female name unmatched in MaleCNS; sex specificity unestablished
SApp06,0,0,20,0,,female name unmatched in MaleCNS; sex specificity unestablished
SApp09,0,0,43,0,,female name unmatched in MaleCNS; sex specificity unestablished
SApp11,0,0,13,0,,female name unmatched in MaleCNS; sex specificity unestablished
SApp12,0,0,14,0,,female name unmatched in MaleCNS; sex specificity unestablished
SApp15,0,0,21,0,,female name unmatched in MaleCNS; sex specificity unestablished
SApp16,0,0,7,0,,female name unmatched in MaleCNS; sex specificity unestablished
SApp17,0,0,13,0,,female name unmatched in MaleCNS; sex specificity unestablished
SApp18,0,0,1,0,,female name unmatched in MaleCNS; sex specificity unestablished
SApp22,0,0,30,0,,female name unmatched in MaleCNS; sex specificity unestablished
SAxxxx,0,0,5,0,,female name unmatched in MaleCNS; sex specificity unestablished
SCL001m,11,0,0,11,fru_high,MaleCNS source dimorphism=male-specific; annotation applies to these cells
SCL002m,10,0,0,10,coexpress_high,MaleCNS source dimorphism=male-specific; annotation applies to these cells
SEZ_NSC_CAPA,0,2,2,0,,female name unmatched in MaleCNS; sex specificity unestablished
SEZ_NSC_Hugin,0,4,4,0,,female name unmatched in MaleCNS; sex specificity unestablished
SIP013a,0,3,3,0,,female name unmatched in MaleCNS; sex specificity unestablished
SIP014,0,10,7,0,,female name unmatched in MaleCNS; sex specificity unestablished
SIP020,0,9,11,0,,female name unmatched in MaleCNS; sex specificity unestablished
SIP028a,0,3,1,0,,female name unmatched in MaleCNS; sex specificity unestablished
SIP028b,0,2,5,0,,female name unmatched in MaleCNS; sex specificity unestablished
SIP055,0,10,7,0,,female name unmatched in MaleCNS; sex specificity unestablished
SIP061,0,2,1,0,,female name unmatched in MaleCNS; sex specificity unestablished
SIP079,0,0,1,0,,female name unmatched in MaleCNS; sex specificity unestablished
SIP100m,10,0,0,10,fru_high,MaleCNS source dimorphism=male-specific; annotation applies to these cells
SIP101m,6,0,0,6,fru_high,MaleCNS source dimorphism=male-specific; annotation applies to these cells
SIP103m,9,0,0,9,fru_high,MaleCNS source dimorphism=male-specific; annotation applies to these cells
SIP104m,8,0,0,8,fru_high,MaleCNS source dimorphism=male-specific; annotation applies to these cells
SIP105m,2,0,0,2,,MaleCNS source dimorphism=male-specific; annotation applies to these cells
SIP107m,2,0,0,2,,MaleCNS source dimorphism=male-specific; annotation applies to these cells
SIP108m,4,0,0,4,coexpress_high;fru_high,MaleCNS source dimorphism=male-specific; annotation applies to these cells
SIP109m,4,0,0,4,coexpress_high;fru_high,MaleCNS source dimorphism=male-specific; annotation applies to these cells
SIP110m_a,2,0,0,2,fru_high,MaleCNS source dimorphism=male-specific; annotation applies to these cells
SIP110m_b,2,0,0,2,fru_high,MaleCNS source dimorphism=male-specific; annotation applies to these cells
SIP111m,2,0,0,2,fru_high,MaleCNS source dimorphism=male-specific; annotation applies to these cells
SIP112m,8,0,0,8,fru_high,MaleCNS source dimorphism=male-specific; annotation applies to these cells
SIP113m,5,0,0,5,fru_high,MaleCNS source dimorphism=male-specific; annotation applies to these cells
SIP115m,4,0,0,4,fru_high,MaleCNS source dimorphism=male-specific; annotation applies to these cells
SIP116m,6,0,0,6,fru_high,MaleCNS source dimorphism=male-specific; annotation applies to these cells
SIP117m,2,0,0,2,fru_high,MaleCNS source dimorphism=male-specific; annotation applies to these cells
SIP118m,7,0,0,7,fru_high,MaleCNS source dimorphism=male-specific; annotation applies to these cells
SIP119m,9,0,0,9,fru_high,MaleCNS source dimorphism=male-specific; annotation applies to these cells
SIP121m,6,0,0,6,fru_high,MaleCNS source dimorphism=male-specific; annotation applies to these cells
SIP122m,8,0,0,8,fru_high,MaleCNS source dimorphism=male-specific; annotation applies to these cells
SIP123m,4,0,0,4,fru_high,MaleCNS source dimorphism=male-specific; annotation applies to these cells
SIP124m,7,0,0,7,fru_high,MaleCNS source dimorphism=male-specific; annotation applies to these cells
SIP126m_a,2,0,0,2,fru_high,MaleCNS source dimorphism=male-specific; annotation applies to these cells
SIP126m_b,2,0,0,2,fru_high,MaleCNS source dimorphism=male-specific; annotation applies to these cells
SIP128m,5,0,0,5,fru_high,MaleCNS source dimorphism=male-specific; annotation applies to these cells
SIP130m,4,0,0,4,fru_high,MaleCNS source dimorphism=male-specific; annotation applies to these cells
SIP132m,2,0,0,2,,MaleCNS source dimorphism=male-specific; annotation applies to these cells
SIP133m,2,0,0,2,fru_high,MaleCNS source dimorphism=male-specific; annotation applies to these cells
SIP135m,10,0,0,10,dsx_high,MaleCNS source dimorphism=male-specific; annotation applies to these cells
SIP136m,2,0,0,2,,MaleCNS source dimorphism=male-specific; annotation applies to these cells
SIP137m_a,2,0,0,2,coexpress_high,MaleCNS source dimorphism=male-specific; annotation applies to these cells
SIP137m_b,2,0,0,2,coexpress_high,MaleCNS source dimorphism=male-specific; annotation applies to these cells
SIP140m,2,0,0,2,fru_high,MaleCNS source dimorphism=male-specific; annotation applies to these cells
SIP141m,6,0,0,6,fru_high,MaleCNS source dimorphism=male-specific; annotation applies to these cells
SIP142m,4,0,0,4,fru_high,MaleCNS source dimorphism=male-specific; annotation applies to these cells
SIP143m,4,0,0,4,fru_high,MaleCNS source dimorphism=male-specific; annotation applies to these cells
SIP145m,6,0,0,6,fru_high,MaleCNS source dimorphism=male-specific; annotation applies to these cells
SIP146m,9,0,0,9,fru_high,MaleCNS source dimorphism=male-specific; annotation applies to these cells
SIP147m,5,0,0,5,fru_high,MaleCNS source dimorphism=male-specific; annotation applies to these cells
SIP200f,0,4,3,0,,female name unmatched in MaleCNS; sex specificity unestablished
SIP201f,0,9,9,0,,female name unmatched in MaleCNS; sex specificity unestablished
SLP005,0,2,2,0,,female name unmatched in MaleCNS; sex specificity unestablished
SLP028b,0,2,1,0,,female name unmatched in MaleCNS; sex specificity unestablished
SLP088,0,1,0,0,,female name unmatched in MaleCNS; sex specificity unestablished
SLP162a,0,3,0,0,,female name unmatched in MaleCNS; sex specificity unestablished
SLP162b,0,5,2,0,,female name unmatched in MaleCNS; sex specificity unestablished
SLP162c,0,3,4,0,,female name unmatched in MaleCNS; sex specificity unestablished
SLP213,0,2,2,0,,female name unmatched in MaleCNS; sex specificity unestablished
SLP226,0,4,3,0,,female name unmatched in MaleCNS; sex specificity unestablished
SLP261,0,1,0,0,,female name unmatched in MaleCNS; sex specificity unestablished
SLP280,0,0,1,0,,female name unmatched in MaleCNS; sex specificity unestablished
SLP295a,0,4,1,0,,female name unmatched in MaleCNS; sex specificity unestablished
SLP295b,0,6,5,0,,female name unmatched in MaleCNS; sex specificity unestablished
SLP300a,0,9,7,0,,female name unmatched in MaleCNS; sex specificity unestablished
SLP300b,0,3,8,0,,female name unmatched in MaleCNS; sex specificity unestablished
SLP317,0,1,0,0,,female name unmatched in MaleCNS; sex specificity unestablished
SLP356a,0,2,0,0,,female name unmatched in MaleCNS; sex specificity unestablished
SLP356b,0,3,1,0,,female name unmatched in MaleCNS; sex specificity unestablished
SLP398a,0,1,4,0,,female name unmatched in MaleCNS; sex specificity unestablished
SLP398b,0,3,2,0,,female name unmatched in MaleCNS; sex specificity unestablished
SLP400a,0,2,1,0,,female name unmatched in MaleCNS; sex specificity unestablished
SLP400b,0,2,3,0,,female name unmatched in MaleCNS; sex specificity unestablished
SLPal1__0,0,0,3,0,,female name unmatched in MaleCNS; sex specificity unestablished
SMP003,0,7,6,0,,female name unmatched in MaleCNS; sex specificity unestablished
SMP029,0,4,4,0,,female name unmatched in MaleCNS; sex specificity unestablished
SMP060,0,4,4,0,,female name unmatched in MaleCNS; sex specificity unestablished
SMP074,0,0,6,0,,female name unmatched in MaleCNS; sex specificity unestablished
SMP075a,0,2,1,0,,female name unmatched in MaleCNS; sex specificity unestablished
SMP075b,0,2,3,0,,female name unmatched in MaleCNS; sex specificity unestablished
SMP094,0,4,0,0,,female name unmatched in MaleCNS; sex specificity unestablished
SMP098_a,0,6,14,0,,female name unmatched in MaleCNS; sex specificity unestablished
SMP103,0,9,16,0,,female name unmatched in MaleCNS; sex specificity unestablished
SMP121,0,2,2,0,,female name unmatched in MaleCNS; sex specificity unestablished
SMP123a,0,2,1,0,,female name unmatched in MaleCNS; sex specificity unestablished
SMP123b,0,2,0,0,,female name unmatched in MaleCNS; sex specificity unestablished
SMP173,0,10,7,0,,female name unmatched in MaleCNS; sex specificity unestablished
SMP193a,0,2,2,0,,female name unmatched in MaleCNS; sex specificity unestablished
SMP193b,0,4,4,0,,female name unmatched in MaleCNS; sex specificity unestablished
SMP215a,0,2,5,0,,female name unmatched in MaleCNS; sex specificity unestablished
SMP215b,0,2,2,0,,female name unmatched in MaleCNS; sex specificity unestablished
SMP215c,0,2,3,0,,female name unmatched in MaleCNS; sex specificity unestablished
SMP248b,0,6,6,0,,female name unmatched in MaleCNS; sex specificity unestablished
SMP248c,0,2,4,0,,female name unmatched in MaleCNS; sex specificity unestablished
SMP292,0,6,5,0,,female name unmatched in MaleCNS; sex specificity unestablished
SMP298,0,2,3,0,,female name unmatched in MaleCNS; sex specificity unestablished
SMP318,0,2,2,0,,female name unmatched in MaleCNS; sex specificity unestablished
SMP328b,0,4,5,0,,female name unmatched in MaleCNS; sex specificity unestablished
SMP330a,0,2,6,0,,female name unmatched in MaleCNS; sex specificity unestablished
SMP330b,0,3,1,0,,female name unmatched in MaleCNS; sex specificity unestablished
SMP344a,0,2,1,0,,female name unmatched in MaleCNS; sex specificity unestablished
SMP344b,0,2,1,0,,female name unmatched in MaleCNS; sex specificity unestablished
SMP348a,0,2,3,0,,female name unmatched in MaleCNS; sex specificity unestablished
SMP348b,0,2,0,0,,female name unmatched in MaleCNS; sex specificity unestablished
SMP371,0,4,5,0,,female name unmatched in MaleCNS; sex specificity unestablished
SMP381,0,14,14,0,,female name unmatched in MaleCNS; sex specificity unestablished
SMP393a,0,2,2,0,,female name unmatched in MaleCNS; sex specificity unestablished
SMP398,0,4,4,0,,female name unmatched in MaleCNS; sex specificity unestablished
SMP399a,0,3,3,0,,female name unmatched in MaleCNS; sex specificity unestablished
SMP406,0,11,15,0,,female name unmatched in MaleCNS; sex specificity unestablished
SMP411a,0,2,3,0,,female name unmatched in MaleCNS; sex specificity unestablished
SMP411b,0,2,1,0,,female name unmatched in MaleCNS; sex specificity unestablished
SMP428,0,4,1,0,,female name unmatched in MaleCNS; sex specificity unestablished
SMP469a,0,2,2,0,,female name unmatched in MaleCNS; sex specificity unestablished
SMP510a,0,2,2,0,,female name unmatched in MaleCNS; sex specificity unestablished
SMP510b,0,2,3,0,,female name unmatched in MaleCNS; sex specificity unestablished
SMP530,0,0,4,0,,female name unmatched in MaleCNS; sex specificity unestablished
SMP568,0,20,20,0,,female name unmatched in MaleCNS; sex specificity unestablished
SMP602,0,0,4,0,,female name unmatched in MaleCNS; sex specificity unestablished
SMP702m,4,0,0,4,,MaleCNS source dimorphism=male-specific; annotation applies to these cells
SMP703m,14,0,0,14,fru_high,MaleCNS source dimorphism=male-specific; annotation applies to these cells
SMP705m,8,0,0,8,fru_high,MaleCNS source dimorphism=male-specific; annotation applies to these cells
SMP709m,2,0,0,2,,MaleCNS source dimorphism=male-specific; annotation applies to these cells
SMP710m,7,0,0,7,coexpress_high,MaleCNS source dimorphism=male-specific; annotation applies to these cells
SMP712m,2,0,0,2,fru_high,MaleCNS source dimorphism=male-specific; annotation applies to these cells
SMP713m,3,0,0,3,fru_high,MaleCNS source dimorphism=male-specific; annotation applies to these cells
SMP714m,6,0,0,6,fru_high,MaleCNS source dimorphism=male-specific; annotation applies to these cells
SMP715m,4,0,0,4,fru_high,MaleCNS source dimorphism=male-specific; annotation applies to these cells
SMP719m,8,0,0,8,fru_high,MaleCNS source dimorphism=male-specific; annotation applies to these cells
SMP720m,2,0,0,2,coexpress_high,MaleCNS source dimorphism=male-specific; annotation applies to these cells
SMP723m,11,0,0,11,fru_high,MaleCNS source dimorphism=male-specific; annotation applies to these cells
SMP726m,8,0,0,2,coexpress_high,MaleCNS source dimorphism=male-specific; annotation applies to these cells
SMP728m,5,0,0,5,,MaleCNS source dimorphism=male-specific; annotation applies to these cells
SMPp&v1B_H01,0,2,2,0,,female name unmatched in MaleCNS; sex specificity unestablished
SNabg01,0,0,10,0,,female name unmatched in MaleCNS; sex specificity unestablished
SNabg02,0,0,2,0,,female name unmatched in MaleCNS; sex specificity unestablished
SNabg03,0,0,8,0,,female name unmatched in MaleCNS; sex specificity unestablished
SNabg04,0,0,6,0,,female name unmatched in MaleCNS; sex specificity unestablished
SNabg05,0,0,14,0,,female name unmatched in MaleCNS; sex specificity unestablished
SNabg06,0,0,12,0,,female name unmatched in MaleCNS; sex specificity unestablished
SNabg07,0,0,5,0,,female name unmatched in MaleCNS; sex specificity unestablished
SNabg08,0,0,1,0,,female name unmatched in MaleCNS; sex specificity unestablished
SNabg09,0,0,27,0,,female name unmatched in MaleCNS; sex specificity unestablished
SNabg10,0,0,1,0,,female name unmatched in MaleCNS; sex specificity unestablished
SNabg11,0,0,7,0,,female name unmatched in MaleCNS; sex specificity unestablished
SNabg12,0,0,4,0,,female name unmatched in MaleCNS; sex specificity unestablished
SNabg13,0,0,18,0,,female name unmatched in MaleCNS; sex specificity unestablished
SNabg14,0,0,59,0,,female name unmatched in MaleCNS; sex specificity unestablished
SNabg15,0,0,22,0,,female name unmatched in MaleCNS; sex specificity unestablished
SNabg16,0,0,2,0,,female name unmatched in MaleCNS; sex specificity unestablished
SNabg17,0,0,2,0,,female name unmatched in MaleCNS; sex specificity unestablished
SNabg18,0,0,1,0,,female name unmatched in MaleCNS; sex specificity unestablished
SNabg19,0,0,3,0,,female name unmatched in MaleCNS; sex specificity unestablished
SNabg20,0,0,30,0,,female name unmatched in MaleCNS; sex specificity unestablished
SNabg21,0,0,8,0,,female name unmatched in MaleCNS; sex specificity unestablished
SNabg22,0,0,9,0,,female name unmatched in MaleCNS; sex specificity unestablished
SNabg23,0,0,23,0,,female name unmatched in MaleCNS; sex specificity unestablished
SNabg24,0,0,11,0,,female name unmatched in MaleCNS; sex specificity unestablished
SNabg25,0,0,30,0,,female name unmatched in MaleCNS; sex specificity unestablished
SNabg26,0,0,16,0,,female name unmatched in MaleCNS; sex specificity unestablished
SNabg27,0,0,85,0,,female name unmatched in MaleCNS; sex specificity unestablished
SNabg28,0,0,13,0,,female name unmatched in MaleCNS; sex specificity unestablished
SNabg29,0,0,94,0,,female name unmatched in MaleCNS; sex specificity unestablished
SNabg30,0,0,33,0,,female name unmatched in MaleCNS; sex specificity unestablished
SNabg31,0,0,29,0,,female name unmatched in MaleCNS; sex specificity unestablished
SNabg32,0,0,12,0,,female name unmatched in MaleCNS; sex specificity unestablished
SNabg95f,0,0,1,0,,female name unmatched in MaleCNS; sex specificity unestablished
SNabg96f,0,0,1,0,,female name unmatched in MaleCNS; sex specificity unestablished
SNabg97f,0,0,12,0,,female name unmatched in MaleCNS; sex specificity unestablished
SNabg98f,0,0,2,0,,female name unmatched in MaleCNS; sex specificity unestablished
SNabgxx,0,0,6,0,,female name unmatched in MaleCNS; sex specificity unestablished
SNcb01,0,0,7,0,,female name unmatched in MaleCNS; sex specificity unestablished
SNcb02,0,0,6,0,,female name unmatched in MaleCNS; sex specificity unestablished
SNch02,0,0,18,0,,female name unmatched in MaleCNS; sex specificity unestablished
SNch03,0,0,24,0,,female name unmatched in MaleCNS; sex specificity unestablished
SNch04,0,0,10,0,,female name unmatched in MaleCNS; sex specificity unestablished
SNch06,0,0,36,0,,female name unmatched in MaleCNS; sex specificity unestablished
SNch07,0,0,15,0,,female name unmatched in MaleCNS; sex specificity unestablished
SNch08,0,0,5,0,,female name unmatched in MaleCNS; sex specificity unestablished
SNch09,0,0,30,0,,female name unmatched in MaleCNS; sex specificity unestablished
SNch11,0,0,22,0,,female name unmatched in MaleCNS; sex specificity unestablished
SNch12,0,0,19,0,,female name unmatched in MaleCNS; sex specificity unestablished
SNch13,0,0,4,0,,female name unmatched in MaleCNS; sex specificity unestablished
SNch14,0,0,8,0,,female name unmatched in MaleCNS; sex specificity unestablished
SNch16,0,0,1,0,,female name unmatched in MaleCNS; sex specificity unestablished
SNcs01f,0,0,8,0,,female name unmatched in MaleCNS; sex specificity unestablished
SNpp29,0,0,9,0,,female name unmatched in MaleCNS; sex specificity unestablished
SNpp54,0,0,2,0,,female name unmatched in MaleCNS; sex specificity unestablished
SNpp63,0,0,1,0,,female name unmatched in MaleCNS; sex specificity unestablished
SNta01,0,0,14,0,,female name unmatched in MaleCNS; sex specificity unestablished
SNta08,0,0,13,0,,female name unmatched in MaleCNS; sex specificity unestablished
SNta09,0,0,193,0,,female name unmatched in MaleCNS; sex specificity unestablished
SNvnc12f,0,0,5,0,,female name unmatched in MaleCNS; sex specificity unestablished
SNxx12,0,0,4,0,,female name unmatched in MaleCNS; sex specificity unestablished
SNxx18,0,0,1,0,,female name unmatched in MaleCNS; sex specificity unestablished
SNxx27,0,0,2,0,,female name unmatched in MaleCNS; sex specificity unestablished
SNxxx,0,0,2,0,,female name unmatched in MaleCNS; sex specificity unestablished
SPS100f,0,2,0,0,,female name unmatched in MaleCNS; sex specificity unestablished
SPSN,0,0,5,0,,female name unmatched in MaleCNS; sex specificity unestablished
Sm11,0,8,2,0,,female name unmatched in MaleCNS; sex specificity unestablished
Sm12,0,148,31,0,,female name unmatched in MaleCNS; sex specificity unestablished
Sm18,0,39,13,0,,female name unmatched in MaleCNS; sex specificity unestablished
Sm35,0,6,2,0,,female name unmatched in MaleCNS; sex specificity unestablished
Sm36,0,6,0,0,,female name unmatched in MaleCNS; sex specificity unestablished
Sm37,0,2,2,0,,female name unmatched in MaleCNS; sex specificity unestablished
Sm38,0,4,3,0,,female name unmatched in MaleCNS; sex specificity unestablished
Sm39,0,2,2,0,,female name unmatched in MaleCNS; sex specificity unestablished
Sm40,0,4,4,0,,female name unmatched in MaleCNS; sex specificity unestablished
Sm41,0,2,2,0,,female name unmatched in MaleCNS; sex specificity unestablished
Sm42,0,2,0,0,,female name unmatched in MaleCNS; sex specificity unestablished
TN1a_b,2,0,0,2,coexpress_high,MaleCNS source dimorphism=male-specific; annotation applies to these cells
TN1a_c,2,0,0,2,coexpress_high,MaleCNS source dimorphism=male-specific; annotation applies to these cells
TN1a_d,2,0,0,2,coexpress_high,MaleCNS source dimorphism=male-specific; annotation applies to these cells
TN1a_e,2,0,0,1,coexpress_high,MaleCNS source dimorphism=male-specific; annotation applies to these cells
TN1a_f,4,0,0,3,coexpress_high,MaleCNS source dimorphism=male-specific; annotation applies to these cells
TN1a_g,4,0,0,2,coexpress_high,MaleCNS source dimorphism=male-specific; annotation applies to these cells
TN1a_h,2,0,0,1,coexpress_high,MaleCNS source dimorphism=male-specific; annotation applies to these cells
TN1a_i,2,0,0,2,coexpress_high,MaleCNS source dimorphism=male-specific; annotation applies to these cells
TN1c_a,5,0,0,3,coexpress_high,MaleCNS source dimorphism=male-specific; annotation applies to these cells
TRN_VP3,0,0,7,0,,female name unmatched in MaleCNS; sex specificity unestablished
Tm26,103,0,0,103,,MaleCNS source dimorphism=male-specific; annotation applies to these cells
TuBu01a,0,4,4,0,,female name unmatched in MaleCNS; sex specificity unestablished
TuBu01b,0,7,4,0,,female name unmatched in MaleCNS; sex specificity unestablished
TuBu06a,0,2,2,0,,female name unmatched in MaleCNS; sex specificity unestablished
TuBu06b,0,5,7,0,,female name unmatched in MaleCNS; sex specificity unestablished
VCvN1,0,0,4,0,,female name unmatched in MaleCNS; sex specificity unestablished
VCvN3,0,0,2,0,,female name unmatched in MaleCNS; sex specificity unestablished
VES022a,0,6,4,0,,female name unmatched in MaleCNS; sex specificity unestablished
VES022b,0,4,5,0,,female name unmatched in MaleCNS; sex specificity unestablished
VES060,0,2,3,0,,female name unmatched in MaleCNS; sex specificity unestablished
VES066,0,2,2,0,,female name unmatched in MaleCNS; sex specificity unestablished
VES203m,6,0,0,6,dsx_high,MaleCNS source dimorphism=male-specific; annotation applies to these cells
VES204m,6,0,0,6,dsx_high,MaleCNS source dimorphism=male-specific; annotation applies to these cells
VES205m,2,0,0,2,fru_high,MaleCNS source dimorphism=male-specific; annotation applies to these cells
VES206m,7,0,0,7,,MaleCNS source dimorphism=male-specific; annotation applies to these cells
VLPl&p2_posterior_38,0,0,1,0,,female name unmatched in MaleCNS; sex specificity unestablished
VLPp2_37,0,0,1,0,,female name unmatched in MaleCNS; sex specificity unestablished
VP5+_l2PN,0,6,5,0,,female name unmatched in MaleCNS; sex specificity unestablished
VS1,0,2,1,0,,female name unmatched in MaleCNS; sex specificity unestablished
VS2,0,2,2,0,,female name unmatched in MaleCNS; sex specificity unestablished
VS3,0,2,4,0,,female name unmatched in MaleCNS; sex specificity unestablished
VS4,0,2,1,0,,female name unmatched in MaleCNS; sex specificity unestablished
VS5,0,2,3,0,,female name unmatched in MaleCNS; sex specificity unestablished
VS6,0,2,0,0,,female name unmatched in MaleCNS; sex specificity unestablished
VS7,0,2,3,0,,female name unmatched in MaleCNS; sex specificity unestablished
VS8,0,2,1,0,,female name unmatched in MaleCNS; sex specificity unestablished
WED002b,0,2,4,0,,female name unmatched in MaleCNS; sex specificity unestablished
WED002c,0,4,2,0,,female name unmatched in MaleCNS; sex specificity unestablished
WED002d,0,3,3,0,,female name unmatched in MaleCNS; sex specificity unestablished
WED002e,0,3,4,0,,female name unmatched in MaleCNS; sex specificity unestablished
WED040,0,15,17,0,,female name unmatched in MaleCNS; sex specificity unestablished
WED049,0,0,1,0,,female name unmatched in MaleCNS; sex specificity unestablished
WED053,0,0,3,0,,female name unmatched in MaleCNS; sex specificity unestablished
WED054,0,0,1,0,,female name unmatched in MaleCNS; sex specificity unestablished
WED094b,0,2,0,0,,female name unmatched in MaleCNS; sex specificity unestablished
WED094c,0,2,5,0,,female name unmatched in MaleCNS; sex specificity unestablished
WED113,0,0,3,0,,female name unmatched in MaleCNS; sex specificity unestablished
WED115,0,0,1,0,,female name unmatched in MaleCNS; sex specificity unestablished
WED118_a,0,0,1,0,,female name unmatched in MaleCNS; sex specificity unestablished
WED120,0,1,0,0,,female name unmatched in MaleCNS; sex specificity unestablished
WED142,0,0,1,0,,female name unmatched in MaleCNS; sex specificity unestablished
WED146b,0,4,0,0,,female name unmatched in MaleCNS; sex specificity unestablished
WED166_c,0,0,1,0,,female name unmatched in MaleCNS; sex specificity unestablished
WED174,0,2,0,0,,female name unmatched in MaleCNS; sex specificity unestablished
WED177,0,0,1,0,,female name unmatched in MaleCNS; sex specificity unestablished
WEDPN2B,0,4,3,0,,female name unmatched in MaleCNS; sex specificity unestablished
WEDa1_23,0,0,1,0,,female name unmatched in MaleCNS; sex specificity unestablished
aIPg_m1,4,0,0,4,fru_high,MaleCNS source dimorphism=male-specific; annotation applies to these cells
aIPg_m2,4,0,0,4,fru_high,MaleCNS source dimorphism=male-specific; annotation applies to these cells
aIPg_m3,2,0,0,2,fru_high,MaleCNS source dimorphism=male-specific; annotation applies to these cells
aIPg_m4,2,0,0,2,fru_high,MaleCNS source dimorphism=male-specific; annotation applies to these cells
aPhM6,0,2,1,0,,female name unmatched in MaleCNS; sex specificity unestablished
aSP-f1A,0,13,5,0,,female name unmatched in MaleCNS; sex specificity unestablished
aSP-f3,0,8,3,0,,female name unmatched in MaleCNS; sex specificity unestablished
aSP-f4,0,11,21,0,,female name unmatched in MaleCNS; sex specificity unestablished
aSP-g1,0,7,2,0,,female name unmatched in MaleCNS; sex specificity unestablished
aSP-g2,0,10,9,0,,female name unmatched in MaleCNS; sex specificity unestablished
aSP-g3A,0,2,1,0,,female name unmatched in MaleCNS; sex specificity unestablished
aSP-g3Am,2,0,0,2,fru_high,MaleCNS source dimorphism=male-specific; annotation applies to these cells
aSP-g3B,0,4,2,0,,female name unmatched in MaleCNS; sex specificity unestablished
ab-PDF,0,0,9,0,,female name unmatched in MaleCNS; sex specificity unestablished
accessory_pharyngeal_nerve_sensory_group2,0,0,1,0,,female name unmatched in MaleCNS; sex specificity unestablished
accessory_tibia_flexor,0,0,72,0,,female name unmatched in MaleCNS; sex specificity unestablished
accessory_trochanter_flexor,0,0,17,0,,female name unmatched in MaleCNS; sex specificity unestablished
antenna_orphan_neuron,0,0,4,0,,female name unmatched in MaleCNS; sex specificity unestablished
anterior_dorsal_mesothoracic_nerve,0,0,5,0,,female name unmatched in MaleCNS; sex specificity unestablished
anterior_dorsal_mesothoracic_nerve_cut,0,0,74,0,,female name unmatched in MaleCNS; sex specificity unestablished
anterior_dorsal_mesothoracic_nerve_sensory,0,0,59,0,,female name unmatched in MaleCNS; sex specificity unestablished
b1,0,0,2,0,,female name unmatched in MaleCNS; sex specificity unestablished
b2,0,0,2,0,,female name unmatched in MaleCNS; sex specificity unestablished
b3,0,0,2,0,,female name unmatched in MaleCNS; sex specificity unestablished
bCS,0,0,1,0,,female name unmatched in MaleCNS; sex specificity unestablished
cL02c,0,6,5,0,,female name unmatched in MaleCNS; sex specificity unestablished
cLP01,0,51,50,0,,female name unmatched in MaleCNS; sex specificity unestablished
cLP03,0,39,41,0,,female name unmatched in MaleCNS; sex specificity unestablished
cM08c,0,6,9,0,,female name unmatched in MaleCNS; sex specificity unestablished
cM11,0,2,0,0,,female name unmatched in MaleCNS; sex specificity unestablished
columnar,0,0,6,0,,female name unmatched in MaleCNS; sex specificity unestablished
femur_reductor,0,0,33,0,,female name unmatched in MaleCNS; sex specificity unestablished
hDVM,0,0,2,0,,female name unmatched in MaleCNS; sex specificity unestablished
hg1,0,0,2,0,,female name unmatched in MaleCNS; sex specificity unestablished
hg2,0,0,2,0,,female name unmatched in MaleCNS; sex specificity unestablished
hg3,0,0,2,0,,female name unmatched in MaleCNS; sex specificity unestablished
hg4,0,0,2,0,,female name unmatched in MaleCNS; sex specificity unestablished
hi1,0,0,4,0,,female name unmatched in MaleCNS; sex specificity unestablished
hi2,0,0,3,0,,female name unmatched in MaleCNS; sex specificity unestablished
hiii2,0,0,2,0,,female name unmatched in MaleCNS; sex specificity unestablished
i1,0,0,2,0,,female name unmatched in MaleCNS; sex specificity unestablished
i2,0,0,2,0,,female name unmatched in MaleCNS; sex specificity unestablished
iii1,0,0,2,0,,female name unmatched in MaleCNS; sex specificity unestablished
iii3,0,0,2,0,,female name unmatched in MaleCNS; sex specificity unestablished
iii4,0,0,2,0,,female name unmatched in MaleCNS; sex specificity unestablished
l-CPDN3,0,2,0,0,,female name unmatched in MaleCNS; sex specificity unestablished
lLN17a,0,5,0,0,,female name unmatched in MaleCNS; sex specificity unestablished
lLN1_b,0,0,2,0,,female name unmatched in MaleCNS; sex specificity unestablished
lLN2X09,0,2,2,0,,female name unmatched in MaleCNS; sex specificity unestablished
lLN2X10,0,4,2,0,,female name unmatched in MaleCNS; sex specificity unestablished
l_NSC,0,0,9,0,,female name unmatched in MaleCNS; sex specificity unestablished
l_NSC_CRZ,0,6,6,0,,female name unmatched in MaleCNS; sex specificity unestablished
l_NSC_DH31,0,6,6,0,,female name unmatched in MaleCNS; sex specificity unestablished
l_NSC_ITP,0,8,9,0,,female name unmatched in MaleCNS; sex specificity unestablished
l_NSC_unknown,0,14,0,0,,female name unmatched in MaleCNS; sex specificity unestablished
labellum_orphan_neuron,0,0,1,0,,female name unmatched in MaleCNS; sex specificity unestablished
long_tendon_muscle,0,0,48,0,,female name unmatched in MaleCNS; sex specificity unestablished
m-NSC,0,0,9,0,,female name unmatched in MaleCNS; sex specificity unestablished
mAL5A,0,6,5,0,,female name unmatched in MaleCNS; sex specificity unestablished
mAL_f1,0,8,7,0,,female name unmatched in MaleCNS; sex specificity unestablished
mAL_f2,0,6,11,0,,female name unmatched in MaleCNS; sex specificity unestablished
mAL_f3,0,10,21,0,,female name unmatched in MaleCNS; sex specificity unestablished
mAL_f4,0,10,6,0,,female name unmatched in MaleCNS; sex specificity unestablished
mAL_m1,12,0,0,12,fru_high,MaleCNS source dimorphism=male-specific; annotation applies to these cells
mAL_m10,2,0,0,2,fru_high,MaleCNS source dimorphism=male-specific; annotation applies to these cells
mAL_m11,2,0,0,2,fru_high,MaleCNS source dimorphism=male-specific; annotation applies to these cells
mAL_m2a,4,0,0,4,fru_high,MaleCNS source dimorphism=male-specific; annotation applies to these cells
mAL_m2b,6,0,0,6,fru_high,MaleCNS source dimorphism=male-specific; annotation applies to these cells
mAL_m3a,3,0,0,3,fru_high,MaleCNS source dimorphism=male-specific; annotation applies to these cells
mAL_m3b,8,0,0,8,fru_high,MaleCNS source dimorphism=male-specific; annotation applies to these cells
mAL_m3c,10,0,0,10,fru_high,MaleCNS source dimorphism=male-specific; annotation applies to these cells
mAL_m4,3,0,0,3,fru_high,MaleCNS source dimorphism=male-specific; annotation applies to these cells
mAL_m5a,6,0,0,6,fru_high,MaleCNS source dimorphism=male-specific; annotation applies to these cells
mAL_m5b,6,0,0,6,fru_high,MaleCNS source dimorphism=male-specific; annotation applies to these cells
mAL_m5c,6,0,0,6,fru_high,MaleCNS source dimorphism=male-specific; annotation applies to these cells
mAL_m6,8,0,0,8,fru_high,MaleCNS source dimorphism=male-specific; annotation applies to these cells
mAL_m7,2,0,0,2,fru_high,MaleCNS source dimorphism=male-specific; annotation applies to these cells
mAL_m8,16,0,0,16,fru_high,MaleCNS source dimorphism=male-specific; annotation applies to these cells
mAL_m9,4,0,0,4,fru_high,MaleCNS source dimorphism=male-specific; annotation applies to these cells
m_NSC_DH44,0,6,6,0,,female name unmatched in MaleCNS; sex specificity unestablished
m_NSC_DILP,0,18,16,0,,female name unmatched in MaleCNS; sex specificity unestablished
m_NSC_DMS,0,6,6,0,,female name unmatched in MaleCNS; sex specificity unestablished
m_NSC_unknown,0,10,0,0,,female name unmatched in MaleCNS; sex specificity unestablished
ocellar_retinula_cell,0,273,0,0,,female name unmatched in MaleCNS; sex specificity unestablished
oviDN,0,0,13,0,,female name unmatched in MaleCNS; sex specificity unestablished
oviDNa_a,0,2,0,0,,female name unmatched in MaleCNS; sex specificity unestablished
oviDNa_b,0,2,0,0,,female name unmatched in MaleCNS; sex specificity unestablished
oviDNb,0,2,0,0,,female name unmatched in MaleCNS; sex specificity unestablished
pC1_10a,2,0,0,2,dsx_high,MaleCNS source dimorphism=male-specific; annotation applies to these cells
pC1_10b,4,0,0,4,dsx_high,MaleCNS source dimorphism=male-specific; annotation applies to these cells
pC1_10c,4,0,0,4,dsx_high,MaleCNS source dimorphism=male-specific; annotation applies to these cells
pC1_10d,3,0,0,3,dsx_high,MaleCNS source dimorphism=male-specific; annotation applies to these cells
pC1_11a,2,0,0,2,dsx_high,MaleCNS source dimorphism=male-specific; annotation applies to these cells
pC1_11b,2,0,0,2,dsx_high,MaleCNS source dimorphism=male-specific; annotation applies to these cells
pC1_12a,2,0,0,2,coexpress_low,MaleCNS source dimorphism=male-specific; annotation applies to these cells
pC1_12b,4,0,0,4,dsx_high,MaleCNS source dimorphism=male-specific; annotation applies to these cells
pC1_15a,2,0,0,2,coexpress_high,MaleCNS source dimorphism=male-specific; annotation applies to these cells
pC1_15b,2,0,0,2,coexpress_low,MaleCNS source dimorphism=male-specific; annotation applies to these cells
pC1_15c,3,0,0,3,coexpress_low,MaleCNS source dimorphism=male-specific; annotation applies to these cells
pC1_16a,5,0,0,5,coexpress_high,MaleCNS source dimorphism=male-specific; annotation applies to these cells
pC1_16b,8,0,0,8,coexpress_high,MaleCNS source dimorphism=male-specific; annotation applies to these cells
pC1_17a,3,0,0,3,coexpress_low,MaleCNS source dimorphism=male-specific; annotation applies to these cells
pC1_17b,5,0,0,5,coexpress_low,MaleCNS source dimorphism=male-specific; annotation applies to these cells
pC1_18a,2,0,0,2,dsx_low,MaleCNS source dimorphism=male-specific; annotation applies to these cells
pC1_18b,4,0,0,4,dsx_low,MaleCNS source dimorphism=male-specific; annotation applies to these cells
pC1_19,7,0,0,7,dsx_high,MaleCNS source dimorphism=male-specific; annotation applies to these cells
pC1_1a,7,0,0,7,coexpress_high,MaleCNS source dimorphism=male-specific; annotation applies to these cells
pC1_1b,2,0,0,2,coexpress_high,MaleCNS source dimorphism=male-specific; annotation applies to these cells
pC1_2a,4,0,0,4,coexpress_high,MaleCNS source dimorphism=male-specific; annotation applies to these cells
pC1_2a/2b,1,0,0,1,coexpress_high,MaleCNS source dimorphism=male-specific; annotation applies to these cells
pC1_2b,2,0,0,2,coexpress_high,MaleCNS source dimorphism=male-specific; annotation applies to these cells
pC1_2c,2,0,0,2,coexpress_high,MaleCNS source dimorphism=male-specific; annotation applies to these cells
pC1_3a,2,0,0,2,coexpress_high,MaleCNS source dimorphism=male-specific; annotation applies to these cells
pC1_3b,2,0,0,2,coexpress_high,MaleCNS source dimorphism=male-specific; annotation applies to these cells
pC1_3c,4,0,0,4,coexpress_high,MaleCNS source dimorphism=male-specific; annotation applies to these cells
pC1_4a,6,0,0,6,dsx_high,MaleCNS source dimorphism=male-specific; annotation applies to these cells
pC1_4b,2,0,0,2,dsx_high,MaleCNS source dimorphism=male-specific; annotation applies to these cells
pC1_5a,2,0,0,2,coexpress_low,MaleCNS source dimorphism=male-specific; annotation applies to these cells
pC1_5b,4,0,0,4,coexpress_high,MaleCNS source dimorphism=male-specific; annotation applies to these cells
pC1_6a,6,0,0,6,coexpress_low,MaleCNS source dimorphism=male-specific; annotation applies to these cells
pC1_6b,2,0,0,2,coexpress_high,MaleCNS source dimorphism=male-specific; annotation applies to these cells
pC1_7a,4,0,0,4,coexpress_low,MaleCNS source dimorphism=male-specific; annotation applies to these cells
pC1_7b,4,0,0,4,coexpress_low,MaleCNS source dimorphism=male-specific; annotation applies to these cells
pC1_8a,2,0,0,2,dsx_high,MaleCNS source dimorphism=male-specific; annotation applies to these cells
pC1_8b,2,0,0,2,dsx_high,MaleCNS source dimorphism=male-specific; annotation applies to these cells
pC1_8c,2,0,0,2,dsx_high,MaleCNS source dimorphism=male-specific; annotation applies to these cells
pC1a,0,2,2,0,,female name unmatched in MaleCNS; sex specificity unestablished
pC1c,0,2,2,0,,female name unmatched in MaleCNS; sex specificity unestablished
pC1d,0,2,2,0,,female name unmatched in MaleCNS; sex specificity unestablished
pC1e,0,2,2,0,,female name unmatched in MaleCNS; sex specificity unestablished
pC2la,0,1,0,0,,female name unmatched in MaleCNS; sex specificity unestablished
pIP1,2,0,0,2,fru_high,MaleCNS source dimorphism=male-specific; annotation applies to these cells
pIP10,2,0,0,2,fru_high,MaleCNS source dimorphism=male-specific; annotation applies to these cells
pIP9,0,0,2,0,,female name unmatched in MaleCNS; sex specificity unestablished
pMP2,2,0,0,2,fru_high,MaleCNS source dimorphism=male-specific; annotation applies to these cells
pleural_remotor_abductor,0,0,8,0,,female name unmatched in MaleCNS; sex specificity unestablished
ps1,0,0,2,0,,female name unmatched in MaleCNS; sex specificity unestablished
ps2,0,0,2,0,,female name unmatched in MaleCNS; sex specificity unestablished
s-CPDN3A,0,38,0,0,,female name unmatched in MaleCNS; sex specificity unestablished
s-CPDN3B,0,25,0,0,,female name unmatched in MaleCNS; sex specificity unestablished
s-CPDN3C,0,32,0,0,,female name unmatched in MaleCNS; sex specificity unestablished
s-CPDN3D,0,37,0,0,,female name unmatched in MaleCNS; sex specificity unestablished
s-CPDN3E,0,25,0,0,,female name unmatched in MaleCNS; sex specificity unestablished
s-LNv_a,0,0,2,0,,female name unmatched in MaleCNS; sex specificity unestablished
sensory_fragment,0,0,388,0,,female name unmatched in MaleCNS; sex specificity unestablished
sternal_adductor,0,0,5,0,,female name unmatched in MaleCNS; sex specificity unestablished
sternal_anterior_rotator,0,0,12,0,,female name unmatched in MaleCNS; sex specificity unestablished
sternal_posterior_rotator,0,0,24,0,,female name unmatched in MaleCNS; sex specificity unestablished
sternotrochanter,0,0,16,0,,female name unmatched in MaleCNS; sex specificity unestablished
tarsus_depressor,0,0,22,0,,female name unmatched in MaleCNS; sex specificity unestablished
tarsus_levator,0,0,7,0,,female name unmatched in MaleCNS; sex specificity unestablished
tergopleural_promotor,0,0,8,0,,female name unmatched in MaleCNS; sex specificity unestablished
tergotrochanter,0,0,18,0,,female name unmatched in MaleCNS; sex specificity unestablished
tibia_extensor,0,0,12,0,,female name unmatched in MaleCNS; sex specificity unestablished
tibia_flexor,0,0,30,0,,female name unmatched in MaleCNS; sex specificity unestablished
tp1,0,0,2,0,,female name unmatched in MaleCNS; sex specificity unestablished
tp2,0,0,2,0,,female name unmatched in MaleCNS; sex specificity unestablished
tpn,0,0,2,0,,female name unmatched in MaleCNS; sex specificity unestablished
trochanter_extensor,0,0,12,0,,female name unmatched in MaleCNS; sex specificity unestablished
trochanter_flexor,0,0,45,0,,female name unmatched in MaleCNS; sex specificity unestablished
unknown_antennal_sensory,0,0,53,0,,female name unmatched in MaleCNS; sex specificity unestablished
unknown_maxillary-labial_sensory,0,0,11,0,,female name unmatched in MaleCNS; sex specificity unestablished
unknown_sensory,0,0,66,0,,female name unmatched in MaleCNS; sex specificity unestablished
vDelta,0,0,2,0,,female name unmatched in MaleCNS; sex specificity unestablished
vDeltaI,0,0,32,0,,female name unmatched in MaleCNS; sex specificity unestablished
vMS12,0,0,7,0,,female name unmatched in MaleCNS; sex specificity unestablished
vMS16,2,0,0,2,fru_high,MaleCNS source dimorphism=male-specific; annotation applies to these cells
vMS17,2,0,0,2,,MaleCNS source dimorphism=male-specific; annotation applies to these cells
ventral_cervical_nerve_cut,0,0,3,0,,female name unmatched in MaleCNS; sex specificity unestablished
