bodyId,type,side,seed_bodyId,hex1,hex2,hex_source,seed_displaced_for_injectivity,seed_assignment_distance
720575941353808176,Mi1,R,720575941353808176,17,10,connectivity_candidate,True,0.593060619
720575941353990960,Mi1,R,720575941353990960,2,3,connectivity_candidate,False,0.033322301
720575941391433732,Mi1,R,720575941391433732,-7,-2,connectivity_candidate,False,0.0442874685
720575941391584150,Mi1,R,720575941391584150,-1,13,connectivity_candidate,False,0.0349117215
720575941393983236,Mi1,R,720575941393983236,11,9,connectivity_candidate,False,0.0320279013
720575941394040836,Mi1,R,720575941394040836,-1,-13,connectivity_candidate,False,0.1396439
720575941394657174,Mi1,R,720575941394657174,-1,8,connectivity_candidate,False,0.0269141236
720575941394870422,Mi1,R,720575941394870422,-7,-16,connectivity_candidate,True,0.832873548
720575941400313891,Mi1,R,720575941400313891,4,16,connectivity_candidate,True,0.821653428
720575941400314659,Mi1,R,720575941400314659,1,12,connectivity_candidate,False,0.0357516645
720575941403028515,Mi1,R,720575941403028515,17,7,connectivity_candidate,True,0.979470853
720575941403213936,Mi1,R,720575941403213936,0,16,connectivity_candidate,True,0.897806734
720575941403214115,Mi1,R,720575941403214115,-3,1,connectivity_candidate,False,0.0342128483
720575941405961584,Mi1,R,720575941405961584,-5,-11,connectivity_candidate,False,0.0266858973
720575941406001008,Mi1,R,720575941406001008,12,10,connectivity_candidate,False,0.0327072339
720575941406691375,Mi1,R,720575941406691375,-9,8,connectivity_candidate,False,0.612934469
720575941408270383,Mi1,R,720575941408270383,-10,-5,connectivity_candidate,False,0.0517747626
720575941409478447,Mi1,R,720575941409478447,-3,-16,connectivity_candidate,False,0.23889945
720575941409603243,Mi1,R,720575941409603243,-9,-6,connectivity_candidate,False,0.0479111255
720575941409612715,Mi1,R,720575941409612715,-11,-5,connectivity_candidate,False,0.0597508149
720575941409700526,Mi1,R,720575941409700526,11,13,connectivity_candidate,False,0.0301362066
720575941409703598,Mi1,R,720575941409703598,6,12,connectivity_candidate,False,0.0318443698
720575941409775022,Mi1,R,720575941409775022,-13,-6,connectivity_candidate,False,0.21964102
720575941410156591,Mi1,R,720575941410156591,16,6,connectivity_candidate,False,0.0310300974
720575941410754415,Mi1,R,720575941410754415,-15,-13,connectivity_candidate,True,0.841198543
720575941411300719,Mi1,R,720575941411300719,4,5,connectivity_candidate,False,0.0333561092
720575941412392107,Mi1,R,720575941412392107,11,6,connectivity_candidate,False,0.0330976784
720575941412395179,Mi1,R,720575941412395179,5,8,connectivity_candidate,False,0.104714758
720575941412540308,Mi1,R,720575941412540308,11,-3,connectivity_candidate,False,0.0485841516
720575941412540564,Mi1,R,720575941412540564,2,-9,connectivity_candidate,False,0.580223991
720575941412634769,Mi1,R,720575941412634769,-3,10,connectivity_candidate,False,0.0391189641
720575941412673428,Mi1,R,720575941412673428,-11,0,connectivity_candidate,True,0.675888736
720575941412981931,Mi1,R,720575941412981931,0,2,connectivity_candidate,False,0.0327826938
720575941413302164,Mi1,R,720575941413302164,-7,-18,connectivity_candidate,True,0.847257559
720575941413727599,Mi1,R,720575941413727599,-14,-3,connectivity_candidate,False,0.394343149
720575941413964692,Mi1,R,720575941413964692,12,6,connectivity_candidate,False,0.0330160027
720575941414206868,Mi1,R,720575941414206868,9,-3,connectivity_candidate,False,0.0424637911
720575941414421393,Mi1,R,720575941414421393,7,13,connectivity_candidate,False,0.0322934163
720575941414533268,Mi1,R,720575941414533268,-13,-9,connectivity_candidate,False,0.284531131
720575941414646044,Mi1,R,720575941414646044,8,-7,connectivity_candidate,False,0.0627845902
720575941414646812,Mi1,R,720575941414646812,9,-7,connectivity_candidate,False,0.0566849353
720575941415051292,Mi1,R,720575941415051292,6,9,connectivity_candidate,False,0.0330847976
720575941415753361,Mi1,R,720575941415753361,-10,-15,connectivity_candidate,True,0.816374887
720575941415964564,Mi1,R,720575941415964564,-14,-6,connectivity_candidate,False,0.179706192
720575941416290844,Mi1,R,720575941416290844,-2,0,connectivity_candidate,False,0.0361491461
720575941417731612,Mi1,R,720575941417731612,-3,-11,connectivity_candidate,False,0.0222381515
720575941418121244,Mi1,R,720575941418121244,12,13,connectivity_candidate,False,0.0348770892
720575941425703508,Mi1,R,720575941425703508,7,17,connectivity_candidate,False,0.438985743
720575941425704276,Mi1,R,720575941425704276,-2,-14,connectivity_candidate,False,0.133870425
720575941425705812,Mi1,R,720575941425705812,3,-6,connectivity_candidate,False,0.0354907605
720575941426189908,Mi1,R,720575941426189908,11,16,connectivity_candidate,False,0.0374458335
720575941426422356,Mi1,R,720575941426422356,-10,-18,connectivity_candidate,True,0.972965188
720575941429210799,Mi1,R,720575941429210799,-14,-2,connectivity_candidate,False,0.395172365
720575941429599625,Mi1,R,720575941429599625,-3,-3,connectivity_candidate,False,0.0370862723
720575941429600393,Mi1,R,720575941429600393,10,-4,connectivity_candidate,False,0.0467484981
720575941429638904,Mi1,R,720575941429638904,-5,7,connectivity_candidate,False,0.492790996
720575941430800087,Mi1,R,720575941430800087,15,11,connectivity_candidate,False,0.0352859756
720575941430873737,Mi1,R,720575941430873737,-4,0,connectivity_candidate,False,0.0394822793
720575941431583758,Mi1,R,720575941431583758,-1,9,connectivity_candidate,False,0.0297874615
720575941432166615,Mi1,R,720575941432166615,5,-5,connectivity_candidate,False,0.0385446407
720575941432472751,Mi1,R,720575941432472751,-10,-12,connectivity_candidate,False,0.282805736
720575941433303649,Mi1,R,720575941433303649,16,10,connectivity_candidate,False,0.385701269
720575941433734542,Mi1,R,720575941433734542,3,9,connectivity_candidate,False,0.0302880061
720575941433767639,Mi1,R,720575941433767639,-1,7,connectivity_candidate,False,0.0217219257
720575941433938976,Mi1,R,720575941433938976,10,-3,connectivity_candidate,False,0.0449937341
720575941433939744,Mi1,R,720575941433939744,-8,-5,connectivity_candidate,False,0.0448339924
720575941433996064,Mi1,R,720575941433996064,-2,-4,connectivity_candidate,False,0.034909232
720575941434349326,Mi1,R,720575941434349326,-13,-8,connectivity_candidate,False,0.226075811
720575941434529312,Mi1,R,720575941434529312,-6,-5,connectivity_candidate,False,0.0406947099
720575941434899086,Mi1,R,720575941434899086,-2,-12,connectivity_candidate,False,0.0947310233
720575941436428332,Mi1,R,720575941436428332,12,14,connectivity_candidate,False,0.0378605871
720575941436543788,Mi1,R,720575941436543788,2,13,connectivity_candidate,False,0.0378435908
720575941437574719,Mi1,R,720575941437574719,-7,4,connectivity_candidate,False,0.492907186
720575941437783007,Mi1,R,720575941437783007,-8,2,connectivity_candidate,False,0.15722166
720575941438128684,Mi1,R,720575941438128684,-1,-15,connectivity_candidate,True,0.752330359
720575941438246188,Mi1,R,720575941438246188,-13,-5,connectivity_candidate,False,0.218754909
720575941439177183,Mi1,R,720575941439177183,-6,-14,connectivity_candidate,True,0.829898796
720575941439202322,Mi1,R,720575941439202322,-7,9,connectivity_candidate,False,0.505051437
720575941439538523,Mi1,R,720575941439538523,1,5,connectivity_candidate,False,0.0302693572
720575941439665938,Mi1,R,720575941439665938,-4,1,connectivity_candidate,False,0.0410258836
720575941439697964,Mi1,R,720575941439697964,-10,-13,connectivity_candidate,True,0.687632277
720575941439735503,Mi1,R,720575941439735503,-17,-6,connectivity_candidate,True,0.774604354
720575941439749676,Mi1,R,720575941439749676,9,9,connectivity_candidate,False,0.0372484048
720575941439831503,Mi1,R,720575941439831503,-9,-9,connectivity_candidate,False,0.0480010493
720575941440279503,Mi1,R,720575941440279503,12,16,connectivity_candidate,False,0.0411372237
720575941440390444,Mi1,R,720575941440390444,16,14,connectivity_candidate,False,0.064793369
720575941440417371,Mi1,R,720575941440417371,5,2,connectivity_candidate,False,0.0342435434
720575941440450860,Mi1,R,720575941440450860,13,3,connectivity_candidate,False,0.0330499612
720575941440821215,Mi1,R,720575941440821215,9,-1,connectivity_candidate,False,0.0373022447
720575941441128895,Mi1,R,720575941441128895,8,2,connectivity_candidate,False,0.0343378806
720575941442585691,Mi1,R,720575941442585691,-3,13,connectivity_candidate,False,0.431304369
720575941443050922,Mi1,R,720575941443050922,5,-4,connectivity_candidate,False,0.03693665
720575941443054506,Mi1,R,720575941443054506,10,7,connectivity_candidate,False,0.0328323584
720575941443056042,Mi1,R,720575941443056042,5,4,connectivity_candidate,False,0.0337205907
720575941443560106,Mi1,R,720575941443560106,-9,-8,connectivity_candidate,False,0.0453776419
720575941443656874,Mi1,R,720575941443656874,-9,-5,connectivity_candidate,False,0.0489585023
720575941443679951,Mi1,R,720575941443679951,1,-10,connectivity_candidate,False,0.0220829753
720575941445851412,Mi1,R,720575941445851412,1,6,connectivity_candidate,False,0.0292230143
720575941446769834,Mi1,R,720575941446769834,16,11,connectivity_candidate,False,0.399920407
720575941447834549,Mi1,R,720575941447834549,-2,15,connectivity_candidate,False,0.412008215
720575941448342197,Mi1,R,720575941448342197,-13,-12,connectivity_candidate,False,0.284715268
720575941448447822,Mi1,R,720575941448447822,-10,-7,connectivity_candidate,False,0.0499902947
720575941448457821,Mi1,R,720575941448457821,-12,-4,connectivity_candidate,True,0.536662795
720575941448504654,Mi1,R,720575941448504654,15,3,connectivity_candidate,False,0.0312561628
720575941448506446,Mi1,R,720575941448506446,4,-5,connectivity_candidate,False,0.0363103083
720575941448601181,Mi1,R,720575941448601181,-8,6,connectivity_candidate,False,0.501253387
720575941448602461,Mi1,R,720575941448602461,-1,6,connectivity_candidate,False,0.022953074
720575941449093813,Mi1,R,720575941449093813,9,3,connectivity_candidate,False,0.0337970857
720575941449103438,Mi1,R,720575941449103438,-13,-16,connectivity_candidate,False,0.414255069
720575941449465108,Mi1,R,720575941449465108,-8,-2,connectivity_candidate,False,0.0461804587
720575941449501277,Mi1,R,720575941449501277,-1,-6,connectivity_candidate,False,0.031687171
720575941450209914,Mi1,R,720575941450209914,9,16,connectivity_candidate,False,0.0377884014
720575941450991797,Mi1,R,720575941450991797,-1,10,connectivity_candidate,False,0.0356016086
720575941451143751,Mi1,R,720575941451143751,-10,2,connectivity_candidate,False,0.292475292
720575941451190109,Mi1,R,720575941451190109,16,7,connectivity_candidate,False,0.029389334
720575941451301447,Mi1,R,720575941451301447,-5,-1,connectivity_candidate,False,0.0407650234
720575941451450793,Mi1,R,720575941451450793,-1,12,connectivity_candidate,False,0.0391392133
720575941451887482,Mi1,R,720575941451887482,-6,-8,connectivity_candidate,False,0.0351997404
720575941451980922,Mi1,R,720575941451980922,-6,-3,connectivity_candidate,False,0.0421605189
720575941452073038,Mi1,R,720575941452073038,0,-9,connectivity_candidate,False,0.0242699593
720575941453047347,Mi1,R,720575941453047347,4,13,connectivity_candidate,False,0.0318645836
720575941453514803,Mi1,R,720575941453514803,2,7,connectivity_candidate,False,0.0314752599
720575941453822633,Mi1,R,720575941453822633,-4,-14,connectivity_candidate,False,0.110815441
720575941454104233,Mi1,R,720575941454104233,14,2,connectivity_candidate,False,0.0312163169
720575941454204999,Mi1,R,720575941454204999,-10,-16,connectivity_candidate,True,0.82107668
720575941454343219,Mi1,R,720575941454343219,14,7,connectivity_candidate,False,0.0326063554
720575941454843373,Mi1,R,720575941454843373,6,14,connectivity_candidate,False,0.0306648089
720575941454933485,Mi1,R,720575941454933485,-4,3,connectivity_candidate,False,0.0157959125
720575941455158509,Mi1,R,720575941455158509,3,1,connectivity_candidate,False,0.0341832149
720575941456101535,Mi1,R,720575941456101535,7,7,connectivity_candidate,False,0.0343263325
720575941456842224,Mi1,R,720575941456842224,2,10,connectivity_candidate,False,0.0308837672
720575941457289968,Mi1,R,720575941457289968,14,12,connectivity_candidate,False,0.033743084
720575941457317360,Mi1,R,720575941457317360,-6,-13,connectivity_candidate,False,0.0229977872
720575941457994566,Mi1,R,720575941457994566,10,0,connectivity_candidate,False,0.0358821679
720575941458307056,Mi1,R,720575941458307056,2,-5,connectivity_candidate,False,0.0330221461
720575941459586500,Mi1,R,720575941459586500,-7,0,connectivity_candidate,True,1.00550592
720575941459725267,Mi1,R,720575941459725267,3,14,connectivity_candidate,False,0.0663008527
720575941459726291,Mi1,R,720575941459726291,-17,-8,connectivity_candidate,True,0.628888474
720575941460073200,Mi1,R,720575941460073200,-2,-6,connectivity_candidate,False,0.0326871888
720575941460129988,Mi1,R,720575941460129988,2,15,connectivity_candidate,False,0.0479802869
720575941460315792,Mi1,R,720575941460315792,-13,0,connectivity_candidate,True,1.12714627
720575941460445599,Mi1,R,720575941460445599,-5,3,connectivity_candidate,False,0.0189074074
720575941460473744,Mi1,R,720575941460473744,4,15,connectivity_candidate,False,0.0716058349
720575941461049811,Mi1,R,720575941461049811,-10,-2,connectivity_candidate,True,0.488726341
720575941462650579,Mi1,R,720575941462650579,14,0,connectivity_candidate,False,0.186855084
720575941462769860,Mi1,R,720575941462769860,12,5,connectivity_candidate,False,0.0331451879
720575941463048900,Mi1,R,720575941463048900,9,8,connectivity_candidate,False,0.0384083204
720575941463417284,Mi1,R,720575941463417284,10,8,connectivity_candidate,False,0.0320968781
720575941463572237,Mi1,R,720575941463572237,9,13,connectivity_candidate,False,0.0334139384
720575941463615888,Mi1,R,720575941463615888,-8,8,connectivity_candidate,False,0.504952752
720575941464858381,Mi1,R,720575941464858381,10,-7,connectivity_candidate,False,0.0552292536
720575941465397005,Mi1,R,720575941465397005,-5,-3,connectivity_candidate,False,0.0406742113
720575941465488406,Mi1,R,720575941465488406,15,5,connectivity_candidate,False,0.0321437819
720575941467371030,Mi1,R,720575941467371030,5,-2,connectivity_candidate,False,0.0354516474
720575941467830493,Mi1,R,720575941467830493,-1,-9,connectivity_candidate,False,0.0249614893
720575941468238045,Mi1,R,720575941468238045,1,14,connectivity_candidate,False,0.0513659772
720575941468469014,Mi1,R,720575941468469014,13,4,connectivity_candidate,False,0.0333367956
720575941468502358,Mi1,R,720575941468502358,3,7,connectivity_candidate,False,0.0352365255
720575941468534358,Mi1,R,720575941468534358,-7,-5,connectivity_candidate,False,0.0425181138
720575941469118583,Mi1,R,720575941469118583,-5,-16,connectivity_candidate,True,0.848785665
720575941469633911,Mi1,R,720575941469633911,2,-12,connectivity_candidate,True,0.668576923
720575941469634167,Mi1,R,720575941469634167,-10,-8,connectivity_candidate,False,0.0448373319
720575941469685312,Mi1,R,720575941469685312,-11,4,connectivity_candidate,True,1.09055081
720575941469685771,Mi1,R,720575941469685771,-17,-9,connectivity_candidate,True,0.698582881
720575941469797952,Mi1,R,720575941469797952,12,3,connectivity_candidate,False,0.0335409198
720575941469976587,Mi1,R,720575941469976587,-8,-6,connectivity_candidate,False,0.0439943312
720575941469982475,Mi1,R,720575941469982475,-14,-9,connectivity_candidate,False,0.226892041
720575941470077451,Mi1,R,720575941470077451,13,9,connectivity_candidate,False,0.0325735568
720575941471167243,Mi1,R,720575941471167243,12,-3,connectivity_candidate,False,0.121993656
720575941471509213,Mi1,R,720575941471509213,1,15,connectivity_candidate,False,0.037478919
720575941471563584,Mi1,R,720575941471563584,6,-11,connectivity_candidate,False,0.423697904
720575941471853152,Mi1,R,720575941471853152,2,-6,connectivity_candidate,False,0.0337788226
720575941471891552,Mi1,R,720575941471891552,7,-4,connectivity_candidate,False,0.039648477
720575941472465015,Mi1,R,720575941472465015,12,1,connectivity_candidate,False,0.033630701
720575941472912682,Mi1,R,720575941472912682,1,-3,connectivity_candidate,False,0.0338288094
720575941473329194,Mi1,R,720575941473329194,-5,-2,connectivity_candidate,False,0.0408378366
720575941473378090,Mi1,R,720575941473378090,8,-4,connectivity_candidate,False,0.0417653075
720575941473907259,Mi1,R,720575941473907259,-5,5,connectivity_candidate,False,0.025175342
720575941475215675,Mi1,R,720575941475215675,0,12,connectivity_candidate,False,0.0386668509
720575941475226976,Mi1,R,720575941475226976,5,6,connectivity_candidate,False,0.0333338976
720575941475241568,Mi1,R,720575941475241568,4,1,connectivity_candidate,False,0.0342696956
720575941475276347,Mi1,R,720575941475276347,-11,5,connectivity_candidate,False,0.572233734
720575941475297054,Mi1,R,720575941475297054,8,13,connectivity_candidate,False,0.0331420326
720575941475434289,Mi1,R,720575941475434289,13,19,connectivity_candidate,False,0.0455080837
720575941475538225,Mi1,R,720575941475538225,-8,-9,connectivity_candidate,False,0.0440403405
720575941475633438,Mi1,R,720575941475633438,8,3,connectivity_candidate,False,0.0340194745
720575941475815466,Mi1,R,720575941475815466,-8,1,connectivity_candidate,False,0.336171647
720575941476051764,Mi1,R,720575941476051764,-9,0,connectivity_candidate,False,0.377035333
720575941476531818,Mi1,R,720575941476531818,5,-7,connectivity_candidate,False,0.0421988764
720575941476532074,Mi1,R,720575941476532074,6,-6,connectivity_candidate,False,0.0419614371
720575941476533866,Mi1,R,720575941476533866,5,-6,connectivity_candidate,False,0.0398518134
720575941476567611,Mi1,R,720575941476567611,-14,-11,connectivity_candidate,False,0.283502352
720575941476828778,Mi1,R,720575941476828778,-8,0,connectivity_candidate,False,0.0610534687
720575941478058545,Mi1,R,720575941478058545,-1,-7,connectivity_candidate,False,0.0298797504
720575941478225376,Mi1,R,720575941478225376,-9,-13,connectivity_candidate,True,0.805178341
720575941478314602,Mi1,R,720575941478314602,-11,-12,connectivity_candidate,False,0.281799467
720575941478427444,Mi1,R,720575941478427444,5,-8,connectivity_candidate,False,0.0437900237
720575941478439220,Mi1,R,720575941478439220,-12,-14,connectivity_candidate,False,0.345755744
720575941478851552,Mi1,R,720575941478851552,-10,7,connectivity_candidate,True,0.577029107
720575941478880321,Mi1,R,720575941478880321,7,8,connectivity_candidate,False,0.033636198
720575941478882784,Mi1,R,720575941478882784,-4,9,connectivity_candidate,False,0.0417924997
720575941479014465,Mi1,R,720575941479014465,-8,-11,connectivity_candidate,False,0.0414859657
720575941479169871,Mi1,R,720575941479169871,-2,-13,connectivity_candidate,False,0.131724685
720575941479170639,Mi1,R,720575941479170639,15,2,connectivity_candidate,False,0.0210998272
720575941479171151,Mi1,R,720575941479171151,1,-11,connectivity_candidate,False,0.0491240528
720575941479171407,Mi1,R,720575941479171407,1,-12,connectivity_candidate,False,0.160435002
720575941479225423,Mi1,R,720575941479225423,-4,-6,connectivity_candidate,False,0.0356891409
720575941479236943,Mi1,R,720575941479236943,9,-5,connectivity_candidate,False,0.0459781059
720575941479237711,Mi1,R,720575941479237711,6,-2,connectivity_candidate,False,0.0364098419
720575941479283395,Mi1,R,720575941479283395,-12,1,connectivity_candidate,True,0.809165171
720575941479379619,Mi1,R,720575941479379619,4,8,connectivity_candidate,False,0.0368612447
720575941479380131,Mi1,R,720575941479380131,-5,2,connectivity_candidate,False,0.0360359089
720575941479380643,Mi1,R,720575941479380643,-10,6,connectivity_candidate,False,0.526924831
720575941479485263,Mi1,R,720575941479485263,5,9,connectivity_candidate,False,0.0348239361
720575941479718307,Mi1,R,720575941479718307,3,-2,connectivity_candidate,False,0.0342826721
720575941479727840,Mi1,R,720575941479727840,-4,-10,connectivity_candidate,False,0.0271960634
720575941479810154,Mi1,R,720575941479810154,3,-3,connectivity_candidate,False,0.0342891797
720575941480281027,Mi1,R,720575941480281027,11,15,connectivity_candidate,False,0.0337167209
720575941480342914,Mi1,R,720575941480342914,-5,-6,connectivity_candidate,False,0.0370528164
720575941480585155,Mi1,R,720575941480585155,13,16,connectivity_candidate,False,0.0470423773
720575941480588995,Mi1,R,720575941480588995,14,14,connectivity_candidate,False,0.0356471355
720575941481180611,Mi1,R,720575941481180611,-1,-1,connectivity_candidate,False,0.0356977861
720575941481257952,Mi1,R,720575941481257952,6,3,connectivity_candidate,False,0.0340858477
720575941481544134,Mi1,R,720575941481544134,-16,-14,connectivity_candidate,False,0.326895913
720575941481651139,Mi1,R,720575941481651139,4,-11,connectivity_candidate,True,0.58785552
720575941481743546,Mi1,R,720575941481743546,-16,-12,connectivity_candidate,False,0.280456926
720575941481773507,Mi1,R,720575941481773507,2,9,connectivity_candidate,False,0.0301585338
720575941482094522,Mi1,R,720575941482094522,7,-5,connectivity_candidate,False,0.0419334014
720575941482128058,Mi1,R,720575941482128058,-13,2,connectivity_candidate,False,0.160832968
720575941482199805,Mi1,R,720575941482199805,4,14,connectivity_candidate,False,0.437494638
720575941482200962,Mi1,R,720575941482200962,8,-1,connectivity_candidate,False,0.0367840731
720575941482276943,Mi1,R,720575941482276943,5,-12,connectivity_candidate,True,0.899174603
720575941482337359,Mi1,R,720575941482337359,-5,-4,connectivity_candidate,False,0.0397745319
720575941482588611,Mi1,R,720575941482588611,-1,-12,connectivity_candidate,False,0.131650586
720575941482765391,Mi1,R,720575941482765391,-12,-13,connectivity_candidate,True,0.840409302
720575941483405821,Mi1,R,720575941483405821,1,-15,connectivity_candidate,True,0.481842747
720575941484452674,Mi1,R,720575941484452674,4,-6,connectivity_candidate,False,0.0381789645
720575941484623682,Mi1,R,720575941484623682,8,15,connectivity_candidate,False,0.0377049539
720575941484706626,Mi1,R,720575941484706626,7,9,connectivity_candidate,False,0.0320296611
720575941484806662,Mi1,R,720575941484806662,3,-9,connectivity_candidate,False,0.044765413
720575941485989328,Mi1,R,720575941485989328,-4,-7,connectivity_candidate,False,0.0332565896
720575941485989840,Mi1,R,720575941485989840,4,-12,connectivity_candidate,False,0.345467511
720575941486238349,Mi1,R,720575941486238349,-3,-5,connectivity_candidate,False,0.0351974585
720575941486259778,Mi1,R,720575941486259778,10,1,connectivity_candidate,False,0.0351520397
720575941486432006,Mi1,R,720575941486432006,10,10,connectivity_candidate,False,0.0301926046
720575941486453200,Mi1,R,720575941486453200,8,-6,connectivity_candidate,False,0.0464561735
720575941487329232,Mi1,R,720575941487329232,12,2,connectivity_candidate,False,0.033808038
720575941487859206,Mi1,R,720575941487859206,-3,8,connectivity_candidate,False,0.0397396908
720575941488329734,Mi1,R,720575941488329734,8,5,connectivity_candidate,False,0.0337149039
720575941489315273,Mi1,R,720575941489315273,-4,5,connectivity_candidate,False,0.00975209272
720575941489482700,Mi1,R,720575941489482700,-3,-14,connectivity_candidate,False,0.129935343
720575941489486796,Mi1,R,720575941489486796,5,-10,connectivity_candidate,True,0.980552529
720575941489741262,Mi1,R,720575941489741262,13,15,connectivity_candidate,False,0.0388749272
720575941489809358,Mi1,R,720575941489809358,-7,-4,connectivity_candidate,False,0.0431247168
720575941490845132,Mi1,R,720575941490845132,-4,-12,connectivity_candidate,False,0.0221783604
720575941491148341,Mi1,R,720575941491148341,7,1,connectivity_candidate,False,0.0347638337
720575941491435184,Mi1,R,720575941491435184,2,-11,connectivity_candidate,False,0.0530615449
720575941491740366,Mi1,R,720575941491740366,0,0,connectivity_candidate,False,0.0357384969
720575941493070567,Mi1,R,720575941493070567,-11,1,connectivity_candidate,False,0.259438734
720575941493138407,Mi1,R,720575941493138407,2,1,connectivity_candidate,False,0.0343103328
720575941493582974,Mi1,R,720575941493582974,-4,-15,connectivity_candidate,False,0.134888746
720575941493638526,Mi1,R,720575941493638526,4,17,connectivity_candidate,True,1.16734493
720575941493771390,Mi1,R,720575941493771390,-14,-16,connectivity_candidate,False,0.323907701
720575941494354558,Mi1,R,720575941494354558,5,3,connectivity_candidate,False,0.0339347851
720575941494479047,Mi1,R,720575941494479047,-16,-7,connectivity_candidate,True,0.798195376
720575941494533319,Mi1,R,720575941494533319,11,17,connectivity_candidate,False,0.0365973488
720575941494691527,Mi1,R,720575941494691527,4,11,connectivity_candidate,False,0.032247574
720575941494706814,Mi1,R,720575941494706814,-12,0,connectivity_candidate,False,0.455208191
720575941494844848,Mi1,R,720575941494844848,17,16,connectivity_candidate,True,1.02612296
720575941494911358,Mi1,R,720575941494911358,-1,-4,connectivity_candidate,False,0.0339442138
720575941494943664,Mi1,R,720575941494943664,1,3,connectivity_candidate,False,0.0325137023
720575941495316096,Mi1,R,720575941495316096,-9,-16,connectivity_candidate,True,0.824310086
720575941496161918,Mi1,R,720575941496161918,6,5,connectivity_candidate,False,0.0338877567
720575941496367227,Mi1,R,720575941496367227,6,-10,connectivity_candidate,False,0.224637175
720575941496376443,Mi1,R,720575941496376443,-6,4,connectivity_candidate,False,0.490150397
720575941497416009,Mi1,R,720575941497416009,4,-4,connectivity_candidate,False,0.0357548385
720575941497480417,Mi1,R,720575941497480417,-5,4,connectivity_candidate,False,0.00932430686
720575941497486409,Mi1,R,720575941497486409,-12,-10,connectivity_candidate,False,0.275159678
720575941497512161,Mi1,R,720575941497512161,-1,-8,connectivity_candidate,False,0.0277704164
720575941497786018,Mi1,R,720575941497786018,-11,-16,connectivity_candidate,True,0.821587751
720575941497802658,Mi1,R,720575941497802658,3,2,connectivity_candidate,False,0.0340441711
720575941497810082,Mi1,R,720575941497810082,12,-1,connectivity_candidate,False,0.0462283629
720575941497811399,Mi1,R,720575941497811399,9,7,connectivity_candidate,False,0.0336684682
720575941498251426,Mi1,R,720575941498251426,2,5,connectivity_candidate,False,0.0323518925
720575941498492800,Mi1,R,720575941498492800,-5,-7,connectivity_candidate,False,0.0355787506
720575941498994505,Mi1,R,720575941498994505,-13,-11,connectivity_candidate,False,0.280984312
720575941499847035,Mi1,R,720575941499847035,15,9,connectivity_candidate,True,0.739283945
720575941499847803,Mi1,R,720575941499847803,8,-9,connectivity_candidate,False,0.423976009
720575941500241633,Mi1,R,720575941500241633,5,10,connectivity_candidate,False,0.0347321927
720575941500492427,Mi1,R,720575941500492427,-8,-8,connectivity_candidate,False,0.0438798663
720575941500715081,Mi1,R,720575941500715081,-15,-8,connectivity_candidate,False,0.213638038
720575941502111575,Mi1,R,720575941502111575,16,13,connectivity_candidate,True,0.991874363
720575941502117719,Mi1,R,720575941502117719,6,10,connectivity_candidate,False,0.0337560648
720575941502166507,Mi1,R,720575941502166507,-14,-10,connectivity_candidate,False,0.283551316
720575941502303319,Mi1,R,720575941502303319,12,17,connectivity_candidate,False,0.0408595583
720575941502315095,Mi1,R,720575941502315095,-9,-7,connectivity_candidate,False,0.0463684642
720575941502324823,Mi1,R,720575941502324823,-7,-7,connectivity_candidate,False,0.0411690257
720575941502372914,Mi1,R,720575941502372914,11,4,connectivity_candidate,False,0.0333792282
720575941502519383,Mi1,R,720575941502519383,-8,-18,connectivity_candidate,True,0.892458254
720575941502712514,Mi1,R,720575941502712514,-6,8,connectivity_candidate,False,0.502448107
720575941503117618,Mi1,R,720575941503117618,-18,-9,connectivity_candidate,True,0.583518277
720575941503323698,Mi1,R,720575941503323698,-13,-17,connectivity_candidate,True,1.07656058
720575941503372171,Mi1,R,720575941503372171,1,-1,connectivity_candidate,False,0.0344206411
720575941503397099,Mi1,R,720575941503397099,-13,-4,connectivity_candidate,True,0.876110694
720575941503477131,Mi1,R,720575941503477131,8,0,connectivity_candidate,False,0.0360038615
720575941503968962,Mi1,R,720575941503968962,7,-6,connectivity_candidate,False,0.0439410461
720575941504436028,Mi1,R,720575941504436028,-7,6,connectivity_candidate,False,0.495571106
720575941504728892,Mi1,R,720575941504728892,8,16,connectivity_candidate,False,0.406840539
720575941505141015,Mi1,R,720575941505141015,1,13,connectivity_candidate,False,0.0408584203
720575941505278277,Mi1,R,720575941505278277,-9,4,connectivity_candidate,False,0.497829521
720575941505428503,Mi1,R,720575941505428503,14,19,connectivity_candidate,False,0.0510177605
720575941505512471,Mi1,R,720575941505512471,9,12,connectivity_candidate,False,0.0335156669
720575941505556293,Mi1,R,720575941505556293,-9,-3,connectivity_candidate,False,0.0491065126
720575941505589669,Mi1,R,720575941505589669,8,1,connectivity_candidate,False,0.0349639475
720575941505591365,Mi1,R,720575941505591365,-4,-2,connectivity_candidate,False,0.0389768222
720575941505624389,Mi1,R,720575941505624389,-17,-7,connectivity_candidate,True,0.876067941
720575941505662021,Mi1,R,720575941505662021,6,6,connectivity_candidate,False,0.0339137597
720575941505691973,Mi1,R,720575941505691973,15,12,connectivity_candidate,False,0.0348697365
720575941505725490,Mi1,R,720575941505725490,14,16,connectivity_candidate,False,0.0390355563
720575941505806386,Mi1,R,720575941505806386,-7,-9,connectivity_candidate,False,0.0346172391
720575941505834546,Mi1,R,720575941505834546,-3,-6,connectivity_candidate,False,0.0333468418
720575941506178213,Mi1,R,720575941506178213,-8,4,connectivity_candidate,False,0.495328863
720575941506292574,Mi1,R,720575941506292574,-5,-9,connectivity_candidate,False,0.0312826759
720575941506538881,Mi1,R,720575941506538881,-5,-14,connectivity_candidate,True,0.835147773
720575941506539137,Mi1,R,720575941506539137,4,4,connectivity_candidate,False,0.0335025594
720575941506684289,Mi1,R,720575941506684289,-6,6,connectivity_candidate,False,0.492313568
720575941506798686,Mi1,R,720575941506798686,-9,-1,connectivity_candidate,True,0.577887826
720575941506946398,Mi1,R,720575941506946398,-11,-7,connectivity_candidate,False,0.0602215728
720575941507007036,Mi1,R,720575941507007036,-10,-4,connectivity_candidate,False,0.0534091226
720575941507086977,Mi1,R,720575941507086977,-5,-17,connectivity_candidate,True,0.855445351
720575941507180894,Mi1,R,720575941507180894,-1,1,connectivity_candidate,False,0.033194404
720575941507404348,Mi1,R,720575941507404348,9,4,connectivity_candidate,False,0.0335973794
720575941507636389,Mi1,R,720575941507636389,-6,-16,connectivity_candidate,True,0.842304416
720575941507637413,Mi1,R,720575941507637413,-11,-13,connectivity_candidate,False,0.376159537
720575941507639842,Mi1,R,720575941507639842,8,-2,connectivity_candidate,False,0.0380452212
720575941507967548,Mi1,R,720575941507967548,-10,-19,connectivity_candidate,True,0.972282918
720575941507976226,Mi1,R,720575941507976226,-4,-18,connectivity_candidate,False,0.275897225
720575941507980604,Mi1,R,720575941507980604,15,16,connectivity_candidate,True,1.02186396
720575941508217111,Mi1,R,720575941508217111,1,11,connectivity_candidate,False,0.0339108884
720575941508424464,Mi1,R,720575941508424464,2,-8,connectivity_candidate,False,0.0332202342
720575941508670021,Mi1,R,720575941508670021,13,17,connectivity_candidate,False,0.0444951311
720575941508670789,Mi1,R,720575941508670789,6,7,connectivity_candidate,False,0.0338354893
720575941508908560,Mi1,R,720575941508908560,-10,8,connectivity_candidate,False,0.614755639
720575941509188050,Mi1,R,720575941509188050,6,-3,connectivity_candidate,False,0.037134337
720575941509488674,Mi1,R,720575941509488674,1,-14,connectivity_candidate,True,0.502783312
720575941509499682,Mi1,R,720575941509499682,-4,8,connectivity_candidate,False,0.495795778
720575941509572702,Mi1,R,720575941509572702,5,13,connectivity_candidate,False,0.0301970937
720575941509819777,Mi1,R,720575941509819777,6,15,connectivity_candidate,False,0.410825989
720575941510331265,Mi1,R,720575941510331265,0,1,connectivity_candidate,False,0.0342545076
720575941511229906,Mi1,R,720575941511229906,-2,-10,connectivity_candidate,False,0.0230800217
720575941512072145,Mi1,R,720575941512072145,-3,6,connectivity_candidate,False,0.0128903403
720575941512312017,Mi1,R,720575941512312017,-12,4,connectivity_candidate,False,0.569055916
720575941512359500,Mi1,R,720575941512359500,-8,10,connectivity_candidate,True,1.11539783
720575941512360268,Mi1,R,720575941512360268,9,18,connectivity_candidate,False,0.410094712
720575941513053251,Mi1,R,720575941513053251,-11,-2,connectivity_candidate,True,0.525899024
720575941513357379,Mi1,R,720575941513357379,11,12,connectivity_candidate,False,0.0329260581
720575941513643587,Mi1,R,720575941513643587,-3,5,connectivity_candidate,False,0.0164277933
720575941513723139,Mi1,R,720575941513723139,-16,-8,connectivity_candidate,False,0.0953146271
720575941514086243,Mi1,R,720575941514086243,-5,6,connectivity_candidate,False,0.486873229
720575941514086393,Mi1,R,720575941514086393,1,9,connectivity_candidate,False,0.0290843968
720575941514088547,Mi1,R,720575941514088547,10,11,connectivity_candidate,False,0.0325151992
720575941514151171,Mi1,R,720575941514151171,-7,-15,connectivity_candidate,True,0.828407644
720575941514169347,Mi1,R,720575941514169347,-2,4,connectivity_candidate,False,0.0225413155
720575941514175747,Mi1,R,720575941514175747,-13,-10,connectivity_candidate,False,0.28002066
720575941514208515,Mi1,R,720575941514208515,3,10,connectivity_candidate,False,0.0308573534
720575941514712979,Mi1,R,720575941514712979,11,11,connectivity_candidate,False,0.0325702656
720575941514734915,Mi1,R,720575941514734915,8,-3,connectivity_candidate,False,0.0395051371
720575941515021132,Mi1,R,720575941515021132,-17,-10,connectivity_candidate,True,0.660332764
720575941515284115,Mi1,R,720575941515284115,-13,-15,connectivity_candidate,False,0.343491278
720575941515334609,Mi1,R,720575941515334609,17,14,connectivity_candidate,False,0.0860829555
720575941515708921,Mi1,R,720575941515708921,-3,-2,connectivity_candidate,False,0.0378700716
720575941515756634,Mi1,R,720575941515756634,13,10,connectivity_candidate,False,0.0330607916
720575941516110739,Mi1,R,720575941516110739,3,-5,connectivity_candidate,False,0.0349916334
720575941516205459,Mi1,R,720575941516205459,-5,-10,connectivity_candidate,False,0.028457001
720575941516476995,Mi1,R,720575941516476995,-1,-17,connectivity_candidate,False,0.253388155
720575941516859139,Mi1,R,720575941516859139,3,-4,connectivity_candidate,False,0.0344735265
720575941517066083,Mi1,R,720575941517066083,4,-10,connectivity_candidate,False,0.0465816682
720575941517068378,Mi1,R,720575941517068378,0,-14,connectivity_candidate,True,0.510709864
720575941517207443,Mi1,R,720575941517207443,9,1,connectivity_candidate,False,0.0358709167
720575941517264131,Mi1,R,720575941517264131,8,14,connectivity_candidate,False,0.0339827844
720575941517395449,Mi1,R,720575941517395449,3,3,connectivity_candidate,False,0.0335822276
720575941517507032,Mi1,R,720575941517507032,-7,2,connectivity_candidate,False,0.72874331
720575941517727960,Mi1,R,720575941517727960,11,18,connectivity_candidate,False,0.0354193036
720575941517850072,Mi1,R,720575941517850072,-3,-1,connectivity_candidate,False,0.0376685339
720575941518578323,Mi1,R,720575941518578323,9,11,connectivity_candidate,False,0.0342894296
720575941518874540,Mi1,R,720575941518874540,2,0,connectivity_candidate,False,0.0343125339
720575941518916012,Mi1,R,720575941518916012,-8,-4,connectivity_candidate,False,0.0457130226
720575941519393203,Mi1,R,720575941519393203,9,14,connectivity_candidate,False,0.0343568367
720575941519515319,Mi1,R,720575941519515319,3,0,connectivity_candidate,False,0.034263281
720575941520867767,Mi1,R,720575941520867767,5,11,connectivity_candidate,False,0.032751158
720575941521042611,Mi1,R,720575941521042611,2,6,connectivity_candidate,False,0.0317720492
720575941521708279,Mi1,R,720575941521708279,-6,-2,connectivity_candidate,False,0.0425696643
720575941522504627,Mi1,R,720575941522504627,-2,8,connectivity_candidate,False,0.0265082524
720575941522599243,Mi1,R,720575941522599243,-10,5,connectivity_candidate,False,0.495647828
720575941522740915,Mi1,R,720575941522740915,8,9,connectivity_candidate,False,0.0347919504
720575941522790839,Mi1,R,720575941522790839,-15,-5,connectivity_candidate,True,1.04173204
720575941523141043,Mi1,R,720575941523141043,-1,15,connectivity_candidate,False,0.318519918
720575941524033099,Mi1,R,720575941524033099,-1,14,connectivity_candidate,True,0.683419654
720575941524712439,Mi1,R,720575941524712439,13,6,connectivity_candidate,False,0.0327216143
720575941525139481,Mi1,R,720575941525139481,-5,-5,connectivity_candidate,False,0.0387945304
720575941525348429,Mi1,R,720575941525348429,0,13,connectivity_candidate,False,0.0431103135
720575941525367140,Mi1,R,720575941525367140,4,0,connectivity_candidate,False,0.0344403457
720575941525675289,Mi1,R,720575941525675289,-6,9,connectivity_candidate,False,0.50526016
720575941525677337,Mi1,R,720575941525677337,-3,11,connectivity_candidate,False,0.0352441748
720575941525815652,Mi1,R,720575941525815652,6,-4,connectivity_candidate,False,0.0385791841
720575941526337958,Mi1,R,720575941526337958,-11,-6,connectivity_candidate,False,0.0584562324
720575941526906969,Mi1,R,720575941526906969,-3,-7,connectivity_candidate,False,0.0321501896
720575941527231654,Mi1,R,720575941527231654,3,-10,connectivity_candidate,False,0.0476164728
720575941527515268,Mi1,R,720575941527515268,-9,6,connectivity_candidate,False,0.505163525
720575941527571588,Mi1,R,720575941527571588,-4,6,connectivity_candidate,False,0.00903661671
720575941527636902,Mi1,R,720575941527636902,3,8,connectivity_candidate,False,0.0326843467
720575941527661444,Mi1,R,720575941527661444,11,-4,connectivity_candidate,False,0.0512909505
720575941527686054,Mi1,R,720575941527686054,12,12,connectivity_candidate,False,0.0337850055
720575941527904612,Mi1,R,720575941527904612,8,8,connectivity_candidate,False,0.035258318
720575941527925688,Mi1,R,720575941527925688,-1,-5,connectivity_candidate,False,0.0330204043
720575941527931012,Mi1,R,720575941527931012,4,-2,connectivity_candidate,False,0.0348186624
720575941527985592,Mi1,R,720575941527985592,3,16,connectivity_candidate,True,0.813540876
720575941528110681,Mi1,R,720575941528110681,-5,-8,connectivity_candidate,False,0.0335861779
720575941528138754,Mi1,R,720575941528138754,7,-2,connectivity_candidate,False,0.0371324826
720575941528257720,Mi1,R,720575941528257720,-10,3,connectivity_candidate,False,0.289292249
720575941528316548,Mi1,R,720575941528316548,5,0,connectivity_candidate,False,0.0346612981
720575941528484196,Mi1,R,720575941528484196,-2,7,connectivity_candidate,False,0.0171191861
720575941528484280,Mi1,R,720575941528484280,-4,-1,connectivity_candidate,False,0.0394524512
720575941528563801,Mi1,R,720575941528563801,-4,-9,connectivity_candidate,False,0.0295438984
720575941529782987,Mi1,R,720575941529782987,2,-14,connectivity_candidate,True,0.483617583
720575941531508867,Mi1,R,720575941531508867,3,-8,connectivity_candidate,False,0.0402598676
720575941531646339,Mi1,R,720575941531646339,8,12,connectivity_candidate,False,0.0332758273
720575941531745155,Mi1,R,720575941531745155,4,9,connectivity_candidate,False,0.030614676
720575941532005763,Mi1,R,720575941532005763,9,0,connectivity_candidate,False,0.0361126933
720575941532348619,Mi1,R,720575941532348619,11,2,connectivity_candidate,False,0.0344335002
720575941533097394,Mi1,R,720575941533097394,-12,-16,connectivity_candidate,True,0.822360715
720575941533099352,Mi1,R,720575941533099352,12,7,connectivity_candidate,False,0.0328904304
720575941533144042,Mi1,R,720575941533144042,-4,7,connectivity_candidate,False,0.489246633
720575941533336152,Mi1,R,720575941533336152,-15,-15,connectivity_candidate,False,0.334115488
720575941533472088,Mi1,R,720575941533472088,-9,5,connectivity_candidate,False,0.500446219
720575941533655218,Mi1,R,720575941533655218,3,13,connectivity_candidate,False,0.0340121737
720575941533677400,Mi1,R,720575941533677400,-6,-1,connectivity_candidate,False,0.0425077687
720575941533864114,Mi1,R,720575941533864114,-12,-7,connectivity_candidate,False,0.060747298
720575941533932554,Mi1,R,720575941533932554,2,-10,connectivity_candidate,False,0.0471728925
720575941533935626,Mi1,R,720575941533935626,-2,-15,connectivity_candidate,False,0.160128136
720575941533946890,Mi1,R,720575941533946890,0,-4,connectivity_candidate,False,0.0333471266
720575941533964993,Mi1,R,720575941533964993,-10,1,connectivity_candidate,True,0.626947807
720575941534061322,Mi1,R,720575941534061322,-8,9,connectivity_candidate,False,0.505359933
720575941534548506,Mi1,R,720575941534548506,1,-9,connectivity_candidate,False,0.0256138479
720575941534580568,Mi1,R,720575941534580568,3,-1,connectivity_candidate,False,0.0342911692
720575941534689985,Mi1,R,720575941534689985,-9,-2,connectivity_candidate,False,0.0494929641
720575941534756184,Mi1,R,720575941534756184,-4,-11,connectivity_candidate,False,0.0245598002
720575941535047706,Mi1,R,720575941535047706,3,-12,connectivity_candidate,True,0.623795428
720575941535081498,Mi1,R,720575941535081498,7,11,connectivity_candidate,False,0.0332872087
720575941535082522,Mi1,R,720575941535082522,1,7,connectivity_candidate,False,0.0276375195
720575941535433394,Mi1,R,720575941535433394,-3,-13,connectivity_candidate,False,0.103099935
720575941535778314,Mi1,R,720575941535778314,-10,-11,connectivity_candidate,False,0.278155199
720575941536237539,Mi1,R,720575941536237539,-12,-17,connectivity_candidate,True,0.809595267
720575941536250851,Mi1,R,720575941536250851,2,-13,connectivity_candidate,True,0.484617759
720575941536251619,Mi1,R,720575941536251619,-15,-16,connectivity_candidate,True,1.30446756
720575941536418058,Mi1,R,720575941536418058,10,-2,connectivity_candidate,False,0.0424016266
720575941536942834,Mi1,R,720575941536942834,-7,-8,connectivity_candidate,False,0.0388252642
720575941537455843,Mi1,R,720575941537455843,3,5,connectivity_candidate,False,0.0332906611
720575941537923354,Mi1,R,720575941537923354,7,-9,connectivity_candidate,False,0.174738711
720575941538268392,Mi1,R,720575941538268392,14,13,connectivity_candidate,False,0.0337950971
720575941538631373,Mi1,R,720575941538631373,3,6,connectivity_candidate,False,0.0350274239
720575941538876565,Mi1,R,720575941538876565,6,2,connectivity_candidate,False,0.0342421864
720575941538904701,Mi1,R,720575941538904701,-8,-7,connectivity_candidate,False,0.0438989917
720575941538908029,Mi1,R,720575941538908029,-7,5,connectivity_candidate,False,0.49453737
720575941538919139,Mi1,R,720575941538919139,-7,-11,connectivity_candidate,False,0.0299464116
720575941538985187,Mi1,R,720575941538985187,7,2,connectivity_candidate,False,0.0343482257
720575941539187033,Mi1,R,720575941539187033,-3,-10,connectivity_candidate,False,0.0252710281
720575941539233768,Mi1,R,720575941539233768,0,6,connectivity_candidate,False,0.0258325859
720575941539337049,Mi1,R,720575941539337049,-2,-7,connectivity_candidate,False,0.0308335089
720575941539529950,Mi1,R,720575941539529950,-1,0,connectivity_candidate,False,0.0350835068
720575941540122005,Mi1,R,720575941540122005,-4,-5,connectivity_candidate,False,0.0367141832
720575941540332693,Mi1,R,720575941540332693,1,-5,connectivity_candidate,False,0.0323803916
720575941540598108,Mi1,R,720575941540598108,3,17,connectivity_candidate,True,1.16456226
720575941540868125,Mi1,R,720575941540868125,-14,-14,connectivity_candidate,False,0.335376271
720575941540878834,Mi1,R,720575941540878834,10,17,connectivity_candidate,False,0.0356961895
720575941540927773,Mi1,R,720575941540927773,2,16,connectivity_candidate,False,0.368560906
720575941541095260,Mi1,R,720575941541095260,14,8,connectivity_candidate,False,0.0323836943
720575941541150300,Mi1,R,720575941541150300,5,12,connectivity_candidate,False,0.0296447496
720575941541152973,Mi1,R,720575941541152973,15,17,connectivity_candidate,True,0.972771314
720575941541294109,Mi1,R,720575941541294109,0,11,connectivity_candidate,False,0.0353921869
720575941541570941,Mi1,R,720575941541570941,-14,-15,connectivity_candidate,False,0.340375578
720575941541713869,Mi1,R,720575941541713869,0,15,connectivity_candidate,False,0.0196473085
720575941542703645,Mi1,R,720575941542703645,7,12,connectivity_candidate,False,0.0329449187
720575941542903301,Mi1,R,720575941542903301,-8,-13,connectivity_candidate,True,0.812737139
720575941543311109,Mi1,R,720575941543311109,14,1,connectivity_candidate,False,0.023321006
720575941543901532,Mi1,R,720575941543901532,-2,1,connectivity_candidate,False,0.0334846065
720575941544023581,Mi1,R,720575941544023581,-7,-14,connectivity_candidate,False,0.0258206922
720575941544402620,Mi1,R,720575941544402620,2,14,connectivity_candidate,False,0.0570321863
720575941544503581,Mi1,R,720575941544503581,-12,-2,connectivity_candidate,False,0.694133303
720575941545050217,Mi1,R,720575941545050217,9,6,connectivity_candidate,False,0.0332858181
720575941545101673,Mi1,R,720575941545101673,15,1,connectivity_candidate,False,0.0207773034
720575941545862580,Mi1,R,720575941545862580,3,11,connectivity_candidate,False,0.0312125261
720575941546102617,Mi1,R,720575941546102617,2,2,connectivity_candidate,False,0.0338502601
720575941546351465,Mi1,R,720575941546351465,-3,9,connectivity_candidate,False,0.0396847782
720575941546953049,Mi1,R,720575941546953049,-4,-4,connectivity_candidate,False,0.0378178896
720575941547667644,Mi1,R,720575941547667644,-9,-11,connectivity_candidate,False,0.277746564
720575941547774652,Mi1,R,720575941547774652,-15,-7,connectivity_candidate,False,0.149963676
720575941547880820,Mi1,R,720575941547880820,-11,-9,connectivity_candidate,False,0.270560904
720575941547951165,Mi1,R,720575941547951165,6,-5,connectivity_candidate,False,0.0399986153
720575941547969313,Mi1,R,720575941547969313,-7,11,connectivity_candidate,False,0.508204607
720575941548094057,Mi1,R,720575941548094057,8,6,connectivity_candidate,False,0.0338901951
720575941548121889,Mi1,R,720575941548121889,11,10,connectivity_candidate,False,0.0318415242
720575941548439869,Mi1,R,720575941548439869,-11,2,connectivity_candidate,False,0.284713175
720575941548441149,Mi1,R,720575941548441149,-7,7,connectivity_candidate,False,0.500934538
720575941548757364,Mi1,R,720575941548757364,-6,3,connectivity_candidate,False,0.484488916
720575941549060020,Mi1,R,720575941549060020,-7,-12,connectivity_candidate,False,0.0257608667
720575941549781620,Mi1,R,720575941549781620,-14,-12,connectivity_candidate,False,0.285649791
720575941550683425,Mi1,R,720575941550683425,0,-13,connectivity_candidate,False,0.151248246
720575941551102782,Mi1,R,720575941551102782,-6,10,connectivity_candidate,False,0.502518858
720575941551331956,Mi1,R,720575941551331956,0,-6,connectivity_candidate,False,0.0312249861
720575941552095515,Mi1,R,720575941552095515,10,-1,connectivity_candidate,False,0.0382857152
720575941552099355,Mi1,R,720575941552099355,7,-7,connectivity_candidate,False,0.0452710748
720575941552210750,Mi1,R,720575941552210750,-6,1,connectivity_candidate,False,0.0353826571
720575941552298523,Mi1,R,720575941552298523,12,15,connectivity_candidate,False,0.035763957
720575941552500763,Mi1,R,720575941552500763,-3,-8,connectivity_candidate,False,0.0301838516
720575941553027719,Mi1,R,720575941553027719,-1,-2,connectivity_candidate,False,0.0351873941
720575941553497427,Mi1,R,720575941553497427,6,18,connectivity_candidate,True,1.1857591
720575941553675777,Mi1,R,720575941553675777,16,9,connectivity_candidate,False,0.0221246844
720575941553699355,Mi1,R,720575941553699355,13,7,connectivity_candidate,False,0.0327339234
720575941553988414,Mi1,R,720575941553988414,0,5,connectivity_candidate,False,0.0271432309
720575941554140755,Mi1,R,720575941554140755,14,9,connectivity_candidate,True,0.742237906
720575941554193982,Mi1,R,720575941554193982,0,4,connectivity_candidate,False,0.0290410871
720575941554469092,Mi1,R,720575941554469092,-3,4,connectivity_candidate,False,0.0176711981
720575941554651364,Mi1,R,720575941554651364,-11,6,connectivity_candidate,False,0.572872621
720575941554692999,Mi1,R,720575941554692999,-3,-18,connectivity_candidate,False,0.279644334
720575941554717668,Mi1,R,720575941554717668,1,-13,connectivity_candidate,False,0.154919474
720575941555093275,Mi1,R,720575941555093275,7,3,connectivity_candidate,False,0.0340611116
720575941555258276,Mi1,R,720575941555258276,-9,-12,connectivity_candidate,False,0.280775203
720575941555382611,Mi1,R,720575941555382611,-10,4,connectivity_candidate,False,0.495589799
720575941555607460,Mi1,R,720575941555607460,6,11,connectivity_candidate,False,0.0333869745
720575941555865764,Mi1,R,720575941555865764,7,18,connectivity_candidate,True,0.752583615
720575941555872164,Mi1,R,720575941555872164,7,0,connectivity_candidate,False,0.0353624311
720575941556721956,Mi1,R,720575941556721956,-9,2,connectivity_candidate,False,0.489453108
720575941556770817,Mi1,R,720575941556770817,4,-3,connectivity_candidate,False,0.0352443854
720575941556774401,Mi1,R,720575941556774401,-16,-6,connectivity_candidate,True,0.797681783
720575941556789796,Mi1,R,720575941556789796,7,14,connectivity_candidate,False,0.0313318805
720575941556820772,Mi1,R,720575941556820772,-5,9,connectivity_candidate,False,0.505248314
720575941556821540,Mi1,R,720575941556821540,-5,10,connectivity_candidate,False,0.08962233
720575941556959059,Mi1,R,720575941556959059,-4,11,connectivity_candidate,False,0.0332824122
720575941557017252,Mi1,R,720575941557017252,3,-11,connectivity_candidate,False,0.0497346097
720575941557220353,Mi1,R,720575941557220353,-16,-10,connectivity_candidate,False,0.291787594
720575941557605604,Mi1,R,720575941557605604,3,15,connectivity_candidate,False,0.0547285222
720575941557647070,Mi1,R,720575941557647070,-6,-9,connectivity_candidate,False,0.0334002515
720575941557879567,Mi1,R,720575941557879567,-16,-5,connectivity_candidate,True,0.771469008
720575941558027791,Mi1,R,720575941558027791,7,-3,connectivity_candidate,False,0.0386428992
720575941558033828,Mi1,R,720575941558033828,7,10,connectivity_candidate,False,0.0328981002
720575941558336238,Mi1,R,720575941558336238,-8,3,connectivity_candidate,False,0.494031485
720575941558453805,Mi1,R,720575941558453805,-14,-13,connectivity_candidate,True,0.84005628
720575941558454031,Mi1,R,720575941558454031,6,-8,connectivity_candidate,False,0.0443337487
720575941558535844,Mi1,R,720575941558535844,-15,-14,connectivity_candidate,False,0.331955548
720575941558545935,Mi1,R,720575941558545935,10,19,connectivity_candidate,False,0.110841436
720575941559332111,Mi1,R,720575941559332111,0,-7,connectivity_candidate,False,0.0296437729
720575941559349293,Mi1,R,720575941559349293,6,4,connectivity_candidate,False,0.033916881
720575941559579693,Mi1,R,720575941559579693,-2,11,connectivity_candidate,False,0.0403303485
720575941559641359,Mi1,R,720575941559641359,13,0,connectivity_candidate,False,0.0273726972
720575941560626158,Mi1,R,720575941560626158,-4,2,connectivity_candidate,False,0.0141860304
720575941561311603,Mi1,R,720575941561311603,-4,-8,connectivity_candidate,False,0.031649708
720575941561371118,Mi1,R,720575941561371118,9,10,connectivity_candidate,False,0.0362829557
720575941561374702,Mi1,R,720575941561374702,9,2,connectivity_candidate,False,0.0345482883
720575941561384942,Mi1,R,720575941561384942,13,5,connectivity_candidate,False,0.0329477386
720575941561391598,Mi1,R,720575941561391598,-6,-15,connectivity_candidate,True,0.835431434
720575941561564787,Mi1,R,720575941561564787,0,-1,connectivity_candidate,False,0.0351226296
720575941561574771,Mi1,R,720575941561574771,10,4,connectivity_candidate,False,0.0334820868
720575941562073234,Mi1,R,720575941562073234,7,6,connectivity_candidate,False,0.0341919565
720575941562128755,Mi1,R,720575941562128755,3,12,connectivity_candidate,False,0.0327732559
720575941562525842,Mi1,R,720575941562525842,-11,-11,connectivity_candidate,False,0.278041436
720575941562846888,Mi1,R,720575941562846888,-3,-15,connectivity_candidate,False,0.131999477
720575941562995810,Mi1,R,720575941562995810,11,-1,connectivity_candidate,False,0.0433570761
720575941563032488,Mi1,R,720575941563032488,17,9,connectivity_candidate,True,1.00005373
720575941563178338,Mi1,R,720575941563178338,-12,-1,connectivity_candidate,False,0.500395464
720575941563672418,Mi1,R,720575941563672418,-5,1,connectivity_candidate,False,0.0407839234
720575941563768071,Mi1,R,720575941563768071,14,17,connectivity_candidate,True,0.971340227
720575941563810962,Mi1,R,720575941563810962,-1,-16,connectivity_candidate,False,0.252622849
720575941563883318,Mi1,R,720575941563883318,-17,-12,connectivity_candidate,True,0.4863545
720575941563887767,Mi1,R,720575941563887767,-15,-12,connectivity_candidate,False,0.285114286
720575941564413608,Mi1,R,720575941564413608,-2,5,connectivity_candidate,False,0.0201492695
720575941564680502,Mi1,R,720575941564680502,13,-2,connectivity_candidate,True,1.01761716
720575941564715879,Mi1,R,720575941564715879,-9,-10,connectivity_candidate,False,0.251558127
720575941564910183,Mi1,R,720575941564910183,-11,7,connectivity_candidate,False,0.568386835
720575941565156455,Mi1,R,720575941565156455,3,-7,connectivity_candidate,False,0.0366414054
720575941566044679,Mi1,R,720575941566044679,17,11,connectivity_candidate,True,0.591341963
720575941566408295,Mi1,R,720575941566408295,-6,5,connectivity_candidate,False,0.490135216
720575941566509319,Mi1,R,720575941566509319,-7,-10,connectivity_candidate,False,0.0349023006
720575941566540130,Mi1,R,720575941566540130,-4,-17,connectivity_candidate,False,0.274200145
720575941566547042,Mi1,R,720575941566547042,6,-9,connectivity_candidate,False,0.173918688
720575941567370343,Mi1,R,720575941567370343,-6,0,connectivity_candidate,False,0.0409406413
720575941567677554,Mi1,R,720575941567677554,-11,-8,connectivity_candidate,False,0.116570801
720575941567723378,Mi1,R,720575941567723378,0,-8,connectivity_candidate,False,0.0275318444
720575941567990522,Mi1,R,720575941567990522,-8,-1,connectivity_candidate,False,0.0433178023
720575941568006710,Mi1,R,720575941568006710,-8,5,connectivity_candidate,False,0.496339304
720575941568024110,Mi1,R,720575941568024110,-17,-13,connectivity_candidate,True,0.844531764
720575941568124263,Mi1,R,720575941568124263,-14,-8,connectivity_candidate,False,0.219776281
720575941568391214,Mi1,R,720575941568391214,5,17,connectivity_candidate,True,0.830305285
720575941568671220,Mi1,R,720575941568671220,1,0,connectivity_candidate,False,0.0347488799
720575941568781562,Mi1,R,720575941568781562,-6,-12,connectivity_candidate,False,0.0240561015
720575941569344626,Mi1,R,720575941569344626,12,11,connectivity_candidate,False,0.0329682921
720575941569359918,Mi1,R,720575941569359918,10,13,connectivity_candidate,False,0.033149092
720575941570642290,Mi1,R,720575941570642290,-13,-2,connectivity_candidate,False,0.446771051
720575941570713082,Mi1,R,720575941570713082,-12,3,connectivity_candidate,True,1.06452994
720575941570996126,Mi1,R,720575941570996126,14,-1,connectivity_candidate,True,0.824333875
720575941571042974,Mi1,R,720575941571042974,14,6,connectivity_candidate,False,0.0310801957
720575941572094536,Mi1,R,720575941572094536,16,8,connectivity_candidate,False,0.0266089814
720575941572228091,Mi1,R,720575941572228091,2,-4,connectivity_candidate,False,0.0336921091
720575941572830473,Mi1,R,720575941572830473,-6,-10,connectivity_candidate,False,0.0310975217
720575941573039368,Mi1,R,720575941573039368,-10,-6,connectivity_candidate,False,0.0516566559
720575941573204893,Mi1,R,720575941573204893,1,8,connectivity_candidate,False,0.0271609587
720575941573624207,Mi1,R,720575941573624207,-18,-8,connectivity_candidate,True,0.744226677
720575941574059592,Mi1,R,720575941574059592,-6,2,connectivity_candidate,False,0.027191575
720575941574438409,Mi1,R,720575941574438409,0,-15,connectivity_candidate,True,0.505982837
720575941574611638,Mi1,R,720575941574611638,-2,-1,connectivity_candidate,False,0.0365024056
720575941574687670,Mi1,R,720575941574687670,9,-9,connectivity_candidate,False,0.423134847
720575941574913181,Mi1,R,720575941574913181,-7,10,connectivity_candidate,False,0.504676018
720575941575252623,Mi1,R,720575941575252623,1,4,connectivity_candidate,False,0.0313771181
720575941575831990,Mi1,R,720575941575831990,6,-7,connectivity_candidate,False,0.043487033
720575941575841800,Mi1,R,720575941575841800,-13,1,connectivity_candidate,True,1.13281837
720575941575868573,Mi1,R,720575941575868573,5,-3,connectivity_candidate,False,0.0363138788
720575941576140809,Mi1,R,720575941576140809,-7,-13,connectivity_candidate,False,0.0197884705
720575941576179464,Mi1,R,720575941576179464,-3,3,connectivity_candidate,False,0.0199258668
720575941576294248,Mi1,R,720575941576294248,11,7,connectivity_candidate,False,0.0329691129
720575941576632463,Mi1,R,720575941576632463,0,3,connectivity_candidate,False,0.0308244143
720575941577172879,Mi1,R,720575941577172879,2,-3,connectivity_candidate,False,0.0338940096
720575941577188534,Mi1,R,720575941577188534,-14,-7,connectivity_candidate,False,0.219472969
720575941577545064,Mi1,R,720575941577545064,-10,-3,connectivity_candidate,False,0.052839988
720575941577626705,Mi1,R,720575941577626705,-12,-11,connectivity_candidate,False,0.280173196
720575941577676470,Mi1,R,720575941577676470,4,-7,connectivity_candidate,False,0.0395396502
720575941577692086,Mi1,R,720575941577692086,-2,2,connectivity_candidate,False,0.0292844421
720575941577715126,Mi1,R,720575941577715126,15,6,connectivity_candidate,False,0.0312743346
720575941578046033,Mi1,R,720575941578046033,-13,-7,connectivity_candidate,False,0.219349912
720575941578124789,Mi1,R,720575941578124789,-7,-6,connectivity_candidate,False,0.0421199436
720575941578154833,Mi1,R,720575941578154833,-6,-4,connectivity_candidate,False,0.0415831138
720575941578351185,Mi1,R,720575941578351185,14,11,connectivity_candidate,False,0.0339064559
720575941579146741,Mi1,R,720575941579146741,7,4,connectivity_candidate,False,0.0339047826
720575941579235061,Mi1,R,720575941579235061,-4,-16,connectivity_candidate,False,0.127473099
720575941579855481,Mi1,R,720575941579855481,6,-1,connectivity_candidate,False,0.0354773796
720575941581274613,Mi1,R,720575941581274613,6,13,connectivity_candidate,False,0.030915951
720575941583036793,Mi1,R,720575941583036793,7,16,connectivity_candidate,False,0.411624797
720575941584335326,Mi1,R,720575941584335326,8,4,connectivity_candidate,False,0.033760378
720575941584400094,Mi1,R,720575941584400094,-7,3,connectivity_candidate,False,0.494663451
720575941584460934,Mi1,R,720575941584460934,5,-1,connectivity_candidate,False,0.0350855657
720575941584492510,Mi1,R,720575941584492510,10,15,connectivity_candidate,False,0.0346246973
720575941584527838,Mi1,R,720575941584527838,5,7,connectivity_candidate,False,0.0334950471
720575941584552926,Mi1,R,720575941584552926,16,16,connectivity_candidate,False,0.0540370409
720575941585656710,Mi1,R,720575941585656710,2,12,connectivity_candidate,False,0.0344650066
720575941586249567,Mi1,R,720575941586249567,-9,1,connectivity_candidate,False,0.221649089
720575941587555652,Mi1,R,720575941587555652,16,15,connectivity_candidate,True,1.02373564
720575941587606084,Mi1,R,720575941587606084,-13,-1,connectivity_candidate,False,0.455345766
720575941588734974,Mi1,R,720575941588734974,1,-4,connectivity_candidate,False,0.0332866386
720575941589414028,Mi1,R,720575941589414028,4,2,connectivity_candidate,False,0.034077381
720575941591041591,Mi1,R,720575941591041591,6,1,connectivity_candidate,False,0.0346380972
720575941591626859,Mi1,R,720575941591626859,-1,-11,connectivity_candidate,False,0.0152096191
720575941591828990,Mi1,R,720575941591828990,-2,-9,connectivity_candidate,False,0.0263367019
720575941592049259,Mi1,R,720575941592049259,-9,-17,connectivity_candidate,True,0.826510163
720575941592052075,Mi1,R,720575941592052075,-7,-1,connectivity_candidate,False,0.0456825956
720575941592052587,Mi1,R,720575941592052587,-8,-16,connectivity_candidate,True,0.827066546
720575941592180843,Mi1,R,720575941592180843,-3,0,connectivity_candidate,False,0.0367315506
720575941592511528,Mi1,R,720575941592511528,-3,2,connectivity_candidate,False,0.025045396
720575941592623400,Mi1,R,720575941592623400,8,18,connectivity_candidate,True,0.750423311
720575941592910550,Mi1,R,720575941592910550,-2,13,connectivity_candidate,False,0.0304943065
720575941592927446,Mi1,R,720575941592927446,-1,-14,connectivity_candidate,False,0.156422065
720575941593031308,Mi1,R,720575941593031308,9,17,connectivity_candidate,False,0.407433004
720575941593317590,Mi1,R,720575941593317590,-6,-11,connectivity_candidate,False,0.0272314712
720575941593790065,Mi1,R,720575941593790065,18,10,connectivity_candidate,True,0.595688714
720575941594234737,Mi1,R,720575941594234737,11,19,connectivity_candidate,False,0.0875857077
720575941594915367,Mi1,R,720575941594915367,11,0,connectivity_candidate,False,0.0333476914
720575941595209579,Mi1,R,720575941595209579,14,10,connectivity_candidate,False,0.0341456924
720575941595233925,Mi1,R,720575941595233925,15,4,connectivity_candidate,False,0.033106036
720575941595287079,Mi1,R,720575941595287079,12,9,connectivity_candidate,False,0.0326204162
720575941596522533,Mi1,R,720575941596522533,12,8,connectivity_candidate,False,0.0326631653
720575941596664945,Mi1,R,720575941596664945,-16,-13,connectivity_candidate,True,0.842185165
720575941596955292,Mi1,R,720575941596955292,-4,10,connectivity_candidate,False,0.0390809597
720575941597049127,Mi1,R,720575941597049127,15,14,connectivity_candidate,False,0.053031991
720575941597070119,Mi1,R,720575941597070119,18,9,connectivity_candidate,True,1.00489097
720575941597071911,Mi1,R,720575941597071911,13,12,connectivity_candidate,False,0.0337588032
720575941597095463,Mi1,R,720575941597095463,0,8,connectivity_candidate,False,0.0256877214
720575941597278144,Mi1,R,720575941597278144,13,-1,connectivity_candidate,True,0.545970099
720575941597393344,Mi1,R,720575941597393344,10,5,connectivity_candidate,False,0.0333261557
720575941597459569,Mi1,R,720575941597459569,2,4,connectivity_candidate,False,0.0325642977
720575941597684357,Mi1,R,720575941597684357,-2,-11,connectivity_candidate,False,0.0154294044
720575941598171525,Mi1,R,720575941598171525,-13,-13,connectivity_candidate,True,0.842709318
720575941598922908,Mi1,R,720575941598922908,-8,7,connectivity_candidate,False,0.504283748
720575941599531420,Mi1,R,720575941599531420,11,3,connectivity_candidate,False,0.0339818053
720575941599932869,Mi1,R,720575941599932869,-16,-4,connectivity_candidate,True,0.762646569
720575941600187945,Mi1,R,720575941600187945,8,7,connectivity_candidate,False,0.0347463044
720575941600258345,Mi1,R,720575941600258345,0,14,connectivity_candidate,False,0.0379167919
720575941601796905,Mi1,R,720575941601796905,17,8,connectivity_candidate,False,0.026693969
720575941601980406,Mi1,R,720575941601980406,0,-5,connectivity_candidate,False,0.0325046513
720575941602000569,Mi1,R,720575941602000569,12,-2,connectivity_candidate,False,0.052857621
720575941602025769,Mi1,R,720575941602025769,4,10,connectivity_candidate,False,0.0297039771
720575941603173310,Mi1,R,720575941603173310,-3,14,connectivity_candidate,False,0.417844545
720575941603733238,Mi1,R,720575941603733238,-1,-3,connectivity_candidate,False,0.0346430969
720575941604166390,Mi1,R,720575941604166390,-2,6,connectivity_candidate,False,0.0172683482
720575941604978105,Mi1,R,720575941604978105,-12,-6,connectivity_candidate,False,0.0640121652
720575941605268470,Mi1,R,720575941605268470,-2,12,connectivity_candidate,False,0.036369059
720575941605566573,Mi1,R,720575941605566573,-8,-12,connectivity_candidate,True,0.808472758
720575941605633782,Mi1,R,720575941605633782,-12,-3,connectivity_candidate,False,0.227832909
720575941606079678,Mi1,R,720575941606079678,-12,-5,connectivity_candidate,False,0.0673372411
720575941606083949,Mi1,R,720575941606083949,-16,-15,connectivity_candidate,True,1.32321485
720575941606137709,Mi1,R,720575941606137709,-5,-13,connectivity_candidate,True,0.826931343
720575941606164589,Mi1,R,720575941606164589,-11,-17,connectivity_candidate,True,0.821420694
720575941608830317,Mi1,R,720575941608830317,-13,-14,connectivity_candidate,False,0.342391255
720575941609096010,Mi1,R,720575941609096010,-6,-7,connectivity_candidate,False,0.0380146485
720575941609450729,Mi1,R,720575941609450729,-9,-14,connectivity_candidate,True,0.811951016
720575941609908457,Mi1,R,720575941609908457,8,10,connectivity_candidate,False,0.0320461574
720575941609987817,Mi1,R,720575941609987817,0,10,connectivity_candidate,False,0.0332087408
720575941610710118,Mi1,R,720575941610710118,-9,-15,connectivity_candidate,True,0.820181495
720575941611320540,Mi1,R,720575941611320540,4,3,connectivity_candidate,False,0.033821737
720575941611517404,Mi1,R,720575941611517404,-2,3,connectivity_candidate,False,0.0249753224
720575941611541478,Mi1,R,720575941611541478,14,4,connectivity_candidate,False,0.0328607272
720575941611660390,Mi1,R,720575941611660390,-8,-14,connectivity_candidate,True,0.820711304
720575941611819740,Mi1,R,720575941611819740,-13,3,connectivity_candidate,True,0.658901844
720575941611968489,Mi1,R,720575941611968489,13,8,connectivity_candidate,False,0.0329131833
720575941612307274,Mi1,R,720575941612307274,10,-6,connectivity_candidate,False,0.053016136
720575941612416275,Mi1,R,720575941612416275,0,-12,connectivity_candidate,False,0.150855887
720575941612417299,Mi1,R,720575941612417299,2,-7,connectivity_candidate,False,0.0332274597
720575941612550633,Mi1,R,720575941612550633,4,-1,connectivity_candidate,False,0.0346484651
720575941612791114,Mi1,R,720575941612791114,-15,-2,connectivity_candidate,True,1.12683013
720575941612985318,Mi1,R,720575941612985318,-15,-9,connectivity_candidate,False,0.291236465
720575941613063910,Mi1,R,720575941613063910,-7,-3,connectivity_candidate,False,0.0437867443
720575941613599718,Mi1,R,720575941613599718,15,8,connectivity_candidate,True,0.841287695
720575941613749933,Mi1,R,720575941613749933,10,14,connectivity_candidate,False,0.0339054695
720575941613820333,Mi1,R,720575941613820333,-4,4,connectivity_candidate,False,0.0139327929
720575941613897881,Mi1,R,720575941613897881,-1,5,connectivity_candidate,False,0.0241202132
720575941613929881,Mi1,R,720575941613929881,-2,10,connectivity_candidate,False,0.0358440038
720575941615113113,Mi1,R,720575941615113113,-2,-16,connectivity_candidate,False,0.251684023
720575941615357660,Mi1,R,720575941615357660,-9,-18,connectivity_candidate,True,0.916504693
720575941616107417,Mi1,R,720575941616107417,-9,3,connectivity_candidate,False,0.494080226
720575941617948543,Mi1,R,720575941617948543,0,-2,connectivity_candidate,False,0.0343654957
720575941618370431,Mi1,R,720575941618370431,-8,-17,connectivity_candidate,True,0.833876957
720575941618401919,Mi1,R,720575941618401919,-1,2,connectivity_candidate,False,0.0312479506
720575941618406101,Mi1,R,720575941618406101,-14,1,connectivity_candidate,True,1.0870455
720575941618628309,Mi1,R,720575941618628309,4,-9,connectivity_candidate,False,0.0452882441
720575941618727893,Mi1,R,720575941618727893,15,10,connectivity_candidate,True,0.960726553
720575941618799487,Mi1,R,720575941618799487,5,1,connectivity_candidate,False,0.0344119066
720575941619635071,Mi1,R,720575941619635071,13,13,connectivity_candidate,False,0.0349934811
720575941621403263,Mi1,R,720575941621403263,-3,-9,connectivity_candidate,False,0.027878265
720575941621787263,Mi1,R,720575941621787263,15,7,connectivity_candidate,False,0.0316006488
720575941621794431,Mi1,R,720575941621794431,-1,-10,connectivity_candidate,False,0.0211916646
720575941624060874,Mi1,R,720575941624060874,7,-1,connectivity_candidate,False,0.036209799
720575941624207980,Mi1,R,720575941624207980,8,-8,connectivity_candidate,False,0.0732429452
720575941624209610,Mi1,R,720575941624209610,6,8,connectivity_candidate,False,0.0320668118
720575941624210028,Mi1,R,720575941624210028,11,-5,connectivity_candidate,True,1.02153682
720575941624351882,Mi1,R,720575941624351882,-3,7,connectivity_candidate,False,0.0137413915
720575941624453484,Mi1,R,720575941624453484,-7,1,connectivity_candidate,False,0.0426084463
720575941624475274,Mi1,R,720575941624475274,-7,8,connectivity_candidate,False,0.504098325
720575941624509083,Mi1,R,720575941624509083,-5,11,connectivity_candidate,False,0.107852391
720575941624528236,Mi1,R,720575941624528236,9,19,connectivity_candidate,False,0.44517509
720575941624553418,Mi1,R,720575941624553418,-14,-4,connectivity_candidate,True,0.785540768
720575941624573339,Mi1,R,720575941624573339,13,14,connectivity_candidate,False,0.0374911473
720575941624757642,Mi1,R,720575941624757642,-3,12,connectivity_candidate,False,0.0289406842
720575941625323772,Mi1,R,720575941625323772,13,2,connectivity_candidate,False,0.0332093547
720575941625453052,Mi1,R,720575941625453052,-1,4,connectivity_candidate,False,0.0267398005
720575941625608394,Mi1,R,720575941625608394,7,-10,connectivity_candidate,False,0.427626336
720575941626057529,Mi1,R,720575941626057529,-3,-12,connectivity_candidate,False,0.0879760523
720575941626068793,Mi1,R,720575941626068793,9,-6,connectivity_candidate,False,0.0539572491
720575941626518073,Mi1,R,720575941626518073,0,-11,connectivity_candidate,False,0.0167497743
720575941627206299,Mi1,R,720575941627206299,-14,-1,connectivity_candidate,False,0.362104557
720575941627256475,Mi1,R,720575941627256475,-1,3,connectivity_candidate,False,0.0286202432
720575941627322476,Mi1,R,720575941627322476,1,16,connectivity_candidate,True,0.896523389
720575941627340443,Mi1,R,720575941627340443,8,11,connectivity_candidate,False,0.0335218129
720575941627436682,Mi1,R,720575941627436682,10,18,connectivity_candidate,False,0.419907886
720575941627478986,Mi1,R,720575941627478986,3,4,connectivity_candidate,False,0.0332480756
720575941627706523,Mi1,R,720575941627706523,-12,5,connectivity_candidate,False,0.617459991
720575941627726886,Mi1,R,720575941627726886,-12,-9,connectivity_candidate,False,0.254933809
720575941627756070,Mi1,R,720575941627756070,-9,7,connectivity_candidate,False,0.506432641
720575941627788070,Mi1,R,720575941627788070,-6,11,connectivity_candidate,False,0.506292986
720575941627908234,Mi1,R,720575941627908234,17,12,connectivity_candidate,True,0.593269081
720575941627910794,Mi1,R,720575941627910794,-8,-15,connectivity_candidate,True,0.825559696
720575941628254758,Mi1,R,720575941628254758,15,13,connectivity_candidate,False,0.0335188156
720575941628460002,Mi1,R,720575941628460002,9,15,connectivity_candidate,False,0.0362244557
720575941629225017,Mi1,R,720575941629225017,14,15,connectivity_candidate,True,0.970080449
720575941629362233,Mi1,R,720575941629362233,2,-2,connectivity_candidate,False,0.034091952
720575941629703906,Mi1,R,720575941629703906,2,8,connectivity_candidate,False,0.0290656914
720575941629967084,Mi1,R,720575941629967084,10,9,connectivity_candidate,False,0.0308639499
720575941630042604,Mi1,R,720575941630042604,1,-8,connectivity_candidate,False,0.0294767527
720575941630043628,Mi1,R,720575941630043628,1,-6,connectivity_candidate,False,0.0312414276
720575941630132165,Mi1,R,720575941630132165,4,-8,connectivity_candidate,False,0.0430696338
720575941630627052,Mi1,R,720575941630627052,-10,-1,connectivity_candidate,True,0.531393905
720575941631045573,Mi1,R,720575941631045573,12,-4,connectivity_candidate,True,0.623667097
720575941631094981,Mi1,R,720575941631094981,-6,7,connectivity_candidate,False,0.495763672
720575941631305510,Mi1,R,720575941631305510,0,-3,connectivity_candidate,False,0.0340169745
720575941631387845,Mi1,R,720575941631387845,12,4,connectivity_candidate,False,0.0334320038
720575941631390917,Mi1,R,720575941631390917,11,14,connectivity_candidate,False,0.0347094565
720575941631973024,Mi1,R,720575941631973024,-11,-15,connectivity_candidate,True,0.821744546
720575941632083180,Mi1,R,720575941632083180,7,5,connectivity_candidate,False,0.0339017548
720575941632265954,Mi1,R,720575941632265954,-11,3,connectivity_candidate,True,0.803958957
720575941632918242,Mi1,R,720575941632918242,-10,0,connectivity_candidate,True,0.625607226
720575941633116832,Mi1,R,720575941633116832,0,-10,connectivity_candidate,False,0.0212338199
720575941633218284,Mi1,R,720575941633218284,-12,2,connectivity_candidate,False,0.261362658
720575941633959611,Mi1,R,720575941633959611,1,1,connectivity_candidate,False,0.0344077695
720575941634143173,Mi1,R,720575941634143173,9,5,connectivity_candidate,False,0.0334625102
720575941634168005,Mi1,R,720575941634168005,1,-2,connectivity_candidate,False,0.0341400623
720575941634240197,Mi1,R,720575941634240197,13,11,connectivity_candidate,False,0.0331885882
720575941634257568,Mi1,R,720575941634257568,-10,-14,connectivity_candidate,True,0.711095229
720575941634984379,Mi1,R,720575941634984379,-2,-8,connectivity_candidate,False,0.0286602298
720575941635133627,Mi1,R,720575941635133627,11,8,connectivity_candidate,False,0.0324672864
720575941637710197,Mi1,R,720575941637710197,-2,-2,connectivity_candidate,False,0.0365996554
720575941637710709,Mi1,R,720575941637710709,2,-1,connectivity_candidate,False,0.0342623876
720575941638544159,Mi1,R,720575941638544159,-11,-1,connectivity_candidate,True,0.632110573
720575941638886943,Mi1,R,720575941638886943,-8,-3,connectivity_candidate,False,0.0463705731
720575941639916149,Mi1,R,720575941639916149,9,-2,connectivity_candidate,False,0.0389700473
720575941639990047,Mi1,R,720575941639990047,-2,-5,connectivity_candidate,False,0.0336905444
720575941640854629,Mi1,R,720575941640854629,1,-7,connectivity_candidate,False,0.0306709727
720575941640941429,Mi1,R,720575941640941429,0,9,connectivity_candidate,False,0.029233106
720575941641668965,Mi1,R,720575941641668965,11,1,connectivity_candidate,False,0.0346243067
720575941641866527,Mi1,R,720575941641866527,-5,-15,connectivity_candidate,True,0.840428567
720575941641867807,Mi1,R,720575941641867807,-11,-10,connectivity_candidate,False,0.277043169
720575941642378783,Mi1,R,720575941642378783,4,7,connectivity_candidate,False,0.0404079986
720575941643170209,Mi1,R,720575941643170209,-10,-9,connectivity_candidate,False,0.0467311055
720575941643339464,Mi1,R,720575941643339464,10,6,connectivity_candidate,False,0.0330968769
720575941643394168,Mi1,R,720575941643394168,8,17,connectivity_candidate,False,0.40882507
720575941643728328,Mi1,R,720575941643728328,6,17,connectivity_candidate,False,0.706663857
720575941643973576,Mi1,R,720575941643973576,16,12,connectivity_candidate,False,0.104518835
720575941644001224,Mi1,R,720575941644001224,17,6,connectivity_candidate,False,0.0310300969
720575941644280440,Mi1,R,720575941644280440,-5,-12,connectivity_candidate,False,0.0233340211
720575941644506488,Mi1,R,720575941644506488,10,3,connectivity_candidate,False,0.03325799
720575941645335201,Mi1,R,720575941645335201,5,16,connectivity_candidate,False,0.381326173
720575941646511560,Mi1,R,720575941646511560,-16,-11,connectivity_candidate,False,0.284591282
720575941646621345,Mi1,R,720575941646621345,-2,-3,connectivity_candidate,False,0.0354532066
720575941650365717,Mi1,R,720575941650365717,13,1,connectivity_candidate,False,0.0303592839
720575941650648817,Mi1,R,720575941650648817,4,12,connectivity_candidate,False,0.0292570173
720575941651072241,Mi1,R,720575941651072241,5,-9,connectivity_candidate,False,0.0449961744
720575941651625233,Mi1,R,720575941651625233,-10,-10,connectivity_candidate,True,0.942414257
720575941652155409,Mi1,R,720575941652155409,-15,-11,connectivity_candidate,False,0.283613995
720575941653223701,Mi1,R,720575941653223701,4,6,connectivity_candidate,False,0.0335789484
720575941653440729,Mi1,R,720575941653440729,5,14,connectivity_candidate,False,0.0286923441
720575941653479129,Mi1,R,720575941653479129,8,-5,connectivity_candidate,False,0.0438185831
720575941654374673,Mi1,R,720575941654374673,10,16,connectivity_candidate,False,0.0364813779
720575941655705049,Mi1,R,720575941655705049,-11,-4,connectivity_candidate,False,0.0615953064
720575941656316628,Mi1,R,720575941656316628,11,-2,connectivity_candidate,False,0.045953253
720575941656961816,Mi1,R,720575941656961816,-15,-10,connectivity_candidate,False,0.285142123
720575941657153616,Mi1,R,720575941657153616,2,11,connectivity_candidate,False,0.0323550644
720575941657495888,Mi1,R,720575941657495888,-10,-17,connectivity_candidate,True,0.823171631
720575941657951000,Mi1,R,720575941657951000,6,0,connectivity_candidate,False,0.0350253859
720575941660054552,Mi1,R,720575941660054552,14,3,connectivity_candidate,False,0.0351580124
720575941660131096,Mi1,R,720575941660131096,10,-5,connectivity_candidate,False,0.0495098015
720575941660370256,Mi1,R,720575941660370256,-6,-6,connectivity_candidate,False,0.0396655061
720575941660421712,Mi1,R,720575941660421712,-15,-6,connectivity_candidate,False,0.158707653
720575941660471096,Mi1,R,720575941660471096,7,-8,connectivity_candidate,True,0.932360407
720575941660473144,Mi1,R,720575941660473144,5,-11,connectivity_candidate,False,0.297756381
720575941660942928,Mi1,R,720575941660942928,-2,9,connectivity_candidate,False,0.03416314
720575941660960568,Mi1,R,720575941660960568,-5,8,connectivity_candidate,False,0.496763252
720575941661981052,Mi1,R,720575941661981052,-4,-13,connectivity_candidate,False,0.0990069919
720575941664277304,Mi1,R,720575941664277304,-1,11,connectivity_candidate,False,0.0373384356
720575941665198716,Mi1,R,720575941665198716,-12,-15,connectivity_candidate,False,0.416487004
720575941666651379,Mi1,R,720575941666651379,1,2,connectivity_candidate,False,0.0335966073
720575941666768371,Mi1,R,720575941666768371,-15,-1,connectivity_candidate,True,1.16477525
720575941666769139,Mi1,R,720575941666769139,1,10,connectivity_candidate,False,0.0316450447
720575941666782707,Mi1,R,720575941666782707,14,18,connectivity_candidate,False,0.0579458977
720575941671203761,Mi1,R,720575941671203761,-11,-14,connectivity_candidate,False,0.374805575
720575941671606193,Mi1,R,720575941671606193,10,2,connectivity_candidate,False,0.0348514726
720575941679587261,Mi1,R,720575941679587261,-15,-3,connectivity_candidate,True,0.761418533
720575941682429373,Mi1,R,720575941682429373,-14,0,connectivity_candidate,True,1.08000377
720575941685627887,Mi1,R,720575941685627887,-6,-17,connectivity_candidate,True,0.847366719
720575941686845964,Mi1,R,720575941686845964,-11,-3,connectivity_candidate,False,0.483768045
720575941687021580,Mi1,R,720575941687021580,-4,-3,connectivity_candidate,False,0.0386801662
720575941687282294,Mi1,R,720575941687282294,5,15,connectivity_candidate,False,0.414758824
720575941689026011,Mi1,R,720575941689026011,,,unassigned,False,
720575941689155823,Mi1,R,720575941689155823,11,5,connectivity_candidate,False,0.0332388165
720575941689192204,Mi1,R,720575941689192204,-14,-5,connectivity_candidate,True,0.781588701
720575941689383832,Mi1,R,720575941689383832,-15,-4,connectivity_candidate,True,0.733563675
720575941689896310,Mi1,R,720575941689896310,0,7,connectivity_candidate,False,0.0252156926
720575941689926156,Mi1,R,720575941689926156,-7,-17,connectivity_candidate,True,0.84089863
720575941690137612,Mi1,R,720575941690137612,7,15,connectivity_candidate,False,0.0309184895
720575941690745240,Mi1,R,720575941690745240,14,5,connectivity_candidate,False,0.0320307759
720575941692102107,Mi1,R,720575941692102107,-5,0,connectivity_candidate,False,0.0411392139
720575941692184216,Mi1,R,720575941692184216,9,-4,connectivity_candidate,False,0.0443246678
720575941701167578,Mi1,R,720575941701167578,-12,-8,connectivity_candidate,False,0.069122189
720575941701684186,Mi1,R,720575941701684186,10,12,connectivity_candidate,False,0.0331583443
720575941704853722,Mi1,R,720575941704853722,12,0,connectivity_candidate,False,0.0330327176
720575941721111354,Mi1,R,720575941721111354,-12,-12,connectivity_candidate,False,0.283076739
720575941721626170,Mi1,R,720575941721626170,-9,-4,connectivity_candidate,False,0.048639735
720575941724485946,Mi1,R,720575941724485946,-13,-3,connectivity_candidate,False,0.347580531
720575941730515243,Mi1,R,720575941730515243,-8,-10,connectivity_candidate,False,0.0317154652
720575941733844779,Mi1,R,720575941733844779,15,15,connectivity_candidate,False,0.0533715573
720575941733917739,Mi1,R,720575941733917739,12,18,connectivity_candidate,False,0.0371990167
720575941734098475,Mi1,R,720575941734098475,5,5,connectivity_candidate,False,0.033525996
720575941734554667,Mi1,R,720575941734554667,-3,-4,connectivity_candidate,False,0.0362837315
720575941734556459,Mi1,R,720575941734556459,6,16,connectivity_candidate,False,0.425117988
720575941352427056,L1,R,720575941496161918,6,5,connectivity_candidate,False,0.0338877567
720575941353694256,L1,R,720575941627908234,17,12,connectivity_candidate,True,0.593269081
720575941353728816,L1,R,720575941480585155,13,16,connectivity_candidate,False,0.0470423773
720575941392856580,L1,R,720575941546351465,-3,9,connectivity_candidate,False,0.0396847782
720575941393392644,L1,R,720575941631045573,12,-4,connectivity_candidate,True,0.623667097
720575941393526276,L1,R,720575941657495888,-10,-17,connectivity_candidate,True,0.823171631
720575941393528836,L1,R,720575941482765391,-12,-13,connectivity_candidate,True,0.840409302
720575941394194838,L1,R,720575941514086393,1,9,connectivity_candidate,False,0.0290843968
720575941394730646,L1,R,720575941463417284,10,8,connectivity_candidate,False,0.0320968781
720575941401485418,L1,R,720575941568781562,-6,-12,connectivity_candidate,False,0.0240561015
720575941402542371,L1,R,720575941454933485,-4,3,connectivity_candidate,False,0.0157959125
720575941402706979,L1,R,720575941581274613,6,13,connectivity_candidate,False,0.030915951
720575941405346672,L1,R,720575941540868125,-14,-14,connectivity_candidate,False,0.335376271
720575941405458544,L1,R,720575941539187033,-3,-10,connectivity_candidate,False,0.0252710281
720575941405459312,L1,R,720575941505662021,6,6,connectivity_candidate,False,0.0339137597
720575941405463408,L1,R,720575941514088547,10,11,connectivity_candidate,False,0.0325151992
720575941405465712,L1,R,720575941579855481,6,-1,connectivity_candidate,False,0.0354773796
720575941408617902,L1,R,720575941627256475,-1,3,connectivity_candidate,False,0.0286202432
720575941409211695,L1,R,720575941552210750,-6,1,connectivity_candidate,False,0.0353826571
720575941409288878,L1,R,720575941628460002,9,15,connectivity_candidate,False,0.0362244557
720575941409381935,L1,R,720575941666782707,14,18,connectivity_candidate,False,0.0579458977
720575941409396398,L1,R,720575941733844779,15,15,connectivity_candidate,False,0.0533715573
720575941409409710,L1,R,720575941403028515,17,7,connectivity_candidate,True,0.979470853
720575941409463087,L1,R,720575941585656710,2,12,connectivity_candidate,False,0.0344650066
720575941409463599,L1,R,720575941650648817,4,12,connectivity_candidate,False,0.0292570173
720575941409466159,L1,R,720575941504728892,8,16,connectivity_candidate,False,0.406840539
720575941411391659,L1,R,720575941533144042,-4,7,connectivity_candidate,False,0.489246633
720575941412746607,L1,R,720575941556959059,-4,11,connectivity_candidate,False,0.0332824122
720575941413385583,L1,R,720575941478427444,5,-8,connectivity_candidate,False,0.0437900237
720575941414906001,L1,R,720575941528257720,-10,3,connectivity_candidate,False,0.289292249
720575941414938769,L1,R,720575941689896310,0,7,connectivity_candidate,False,0.0252156926
720575941415081617,L1,R,720575941460073200,-2,-6,connectivity_candidate,False,0.0326871888
720575941415130769,L1,R,720575941525367140,4,0,connectivity_candidate,False,0.0344403457
720575941415163281,L1,R,720575941646511560,-16,-11,connectivity_candidate,False,0.284591282
720575941415164049,L1,R,720575941461049811,-10,-2,connectivity_candidate,True,0.488726341
720575941415186833,L1,R,720575941523141043,-1,15,connectivity_candidate,False,0.318519918
720575941415288980,L1,R,720575941418121244,12,13,connectivity_candidate,False,0.0348770892
720575941415332756,L1,R,720575941626068793,9,-6,connectivity_candidate,False,0.0539572491
720575941417259036,L1,R,720575941439735503,-17,-6,connectivity_candidate,True,0.774604354
720575941417465884,L1,R,720575941602025769,4,10,connectivity_candidate,False,0.0297039771
720575941417931804,L1,R,720575941577545064,-10,-3,connectivity_candidate,False,0.052839988
720575941428324180,L1,R,720575941478314602,-11,-12,connectivity_candidate,False,0.281799467
720575941428460628,L1,R,720575941555872164,7,0,connectivity_candidate,False,0.0353624311
720575941428460884,L1,R,,,,unassigned,False,
720575941428461652,L1,R,720575941529782987,2,-14,connectivity_candidate,True,0.483617583
720575941431149048,L1,R,720575941545862580,3,11,connectivity_candidate,False,0.0312125261
720575941431322761,L1,R,720575941666651379,1,2,connectivity_candidate,False,0.0335966073
720575941431771017,L1,R,720575941605566573,-8,-12,connectivity_candidate,True,0.808472758
720575941431927544,L1,R,720575941400313891,4,16,connectivity_candidate,True,0.821653428
720575941431965321,L1,R,720575941425705812,3,-6,connectivity_candidate,False,0.0354907605
720575941432004271,L1,R,720575941536251619,-15,-16,connectivity_candidate,True,1.30446756
720575941432452344,L1,R,720575941522740915,8,9,connectivity_candidate,False,0.0347919504
720575941432568929,L1,R,720575941561371118,9,10,connectivity_candidate,False,0.0362829557
720575941432571273,L1,R,720575941505806386,-7,-9,connectivity_candidate,False,0.0346172391
720575941432610657,L1,R,720575941666769139,1,10,connectivity_candidate,False,0.0316450447
720575941432645729,L1,R,720575941690745240,14,5,connectivity_candidate,False,0.0320307759
720575941432706657,L1,R,720575941459726291,-17,-8,connectivity_candidate,True,0.628888474
720575941432706913,L1,R,720575941638886943,-8,-3,connectivity_candidate,False,0.0463705731
720575941432730721,L1,R,720575941540878834,10,17,connectivity_candidate,False,0.0356961895
720575941433000663,L1,R,720575941450991797,-1,10,connectivity_candidate,False,0.0356016086
720575941433106190,L1,R,720575941514169347,-2,4,connectivity_candidate,False,0.0225413155
720575941433108695,L1,R,720575941704853722,12,0,connectivity_candidate,False,0.0330327176
720575941433109207,L1,R,720575941462650579,14,0,connectivity_candidate,False,0.186855084
720575941433755662,L1,R,720575941596522533,12,8,connectivity_candidate,False,0.0326631653
720575941433946327,L1,R,720575941487329232,12,2,connectivity_candidate,False,0.033808038
720575941435909920,L1,R,720575941504436028,-7,6,connectivity_candidate,False,0.495571106
720575941436162446,L1,R,720575941598922908,-8,7,connectivity_candidate,False,0.504283748
720575941436163982,L1,R,720575941533472088,-9,5,connectivity_candidate,False,0.500446219
720575941436822048,L1,R,720575941462769860,12,5,connectivity_candidate,False,0.0331451879
720575941436831776,L1,R,720575941654374673,10,16,connectivity_candidate,False,0.0364813779
720575941436843808,L1,R,720575941574438409,0,-15,connectivity_candidate,True,0.505982837
720575941439209746,L1,R,720575941624351882,-3,7,connectivity_candidate,False,0.0137413915
720575941439278354,L1,R,720575941434349326,-13,-8,connectivity_candidate,False,0.226075811
720575941439447084,L1,R,720575941544402620,2,14,connectivity_candidate,False,0.0570321863
720575941440158783,L1,R,720575941508217111,1,11,connectivity_candidate,False,0.0339108884
720575941440166111,L1,R,720575941592511528,-3,2,connectivity_candidate,False,0.025045396
720575941440171794,L1,R,720575941439697964,-10,-13,connectivity_candidate,True,0.687632277
720575941440218847,L1,R,720575941558454031,6,-8,connectivity_candidate,False,0.0443337487
720575941441093461,L1,R,720575941478439220,-12,-14,connectivity_candidate,False,0.345755744
720575941441147733,L1,R,720575941433303649,16,10,connectivity_candidate,False,0.385701269
720575941441160789,L1,R,720575941478851552,-10,7,connectivity_candidate,True,0.577029107
720575941441197791,L1,R,720575941544503581,-12,-2,connectivity_candidate,False,0.694133303
720575941441585615,L1,R,720575941525815652,6,-4,connectivity_candidate,False,0.0385791841
720575941442054335,L1,R,720575941476531818,5,-7,connectivity_candidate,False,0.0421988764
720575941442314587,L1,R,720575941518578323,9,11,connectivity_candidate,False,0.0342894296
720575941442656719,L1,R,720575941566044679,17,11,connectivity_candidate,True,0.591341963
720575941444754346,L1,R,720575941531646339,8,12,connectivity_candidate,False,0.0332758273
720575941445594538,L1,R,720575941639916149,9,-2,connectivity_candidate,False,0.0389700473
720575941445621162,L1,R,720575941562128755,3,12,connectivity_candidate,False,0.0327732559
720575941445656490,L1,R,720575941507404348,9,4,connectivity_candidate,False,0.0335973794
720575941445766058,L1,R,720575941515284115,-13,-15,connectivity_candidate,False,0.343491278
720575941445826730,L1,R,720575941447834549,-2,15,connectivity_candidate,False,0.412008215
720575941448682260,L1,R,720575941440390444,16,14,connectivity_candidate,False,0.064793369
720575941449761973,L1,R,720575941432166615,5,-5,connectivity_candidate,False,0.0385446407
720575941449872821,L1,R,720575941510331265,0,1,connectivity_candidate,False,0.0342545076
720575941450478005,L1,R,720575941657951000,6,0,connectivity_candidate,False,0.0350253859
720575941451234653,L1,R,720575941491435184,2,-11,connectivity_candidate,False,0.0530615449
720575941451503182,L1,R,720575941535047706,3,-12,connectivity_candidate,True,0.623795428
720575941453031081,L1,R,720575941633218284,-12,2,connectivity_candidate,False,0.261362658
720575941453255081,L1,R,720575941449465108,-8,-2,connectivity_candidate,False,0.0461804587
720575941453966761,L1,R,720575941664277304,-1,11,connectivity_candidate,False,0.0373384356
720575941454023593,L1,R,720575941603733238,-1,-3,connectivity_candidate,False,0.0346430969
720575941454778675,L1,R,720575941550683425,0,-13,connectivity_candidate,False,0.151248246
720575941454876979,L1,R,720575941454204999,-10,-16,connectivity_candidate,True,0.82107668
720575941457310960,L1,R,720575941627910794,-8,-15,connectivity_candidate,True,0.825559696
720575941457470701,L1,R,720575941661981052,-4,-13,connectivity_candidate,False,0.0990069919
720575941458519280,L1,R,720575941440417371,5,2,connectivity_candidate,False,0.0342435434
720575941459525104,L1,R,720575941605633782,-12,-3,connectivity_candidate,False,0.227832909
720575941459529200,L1,R,720575941606083949,-16,-15,connectivity_candidate,True,1.32321485
720575941459736991,L1,R,720575941689383832,-15,-4,connectivity_candidate,True,0.733563675
720575941459842207,L1,R,720575941463572237,9,13,connectivity_candidate,False,0.0334139384
720575941459994271,L1,R,720575941568671220,1,0,connectivity_candidate,False,0.0347488799
720575941459995551,L1,R,720575941541713869,0,15,connectivity_candidate,False,0.0196473085
720575941460601414,L1,R,720575941429638904,-5,7,connectivity_candidate,False,0.492790996
720575941460609350,L1,R,720575941412981931,0,2,connectivity_candidate,False,0.0327826938
720575941460658502,L1,R,720575941554717668,1,-13,connectivity_candidate,False,0.154919474
720575941460705094,L1,R,720575941632083180,7,5,connectivity_candidate,False,0.0339017548
720575941460910918,L1,R,720575941505691973,15,12,connectivity_candidate,False,0.0348697365
720575941461985491,L1,R,720575941592052075,-7,-1,connectivity_candidate,False,0.0456825956
720575941462000339,L1,R,720575941657153616,2,11,connectivity_candidate,False,0.0323550644
720575941462010835,L1,R,720575941400314659,1,12,connectivity_candidate,False,0.0357516645
720575941462021843,L1,R,720575941514712979,11,11,connectivity_candidate,False,0.0325702656
720575941462565331,L1,R,720575941449103438,-13,-16,connectivity_candidate,False,0.414255069
720575941463381261,L1,R,720575941412540564,2,-9,connectivity_candidate,False,0.580223991
720575941463456269,L1,R,720575941591041591,6,1,connectivity_candidate,False,0.0346380972
720575941464504845,L1,R,720575941482199805,4,14,connectivity_candidate,False,0.437494638
720575941465766166,L1,R,720575941500241633,5,10,connectivity_candidate,False,0.0347321927
720575941467574358,L1,R,720575941448602461,-1,6,connectivity_candidate,False,0.022953074
720575941468086038,L1,R,720575941527686054,12,12,connectivity_candidate,False,0.0337850055
720575941468326934,L1,R,720575941574611638,-2,-1,connectivity_candidate,False,0.0365024056
720575941468471318,L1,R,720575941538268392,14,13,connectivity_candidate,False,0.0337950971
720575941468472342,L1,R,720575941539233768,0,6,connectivity_candidate,False,0.0258325859
720575941470523613,L1,R,720575941624207980,8,-8,connectivity_candidate,False,0.0732429452
720575941470528733,L1,R,720575941574687670,9,-9,connectivity_candidate,False,0.423134847
720575941470531037,L1,R,720575941660942928,-2,9,connectivity_candidate,False,0.03416314
720575941470531293,L1,R,720575941505141015,1,13,connectivity_candidate,False,0.0408584203
720575941470536157,L1,R,720575941611819740,-13,3,connectivity_candidate,True,0.658901844
720575941470853495,L1,R,720575941507086977,-5,-17,connectivity_candidate,True,0.855445351
720575941471441675,L1,R,720575941412673428,-11,0,connectivity_candidate,True,0.675888736
720575941472225035,L1,R,720575941460445599,-5,3,connectivity_candidate,False,0.0189074074
720575941472386571,L1,R,720575941561384942,13,5,connectivity_candidate,False,0.0329477386
720575941472477536,L1,R,720575941391433732,-7,-2,connectivity_candidate,False,0.0442874685
720575941472583488,L1,R,720575941570642290,-13,-2,connectivity_candidate,False,0.446771051
720575941472597568,L1,R,720575941503477131,8,0,connectivity_candidate,False,0.0360038615
720575941472797760,L1,R,,,,unassigned,False,
720575941472820855,L1,R,720575941512360268,9,18,connectivity_candidate,False,0.410094712
720575941473879648,L1,R,720575941516859139,3,-4,connectivity_candidate,False,0.0344735265
720575941474595680,L1,R,720575941592623400,8,18,connectivity_candidate,True,0.750423311
720575941474656352,L1,R,720575941538985187,7,2,connectivity_candidate,False,0.0343482257
720575941474700128,L1,R,720575941479169871,-2,-13,connectivity_candidate,False,0.131724685
720575941474722912,L1,R,720575941494706814,-12,0,connectivity_candidate,False,0.455208191
720575941474851168,L1,R,720575941627322476,1,16,connectivity_candidate,True,0.896523389
720575941474857824,L1,R,720575941627756070,-9,7,connectivity_candidate,False,0.506432641
720575941474865962,L1,R,720575941660960568,-5,8,connectivity_candidate,False,0.496763252
720575941475393834,L1,R,720575941443560106,-9,-8,connectivity_candidate,False,0.0453776419
720575941475844650,L1,R,720575941597071911,13,12,connectivity_candidate,False,0.0337588032
720575941476098619,L1,R,720575941566540130,-4,-17,connectivity_candidate,False,0.274200145
720575941477693233,L1,R,720575941730515243,-8,-10,connectivity_candidate,False,0.0317154652
720575941477695281,L1,R,720575941472465015,12,1,connectivity_candidate,False,0.033630701
720575941477717809,L1,R,720575941598171525,-13,-13,connectivity_candidate,True,0.842709318
720575941477815857,L1,R,720575941631305510,0,-3,connectivity_candidate,False,0.0340169745
720575941477911326,L1,R,720575941642378783,4,7,connectivity_candidate,False,0.0404079986
720575941477924404,L1,R,720575941508908560,-10,8,connectivity_candidate,False,0.614755639
720575941477968414,L1,R,720575941671606193,10,2,connectivity_candidate,False,0.0348514726
720575941478106420,L1,R,720575941563672418,-5,1,connectivity_candidate,False,0.0407839234
720575941478163230,L1,R,720575941459725267,3,14,connectivity_candidate,False,0.0663008527
720575941478484289,L1,R,720575941414646812,9,-7,connectivity_candidate,False,0.0566849353
720575941478931009,L1,R,720575941497810082,12,-1,connectivity_candidate,False,0.0462283629
720575941479081834,L1,R,720575941539529950,-1,0,connectivity_candidate,False,0.0350835068
720575941479133290,L1,R,720575941471509213,1,15,connectivity_candidate,False,0.037478919
720575941480907343,L1,R,720575941517727960,11,18,connectivity_candidate,False,0.0354193036
720575941481257090,L1,R,720575941503968962,7,-6,connectivity_candidate,False,0.0439410461
720575941481453731,L1,R,720575941430800087,15,11,connectivity_candidate,False,0.0352859756
720575941481458339,L1,R,720575941592927446,-1,-14,connectivity_candidate,False,0.156422065
720575941481605027,L1,R,720575941634240197,13,11,connectivity_candidate,False,0.0331885882
720575941481725859,L1,R,,,,unassigned,False,
720575941481999034,L1,R,720575941563887767,-15,-12,connectivity_candidate,False,0.285114286
720575941482500431,L1,R,720575941595287079,12,9,connectivity_candidate,False,0.0326204162
720575941483008707,L1,R,720575941509488674,1,-14,connectivity_candidate,True,0.502783312
720575941483769286,L1,R,720575941479485263,5,9,connectivity_candidate,False,0.0348239361
720575941483867590,L1,R,720575941604166390,-2,6,connectivity_candidate,False,0.0172683482
720575941484172218,L1,R,720575941587606084,-13,-1,connectivity_candidate,False,0.455345766
720575941484172474,L1,R,720575941528484196,-2,7,connectivity_candidate,False,0.0171191861
720575941484216250,L1,R,720575941502519383,-8,-18,connectivity_candidate,True,0.892458254
720575941484244666,L1,R,720575941494911358,-1,-4,connectivity_candidate,False,0.0339442138
720575941484249274,L1,R,720575941577676470,4,-7,connectivity_candidate,False,0.0395396502
720575941484316858,L1,R,720575941506798686,-9,-1,connectivity_candidate,True,0.577887826
720575941484404733,L1,R,720575941494354558,5,3,connectivity_candidate,False,0.0339347851
720575941484414717,L1,R,720575941514208515,3,10,connectivity_candidate,False,0.0308573534
720575941485318074,L1,R,720575941484623682,8,15,connectivity_candidate,False,0.0377049539
720575941486277261,L1,R,720575941577692086,-2,2,connectivity_candidate,False,0.0292844421
720575941487163714,L1,R,720575941456101535,7,7,connectivity_candidate,False,0.0343263325
720575941487202445,L1,R,720575941425704276,-2,-14,connectivity_candidate,False,0.133870425
720575941487206285,L1,R,720575941689926156,-7,-17,connectivity_candidate,True,0.84089863
720575941487225485,L1,R,720575941603173310,-3,14,connectivity_candidate,False,0.417844545
720575941487232262,L1,R,720575941618628309,4,-9,connectivity_candidate,False,0.0452882441
720575941487278733,L1,R,720575941489486796,5,-10,connectivity_candidate,True,0.980552529
720575941487396102,L1,R,720575941608830317,-13,-14,connectivity_candidate,False,0.342391255
720575941487713744,L1,R,720575941624757642,-3,12,connectivity_candidate,False,0.0289406842
720575941487792592,L1,R,720575941612985318,-15,-9,connectivity_candidate,False,0.291236465
720575941488359942,L1,R,720575941643973576,16,12,connectivity_candidate,False,0.104518835
720575941488547024,L1,R,720575941524033099,-1,14,connectivity_candidate,True,0.683419654
720575941488637904,L1,R,720575941618727893,15,10,connectivity_candidate,True,0.960726553
720575941488718288,L1,R,720575941503397099,-13,-4,connectivity_candidate,True,0.876110694
720575941488730832,L1,R,,,,unassigned,False,
720575941489056821,L1,R,720575941692102107,-5,0,connectivity_candidate,False,0.0411392139
720575941490502601,L1,R,720575941591828990,-2,-9,connectivity_candidate,False,0.0263367019
720575941490935246,L1,R,720575941464858381,10,-7,connectivity_candidate,False,0.0552292536
720575941491086901,L1,R,720575941517068378,0,-14,connectivity_candidate,True,0.510709864
720575941491173351,L1,R,720575941528138754,7,-2,connectivity_candidate,False,0.0371324826
720575941491186124,L1,R,720575941511229906,-2,-10,connectivity_candidate,False,0.0230800217
720575941491350985,L1,R,720575941570713082,-12,3,connectivity_candidate,True,1.06452994
720575941491354825,L1,R,720575941486238349,-3,-5,connectivity_candidate,False,0.0351974585
720575941491374540,L1,R,720575941527571588,-4,6,connectivity_candidate,False,0.00903661671
720575941491647541,L1,R,720575941545050217,9,6,connectivity_candidate,False,0.0332858181
720575941491671015,L1,R,720575941534756184,-4,-11,connectivity_candidate,False,0.0245598002
720575941491816142,L1,R,720575941449093813,9,3,connectivity_candidate,False,0.0337970857
720575941491830734,L1,R,720575941637710197,-2,-2,connectivity_candidate,False,0.0365996554
720575941491832526,L1,R,720575941533864114,-12,-7,connectivity_candidate,False,0.060747298
720575941491833550,L1,R,720575941517207443,9,1,connectivity_candidate,False,0.0358709167
720575941491834318,L1,R,720575941499847035,15,9,connectivity_candidate,True,0.739283945
720575941491834830,L1,R,720575941584527838,5,7,connectivity_candidate,False,0.0334950471
720575941491851982,L1,R,720575941563883318,-17,-12,connectivity_candidate,True,0.4863545
720575941491928009,L1,R,720575941556820772,-5,9,connectivity_candidate,False,0.505248314
720575941491969484,L1,R,720575941506538881,-5,-14,connectivity_candidate,True,0.835147773
720575941491986638,L1,R,720575941414533268,-13,-9,connectivity_candidate,False,0.284531131
720575941491994060,L1,R,720575941443054506,10,7,connectivity_candidate,False,0.0328323584
720575941492000972,L1,R,720575941575868573,5,-3,connectivity_candidate,False,0.0363138788
720575941492170444,L1,R,720575941469685771,-17,-9,connectivity_candidate,True,0.698582881
720575941492412391,L1,R,720575941555258276,-9,-12,connectivity_candidate,False,0.280775203
720575941492415207,L1,R,720575941542903301,-8,-13,connectivity_candidate,True,0.812737139
720575941492526055,L1,R,720575941497786018,-11,-16,connectivity_candidate,True,0.821587751
720575941493924528,L1,R,720575941660471096,7,-8,connectivity_candidate,True,0.932360407
720575941493944240,L1,R,720575941576140809,-7,-13,connectivity_candidate,False,0.0197884705
720575941495374976,L1,R,720575941536942834,-7,-8,connectivity_candidate,False,0.0388252642
720575941495735422,L1,R,720575941470077451,13,9,connectivity_candidate,False,0.0325735568
720575941495821438,L1,R,720575941443679951,1,-10,connectivity_candidate,False,0.0220829753
720575941495862398,L1,R,720575941508670021,13,17,connectivity_candidate,False,0.0444951311
720575941496692423,L1,R,720575941486453200,8,-6,connectivity_candidate,False,0.0464561735
720575941496742855,L1,R,720575941527636902,3,8,connectivity_candidate,False,0.0326843467
720575941496754375,L1,R,720575941624453484,-7,1,connectivity_candidate,False,0.0426084463
720575941496932295,L1,R,720575941502111575,16,13,connectivity_candidate,True,0.991874363
720575941499110011,L1,R,720575941391584150,-1,13,connectivity_candidate,False,0.0349117215
720575941499205243,L1,R,720575941503117618,-18,-9,connectivity_candidate,True,0.583518277
720575941499263099,L1,R,720575941484806662,3,-9,connectivity_candidate,False,0.044765413
720575941499267195,L1,R,720575941547774652,-15,-7,connectivity_candidate,False,0.149963676
720575941499568609,L1,R,720575941499847803,8,-9,connectivity_candidate,False,0.423976009
720575941499576289,L1,R,720575941651072241,5,-9,connectivity_candidate,False,0.0449961744
720575941499635169,L1,R,720575941645335201,5,16,connectivity_candidate,False,0.381326173
720575941499835259,L1,R,720575941638544159,-11,-1,connectivity_candidate,True,0.632110573
720575941499841865,L1,R,720575941547667644,-9,-11,connectivity_candidate,False,0.277746564
720575941499877193,L1,R,720575941558545935,10,19,connectivity_candidate,False,0.110841436
720575941499924553,L1,R,720575941613749933,10,14,connectivity_candidate,False,0.0339054695
720575941499925065,L1,R,720575941480281027,11,15,connectivity_candidate,False,0.0337167209
720575941499926601,L1,R,720575941627478986,3,4,connectivity_candidate,False,0.0332480756
720575941499927369,L1,R,720575941558027791,7,-3,connectivity_candidate,False,0.0386428992
720575941499928393,L1,R,720575941593317590,-6,-11,connectivity_candidate,False,0.0272314712
720575941500570786,L1,R,720575941469633911,2,-12,connectivity_candidate,True,0.668576923
720575941501778315,L1,R,720575941475226976,5,6,connectivity_candidate,False,0.0333338976
720575941502689675,L1,R,720575941631094981,-6,7,connectivity_candidate,False,0.495763672
720575941502778763,L1,R,720575941561574771,10,4,connectivity_candidate,False,0.0334820868
720575941502785931,L1,R,720575941446769834,16,11,connectivity_candidate,False,0.399920407
720575941504165611,L1,R,720575941565156455,3,-7,connectivity_candidate,False,0.0366414054
720575941504329707,L1,R,720575941403213936,0,16,connectivity_candidate,True,0.897806734
720575941504382914,L1,R,720575941502303319,12,17,connectivity_candidate,False,0.0408595583
720575941504459570,L1,R,720575941660131096,10,-5,connectivity_candidate,False,0.0495098015
720575941504506711,L1,R,720575941437783007,-8,2,connectivity_candidate,False,0.15722166
720575941505177794,L1,R,720575941475276347,-11,5,connectivity_candidate,False,0.572233734
720575941505239490,L1,R,720575941436428332,12,14,connectivity_candidate,False,0.0378605871
720575941505297346,L1,R,720575941632918242,-10,0,connectivity_candidate,True,0.625607226
720575941505323202,L1,R,720575941353990960,2,3,connectivity_candidate,False,0.033322301
720575941506215077,L1,R,720575941432472751,-10,-12,connectivity_candidate,False,0.282805736
720575941506885029,L1,R,720575941576179464,-3,3,connectivity_candidate,False,0.0199258668
720575941507113276,L1,R,720575941487859206,-3,8,connectivity_candidate,False,0.0397396908
720575941507132220,L1,R,720575941448504654,15,3,connectivity_candidate,False,0.0312561628
720575941507152444,L1,R,720575941516476995,-1,-17,connectivity_candidate,False,0.253388155
720575941507157820,L1,R,720575941569359918,10,13,connectivity_candidate,False,0.033149092
720575941507495440,L1,R,720575941528110681,-5,-8,connectivity_candidate,False,0.0335861779
720575941507731735,L1,R,720575941507976226,-4,-18,connectivity_candidate,False,0.275897225
720575941507757847,L1,R,720575941539337049,-2,-7,connectivity_candidate,False,0.0308335089
720575941507786263,L1,R,720575941425703508,7,17,connectivity_candidate,False,0.438985743
720575941507857943,L1,R,720575941469634167,-10,-8,connectivity_candidate,False,0.0448373319
720575941507962391,L1,R,720575941506178213,-8,4,connectivity_candidate,False,0.495328863
720575941508057413,L1,R,720575941505512471,9,12,connectivity_candidate,False,0.0335156669
720575941508076357,L1,R,720575941537455843,3,5,connectivity_candidate,False,0.0332906611
720575941508204357,L1,R,720575941724485946,-13,-3,connectivity_candidate,False,0.347580531
720575941508921694,L1,R,720575941547951165,6,-5,connectivity_candidate,False,0.0399986153
720575941508964958,L1,R,720575941436543788,2,13,connectivity_candidate,False,0.0378435908
720575941508978722,L1,R,720575941538919139,-7,-11,connectivity_candidate,False,0.0299464116
720575941509095202,L1,R,720575941592910550,-2,13,connectivity_candidate,False,0.0304943065
720575941509151361,L1,R,720575941479236943,9,-5,connectivity_candidate,False,0.0459781059
720575941509299585,L1,R,720575941479810154,3,-3,connectivity_candidate,False,0.0342891797
720575941509421697,L1,R,720575941562995810,11,-1,connectivity_candidate,False,0.0433570761
720575941509431169,L1,R,720575941578046033,-13,-7,connectivity_candidate,False,0.219349912
720575941509465182,L1,R,720575941475633438,8,3,connectivity_candidate,False,0.0340194745
720575941510306064,L1,R,720575941573039368,-10,-6,connectivity_candidate,False,0.0516566559
720575941511147986,L1,R,720575941624210028,11,-5,connectivity_candidate,True,1.02153682
720575941511232016,L1,R,720575941448457821,-12,-4,connectivity_candidate,True,0.536662795
720575941511324176,L1,R,720575941563810962,-1,-16,connectivity_candidate,False,0.252622849
720575941511379728,L1,R,720575941426189908,11,16,connectivity_candidate,False,0.0374458335
720575941511441168,L1,R,720575941482200962,8,-1,connectivity_candidate,False,0.0367840731
720575941511957202,L1,R,720575941489315273,-4,5,connectivity_candidate,False,0.00975209272
720575941512118738,L1,R,720575941533097394,-12,-16,connectivity_candidate,True,0.822360715
720575941512349183,L1,R,720575941403214115,-3,1,connectivity_candidate,False,0.0342128483
720575941513965132,L1,R,720575941439538523,1,5,connectivity_candidate,False,0.0302693572
720575941514507729,L1,R,720575941498994505,-13,-11,connectivity_candidate,False,0.280984312
720575941514569548,L1,R,720575941527904612,8,8,connectivity_candidate,False,0.035258318
720575941514648908,L1,R,720575941609450729,-9,-14,connectivity_candidate,True,0.811951016
720575941514679372,L1,R,720575941573204893,1,8,connectivity_candidate,False,0.0271609587
720575941515824707,L1,R,720575941567990522,-8,-1,connectivity_candidate,False,0.0433178023
720575941515892547,L1,R,720575941527661444,11,-4,connectivity_candidate,False,0.0512909505
720575941515959875,L1,R,720575941602000569,12,-2,connectivity_candidate,False,0.052857621
720575941515983171,L1,R,720575941629225017,14,15,connectivity_candidate,True,0.970080449
720575941516106745,L1,R,720575941409775022,-13,-6,connectivity_candidate,False,0.21964102
720575941516373507,L1,R,720575941473907259,-5,5,connectivity_candidate,False,0.025175342
720575941516431715,L1,R,720575941567723378,0,-8,connectivity_candidate,False,0.0275318444
720575941516493667,L1,R,720575941429600393,10,-4,connectivity_candidate,False,0.0467484981
720575941516493923,L1,R,720575941613063910,-7,-3,connectivity_candidate,False,0.0437867443
720575941516509027,L1,R,720575941431583758,-1,9,connectivity_candidate,False,0.0297874615
720575941516537859,L1,R,720575941441128895,8,2,connectivity_candidate,False,0.0343378806
720575941516539139,L1,R,720575941495316096,-9,-16,connectivity_candidate,True,0.824310086
720575941516638298,L1,R,720575941564910183,-11,7,connectivity_candidate,False,0.568386835
720575941517453459,L1,R,720575941560626158,-4,2,connectivity_candidate,False,0.0141860304
720575941517696659,L1,R,720575941409478447,-3,-16,connectivity_candidate,False,0.23889945
720575941517696915,L1,R,720575941568024110,-17,-13,connectivity_candidate,True,0.844531764
720575941517817304,L1,R,,,,unassigned,False,
720575941519320942,L1,R,720575941502324823,-7,-7,connectivity_candidate,False,0.0411690257
720575941519679404,L1,R,720575941439177183,-6,-14,connectivity_candidate,True,0.829898796
720575941519801260,L1,R,720575941546953049,-4,-4,connectivity_candidate,False,0.0378178896
720575941519989208,L1,R,720575941478880321,7,8,connectivity_candidate,False,0.033636198
720575941520030936,L1,R,720575941414421393,7,13,connectivity_candidate,False,0.0322934163
720575941520224366,L1,R,720575941690137612,7,15,connectivity_candidate,False,0.0309184895
720575941521710775,L1,R,,,,unassigned,False,
720575941521821111,L1,R,720575941482588611,-1,-12,connectivity_candidate,False,0.131650586
720575941521953203,L1,R,720575941551102782,-6,10,connectivity_candidate,False,0.502518858
720575941522024883,L1,R,720575941592180843,-3,0,connectivity_candidate,False,0.0367315506
720575941523143603,L1,R,720575941506539137,4,4,connectivity_candidate,False,0.0335025594
720575941523785975,L1,R,720575941471891552,7,-4,connectivity_candidate,False,0.039648477
720575941523802103,L1,R,720575941629967084,10,9,connectivity_candidate,False,0.0308639499
720575941523815415,L1,R,720575941533336152,-15,-15,connectivity_candidate,False,0.334115488
720575941524197375,L1,R,720575941562525842,-11,-11,connectivity_candidate,False,0.278041436
720575941525140569,L1,R,720575941469118583,-5,-16,connectivity_candidate,True,0.848785665
720575941525159499,L1,R,720575941574913181,-7,10,connectivity_candidate,False,0.504676018
720575941525159755,L1,R,720575941643394168,8,17,connectivity_candidate,False,0.40882507
720575941525698014,L1,R,720575941527925688,-1,-5,connectivity_candidate,False,0.0330204043
720575941526330078,L1,R,720575941494943664,1,3,connectivity_candidate,False,0.0325137023
720575941526353374,L1,R,720575941536418058,10,-2,connectivity_candidate,False,0.0424016266
720575941526407646,L1,R,720575941473378090,8,-4,connectivity_candidate,False,0.0417653075
720575941526512350,L1,R,720575941505589669,8,1,connectivity_candidate,False,0.0349639475
720575941526539230,L1,R,720575941502372914,11,4,connectivity_candidate,False,0.0333792282
720575941527343716,L1,R,720575941734554667,-3,-4,connectivity_candidate,False,0.0362837315
720575941527362637,L1,R,720575941508670789,6,7,connectivity_candidate,False,0.0338354893
720575941527382605,L1,R,720575941559579693,-2,11,connectivity_candidate,False,0.0403303485
720575941527417188,L1,R,720575941595209579,14,10,connectivity_candidate,False,0.0341456924
720575941527428964,L1,R,720575941475241568,4,1,connectivity_candidate,False,0.0342696956
720575941527429220,L1,R,720575941596955292,-4,10,connectivity_candidate,False,0.0390809597
720575941527461732,L1,R,720575941519515319,3,0,connectivity_candidate,False,0.034263281
720575941527473508,L1,R,720575941497512161,-1,-8,connectivity_candidate,False,0.0277704164
720575941527474020,L1,R,720575941579146741,7,4,connectivity_candidate,False,0.0339047826
720575941527514649,L1,R,720575941624475274,-7,8,connectivity_candidate,False,0.504098325
720575941527515748,L1,R,720575941507639842,8,-2,connectivity_candidate,False,0.0380452212
720575941527701670,L1,R,720575941624528236,9,19,connectivity_candidate,False,0.44517509
720575941528576678,L1,R,720575941491740366,0,0,connectivity_candidate,False,0.0357384969
720575941528577702,L1,R,720575941612307274,10,-6,connectivity_candidate,False,0.053016136
720575941528799876,L1,R,720575941479283395,-12,1,connectivity_candidate,True,0.809165171
720575941529062054,L1,R,720575941653440729,5,14,connectivity_candidate,False,0.0286923441
720575941529858692,L1,R,720575941542703645,7,12,connectivity_candidate,False,0.0329449187
720575941529885316,L1,R,720575941525139481,-5,-5,connectivity_candidate,False,0.0387945304
720575941530513848,L1,R,720575941451190109,16,7,connectivity_candidate,False,0.029389334
720575941530533048,L1,R,720575941509188050,6,-3,connectivity_candidate,False,0.037134337
720575941531808459,L1,R,720575941507636389,-6,-16,connectivity_candidate,True,0.842304416
720575941531821259,L1,R,720575941413964692,12,6,connectivity_candidate,False,0.0330160027
720575941532187595,L1,R,720575941650365717,13,1,connectivity_candidate,False,0.0303592839
720575941532188363,L1,R,720575941410156591,16,6,connectivity_candidate,False,0.0310300974
720575941532874329,L1,R,720575941584335326,8,4,connectivity_candidate,False,0.033760378
720575941533117059,L1,R,720575941587555652,16,15,connectivity_candidate,True,1.02373564
720575941533425125,L1,R,720575941440821215,9,-1,connectivity_candidate,False,0.0373022447
720575941534128003,L1,R,720575941409612715,-11,-5,connectivity_candidate,False,0.0597508149
720575941534176643,L1,R,720575941609908457,8,10,connectivity_candidate,False,0.0320461574
720575941534322563,L1,R,720575941618799487,5,1,connectivity_candidate,False,0.0344119066
720575941534431454,L1,R,720575941617948543,0,-2,connectivity_candidate,False,0.0343654957
720575941534633950,L1,R,720575941561564787,0,-1,connectivity_candidate,False,0.0351226296
720575941535106526,L1,R,720575941472912682,1,-3,connectivity_candidate,False,0.0338288094
720575941535480169,L1,R,720575941597459569,2,4,connectivity_candidate,False,0.0325642977
720575941535602009,L1,R,720575941460315792,-13,0,connectivity_candidate,True,1.12714627
720575941535659864,L1,R,720575941479380643,-10,6,connectivity_candidate,False,0.526924831
720575941535660120,L1,R,720575941520867767,5,11,connectivity_candidate,False,0.032751158
720575941535730354,L1,R,720575941558033828,7,10,connectivity_candidate,False,0.0328981002
720575941535743410,L1,R,720575941469685312,-11,4,connectivity_candidate,True,1.09055081
720575941535865778,L1,R,720575941630042604,1,-8,connectivity_candidate,False,0.0294767527
720575941535946930,L1,R,720575941485989840,4,-12,connectivity_candidate,False,0.345467511
720575941535983809,L1,R,720575941460473744,4,15,connectivity_candidate,False,0.0716058349
720575941536083136,L1,R,720575941600258345,0,14,connectivity_candidate,False,0.0379167919
720575941536121834,L1,R,720575941479237711,6,-2,connectivity_candidate,False,0.0364098419
720575941536134848,L1,R,720575941687282294,5,15,connectivity_candidate,False,0.414758824
720575941536148929,L1,R,720575941611517404,-2,3,connectivity_candidate,False,0.0249753224
720575941536214238,L1,R,720575941484452674,4,-6,connectivity_candidate,False,0.0381789645
720575941536693185,L1,R,720575941412634769,-3,10,connectivity_candidate,False,0.0391189641
720575941536695306,L1,R,720575941494479047,-16,-7,connectivity_candidate,True,0.798195376
720575941536706241,L1,R,720575941463048900,9,8,connectivity_candidate,False,0.0384083204
720575941536726538,L1,R,720575941567370343,-6,0,connectivity_candidate,False,0.0409406413
720575941536734656,L1,R,720575941541294109,0,11,connectivity_candidate,False,0.0353921869
720575941536737216,L1,R,720575941394657174,-1,8,connectivity_candidate,False,0.0269141236
720575941536744640,L1,R,720575941555607460,6,11,connectivity_candidate,False,0.0333869745
720575941536888074,L1,R,720575941541152973,15,17,connectivity_candidate,True,0.972771314
720575941536894145,L1,R,720575941613599718,15,8,connectivity_candidate,True,0.841287695
720575941537341978,L1,R,720575941513053251,-11,-2,connectivity_candidate,True,0.525899024
720575941537382120,L1,R,720575941521708279,-6,-2,connectivity_candidate,False,0.0425696643
720575941537608178,L1,R,720575941533677400,-6,-1,connectivity_candidate,False,0.0425077687
720575941537708520,L1,R,720575941439202322,-7,9,connectivity_candidate,False,0.505051437
720575941537776065,L1,R,720575941556821540,-5,10,connectivity_candidate,False,0.08962233
720575941538224104,L1,R,720575941685627887,-6,-17,connectivity_candidate,True,0.847366719
720575941538236904,L1,R,720575941572830473,-6,-10,connectivity_candidate,False,0.0310975217
720575941538313699,L1,R,720575941611541478,14,4,connectivity_candidate,False,0.0328607272
720575941538358248,L1,R,720575941482094522,7,-5,connectivity_candidate,False,0.0419334014
720575941538383331,L1,R,720575941497416009,4,-4,connectivity_candidate,False,0.0357548385
720575941538500835,L1,R,720575941599932869,-16,-4,connectivity_candidate,True,0.762646569
720575941538602206,L1,R,720575941538904701,-8,-7,connectivity_candidate,False,0.0438989917
720575941538728178,L1,R,720575941507980604,15,16,connectivity_candidate,True,1.02186396
720575941539709426,L1,R,720575941517507032,-7,2,connectivity_candidate,False,0.72874331
720575941539769749,L1,R,720575941393983236,11,9,connectivity_candidate,False,0.0320279013
720575941539840498,L1,R,720575941471853152,2,-6,connectivity_candidate,False,0.0337788226
720575941539864725,L1,R,720575941552099355,7,-7,connectivity_candidate,False,0.0452710748
720575941540172510,L1,R,720575941481544134,-16,-14,connectivity_candidate,False,0.326895913
720575941540415936,L1,R,720575941481773507,2,9,connectivity_candidate,False,0.0301585338
720575941540424397,L1,R,720575941497802658,3,2,connectivity_candidate,False,0.0340441711
720575941540945869,L1,R,720575941451887482,-6,-8,connectivity_candidate,False,0.0351997404
720575941540996062,L1,R,720575941564715879,-9,-10,connectivity_candidate,False,0.251558127
720575941541072253,L1,R,720575941666768371,-15,-1,connectivity_candidate,True,1.16477525
720575941541074777,L1,R,720575941655705049,-11,-4,connectivity_candidate,False,0.0615953064
720575941541230973,L1,R,720575941528484280,-4,-1,connectivity_candidate,False,0.0394524512
720575941541349218,L1,R,720575941556774401,-16,-6,connectivity_candidate,True,0.797681783
720575941541365858,L1,R,720575941514175747,-13,-10,connectivity_candidate,False,0.28002066
720575941541620322,L1,R,720575941513723139,-16,-8,connectivity_candidate,False,0.0953146271
720575941541625186,L1,R,720575941515021132,-17,-10,connectivity_candidate,True,0.660332764
720575941542934813,L1,R,720575941469982475,-14,-9,connectivity_candidate,False,0.226892041
720575941542937945,L1,R,720575941417731612,-3,-11,connectivity_candidate,False,0.0222381515
720575941542945113,L1,R,720575941493582974,-4,-15,connectivity_candidate,False,0.134888746
720575941543129692,L1,R,720575941640941429,0,9,connectivity_candidate,False,0.029233106
720575941543225180,L1,R,720575941473329194,-5,-2,connectivity_candidate,False,0.0408378366
720575941543287644,L1,R,720575941584492510,10,15,connectivity_candidate,False,0.0346246973
720575941543369820,L1,R,720575941481180611,-1,-1,connectivity_candidate,False,0.0356977861
720575941543374940,L1,R,720575941493070567,-11,1,connectivity_candidate,False,0.259438734
720575941543779682,L1,R,720575941549781620,-14,-12,connectivity_candidate,False,0.285649791
720575941543875869,L1,R,720575941540332693,1,-5,connectivity_candidate,False,0.0323803916
720575941543956765,L1,R,720575941440450860,13,3,connectivity_candidate,False,0.0330499612
720575941544377280,L1,R,720575941522504627,-2,8,connectivity_candidate,False,0.0265082524
720575941544531741,L1,R,720575941497486409,-12,-10,connectivity_candidate,False,0.275159678
720575941544904894,L1,R,720575941512359500,-8,10,connectivity_candidate,True,1.11539783
720575941544921022,L1,R,720575941509499682,-4,8,connectivity_candidate,False,0.495795778
720575941545036889,L1,R,720575941621403263,-3,-9,connectivity_candidate,False,0.027878265
720575941545043289,L1,R,720575941479225423,-4,-6,connectivity_candidate,False,0.0356891409
720575941545055065,L1,R,720575941505556293,-9,-3,connectivity_candidate,False,0.0491065126
720575941545075545,L1,R,720575941489809358,-7,-4,connectivity_candidate,False,0.0431247168
720575941545478242,L1,R,720575941689192204,-14,-5,connectivity_candidate,True,0.781588701
720575941545481570,L1,R,720575941413727599,-14,-3,connectivity_candidate,False,0.394343149
720575941545483106,L1,R,720575941438246188,-13,-5,connectivity_candidate,False,0.218754909
720575941545828706,L1,R,720575941410754415,-15,-13,connectivity_candidate,True,0.841198543
720575941545831778,L1,R,720575941536237539,-12,-17,connectivity_candidate,True,0.809595267
720575941545837666,L1,R,720575941558453805,-14,-13,connectivity_candidate,True,0.84005628
720575941546517337,L1,R,720575941467830493,-1,-9,connectivity_candidate,False,0.0249614893
720575941546517849,L1,R,720575941634984379,-2,-8,connectivity_candidate,False,0.0286602298
720575941546574425,L1,R,720575941449501277,-1,-6,connectivity_candidate,False,0.031687171
720575941546581593,L1,R,,,,unassigned,False,
720575941546582361,L1,R,720575941616107417,-9,3,connectivity_candidate,False,0.494080226
720575941546583641,L1,R,,,,unassigned,False,
720575941546585945,L1,R,720575941551331956,0,-6,connectivity_candidate,False,0.0312249861
720575941546588761,L1,R,720575941640854629,1,-7,connectivity_candidate,False,0.0306709727
720575941546590809,L1,R,720575941482276943,5,-12,connectivity_candidate,True,0.899174603
720575941546608729,L1,R,720575941634168005,1,-2,connectivity_candidate,False,0.0341400623
720575941546617945,L1,R,720575941505278277,-9,4,connectivity_candidate,False,0.497829521
720575941546668377,L1,R,720575941575831990,6,-7,connectivity_candidate,False,0.043487033
720575941546714713,L1,R,720575941630043628,1,-6,connectivity_candidate,False,0.0312414276
720575941546715481,L1,R,720575941612417299,2,-7,connectivity_candidate,False,0.0332274597
720575941546740313,L1,R,720575941601980406,0,-5,connectivity_candidate,False,0.0325046513
720575941546827609,L1,R,720575941637710709,2,-1,connectivity_candidate,False,0.0342623876
720575941546948953,L1,R,720575941478058545,-1,-7,connectivity_candidate,False,0.0298797504
720575941546950233,L1,R,720575941534548506,1,-9,connectivity_candidate,False,0.0256138479
720575941546951257,L1,R,720575941512312017,-12,4,connectivity_candidate,False,0.569055916
720575941547101876,L1,R,720575941553699355,13,7,connectivity_candidate,False,0.0327339234
720575941547104361,L1,R,720575941557220353,-16,-10,connectivity_candidate,False,0.291787594
720575941547222460,L1,R,720575941486259778,10,1,connectivity_candidate,False,0.0351520397
720575941547283388,L1,R,720575941475434289,13,19,connectivity_candidate,False,0.0455080837
720575941547313088,L1,R,720575941558336238,-8,3,connectivity_candidate,False,0.494031485
720575941547965364,L1,R,720575941429210799,-14,-2,connectivity_candidate,False,0.395172365
720575941548042273,L1,R,720575941624553418,-14,-4,connectivity_candidate,True,0.785540768
720575941548155316,L1,R,720575941479170639,15,2,connectivity_candidate,False,0.0210998272
720575941548661896,L1,R,720575941579235061,-4,-16,connectivity_candidate,False,0.127473099
720575941550082593,L1,R,720575941557879567,-16,-5,connectivity_candidate,True,0.771469008
720575941550127677,L1,R,720575941564413608,-2,5,connectivity_candidate,False,0.0201492695
720575941550213153,L1,R,720575941533099352,12,7,connectivity_candidate,False,0.0328904304
720575941550218017,L1,R,720575941556789796,7,14,connectivity_candidate,False,0.0313318805
720575941550220065,L1,R,720575941532005763,9,0,connectivity_candidate,False,0.0361126933
720575941550718836,L1,R,720575941493638526,4,17,connectivity_candidate,True,1.16734493
720575941552438078,L1,R,720575941531508867,3,-8,connectivity_candidate,False,0.0402598676
720575941553285694,L1,R,720575941553027719,-1,-2,connectivity_candidate,False,0.0351873941
720575941553364286,L1,R,720575941559349293,6,4,connectivity_candidate,False,0.033916881
720575941553404222,L1,R,720575941507007036,-10,-4,connectivity_candidate,False,0.0534091226
720575941553896731,L1,R,720575941500715081,-15,-8,connectivity_candidate,False,0.213638038
720575941553943579,L1,R,720575941509572702,5,13,connectivity_candidate,False,0.0301970937
720575941554200455,L1,R,720575941558535844,-15,-14,connectivity_candidate,False,0.331955548
720575941554222215,L1,R,720575941482128058,-13,2,connectivity_candidate,False,0.160832968
720575941554224263,L1,R,720575941701684186,10,12,connectivity_candidate,False,0.0331583443
720575941554316679,L1,R,720575941619635071,13,13,connectivity_candidate,False,0.0349934811
720575941554319751,L1,R,720575941412395179,5,8,connectivity_candidate,False,0.104714758
720575941554321799,L1,R,720575941451450793,-1,12,connectivity_candidate,False,0.0391392133
720575941554331527,L1,R,720575941457994566,10,0,connectivity_candidate,False,0.0358821679
720575941554332039,L1,R,720575941584400094,-7,3,connectivity_candidate,False,0.494663451
720575941554345863,L1,R,720575941533935626,-2,-15,connectivity_candidate,False,0.160128136
720575941554391943,L1,R,720575941506946398,-11,-7,connectivity_candidate,False,0.0602215728
720575941554465246,L1,R,720575941433939744,-8,-5,connectivity_candidate,False,0.0448339924
720575941554702619,L1,R,720575941505591365,-4,-2,connectivity_candidate,False,0.0389768222
720575941554709275,L1,R,720575941433734542,3,9,connectivity_candidate,False,0.0302880061
720575941554854171,L1,R,720575941624509083,-5,11,connectivity_candidate,False,0.107852391
720575941554900871,L1,R,720575941546102617,2,2,connectivity_candidate,False,0.0338502601
720575941555173274,L1,R,720575941493138407,2,1,connectivity_candidate,False,0.0343103328
720575941555253639,L1,R,720575941701167578,-12,-8,connectivity_candidate,False,0.069122189
720575941555363482,L1,R,720575941494844848,17,16,connectivity_candidate,True,1.02612296
720575941555965017,L1,R,720575941533964993,-10,1,connectivity_candidate,True,0.626947807
720575941556036836,L1,R,720575941660370256,-6,-6,connectivity_candidate,False,0.0396655061
720575941556196609,L1,R,720575941528316548,5,0,connectivity_candidate,False,0.0346612981
720575941556307201,L1,R,720575941592052587,-8,-16,connectivity_candidate,True,0.827066546
720575941556338003,L1,R,720575941679587261,-15,-3,connectivity_candidate,True,0.761418533
720575941556398419,L1,R,720575941453822633,-4,-14,connectivity_candidate,False,0.110815441
720575941556540499,L1,R,720575941682429373,-14,0,connectivity_candidate,True,1.08000377
720575941556815873,L1,R,720575941576632463,0,3,connectivity_candidate,False,0.0308244143
720575941556873956,L1,R,720575941644506488,10,3,connectivity_candidate,False,0.03325799
720575941556882148,L1,R,720575941522790839,-15,-5,connectivity_candidate,True,1.04173204
720575941556924132,L1,R,720575941578154833,-6,-4,connectivity_candidate,False,0.0415831138
720575941557076708,L1,R,720575941548439869,-11,2,connectivity_candidate,False,0.284713175
720575941557344345,L1,R,720575941451980922,-6,-3,connectivity_candidate,False,0.0421605189
720575941557374297,L1,R,720575941476828778,-8,0,connectivity_candidate,False,0.0610534687
720575941557719262,L1,R,720575941479014465,-8,-11,connectivity_candidate,False,0.0414859657
720575941558956757,L1,R,720575941515708921,-3,-2,connectivity_candidate,False,0.0378700716
720575941558981333,L1,R,720575941646621345,-2,-3,connectivity_candidate,False,0.0354532066
720575941559070942,L1,R,720575941526337958,-11,-6,connectivity_candidate,False,0.0584562324
720575941559098916,L1,R,720575941595233925,15,4,connectivity_candidate,False,0.033106036
720575941559148757,L1,R,720575941687021580,-4,-3,connectivity_candidate,False,0.0386801662
720575941559153630,L1,R,720575941500492427,-8,-8,connectivity_candidate,False,0.0438798663
720575941559181860,L1,R,720575941481257952,6,3,connectivity_candidate,False,0.0340858477
720575941559196708,L1,R,720575941502315095,-9,-7,connectivity_candidate,False,0.0463684642
720575941559724559,L1,R,720575941631387845,12,4,connectivity_candidate,False,0.0334320038
720575941560032557,L1,R,720575941538876565,6,2,connectivity_candidate,False,0.0342421864
720575941560317043,L1,R,720575941578124789,-7,-6,connectivity_candidate,False,0.0421199436
720575941560658191,L1,R,720575941408270383,-10,-5,connectivity_candidate,False,0.0517747626
720575941560659215,L1,R,720575941411300719,4,5,connectivity_candidate,False,0.0333561092
720575941560847375,L1,R,720575941426422356,-10,-18,connectivity_candidate,True,0.972965188
720575941560876815,L1,R,720575941524712439,13,6,connectivity_candidate,False,0.0327216143
720575941561118323,L1,R,720575941429599625,-3,-3,connectivity_candidate,False,0.0370862723
720575941561261534,L1,R,720575941644280440,-5,-12,connectivity_candidate,False,0.0233340211
720575941561342686,L1,R,720575941479727840,-4,-10,connectivity_candidate,False,0.0271960634
720575941561396239,L1,R,720575941615357660,-9,-18,connectivity_candidate,True,0.916504693
720575941561535603,L1,R,720575941475297054,8,13,connectivity_candidate,False,0.0331420326
720575941562425645,L1,R,720575941557017252,3,-11,connectivity_candidate,False,0.0497346097
720575941562431701,L1,R,720575941612550633,4,-1,connectivity_candidate,False,0.0346484651
720575941563882920,L1,R,,,,unassigned,False,
720575941563883944,L1,R,720575941548757364,-6,3,connectivity_candidate,False,0.484488916
720575941564065192,L1,R,720575941443656874,-9,-5,connectivity_candidate,False,0.0489585023
720575941564079528,L1,R,720575941613897881,-1,5,connectivity_candidate,False,0.0241202132
720575941564903826,L1,R,720575941476533866,5,-6,connectivity_candidate,False,0.0398518134
720575941564906130,L1,R,720575941627340443,8,11,connectivity_candidate,False,0.0335218129
720575941564907618,L1,R,720575941409603243,-9,-6,connectivity_candidate,False,0.0479111255
720575941564974690,L1,R,720575941465488406,15,5,connectivity_candidate,False,0.0321437819
720575941565016064,L1,R,720575941507967548,-10,-19,connectivity_candidate,True,0.972282918
720575941565770718,L1,R,720575941475815466,-8,1,connectivity_candidate,False,0.336171647
720575941565812231,L1,R,720575941535778314,-10,-11,connectivity_candidate,False,0.278155199
720575941565974114,L1,R,720575941469797952,12,3,connectivity_candidate,False,0.0335409198
720575941565990663,L1,R,720575941468469014,13,4,connectivity_candidate,False,0.0333367956
720575941566404247,L1,R,720575941593790065,18,10,connectivity_candidate,True,0.595688714
720575941566941494,L1,R,720575941527985592,3,16,connectivity_candidate,True,0.813540876
720575941566977590,L1,R,720575941488329734,8,5,connectivity_candidate,False,0.0337149039
720575941567033390,L1,R,720575941559332111,0,-7,connectivity_candidate,False,0.0296437729
720575941567313511,L1,R,720575941734556459,6,16,connectivity_candidate,False,0.425117988
720575941567544658,L1,R,720575941496376443,-6,4,connectivity_candidate,False,0.490150397
720575941568849746,L1,R,720575941522599243,-10,5,connectivity_candidate,False,0.495647828
720575941568939822,L1,R,720575941528563801,-4,-9,connectivity_candidate,False,0.0295438984
720575941570050810,L1,R,720575941525348429,0,13,connectivity_candidate,False,0.0431103135
720575941570281466,L1,R,720575941553497427,6,18,connectivity_candidate,True,1.1857591
720575941570327666,L1,R,720575941454343219,14,7,connectivity_candidate,False,0.0326063554
720575941570328178,L1,R,720575941621787263,15,7,connectivity_candidate,False,0.0316006488
720575941570341490,L1,R,720575941631390917,11,14,connectivity_candidate,False,0.0347094565
720575941570341746,L1,R,720575941624573339,13,14,connectivity_candidate,False,0.0374911473
720575941570686708,L1,R,720575941552298523,12,15,connectivity_candidate,False,0.035763957
720575941573532498,L1,R,720575941502166507,-14,-10,connectivity_candidate,False,0.283551316
720575941573997563,L1,R,720575941577172879,2,-3,connectivity_candidate,False,0.0338940096
720575941574109512,L1,R,720575941606164589,-11,-17,connectivity_candidate,True,0.821420694
720575941574113608,L1,R,720575941494533319,11,17,connectivity_candidate,False,0.0365973488
720575941574662921,L1,R,720575941517850072,-3,-1,connectivity_candidate,False,0.0376685339
720575941575000059,L1,R,720575941641867807,-11,-10,connectivity_candidate,False,0.277043169
720575941575421960,L1,R,720575941541095260,14,8,connectivity_candidate,False,0.0323836943
720575941575452425,L1,R,720575941599531420,11,3,connectivity_candidate,False,0.0339818053
720575941575453961,L1,R,720575941543311109,14,1,connectivity_candidate,False,0.023321006
720575941575537673,L1,R,720575941514734915,8,-3,connectivity_candidate,False,0.0395051371
720575941575539209,L1,R,720575941656316628,11,-2,connectivity_candidate,False,0.045953253
720575941575564809,L1,R,720575941454104233,14,2,connectivity_candidate,False,0.0312163169
720575941576003471,L1,R,720575941490845132,-4,-12,connectivity_candidate,False,0.0221783604
720575941576069775,L1,R,720575941455158509,3,1,connectivity_candidate,False,0.0341832149
720575941576173320,L1,R,720575941610710118,-9,-15,connectivity_candidate,True,0.820181495
720575941576219218,L1,R,720575941618370431,-8,-17,connectivity_candidate,True,0.833876957
720575941576822454,L1,R,720575941489741262,13,15,connectivity_candidate,False,0.0388749272
720575941576829110,L1,R,720575941516205459,-5,-10,connectivity_candidate,False,0.028457001
720575941576905910,L1,R,720575941394040836,-1,-13,connectivity_candidate,False,0.1396439
720575941577769576,L1,R,720575941643728328,6,17,connectivity_candidate,False,0.706663857
720575941578244309,L1,R,720575941554692999,-3,-18,connectivity_candidate,False,0.279644334
720575941578325717,L1,R,720575941457317360,-6,-13,connectivity_candidate,False,0.0229977872
720575941579250777,L1,R,720575941409700526,11,13,connectivity_candidate,False,0.0301362066
720575941579251545,L1,R,720575941532348619,11,2,connectivity_candidate,False,0.0344335002
720575941579482713,L1,R,720575941601796905,17,8,connectivity_candidate,False,0.026693969
720575941580340561,L1,R,720575941506684289,-6,6,connectivity_candidate,False,0.492313568
720575941580350545,L1,R,720575941433938976,10,-3,connectivity_candidate,False,0.0449937341
720575941580510289,L1,R,720575941721626170,-9,-4,connectivity_candidate,False,0.048639735
720575941580637429,L1,R,720575941481743546,-16,-12,connectivity_candidate,False,0.280456926
720575941580701941,L1,R,720575941567677554,-11,-8,connectivity_candidate,False,0.116570801
720575941580811509,L1,R,720575941624209610,6,8,connectivity_candidate,False,0.0320668118
720575941580814325,L1,R,720575941671203761,-11,-14,connectivity_candidate,False,0.374805575
720575941581185013,L1,R,720575941517264131,8,14,connectivity_candidate,False,0.0339827844
720575941582005461,L1,R,720575941606137709,-5,-13,connectivity_candidate,True,0.826931343
720575941582286457,L1,R,720575941572228091,2,-4,connectivity_candidate,False,0.0336921091
720575941582567801,L1,R,720575941509819777,6,15,connectivity_candidate,False,0.410825989
720575941583581397,L1,R,720575941584460934,5,-1,connectivity_candidate,False,0.0350855657
720575941584657877,L1,R,720575941591626859,-1,-11,connectivity_candidate,False,0.0152096191
720575941584671701,L1,R,720575941612416275,0,-12,connectivity_candidate,False,0.150855887
720575941585089887,L1,R,720575941515756634,13,10,connectivity_candidate,False,0.0330607916
720575941585166687,L1,R,720575941433767639,-1,7,connectivity_candidate,False,0.0217219257
720575941585187423,L1,R,720575941476567611,-14,-11,connectivity_candidate,False,0.283502352
720575941585189471,L1,R,720575941457289968,14,12,connectivity_candidate,False,0.033743084
720575941585262549,L1,R,720575941468534358,-7,-5,connectivity_candidate,False,0.0425181138
720575941585270623,L1,R,720575941414206868,9,-3,connectivity_candidate,False,0.0424637911
720575941585308117,L1,R,720575941561311603,-4,-8,connectivity_candidate,False,0.031649708
720575941585378911,L1,R,720575941665198716,-12,-15,connectivity_candidate,False,0.416487004
720575941587159518,L1,R,720575941547880820,-11,-9,connectivity_candidate,False,0.270560904
720575941587190238,L1,R,720575941445851412,1,6,connectivity_candidate,False,0.0292230143
720575941587285726,L1,R,720575941643339464,10,6,connectivity_candidate,False,0.0330968769
720575941588136414,L1,R,720575941493771390,-14,-16,connectivity_candidate,False,0.323907701
720575941588559264,L1,R,720575941540927773,2,16,connectivity_candidate,False,0.368560906
720575941588599253,L1,R,720575941583036793,7,16,connectivity_candidate,False,0.411624797
720575941589766980,L1,R,720575941533655218,3,13,connectivity_candidate,False,0.0340121737
720575941590032964,L1,R,720575941547969313,-7,11,connectivity_candidate,False,0.508204607
720575941590589141,L1,R,720575941451143751,-10,2,connectivity_candidate,False,0.292475292
720575941590619447,L1,R,720575941533932554,2,-10,connectivity_candidate,False,0.0471728925
720575941591549182,L1,R,720575941641866527,-5,-15,connectivity_candidate,True,0.840428567
720575941591648766,L1,R,720575941554140755,14,9,connectivity_candidate,True,0.742237906
720575941592066444,L1,R,720575941577626705,-12,-11,connectivity_candidate,False,0.280173196
720575941592073982,L1,R,720575941414646044,8,-7,connectivity_candidate,False,0.0627845902
720575941592096140,L1,R,720575941629703906,2,8,connectivity_candidate,False,0.0290656914
720575941592140940,L1,R,720575941643170209,-10,-9,connectivity_candidate,False,0.0467311055
720575941593502571,L1,R,720575941594915367,11,0,connectivity_candidate,False,0.0333476914
720575941593751336,L1,R,720575941562846888,-3,-15,connectivity_candidate,False,0.131999477
720575941593768744,L1,R,720575941534061322,-8,9,connectivity_candidate,False,0.505359933
720575941593891624,L1,R,720575941641668965,11,1,connectivity_candidate,False,0.0346243067
720575941594223723,L1,R,720575941544023581,-7,-14,connectivity_candidate,False,0.0258206922
720575941594230123,L1,R,720575941597278144,13,-1,connectivity_candidate,True,0.545970099
720575941594865878,L1,R,720575941507180894,-1,1,connectivity_candidate,False,0.033194404
720575941595021270,L1,R,720575941613820333,-4,4,connectivity_candidate,False,0.0139327929
720575941595098919,L1,R,720575941409703598,6,12,connectivity_candidate,False,0.0318443698
720575941595226917,L1,R,720575941412392107,11,6,connectivity_candidate,False,0.0330976784
720575941595672433,L1,R,720575941554193982,0,4,connectivity_candidate,False,0.0290410871
720575941595788581,L1,R,720575941491148341,7,1,connectivity_candidate,False,0.0347638337
720575941595847461,L1,R,720575941440279503,12,16,connectivity_candidate,False,0.0411372237
720575941596120871,L1,R,720575941405961584,-5,-11,connectivity_candidate,False,0.0266858973
720575941596174119,L1,R,720575941412540308,11,-3,connectivity_candidate,False,0.0485841516
720575941596267303,L1,R,720575941660054552,14,3,connectivity_candidate,False,0.0351580124
720575941596606065,L1,R,720575941549060020,-7,-12,connectivity_candidate,False,0.0257608667
720575941596674343,L1,R,720575941566408295,-6,5,connectivity_candidate,False,0.490135216
720575941596732965,L1,R,720575941629362233,2,-2,connectivity_candidate,False,0.034091952
720575941597046149,L1,R,720575941476051764,-9,0,connectivity_candidate,False,0.377035333
720575941597080197,L1,R,720575941517066083,4,-10,connectivity_candidate,False,0.0465816682
720575941597087621,L1,R,720575941577715126,15,6,connectivity_candidate,False,0.0312743346
720575941597177733,L1,R,720575941721111354,-12,-12,connectivity_candidate,False,0.283076739
720575941597212549,L1,R,720575941527231654,3,-10,connectivity_candidate,False,0.0476164728
720575941598970268,L1,R,720575941615113113,-2,-16,connectivity_candidate,False,0.251684023
720575941599051420,L1,R,720575941555093275,7,3,connectivity_candidate,False,0.0340611116
720575941599100316,L1,R,720575941651625233,-10,-10,connectivity_candidate,True,0.942414257
720575941599445440,L1,R,720575941497811399,9,7,connectivity_candidate,False,0.0336684682
720575941599478464,L1,R,720575941597070119,18,9,connectivity_candidate,True,1.00489097
720575941599495360,L1,R,720575941597095463,0,8,connectivity_candidate,False,0.0256877214
720575941599596736,L1,R,720575941634257568,-10,-14,connectivity_candidate,True,0.711095229
720575941599957952,L1,R,720575941540598108,3,17,connectivity_candidate,True,1.16456226
720575941600461353,L1,R,720575941557605604,3,15,connectivity_candidate,False,0.0547285222
720575941601262633,L1,R,720575941548441149,-7,7,connectivity_candidate,False,0.500934538
720575941601273129,L1,R,720575941484706626,7,9,connectivity_candidate,False,0.0320296611
720575941601290537,L1,R,720575941627706523,-12,5,connectivity_candidate,False,0.617459991
720575941601316905,L1,R,720575941733917739,12,18,connectivity_candidate,False,0.0371990167
720575941603639993,L1,R,720575941430873737,-4,0,connectivity_candidate,False,0.0394822793
720575941603704822,L1,R,720575941563178338,-12,-1,connectivity_candidate,False,0.500395464
720575941604389049,L1,R,720575941443056042,5,4,connectivity_candidate,False,0.0337205907
720575941604672246,L1,R,720575941541570941,-14,-15,connectivity_candidate,False,0.340375578
720575941605556670,L1,R,720575941570996126,14,-1,connectivity_candidate,True,0.824333875
720575941605679806,L1,R,720575941626057529,-3,-12,connectivity_candidate,False,0.0879760523
720575941605766078,L1,R,720575941627788070,-6,11,connectivity_candidate,False,0.506292986
720575941606160927,L1,R,720575941734098475,5,5,connectivity_candidate,False,0.033525996
720575941607074079,L1,R,720575941498251426,2,5,connectivity_candidate,False,0.0323518925
720575941607633695,L1,R,720575941653223701,4,6,connectivity_candidate,False,0.0335789484
720575941608051487,L1,R,720575941468502358,3,7,connectivity_candidate,False,0.0352365255
720575941608262687,L1,R,720575941521042611,2,6,connectivity_candidate,False,0.0317720492
720575941608325741,L1,R,720575941555382611,-10,4,connectivity_candidate,False,0.495589799
720575941608363885,L1,R,720575941572094536,16,8,connectivity_candidate,False,0.0266089814
720575941608526445,L1,R,720575941563032488,17,9,connectivity_candidate,True,1.00005373
720575941608545901,L1,R,720575941568124263,-14,-8,connectivity_candidate,False,0.219776281
720575941608546157,L1,R,720575941606079678,-12,-5,connectivity_candidate,False,0.0673372411
720575941608547181,L1,R,720575941575841800,-13,1,connectivity_candidate,True,1.13281837
720575941608625951,L1,R,720575941538631373,3,6,connectivity_candidate,False,0.0350274239
720575941609970207,L1,R,720575941548094057,8,6,connectivity_candidate,False,0.0338901951
720575941611549926,L1,R,720575941630627052,-10,-1,connectivity_candidate,True,0.531393905
720575941611634662,L1,R,720575941506292574,-5,-9,connectivity_candidate,False,0.0312826759
720575941611810122,L1,R,720575941434529312,-6,-5,connectivity_candidate,False,0.0406947099
720575941611814986,L1,R,720575941605268470,-2,12,connectivity_candidate,False,0.036369059
720575941612140265,L1,R,720575941635133627,11,8,connectivity_candidate,False,0.0324672864
720575941612492006,L1,R,720575941459586500,-7,0,connectivity_candidate,True,1.00550592
720575941612612326,L1,R,720575941588734974,1,-4,connectivity_candidate,False,0.0332866386
720575941612634854,L1,R,720575941555865764,7,18,connectivity_candidate,True,0.752583615
720575941612700006,L1,R,720575941465397005,-5,-3,connectivity_candidate,False,0.0406742113
720575941612851373,L1,R,720575941628254758,15,13,connectivity_candidate,False,0.0335188156
720575941613046502,L1,R,720575941639990047,-2,-5,connectivity_candidate,False,0.0336905444
720575941613164307,L1,R,720575941535081498,7,11,connectivity_candidate,False,0.0332872087
720575941614153436,L1,R,720575941416290844,-2,0,connectivity_candidate,False,0.0361491461
720575941614197980,L1,R,720575941552095515,10,-1,connectivity_candidate,False,0.0382857152
720575941614340627,L1,R,720575941513643587,-3,5,connectivity_candidate,False,0.0164277933
720575941614688019,L1,R,720575941613929881,-2,10,connectivity_candidate,False,0.0358440038
720575941614688787,L1,R,720575941525675289,-6,9,connectivity_candidate,False,0.50526016
720575941614884060,L1,R,720575941557647070,-6,-9,connectivity_candidate,False,0.0334002515
720575941614913811,L1,R,720575941519393203,9,14,connectivity_candidate,False,0.0343568367
720575941614932755,L1,R,720575941433996064,-2,-4,connectivity_candidate,False,0.034909232
720575941615055123,L1,R,720575941514151171,-7,-15,connectivity_candidate,True,0.828407644
720575941615171859,L1,R,720575941611320540,4,3,connectivity_candidate,False,0.033821737
720575941615915929,L1,R,720575941439749676,9,9,connectivity_candidate,False,0.0372484048
720575941615920281,L1,R,720575941478225376,-9,-13,connectivity_candidate,True,0.805178341
720575941617271227,L1,R,720575941575252623,1,4,connectivity_candidate,False,0.0313771181
720575941618104021,L1,R,720575941434899086,-2,-12,connectivity_candidate,False,0.0947310233
720575941618123733,L1,R,720575941518874540,2,0,connectivity_candidate,False,0.0343125339
720575941618166997,L1,R,720575941505834546,-3,-6,connectivity_candidate,False,0.0333468418
720575941618176213,L1,R,720575941548121889,11,10,connectivity_candidate,False,0.0318415242
720575941618176469,L1,R,720575941483405821,1,-15,connectivity_candidate,True,0.481842747
720575941618547387,L1,R,720575941625453052,-1,4,connectivity_candidate,False,0.0267398005
720575941618698171,L1,R,720575941553988414,0,5,connectivity_candidate,False,0.0271432309
720575941619291323,L1,R,720575941453514803,2,7,connectivity_candidate,False,0.0314752599
720575941619291579,L1,R,720575941479379619,4,8,connectivity_candidate,False,0.0368612447
720575941620478651,L1,R,720575941600187945,8,7,connectivity_candidate,False,0.0347463044
720575941620737151,L1,R,720575941556721956,-9,2,connectivity_candidate,False,0.489453108
720575941620755071,L1,R,720575941486432006,10,10,connectivity_candidate,False,0.0301926046
720575941621380735,L1,R,720575941485989328,-4,-7,connectivity_candidate,False,0.0332565896
720575941621383295,L1,R,720575941593031308,9,17,connectivity_candidate,False,0.407433004
720575941624406524,L1,R,720575941512072145,-3,6,connectivity_candidate,False,0.0128903403
720575941624958972,L1,R,720575941633116832,0,-10,connectivity_candidate,False,0.0212338199
720575941624962300,L1,R,720575941415753361,-10,-15,connectivity_candidate,True,0.816374887
720575941625475227,L1,R,720575941527931012,4,-2,connectivity_candidate,False,0.0348186624
720575941626660810,L1,R,720575941468238045,1,14,connectivity_candidate,False,0.0513659772
720575941626761627,L1,R,720575941448342197,-13,-12,connectivity_candidate,False,0.284715268
720575941626762139,L1,R,720575941597393344,10,5,connectivity_candidate,False,0.0333261557
720575941626765211,L1,R,720575941626518073,0,-11,connectivity_candidate,False,0.0167497743
720575941626779547,L1,R,720575941618401919,-1,2,connectivity_candidate,False,0.0312479506
720575941626896522,L1,R,720575941476532074,6,-6,connectivity_candidate,False,0.0419614371
720575941627028106,L1,R,720575941631973024,-11,-15,connectivity_candidate,True,0.821744546
720575941627128458,L1,R,720575941597049127,15,14,connectivity_candidate,False,0.053031991
720575941628751161,L1,R,720575941625323772,13,2,connectivity_candidate,False,0.0332093547
720575941628769849,L1,R,720575941517395449,3,3,connectivity_candidate,False,0.0335822276
720575941630364966,L1,R,720575941394870422,-7,-16,connectivity_candidate,True,0.832873548
720575941630471462,L1,R,720575941552500763,-3,-8,connectivity_candidate,False,0.0301838516
720575941631726306,L1,R,720575941574059592,-6,2,connectivity_candidate,False,0.027191575
720575941631750882,L1,R,720575941576294248,11,7,connectivity_candidate,False,0.0329691129
720575941631842530,L1,R,720575941518916012,-8,-4,connectivity_candidate,False,0.0457130226
720575941632206818,L1,R,720575941469976587,-8,-6,connectivity_candidate,False,0.0439943312
720575941632689900,L1,R,720575941505428503,14,19,connectivity_candidate,False,0.0510177605
720575941632781253,L1,R,720575941479380131,-5,2,connectivity_candidate,False,0.0360359089
720575941632867052,L1,R,720575941479718307,3,-2,connectivity_candidate,False,0.0342826721
720575941632947692,L1,R,720575941475538225,-8,-9,connectivity_candidate,False,0.0440403405
720575941633606085,L1,R,720575941609096010,-6,-7,connectivity_candidate,False,0.0380146485
720575941633649644,L1,R,720575941537923354,7,-9,connectivity_candidate,False,0.174738711
720575941633703584,L1,R,720575941656961816,-15,-10,connectivity_candidate,False,0.285142123
720575941633807520,L1,R,720575941597684357,-2,-11,connectivity_candidate,False,0.0154294044
720575941639172213,L1,R,720575941498492800,-5,-7,connectivity_candidate,False,0.0355787506
720575941639871861,L1,R,720575941452073038,0,-9,connectivity_candidate,False,0.0242699593
720575941640057205,L1,R,720575941503372171,1,-1,connectivity_candidate,False,0.0344206411
720575941640931189,L1,R,720575941692184216,9,-4,connectivity_candidate,False,0.0443246678
720575941641193247,L1,R,720575941534580568,3,-1,connectivity_candidate,False,0.0342911692
720575941641221919,L1,R,720575941586249567,-9,1,connectivity_candidate,False,0.221649089
720575941641470751,L1,R,720575941584552926,16,16,connectivity_candidate,False,0.0540370409
720575941641878047,L1,R,720575941406001008,12,10,connectivity_candidate,False,0.0327072339
720575941644018277,L1,R,720575941625608394,7,-10,connectivity_candidate,False,0.427626336
720575941644804690,L1,R,720575941594234737,11,19,connectivity_candidate,False,0.0875857077
720575941644926034,L1,R,720575941609987817,0,10,connectivity_candidate,False,0.0332087408
720575941645239397,L1,R,720575941627436682,10,18,connectivity_candidate,False,0.419907886
720575941645674104,L1,R,720575941553675777,16,9,connectivity_candidate,False,0.0221246844
720575941645683320,L1,R,720575941611660390,-8,-14,connectivity_candidate,True,0.820711304
720575941645685624,L1,R,720575941453047347,4,13,connectivity_candidate,False,0.0318645836
720575941645720993,L1,R,720575941653479129,8,-5,connectivity_candidate,False,0.0438185831
720575941645746552,L1,R,720575941413302164,-7,-18,connectivity_candidate,True,0.847257559
720575941645968840,L1,R,720575941514086243,-5,6,connectivity_candidate,False,0.486873229
720575941645971400,L1,R,720575941494691527,4,11,connectivity_candidate,False,0.032247574
720575941646233976,L1,R,720575941475215675,0,12,connectivity_candidate,False,0.0386668509
720575941652426225,L1,R,720575941479171151,1,-11,connectivity_candidate,False,0.0491240528
720575941652523285,L1,R,720575941451301447,-5,-1,connectivity_candidate,False,0.0407650234
720575941652583189,L1,R,720575941442585691,-3,13,connectivity_candidate,False,0.431304369
720575941652682517,L1,R,720575941471167243,12,-3,connectivity_candidate,False,0.121993656
720575941652703765,L1,R,720575941554469092,-3,4,connectivity_candidate,False,0.0176711981
720575941652801045,L1,R,720575941406691375,-9,8,connectivity_candidate,False,0.612934469
720575941652804373,L1,R,720575941456842224,2,10,connectivity_candidate,False,0.0308837672
720575941653405937,L1,R,720575941516110739,3,-5,connectivity_candidate,False,0.0349916334
720575941653445873,L1,R,720575941660473144,5,-11,connectivity_candidate,False,0.297756381
720575941653447409,L1,R,720575941479171407,1,-12,connectivity_candidate,False,0.160435002
720575941653449201,L1,R,720575941439831503,-9,-9,connectivity_candidate,False,0.0480010493
720575941653449969,L1,R,720575941577188534,-14,-7,connectivity_candidate,False,0.219472969
720575941653450993,L1,R,720575941686845964,-11,-3,connectivity_candidate,False,0.483768045
720575941653453041,L1,R,720575941568006710,-8,5,connectivity_candidate,False,0.496339304
720575941654404625,L1,R,720575941508424464,2,-8,connectivity_candidate,False,0.0332202342
720575941654470673,L1,R,720575941578351185,14,11,connectivity_candidate,False,0.0339064559
720575941655684825,L1,R,720575941460129988,2,15,connectivity_candidate,False,0.0479802869
720575941655687641,L1,R,720575941559641359,13,0,connectivity_candidate,False,0.0273726972
720575941655690201,L1,R,720575941480342914,-5,-6,connectivity_candidate,False,0.0370528164
720575941655701209,L1,R,720575941535433394,-3,-13,connectivity_candidate,False,0.103099935
720575941656276948,L1,R,720575941633959611,1,1,connectivity_candidate,False,0.0344077695
720575941656333012,L1,R,720575941611968489,13,8,connectivity_candidate,False,0.0329131833
720575941657554456,L1,R,720575941443050922,5,-4,connectivity_candidate,False,0.03693665
720575941658533144,L1,R,720575941592049259,-9,-17,connectivity_candidate,True,0.826510163
720575941658619160,L1,R,720575941497480417,-5,4,connectivity_candidate,False,0.00932430686
720575941658820176,L1,R,720575941534689985,-9,-2,connectivity_candidate,False,0.0494929641
720575941659563288,L1,R,720575941463615888,-8,8,connectivity_candidate,False,0.504952752
720575941659580184,L1,R,720575941482337359,-5,-4,connectivity_candidate,False,0.0397745319
720575941659738192,L1,R,720575941505624389,-17,-7,connectivity_candidate,True,0.876067941
720575941659807568,L1,R,720575941439665938,-4,1,connectivity_candidate,False,0.0410258836
720575941659809616,L1,R,720575941556770817,4,-3,connectivity_candidate,False,0.0352443854
720575941659862864,L1,R,720575941652155409,-15,-11,connectivity_candidate,False,0.283613995
720575941659914064,L1,R,720575941644001224,17,6,connectivity_candidate,False,0.0310300969
720575941661080538,L1,R,720575941437574719,-7,4,connectivity_candidate,False,0.492907186
720575941663170872,L1,R,720575941541150300,5,12,connectivity_candidate,False,0.0296447496
720575941663234360,L1,R,720575941634143173,9,5,connectivity_candidate,False,0.0334625102
720575941663299384,L1,R,720575941533946890,0,-4,connectivity_candidate,False,0.0333471266
720575941663307320,L1,R,720575941630132165,4,-8,connectivity_candidate,False,0.0430696338
720575941663425592,L1,R,720575941604978105,-12,-6,connectivity_candidate,False,0.0640121652
720575941664188540,L1,R,720575941448447822,-10,-7,connectivity_candidate,False,0.0499902947
720575941664192380,L1,R,720575941458307056,2,-5,connectivity_candidate,False,0.0330221461
720575941664698492,L1,R,720575941526906969,-3,-7,connectivity_candidate,False,0.0321501896
720575941667135475,L1,R,720575941596664945,-16,-13,connectivity_candidate,True,0.842185165
720575941668245235,L1,R,720575941618406101,-14,1,connectivity_candidate,True,1.0870455
720575941669606131,L1,R,720575941454843373,6,14,connectivity_candidate,False,0.0306648089
720575941669640625,L1,R,720575941627206299,-14,-1,connectivity_candidate,False,0.362104557
720575941669793457,L1,R,720575941543901532,-2,1,connectivity_candidate,False,0.0334846065
720575941669896625,L1,R,720575941450209914,9,16,connectivity_candidate,False,0.0377884014
720575941670069235,L1,R,720575941568391214,5,17,connectivity_candidate,True,0.830305285
720575941671631793,L1,R,720575941562073234,7,6,connectivity_candidate,False,0.0341919565
720575941672044967,L1,R,720575941561374702,9,2,connectivity_candidate,False,0.0345482883
720575941672141479,L1,R,720575941481651139,4,-11,connectivity_candidate,True,0.58785552
720575941672165799,L1,R,720575941563768071,14,17,connectivity_candidate,True,0.971340227
720575941672166055,L1,R,720575941480588995,14,14,connectivity_candidate,False,0.0356471355
720575941681674941,L1,R,720575941471563584,6,-11,connectivity_candidate,False,0.423697904
720575941681741501,L1,R,720575941627726886,-12,-9,connectivity_candidate,False,0.254933809
720575941681829565,L1,R,720575941448506446,4,-5,connectivity_candidate,False,0.0363103083
720575941685964527,L1,R,720575941525677337,-3,11,connectivity_candidate,False,0.0352441748
720575941687789807,L1,R,720575941554651364,-11,6,connectivity_candidate,False,0.572872621
720575941688308748,L1,R,720575941612791114,-15,-2,connectivity_candidate,True,1.12683013
720575941688580214,L1,R,720575941538908029,-7,5,connectivity_candidate,False,0.49453737
720575941688590575,L1,R,720575941624060874,7,-1,connectivity_candidate,False,0.036209799
720575941688771311,L1,R,720575941502712514,-6,8,connectivity_candidate,False,0.502448107
720575941688772847,L1,R,720575941589414028,4,2,connectivity_candidate,False,0.034077381
720575941689345654,L1,R,720575941561391598,-6,-15,connectivity_candidate,True,0.835431434
720575941689403375,L1,R,720575941689155823,11,5,connectivity_candidate,False,0.0332388165
720575941689431670,L1,R,720575941540122005,-4,-5,connectivity_candidate,False,0.0367141832
720575941689495414,L1,R,720575941448601181,-8,6,connectivity_candidate,False,0.501253387
720575941689552280,L1,R,720575941503323698,-13,-17,connectivity_candidate,True,1.07656058
720575941690916760,L1,R,720575941660421712,-15,-6,connectivity_candidate,False,0.158707653
720575941691344603,L1,R,720575941467371030,5,-2,connectivity_candidate,False,0.0354516474
720575941691391963,L1,R,720575941566547042,6,-9,connectivity_candidate,False,0.173918688
720575941691433947,L1,R,720575941438128684,-1,-15,connectivity_candidate,True,0.752330359
720575941691481563,L1,R,720575941478882784,-4,9,connectivity_candidate,False,0.0417924997
720575941691549659,L1,R,720575941489482700,-3,-14,connectivity_candidate,False,0.129935343
720575941691731675,L1,R,720575941502117719,6,10,connectivity_candidate,False,0.0337560648
720575941702981338,L1,R,720575941621794431,-1,-10,connectivity_candidate,False,0.0211916646
720575941703053274,L1,R,720575941535082522,1,7,connectivity_candidate,False,0.0276375195
720575941703854810,L1,R,720575941513357379,11,12,connectivity_candidate,False,0.0329260581
720575941703941082,L1,R,720575941564680502,13,-2,connectivity_candidate,True,1.01761716
720575941723996218,L1,R,720575941531745155,4,9,connectivity_candidate,False,0.030614676
720575941724145722,L1,R,720575941566509319,-7,-10,connectivity_candidate,False,0.0349023006
720575941733222699,L1,R,720575941571042974,14,6,connectivity_candidate,False,0.0310801957
720575941733556011,L1,R,720575941632265954,-11,3,connectivity_candidate,True,0.803958957
720575941352739888,L5,R,720575941502372914,11,4,connectivity_candidate,False,0.0333792282
720575941353091632,L5,R,720575941406691375,-9,8,connectivity_candidate,False,0.612934469
720575941353613616,L5,R,720575941563887767,-15,-12,connectivity_candidate,False,0.285114286
720575941353736752,L5,R,720575941500715081,-15,-8,connectivity_candidate,False,0.213638038
720575941354558000,L5,R,720575941508424464,2,-8,connectivity_candidate,False,0.0332202342
720575941393443588,L5,R,720575941595209579,14,10,connectivity_candidate,False,0.0341456924
720575941394267542,L5,R,720575941641867807,-11,-10,connectivity_candidate,False,0.277043169
720575941394282646,L5,R,720575941638886943,-8,-3,connectivity_candidate,False,0.0463705731
720575941401481322,L5,R,720575941469634167,-10,-8,connectivity_candidate,False,0.0448373319
720575941401484906,L5,R,720575941538919139,-7,-11,connectivity_candidate,False,0.0299464116
720575941402480931,L5,R,720575941545862580,3,11,connectivity_candidate,False,0.0312125261
720575941402528547,L5,R,720575941548441149,-7,7,connectivity_candidate,False,0.500934538
720575941402534947,L5,R,720575941565156455,3,-7,connectivity_candidate,False,0.0366414054
720575941404599408,L5,R,720575941469633911,2,-12,connectivity_candidate,True,0.668576923
720575941405538666,L5,R,720575941439831503,-9,-9,connectivity_candidate,False,0.0480010493
720575941406927790,L5,R,720575941448602461,-1,6,connectivity_candidate,False,0.022953074
720575941407864111,L5,R,720575941441128895,8,2,connectivity_candidate,False,0.0343378806
720575941408137390,L5,R,720575941612416275,0,-12,connectivity_candidate,False,0.150855887
720575941408843438,L5,R,720575941568124263,-14,-8,connectivity_candidate,False,0.219776281
720575941409266991,L5,R,720575941556789796,7,14,connectivity_candidate,False,0.0313318805
720575941409309231,L5,R,720575941479718307,3,-2,connectivity_candidate,False,0.0342826721
720575941409318062,L5,R,720575941553699355,13,7,connectivity_candidate,False,0.0327339234
720575941409374382,L5,R,720575941496161918,6,5,connectivity_candidate,False,0.0338877567
720575941409379502,L5,R,720575941524712439,13,6,connectivity_candidate,False,0.0327216143
720575941409396142,L5,R,720575941733844779,15,15,connectivity_candidate,False,0.0533715573
720575941411960235,L5,R,720575941448342197,-13,-12,connectivity_candidate,False,0.284715268
720575941413218927,L5,R,720575941482765391,-12,-13,connectivity_candidate,True,0.840409302
720575941414380948,L5,R,720575941615113113,-2,-16,connectivity_candidate,False,0.251684023
720575941415093393,L5,R,720575941482128058,-13,2,connectivity_candidate,False,0.160832968
720575941415210644,L5,R,,,,unassigned,False,
720575941416148369,L5,R,720575941701167578,-12,-8,connectivity_candidate,False,0.069122189
720575941416541980,L5,R,720575941494943664,1,3,connectivity_candidate,False,0.0325137023
720575941417285148,L5,R,720575941573624207,-18,-8,connectivity_candidate,True,0.744226677
720575941417291292,L5,R,,,,unassigned,False,
720575941417455388,L5,R,720575941448504654,15,3,connectivity_candidate,False,0.0312561628
720575941417898780,L5,R,720575941505662021,6,6,connectivity_candidate,False,0.0339137597
720575941418387740,L5,R,720575941450209914,9,16,connectivity_candidate,False,0.0377884014
720575941427661908,L5,R,720575941558454031,6,-8,connectivity_candidate,False,0.0443337487
720575941428317012,L5,R,720575941509488674,1,-14,connectivity_candidate,True,0.502783312
720575941428459604,L5,R,720575941597684357,-2,-11,connectivity_candidate,False,0.0154294044
720575941428465236,L5,R,720575941508670789,6,7,connectivity_candidate,False,0.0338354893
720575941428503636,L5,R,,,,unassigned,False,
720575941431408376,L5,R,720575941512072145,-3,6,connectivity_candidate,False,0.0128903403
720575941431879928,L5,R,720575941630132165,4,-8,connectivity_candidate,False,0.0430696338
720575941431995351,L5,R,720575941409603243,-9,-6,connectivity_candidate,False,0.0479111255
720575941432268759,L5,R,720575941625323772,13,2,connectivity_candidate,False,0.0332093547
720575941432370095,L5,R,720575941541294109,0,11,connectivity_candidate,False,0.0353921869
720575941432468984,L5,R,720575941500492427,-8,-8,connectivity_candidate,False,0.0438798663
720575941432597601,L5,R,720575941631973024,-11,-15,connectivity_candidate,True,0.821744546
720575941432620897,L5,R,720575941561374702,9,2,connectivity_candidate,False,0.0345482883
720575941433001687,L5,R,720575941486238349,-3,-5,connectivity_candidate,False,0.0351974585
720575941433085710,L5,R,720575941475241568,4,1,connectivity_candidate,False,0.0342696956
720575941433572193,L5,R,720575941489809358,-7,-4,connectivity_candidate,False,0.0431247168
720575941433889038,L5,R,720575941507007036,-10,-4,connectivity_candidate,False,0.0534091226
720575941434725390,L5,R,720575941471563584,6,-11,connectivity_candidate,False,0.423697904
720575941436831520,L5,R,720575941430800087,15,11,connectivity_candidate,False,0.0352859756
720575941436848416,L5,R,720575941482200962,8,-1,connectivity_candidate,False,0.0367840731
720575941437364256,L5,R,720575941518874540,2,0,connectivity_candidate,False,0.0343125339
720575941438145836,L5,R,720575941478880321,7,8,connectivity_candidate,False,0.033636198
720575941438276652,L5,R,720575941632083180,7,5,connectivity_candidate,False,0.0339017548
720575941438354450,L5,R,720575941701684186,10,12,connectivity_candidate,False,0.0331583443
720575941439322386,L5,R,720575941540878834,10,17,connectivity_candidate,False,0.0356961895
720575941439463212,L5,R,720575941508670021,13,17,connectivity_candidate,False,0.0444951311
720575941439811116,L5,R,720575941526906969,-3,-7,connectivity_candidate,False,0.0321501896
720575941440122431,L5,R,720575941592910550,-2,13,connectivity_candidate,False,0.0304943065
720575941440226015,L5,R,720575941687282294,5,15,connectivity_candidate,False,0.414758824
720575941440245548,L5,R,720575941463417284,10,8,connectivity_candidate,False,0.0320968781
720575941440357343,L5,R,720575941604166390,-2,6,connectivity_candidate,False,0.0172683482
720575941440411180,L5,R,720575941563032488,17,9,connectivity_candidate,True,1.00005373
720575941440581695,L5,R,720575941475538225,-8,-9,connectivity_candidate,False,0.0440403405
720575941441184959,L5,R,720575941528110681,-5,-8,connectivity_candidate,False,0.0335861779
720575941441412559,L5,R,720575941641866527,-5,-15,connectivity_candidate,True,0.840428567
720575941442094783,L5,R,720575941513053251,-11,-2,connectivity_candidate,True,0.525899024
720575941442640335,L5,R,720575941439177183,-6,-14,connectivity_candidate,True,0.829898796
720575941442657487,L5,R,720575941558033828,7,10,connectivity_candidate,False,0.0328981002
720575941442730331,L5,R,720575941627756070,-9,7,connectivity_candidate,False,0.506432641
720575941442740175,L5,R,720575941624209610,6,8,connectivity_candidate,False,0.0320668118
720575941443326159,L5,R,720575941543901532,-2,1,connectivity_candidate,False,0.0334846065
720575941443328719,L5,R,720575941572830473,-6,-10,connectivity_candidate,False,0.0310975217
720575941443669674,L5,R,720575941505278277,-9,4,connectivity_candidate,False,0.497829521
720575941446097684,L5,R,720575941451980922,-6,-3,connectivity_candidate,False,0.0421605189
720575941447638548,L5,R,720575941434349326,-13,-8,connectivity_candidate,False,0.226075811
720575941448266180,L5,R,720575941439665938,-4,1,connectivity_candidate,False,0.0410258836
720575941448607764,L5,R,720575941592052587,-8,-16,connectivity_candidate,True,0.827066546
720575941448621844,L5,R,720575941479380643,-10,6,connectivity_candidate,False,0.526924831
720575941449790645,L5,R,,,,unassigned,False,
720575941449954894,L5,R,720575941546102617,2,2,connectivity_candidate,False,0.0338502601
720575941450261838,L5,R,720575941479810154,3,-3,connectivity_candidate,False,0.0342891797
720575941450357941,L5,R,720575941400314659,1,12,connectivity_candidate,False,0.0357516645
720575941450376885,L5,R,720575941548439869,-11,2,connectivity_candidate,False,0.284713175
720575941450559413,L5,R,720575941643973576,16,12,connectivity_candidate,False,0.104518835
720575941450566581,L5,R,720575941545101673,15,1,connectivity_candidate,False,0.0207773034
720575941450700110,L5,R,720575941480342914,-5,-6,connectivity_candidate,False,0.0370528164
720575941450731357,L5,R,720575941412540308,11,-3,connectivity_candidate,False,0.0485841516
720575941450881117,L5,R,720575941493771390,-14,-16,connectivity_candidate,False,0.323907701
720575941451360334,L5,R,720575941485989840,4,-12,connectivity_candidate,False,0.345467511
720575941451637626,L5,R,720575941594915367,11,0,connectivity_candidate,False,0.0333476914
720575941452430158,L5,R,720575941690745240,14,5,connectivity_candidate,False,0.0320307759
720575941452661114,L5,R,720575941470077451,13,9,connectivity_candidate,False,0.0325735568
720575941453101619,L5,R,720575941596955292,-4,10,connectivity_candidate,False,0.0390809597
720575941453519175,L5,R,720575941554692999,-3,-18,connectivity_candidate,False,0.279644334
720575941453568583,L5,R,720575941485989328,-4,-7,connectivity_candidate,False,0.0332565896
720575941453645639,L5,R,720575941426189908,11,16,connectivity_candidate,False,0.0374458335
720575941454057385,L5,R,720575941629967084,10,9,connectivity_candidate,False,0.0308639499
720575941455574579,L5,R,720575941533097394,-12,-16,connectivity_candidate,True,0.822360715
720575941455617587,L5,R,720575941489486796,5,-10,connectivity_candidate,True,0.980552529
720575941455683379,L5,R,720575941454343219,14,7,connectivity_candidate,False,0.0326063554
720575941455998003,L5,R,720575941475633438,8,3,connectivity_candidate,False,0.0340194745
720575941457370605,L5,R,720575941650648817,4,12,connectivity_candidate,False,0.0292570173
720575941458421318,L5,R,720575941545050217,9,6,connectivity_candidate,False,0.0332858181
720575941458693872,L5,R,720575941487329232,12,2,connectivity_candidate,False,0.033808038
720575941459539440,L5,R,720575941587606084,-13,-1,connectivity_candidate,False,0.455345766
720575941459841183,L5,R,,,,unassigned,False,
720575941459938207,L5,R,720575941505591365,-4,-2,connectivity_candidate,False,0.0389768222
720575941459959236,L5,R,720575941523141043,-1,15,connectivity_candidate,False,0.318519918
720575941460042736,L5,R,720575941597095463,0,8,connectivity_candidate,False,0.0256877214
720575941460162544,L5,R,720575941498492800,-5,-7,connectivity_candidate,False,0.0355787506
720575941460341459,L5,R,720575941566509319,-7,-10,connectivity_candidate,False,0.0349023006
720575941460454815,L5,R,720575941612550633,4,-1,connectivity_candidate,False,0.0346484651
720575941460911174,L5,R,720575941505691973,15,12,connectivity_candidate,False,0.0348697365
720575941461642707,L5,R,720575941507636389,-6,-16,connectivity_candidate,True,0.842304416
720575941462000083,L5,R,720575941657153616,2,11,connectivity_candidate,False,0.0323550644
720575941462367888,L5,R,720575941432472751,-10,-12,connectivity_candidate,False,0.282805736
720575941462370244,L5,R,720575941539187033,-3,-10,connectivity_candidate,False,0.0252710281
720575941462377924,L5,R,720575941471853152,2,-6,connectivity_candidate,False,0.0337788226
720575941463319440,L5,R,720575941627788070,-6,11,connectivity_candidate,False,0.506292986
720575941463370128,L5,R,720575941454104233,14,2,connectivity_candidate,False,0.0312163169
720575941464353549,L5,R,720575941469797952,12,3,connectivity_candidate,False,0.0335409198
720575941464402445,L5,R,720575941538985187,7,2,connectivity_candidate,False,0.0343482257
720575941464420877,L5,R,720575941563810962,-1,-16,connectivity_candidate,False,0.252622849
720575941464453389,L5,R,720575941542703645,7,12,connectivity_candidate,False,0.0329449187
720575941464468237,L5,R,720575941533655218,3,13,connectivity_candidate,False,0.0340121737
720575941465027085,L5,R,720575941575841800,-13,1,connectivity_candidate,True,1.13281837
720575941466601046,L5,R,720575941527231654,3,-10,connectivity_candidate,False,0.0476164728
720575941466935894,L5,R,720575941556820772,-5,9,connectivity_candidate,False,0.505248314
720575941467541078,L5,R,720575941556770817,4,-3,connectivity_candidate,False,0.0352443854
720575941467557462,L5,R,720575941579235061,-4,-16,connectivity_candidate,False,0.127473099
720575941467572310,L5,R,720575941539233768,0,6,connectivity_candidate,False,0.0258325859
720575941467574102,L5,R,720575941538631373,3,6,connectivity_candidate,False,0.0350274239
720575941467574614,L5,R,720575941611517404,-2,3,connectivity_candidate,False,0.0249753224
720575941468331542,L5,R,720575941655705049,-11,-4,connectivity_candidate,False,0.0615953064
720575941468343062,L5,R,720575941507639842,8,-2,connectivity_candidate,False,0.0380452212
720575941468587286,L5,R,720575941557220353,-16,-10,connectivity_candidate,False,0.291787594
720575941468603926,L5,R,720575941611541478,14,4,connectivity_candidate,False,0.0328607272
720575941468624150,L5,R,720575941568024110,-17,-13,connectivity_candidate,True,0.844531764
720575941468697622,L5,R,720575941553988414,0,5,connectivity_candidate,False,0.0271432309
720575941469983296,L5,R,720575941605268470,-2,12,connectivity_candidate,False,0.036369059
720575941470416093,L5,R,720575941513357379,11,12,connectivity_candidate,False,0.0329260581
720575941471948151,L5,R,720575941460073200,-2,-6,connectivity_candidate,False,0.0326871888
720575941472001143,L5,R,720575941645335201,5,16,connectivity_candidate,False,0.381326173
720575941472527223,L5,R,720575941429600393,10,-4,connectivity_candidate,False,0.0467484981
720575941472603968,L5,R,720575941559349293,6,4,connectivity_candidate,False,0.033916881
720575941472742720,L5,R,720575941569359918,10,13,connectivity_candidate,False,0.033149092
720575941472753419,L5,R,720575941526337958,-11,-6,connectivity_candidate,False,0.0584562324
720575941475357994,L5,R,720575941525815652,6,-4,connectivity_candidate,False,0.0385791841
720575941476002858,L5,R,720575941481773507,2,9,connectivity_candidate,False,0.0301585338
720575941476385322,L5,R,720575941618727893,15,10,connectivity_candidate,True,0.960726553
720575941477043230,L5,R,720575941520867767,5,11,connectivity_candidate,False,0.032751158
720575941477057566,L5,R,720575941521708279,-6,-2,connectivity_candidate,False,0.0425696643
720575941477127988,L5,R,720575941522504627,-2,8,connectivity_candidate,False,0.0265082524
720575941477348894,L5,R,720575941514169347,-2,4,connectivity_candidate,False,0.0225413155
720575941477482305,L5,R,720575941577626705,-12,-11,connectivity_candidate,False,0.280173196
720575941477779265,L5,R,720575941533144042,-4,7,connectivity_candidate,False,0.489246633
720575941477880369,L5,R,720575941656961816,-15,-10,connectivity_candidate,False,0.285142123
720575941477943092,L5,R,720575941448506446,4,-5,connectivity_candidate,False,0.0363103083
720575941477979166,L5,R,720575941494691527,4,11,connectivity_candidate,False,0.032247574
720575941478037534,L5,R,720575941577172879,2,-3,connectivity_candidate,False,0.0338940096
720575941478099508,L5,R,720575941495316096,-9,-16,connectivity_candidate,True,0.824310086
720575941478262337,L5,R,720575941561371118,9,10,connectivity_candidate,False,0.0362829557
720575941478499946,L5,R,720575941437574719,-7,4,connectivity_candidate,False,0.492907186
720575941478768961,L5,R,720575941643394168,8,17,connectivity_candidate,False,0.40882507
720575941478813489,L5,R,720575941613599718,15,8,connectivity_candidate,True,0.841287695
720575941478814769,L5,R,720575941569344626,12,11,connectivity_candidate,False,0.0329682921
720575941479779690,L5,R,720575941644506488,10,3,connectivity_candidate,False,0.03325799
720575941480334698,L5,R,720575941525367140,4,0,connectivity_candidate,False,0.0344403457
720575941480859360,L5,R,720575941643339464,10,6,connectivity_candidate,False,0.0330968769
720575941480863712,L5,R,720575941456842224,2,10,connectivity_candidate,False,0.0308837672
720575941480948192,L5,R,720575941505624389,-17,-7,connectivity_candidate,True,0.876067941
720575941481172866,L5,R,720575941570996126,14,-1,connectivity_candidate,True,0.824333875
720575941481261698,L5,R,720575941584527838,5,7,connectivity_candidate,False,0.0334950471
720575941481261954,L5,R,720575941497802658,3,2,connectivity_candidate,False,0.0340441711
720575941481296770,L5,R,720575941433938976,10,-3,connectivity_candidate,False,0.0449937341
720575941481655459,L5,R,720575941478439220,-12,-14,connectivity_candidate,False,0.345755744
720575941481834063,L5,R,720575941567370343,-6,0,connectivity_candidate,False,0.0409406413
720575941481898831,L5,R,720575941414533268,-13,-9,connectivity_candidate,False,0.284531131
720575941482071971,L5,R,720575941611968489,13,8,connectivity_candidate,False,0.0329131833
720575941482927043,L5,R,720575941438246188,-13,-5,connectivity_candidate,False,0.218754909
720575941483016899,L5,R,720575941448601181,-8,6,connectivity_candidate,False,0.501253387
720575941483687622,L5,R,720575941412981931,0,2,connectivity_candidate,False,0.0327826938
720575941483856838,L5,R,720575941587555652,16,15,connectivity_candidate,True,1.02373564
720575941484225210,L5,R,720575941505725490,14,16,connectivity_candidate,False,0.0390355563
720575941484526845,L5,R,720575941479169871,-2,-13,connectivity_candidate,False,0.131724685
720575941485424125,L5,R,720575941631387845,12,4,connectivity_candidate,False,0.0334320038
720575941486230594,L5,R,720575941498994505,-13,-11,connectivity_candidate,False,0.280984312
720575941486386317,L5,R,720575941547969313,-7,11,connectivity_candidate,False,0.508204607
720575941487074957,L5,R,720575941599932869,-16,-4,connectivity_candidate,True,0.762646569
720575941487266701,L5,R,720575941413302164,-7,-18,connectivity_candidate,True,0.847257559
720575941487298114,L5,R,720575941393983236,11,9,connectivity_candidate,False,0.0320279013
720575941487388422,L5,R,,,,unassigned,False,
720575941487457798,L5,R,720575941598922908,-8,7,connectivity_candidate,False,0.504283748
720575941487704642,L5,R,720575941497486409,-12,-10,connectivity_candidate,False,0.275159678
720575941488159810,L5,R,720575941625608394,7,-10,connectivity_candidate,False,0.427626336
720575941488327174,L5,R,720575941540927773,2,16,connectivity_candidate,False,0.368560906
720575941488623568,L5,R,720575941459726291,-17,-8,connectivity_candidate,True,0.628888474
720575941488645584,L5,R,720575941480585155,13,16,connectivity_candidate,False,0.0470423773
720575941488646352,L5,R,720575941634240197,13,11,connectivity_candidate,False,0.0331885882
720575941488786229,L5,R,720575941443050922,5,-4,connectivity_candidate,False,0.03693665
720575941490299957,L5,R,720575941451301447,-5,-1,connectivity_candidate,False,0.0407650234
720575941490381365,L5,R,720575941579855481,6,-1,connectivity_candidate,False,0.0354773796
720575941490492725,L5,R,720575941571042974,14,6,connectivity_candidate,False,0.0310801957
720575941490590409,L5,R,720575941403213936,0,16,connectivity_candidate,True,0.897806734
720575941490640693,L5,R,720575941439202322,-7,9,connectivity_candidate,False,0.505051437
720575941490930382,L5,R,,,,unassigned,False,
720575941491196364,L5,R,720575941597393344,10,5,connectivity_candidate,False,0.0333261557
720575941491225653,L5,R,720575941476051764,-9,0,connectivity_candidate,False,0.377035333
720575941491268405,L5,R,720575941644001224,17,6,connectivity_candidate,False,0.0310300969
720575941491417801,L5,R,720575941627726886,-12,-9,connectivity_candidate,False,0.254933809
720575941491787726,L5,R,720575941558453805,-14,-13,connectivity_candidate,True,0.84005628
720575941491827918,L5,R,720575941506539137,4,4,connectivity_candidate,False,0.0335025594
720575941492010444,L5,R,720575941412634769,-3,10,connectivity_candidate,False,0.0391189641
720575941492137164,L5,R,720575941639990047,-2,-5,connectivity_candidate,False,0.0336905444
720575941492170700,L5,R,720575941606083949,-16,-15,connectivity_candidate,True,1.32321485
720575941492276169,L5,R,720575941515284115,-13,-15,connectivity_candidate,False,0.343491278
720575941492443879,L5,R,720575941479485263,5,9,connectivity_candidate,False,0.0348239361
720575941492537575,L5,R,720575941515708921,-3,-2,connectivity_candidate,False,0.0378700716
720575941492538087,L5,R,720575941406001008,12,10,connectivity_candidate,False,0.0327072339
720575941493549031,L5,R,720575941494533319,11,17,connectivity_candidate,False,0.0365973488
720575941494757831,L5,R,720575941514712979,11,11,connectivity_candidate,False,0.0325702656
720575941494958000,L5,R,720575941624509083,-5,11,connectivity_candidate,False,0.107852391
720575941495406279,L5,R,720575941637710709,2,-1,connectivity_candidate,False,0.0342623876
720575941495685502,L5,R,720575941468469014,13,4,connectivity_candidate,False,0.0333367956
720575941495841406,L5,R,720575941540868125,-14,-14,connectivity_candidate,False,0.335376271
720575941496392574,L5,R,720575941596522533,12,8,connectivity_candidate,False,0.0326631653
720575941497481600,L5,R,720575941555093275,7,3,connectivity_candidate,False,0.0340611116
720575941497520000,L5,R,,,,unassigned,False,
720575941499261051,L5,R,720575941476531818,5,-7,connectivity_candidate,False,0.0421988764
720575941499307387,L5,R,720575941502303319,12,17,connectivity_candidate,False,0.0408595583
720575941499434057,L5,R,720575941493138407,2,1,connectivity_candidate,False,0.0343103328
720575941499693129,L5,R,720575941536250851,2,-13,connectivity_candidate,True,0.484617759
720575941499712329,L5,R,720575941690137612,7,15,connectivity_candidate,False,0.0309184895
720575941499723682,L5,R,720575941517850072,-3,-1,connectivity_candidate,False,0.0376685339
720575941499876169,L5,R,720575941512360268,9,18,connectivity_candidate,False,0.410094712
720575941500725154,L5,R,,,,unassigned,False,
720575941500732322,L5,R,720575941660471096,7,-8,connectivity_candidate,True,0.932360407
720575941502085003,L5,R,720575941464858381,10,-7,connectivity_candidate,False,0.0552292536
720575941502812299,L5,R,720575941547774652,-15,-7,connectivity_candidate,False,0.149963676
720575941502837899,L5,R,720575941553675777,16,9,connectivity_candidate,False,0.0221246844
720575941502840971,L5,R,720575941612791114,-15,-2,connectivity_candidate,True,1.12683013
720575941504177387,L5,R,720575941482588611,-1,-12,connectivity_candidate,False,0.131650586
720575941504467762,L5,R,720575941462650579,14,0,connectivity_candidate,False,0.186855084
720575941504505943,L5,R,720575941481180611,-1,-1,connectivity_candidate,False,0.0356977861
720575941505598039,L5,R,720575941598171525,-13,-13,connectivity_candidate,True,0.842709318
720575941505848882,L5,R,720575941414206868,9,-3,connectivity_candidate,False,0.0424637911
720575941506006437,L5,R,720575941517068378,0,-14,connectivity_candidate,True,0.510709864
720575941506346290,L5,R,720575941433767639,-1,7,connectivity_candidate,False,0.0217219257
720575941506367026,L5,R,720575941574913181,-7,10,connectivity_candidate,False,0.504676018
720575941506633762,L5,R,720575941527686054,12,12,connectivity_candidate,False,0.0337850055
720575941506918750,L5,R,720575941692102107,-5,0,connectivity_candidate,False,0.0411392139
720575941506957989,L5,R,720575941519393203,9,14,connectivity_candidate,False,0.0343568367
720575941507133244,L5,R,720575941515021132,-17,-10,connectivity_candidate,True,0.660332764
720575941507133500,L5,R,720575941682429373,-14,0,connectivity_candidate,True,1.08000377
720575941507489596,L5,R,720575941577692086,-2,2,connectivity_candidate,False,0.0292844421
720575941507829783,L5,R,720575941499847803,8,-9,connectivity_candidate,False,0.423976009
720575941508088901,L5,R,720575941518578323,9,11,connectivity_candidate,False,0.0342894296
720575941508508485,L5,R,720575941469982475,-14,-9,connectivity_candidate,False,0.226892041
720575941508607255,L5,R,720575941665198716,-12,-15,connectivity_candidate,False,0.416487004
720575941508683589,L5,R,720575941624210028,11,-5,connectivity_candidate,True,1.02153682
720575941509017182,L5,R,720575941608830317,-13,-14,connectivity_candidate,False,0.342391255
720575941509146402,L5,R,720575941593031308,9,17,connectivity_candidate,False,0.407433004
720575941509243265,L5,R,720575941409775022,-13,-6,connectivity_candidate,False,0.21964102
720575941509283457,L5,R,720575941465397005,-5,-3,connectivity_candidate,False,0.0406742113
720575941509449601,L5,R,720575941661981052,-4,-13,connectivity_candidate,False,0.0990069919
720575941510426896,L5,R,720575941555872164,7,0,connectivity_candidate,False,0.0353624311
720575941510472208,L5,R,720575941505512471,9,12,connectivity_candidate,False,0.0335156669
720575941510530064,L5,R,720575941618370431,-8,-17,connectivity_candidate,True,0.833876957
720575941511174098,L5,R,720575941517264131,8,14,connectivity_candidate,False,0.0339827844
720575941511344656,L5,R,720575941538268392,14,13,connectivity_candidate,False,0.0337950971
720575941511800336,L5,R,720575941609908457,8,10,connectivity_candidate,False,0.0320461574
720575941511848976,L5,R,720575941631390917,11,14,connectivity_candidate,False,0.0347094565
720575941512146898,L5,R,720575941481257952,6,3,connectivity_candidate,False,0.0340858477
720575941512350719,L5,R,720575941416290844,-2,0,connectivity_candidate,False,0.0361491461
720575941513016018,L5,R,720575941440450860,13,3,connectivity_candidate,False,0.0330499612
720575941513748177,L5,R,720575941449465108,-8,-2,connectivity_candidate,False,0.0461804587
720575941514403025,L5,R,720575941564910183,-11,7,connectivity_candidate,False,0.568386835
720575941514434513,L5,R,720575941671203761,-11,-14,connectivity_candidate,False,0.374805575
720575941514712908,L5,R,720575941536251619,-15,-16,connectivity_candidate,True,1.30446756
720575941515104835,L5,R,720575941479379619,4,8,connectivity_candidate,False,0.0368612447
720575941515376227,L5,R,720575941563178338,-12,-1,connectivity_candidate,False,0.500395464
720575941515961155,L5,R,720575941475276347,-11,5,connectivity_candidate,False,0.572233734
720575941516262911,L5,R,720575941592180843,-3,0,connectivity_candidate,False,0.0367315506
720575941516522755,L5,R,720575941660370256,-6,-6,connectivity_candidate,False,0.0396655061
720575941516576771,L5,R,720575941465488406,15,5,connectivity_candidate,False,0.0321437819
720575941516638554,L5,R,720575941469685312,-11,4,connectivity_candidate,True,1.09055081
720575941516638810,L5,R,720575941552210750,-6,1,connectivity_candidate,False,0.0353826571
720575941516736761,L5,R,720575941550683425,0,-13,connectivity_candidate,False,0.151248246
720575941517264889,L5,R,720575941583036793,7,16,connectivity_candidate,False,0.411624797
720575941517336057,L5,R,720575941734554667,-3,-4,connectivity_candidate,False,0.0362837315
720575941519125720,L5,R,720575941574687670,9,-9,connectivity_candidate,False,0.423134847
720575941519483246,L5,R,720575941432166615,5,-5,connectivity_candidate,False,0.0385446407
720575941519828396,L5,R,720575941612307274,10,-6,connectivity_candidate,False,0.053016136
720575941520066776,L5,R,720575941514088547,10,11,connectivity_candidate,False,0.0325151992
720575941520209112,L5,R,720575941440390444,16,14,connectivity_candidate,False,0.064793369
720575941520227438,L5,R,720575941540332693,1,-5,connectivity_candidate,False,0.0323803916
720575941520257902,L5,R,720575941502117719,6,10,connectivity_candidate,False,0.0337560648
720575941520271788,L5,R,720575941515756634,13,10,connectivity_candidate,False,0.0330607916
720575941520298924,L5,R,,,,unassigned,False,
720575941520356974,L5,R,720575941568781562,-6,-12,connectivity_candidate,False,0.0240561015
720575941520778350,L5,R,720575941490845132,-4,-12,connectivity_candidate,False,0.0221783604
720575941520996787,L5,R,720575941566044679,17,11,connectivity_candidate,True,0.591341963
720575941521723575,L5,R,720575941544503581,-12,-2,connectivity_candidate,False,0.694133303
720575941521913527,L5,R,720575941426422356,-10,-18,connectivity_candidate,True,0.972965188
720575941522044083,L5,R,720575941552095515,10,-1,connectivity_candidate,False,0.0382857152
720575941523931895,L5,R,720575941434529312,-6,-5,connectivity_candidate,False,0.0406947099
720575941524207359,L5,R,720575941538904701,-8,-7,connectivity_candidate,False,0.0438989917
720575941524302591,L5,R,720575941562525842,-11,-11,connectivity_candidate,False,0.278041436
720575941525040203,L5,R,720575941462769860,12,5,connectivity_candidate,False,0.0331451879
720575941525525470,L5,R,720575941433996064,-2,-4,connectivity_candidate,False,0.034909232
720575941525551691,L5,R,,,,unassigned,False,
720575941525631321,L5,R,720575941493582974,-4,-15,connectivity_candidate,False,0.134888746
720575941525700830,L5,R,720575941527925688,-1,-5,connectivity_candidate,False,0.0330204043
720575941526014539,L5,R,720575941633218284,-12,2,connectivity_candidate,False,0.261362658
720575941526253145,L5,R,720575941527661444,11,-4,connectivity_candidate,False,0.0512909505
720575941526270553,L5,R,720575941471167243,12,-3,connectivity_candidate,False,0.121993656
720575941526301150,L5,R,720575941634168005,1,-2,connectivity_candidate,False,0.0341400623
720575941526305502,L5,R,720575941626068793,9,-6,connectivity_candidate,False,0.0539572491
720575941526306526,L5,R,720575941547951165,6,-5,connectivity_candidate,False,0.0399986153
720575941526307038,L5,R,720575941503968962,7,-6,connectivity_candidate,False,0.0439410461
720575941526308318,L5,R,720575941552099355,7,-7,connectivity_candidate,False,0.0452710748
720575941526311902,L5,R,720575941476532074,6,-6,connectivity_candidate,False,0.0419614371
720575941526331870,L5,R,,,,unassigned,False,
720575941526344670,L5,R,720575941517395449,3,3,connectivity_candidate,False,0.0335822276
720575941526409438,L5,R,720575941558027791,7,-3,connectivity_candidate,False,0.0386428992
720575941526412254,L5,R,720575941692184216,9,-4,connectivity_candidate,False,0.0443246678
720575941526415070,L5,R,720575941514734915,8,-3,connectivity_candidate,False,0.0395051371
720575941526428516,L5,R,720575941517207443,9,1,connectivity_candidate,False,0.0358709167
720575941526445534,L5,R,720575941532005763,9,0,connectivity_candidate,False,0.0361126933
720575941526491870,L5,R,720575941528138754,7,-2,connectivity_candidate,False,0.0371324826
720575941526512862,L5,R,720575941443056042,5,4,connectivity_candidate,False,0.0337205907
720575941526533342,L5,R,720575941575868573,5,-3,connectivity_candidate,False,0.0363138788
720575941526541790,L5,R,720575941472465015,12,1,connectivity_candidate,False,0.033630701
720575941527380301,L5,R,720575941551102782,-6,10,connectivity_candidate,False,0.502518858
720575941527474690,L5,R,720575941446769834,16,11,connectivity_candidate,False,0.399920407
720575941527528781,L5,R,720575941437783007,-8,2,connectivity_candidate,False,0.15722166
720575941527574093,L5,R,720575941507967548,-10,-19,connectivity_candidate,True,0.972282918
720575941527583513,L5,R,720575941509572702,5,13,connectivity_candidate,False,0.0301970937
720575941527797604,L5,R,720575941627256475,-1,3,connectivity_candidate,False,0.0286202432
720575941527802244,L5,R,720575941494354558,5,3,connectivity_candidate,False,0.0339347851
720575941528464740,L5,R,720575941660131096,10,-5,connectivity_candidate,False,0.0495098015
720575941528485542,L5,R,720575941534061322,-8,9,connectivity_candidate,False,0.505359933
720575941528561318,L5,R,720575941637710197,-2,-2,connectivity_candidate,False,0.0365996554
720575941528585894,L5,R,720575941555865764,7,18,connectivity_candidate,True,0.752583615
720575941528863337,L5,R,720575941456101535,7,7,connectivity_candidate,False,0.0343263325
720575941528991620,L5,R,720575941568006710,-8,5,connectivity_candidate,False,0.496339304
720575941529319590,L5,R,720575941689926156,-7,-17,connectivity_candidate,True,0.84089863
720575941529886084,L5,R,720575941418121244,12,13,connectivity_candidate,False,0.0348770892
720575941530486968,L5,R,720575941624475274,-7,8,connectivity_candidate,False,0.504098325
720575941530530488,L5,R,720575941556774401,-16,-6,connectivity_candidate,True,0.797681783
720575941530542264,L5,R,720575941664277304,-1,11,connectivity_candidate,False,0.0373384356
720575941530591691,L5,R,720575941601980406,0,-5,connectivity_candidate,False,0.0325046513
720575941531241920,L5,R,,,,unassigned,False,
720575941531615928,L5,R,720575941448457821,-12,-4,connectivity_candidate,True,0.536662795
720575941531768760,L5,R,720575941537923354,7,-9,connectivity_candidate,False,0.174738711
720575941531817163,L5,R,720575941414646044,8,-7,connectivity_candidate,False,0.0627845902
720575941531962827,L5,R,720575941568671220,1,0,connectivity_candidate,False,0.0347488799
720575941532088707,L5,R,720575941561564787,0,-1,connectivity_candidate,False,0.0351226296
720575941532095179,L5,R,720575941632918242,-10,0,connectivity_candidate,True,0.625607226
720575941532123083,L5,R,720575941391584150,-1,13,connectivity_candidate,False,0.0349117215
720575941532866014,L5,R,720575941453822633,-4,-14,connectivity_candidate,False,0.110815441
720575941532973259,L5,R,720575941556821540,-5,10,connectivity_candidate,False,0.08962233
720575941533363946,L5,R,720575941433734542,3,9,connectivity_candidate,False,0.0302880061
720575941533391333,L5,R,,,,unassigned,False,
720575941533399781,L5,R,720575941528484196,-2,7,connectivity_candidate,False,0.0171191861
720575941533781592,L5,R,720575941468502358,3,7,connectivity_candidate,False,0.0352365255
720575941534078181,L5,R,720575941448447822,-10,-7,connectivity_candidate,False,0.0499902947
720575941534133470,L5,R,720575941588734974,1,-4,connectivity_candidate,False,0.0332866386
720575941534148801,L5,R,720575941556959059,-4,11,connectivity_candidate,False,0.0332824122
720575941534275550,L5,R,720575941603733238,-1,-3,connectivity_candidate,False,0.0346430969
720575941534549891,L5,R,720575941475297054,8,13,connectivity_candidate,False,0.0331420326
720575941534560222,L5,R,720575941494911358,-1,-4,connectivity_candidate,False,0.0339442138
720575941534710238,L5,R,720575941631305510,0,-3,connectivity_candidate,False,0.0340169745
720575941534742750,L5,R,720575941533946890,0,-4,connectivity_candidate,False,0.0333471266
720575941534847154,L5,R,720575941555258276,-9,-12,connectivity_candidate,False,0.280775203
720575941535110019,L5,R,720575941653479129,8,-5,connectivity_candidate,False,0.0438185831
720575941535215538,L5,R,720575941505428503,14,19,connectivity_candidate,False,0.0510177605
720575941535450334,L5,R,720575941629362233,2,-2,connectivity_candidate,False,0.034091952
720575941535747160,L5,R,720575941541095260,14,8,connectivity_candidate,False,0.0323836943
720575941535881394,L5,R,720575941429599625,-3,-3,connectivity_candidate,False,0.0370862723
720575941535911346,L5,R,720575941499847035,15,9,connectivity_candidate,True,0.739283945
720575941535915954,L5,R,720575941439735503,-17,-6,connectivity_candidate,True,0.774604354
720575941536078784,L5,R,720575941524033099,-1,14,connectivity_candidate,True,0.683419654
720575941536090816,L5,R,720575941468238045,1,14,connectivity_candidate,False,0.0513659772
720575941536116702,L5,R,,,,unassigned,False,
720575941536190450,L5,R,720575941551331956,0,-6,connectivity_candidate,False,0.0312249861
720575941536368320,L5,R,720575941613929881,-2,10,connectivity_candidate,False,0.0358440038
720575941536475840,L5,R,720575941508217111,1,11,connectivity_candidate,False,0.0339108884
720575941536651018,L5,R,720575941415051292,6,9,connectivity_candidate,False,0.0330847976
720575941536729610,L5,R,720575941660960568,-5,8,connectivity_candidate,False,0.496763252
720575941536740800,L5,R,720575941629703906,2,8,connectivity_candidate,False,0.0290656914
720575941536750529,L5,R,720575941592927446,-1,-14,connectivity_candidate,False,0.156422065
720575941536842945,L5,R,720575941506946398,-11,-7,connectivity_candidate,False,0.0602215728
720575941536854464,L5,R,720575941541713869,0,15,connectivity_candidate,False,0.0196473085
720575941536878272,L5,R,720575941459725267,3,14,connectivity_candidate,False,0.0663008527
720575941536879808,L5,R,720575941482199805,4,14,connectivity_candidate,False,0.437494638
720575941536891840,L5,R,720575941414421393,7,13,connectivity_candidate,False,0.0322934163
720575941536902592,L5,R,720575941460473744,4,15,connectivity_candidate,False,0.0716058349
720575941537210650,L5,R,720575941517727960,11,18,connectivity_candidate,False,0.0354193036
720575941537350120,L5,R,720575941567677554,-11,-8,connectivity_candidate,False,0.116570801
720575941537360666,L5,R,720575941497480417,-5,4,connectivity_candidate,False,0.00932430686
720575941537383690,L5,R,720575941467371030,5,-2,connectivity_candidate,False,0.0354516474
720575941537396451,L5,R,720575941730515243,-8,-10,connectivity_candidate,False,0.0317154652
720575941538286568,L5,R,720575941549781620,-14,-12,connectivity_candidate,False,0.285649791
720575941538318568,L5,R,720575941394870422,-7,-16,connectivity_candidate,True,0.832873548
720575941538351080,L5,R,720575941564413608,-2,5,connectivity_candidate,False,0.0201492695
720575941538353635,L5,R,720575941457289968,14,12,connectivity_candidate,False,0.033743084
720575941538380515,L5,R,720575941527931012,4,-2,connectivity_candidate,False,0.0348186624
720575941538407139,L5,R,,,,unassigned,False,
720575941538422499,L5,R,720575941567990522,-8,-1,connectivity_candidate,False,0.0433178023
720575941538776256,L5,R,720575941487859206,-3,8,connectivity_candidate,False,0.0397396908
720575941539147609,L5,R,720575941394040836,-1,-13,connectivity_candidate,False,0.1396439
720575941539222248,L5,R,720575941612985318,-15,-9,connectivity_candidate,False,0.291236465
720575941539386457,L5,R,720575941489482700,-3,-14,connectivity_candidate,False,0.129935343
720575941539417310,L5,R,720575941574611638,-2,-1,connectivity_candidate,False,0.0365024056
720575941539641822,L5,R,720575941507180894,-1,1,connectivity_candidate,False,0.033194404
720575941539714685,L5,R,720575941589414028,4,2,connectivity_candidate,False,0.034077381
720575941539768562,L5,R,720575941473329194,-5,-2,connectivity_candidate,False,0.0408378366
720575941539775637,L5,R,720575941574059592,-6,2,connectivity_candidate,False,0.027191575
720575941539807637,L5,R,720575941613749933,10,14,connectivity_candidate,False,0.0339054695
720575941539943317,L5,R,720575941628254758,15,13,connectivity_candidate,False,0.0335188156
720575941539946944,L5,R,720575941689896310,0,7,connectivity_candidate,False,0.0252156926
720575941540740444,L5,R,720575941460315792,-13,0,connectivity_candidate,True,1.12714627
720575941541062861,L5,R,720575941541150300,5,12,connectivity_candidate,False,0.0296447496
720575941541119869,L5,R,720575941449093813,9,3,connectivity_candidate,False,0.0337970857
720575941541133949,L5,R,720575941522790839,-15,-5,connectivity_candidate,True,1.04173204
720575941541208189,L5,R,720575941536942834,-7,-8,connectivity_candidate,False,0.0388252642
720575941541342050,L5,R,720575941547880820,-11,-9,connectivity_candidate,False,0.270560904
720575941541350498,L5,R,720575941627910794,-8,-15,connectivity_candidate,True,0.825559696
720575941541850460,L5,R,720575941516859139,3,-4,connectivity_candidate,False,0.0344735265
720575941542277468,L5,R,720575941409478447,-3,-16,connectivity_candidate,False,0.23889945
720575941542592960,L5,R,720575941454933485,-4,3,connectivity_candidate,False,0.0157959125
720575941542946649,L5,R,720575941535433394,-3,-13,connectivity_candidate,False,0.103099935
720575941542947673,L5,R,720575941626057529,-3,-12,connectivity_candidate,False,0.0879760523
720575941542949721,L5,R,,,,unassigned,False,
720575941542952793,L5,R,720575941516476995,-1,-17,connectivity_candidate,False,0.253388155
720575941542959449,L5,R,720575941434899086,-2,-12,connectivity_candidate,False,0.0947310233
720575941543242332,L5,R,720575941630627052,-10,-1,connectivity_candidate,True,0.531393905
720575941543352924,L5,R,720575941409700526,11,13,connectivity_candidate,False,0.0301362066
720575941543364697,L5,R,,,,unassigned,False,
720575941543375452,L5,R,720575941546953049,-4,-4,connectivity_candidate,False,0.0378178896
720575941543402332,L5,R,720575941734556459,6,16,connectivity_candidate,False,0.425117988
720575941543911709,L5,R,720575941412392107,11,6,connectivity_candidate,False,0.0330976784
720575941544038336,L5,R,720575941609987817,0,10,connectivity_candidate,False,0.0332087408
720575941544149593,L5,R,720575941579146741,7,4,connectivity_candidate,False,0.0339047826
720575941544290240,L5,R,720575941666769139,1,10,connectivity_candidate,False,0.0316450447
720575941544458176,L5,R,720575941660942928,-2,9,connectivity_candidate,False,0.03416314
720575941544520733,L5,R,720575941527904612,8,8,connectivity_candidate,False,0.035258318
720575941544907198,L5,R,720575941478882784,-4,9,connectivity_candidate,False,0.0417924997
720575941544909246,L5,R,720575941546351465,-3,9,connectivity_candidate,False,0.0396847782
720575941544919998,L5,R,720575941624351882,-3,7,connectivity_candidate,False,0.0137413915
720575941545040729,L5,R,720575941621794431,-1,-10,connectivity_candidate,False,0.0211916646
720575941545041241,L5,R,720575941552500763,-3,-8,connectivity_candidate,False,0.0301838516
720575941545042009,L5,R,720575941626518073,0,-11,connectivity_candidate,False,0.0167497743
720575941545048921,L5,R,720575941528563801,-4,-9,connectivity_candidate,False,0.0295438984
720575941545057113,L5,R,720575941561311603,-4,-8,connectivity_candidate,False,0.031649708
720575941545080153,L5,R,720575941482337359,-5,-4,connectivity_candidate,False,0.0397745319
720575941545081177,L5,R,720575941497512161,-1,-8,connectivity_candidate,False,0.0277704164
720575941545150400,L5,R,720575941514086393,1,9,connectivity_candidate,False,0.0290843968
720575941545374132,L5,R,720575941525675289,-6,9,connectivity_candidate,False,0.50526016
720575941545634309,L5,R,720575941478058545,-1,-7,connectivity_candidate,False,0.0298797504
720575941545763929,L5,R,720575941557017252,3,-11,connectivity_candidate,False,0.0497346097
720575941545795929,L5,R,720575941517507032,-7,2,connectivity_candidate,False,0.72874331
720575941545834073,L5,R,720575941430873737,-4,0,connectivity_candidate,False,0.0394822793
720575941545843801,L5,R,720575941491740366,0,0,connectivity_candidate,False,0.0357384969
720575941545880153,L5,R,720575941539529950,-1,0,connectivity_candidate,False,0.0350835068
720575941546185664,L5,R,720575941409703598,6,12,connectivity_candidate,False,0.0318443698
720575941546194521,L5,R,720575941479237711,6,-2,connectivity_candidate,False,0.0364098419
720575941546195289,L5,R,720575941624060874,7,-1,connectivity_candidate,False,0.036209799
720575941546512217,L5,R,720575941443679951,1,-10,connectivity_candidate,False,0.0220829753
720575941546517593,L5,R,720575941467830493,-1,-9,connectivity_candidate,False,0.0249614893
720575941546518617,L5,R,720575941633116832,0,-10,connectivity_candidate,False,0.0212338199
720575941546519897,L5,R,720575941634984379,-2,-8,connectivity_candidate,False,0.0286602298
720575941546522713,L5,R,720575941591626859,-1,-11,connectivity_candidate,False,0.0152096191
720575941546544985,L5,R,720575941491435184,2,-11,connectivity_candidate,False,0.0530615449
720575941546574681,L5,R,720575941449501277,-1,-6,connectivity_candidate,False,0.031687171
720575941546577241,L5,R,720575941412540564,2,-9,connectivity_candidate,False,0.580223991
720575941546582617,L5,R,720575941630042604,1,-8,connectivity_candidate,False,0.0294767527
720575941546591065,L5,R,720575941640854629,1,-7,connectivity_candidate,False,0.0306709727
720575941546610265,L5,R,720575941566408295,-6,5,connectivity_candidate,False,0.490135216
720575941546614105,L5,R,720575941414646812,9,-7,connectivity_candidate,False,0.0566849353
720575941546615641,L5,R,720575941497416009,4,-4,connectivity_candidate,False,0.0357548385
720575941546662745,L5,R,,,,unassigned,False,
720575941546666585,L5,R,720575941476533866,5,-6,connectivity_candidate,False,0.0398518134
720575941546668889,L5,R,720575941575831990,6,-7,connectivity_candidate,False,0.043487033
720575941546712153,L5,R,720575941484452674,4,-6,connectivity_candidate,False,0.0381789645
720575941546713945,L5,R,720575941531508867,3,-8,connectivity_candidate,False,0.0402598676
720575941546714969,L5,R,720575941630043628,1,-6,connectivity_candidate,False,0.0312414276
720575941546749273,L5,R,720575941484806662,3,-9,connectivity_candidate,False,0.044765413
720575941546750553,L5,R,720575941517066083,4,-10,connectivity_candidate,False,0.0465816682
720575941546760025,L5,R,720575941516110739,3,-5,connectivity_candidate,False,0.0349916334
720575941546769497,L5,R,720575941458307056,2,-5,connectivity_candidate,False,0.0330221461
720575941546772313,L5,R,720575941617948543,0,-2,connectivity_candidate,False,0.0343654957
720575941546903641,L5,R,720575941510331265,0,1,connectivity_candidate,False,0.0342545076
720575941546934972,L5,R,720575941547667644,-9,-11,connectivity_candidate,False,0.277746564
720575941546944089,L5,R,720575941506684289,-6,6,connectivity_candidate,False,0.492313568
720575941546962777,L5,R,720575941567723378,0,-8,connectivity_candidate,False,0.0275318444
720575941547023804,L5,R,720575941486453200,8,-6,connectivity_candidate,False,0.0464561735
720575941547105212,L5,R,720575941592623400,8,18,connectivity_candidate,True,0.750423311
720575941547301225,L5,R,720575941503117618,-18,-9,connectivity_candidate,True,0.583518277
720575941548711048,L5,R,720575941597049127,15,14,connectivity_candidate,False,0.053031991
720575941549071449,L5,R,720575941611819740,-13,3,connectivity_candidate,True,0.658901844
720575941549265697,L5,R,720575941514175747,-13,-10,connectivity_candidate,False,0.28002066
720575941550129953,L5,R,720575941568391214,5,17,connectivity_candidate,True,0.830305285
720575941550133793,L5,R,720575941660473144,5,-11,connectivity_candidate,False,0.297756381
720575941550685757,L5,R,720575941482094522,7,-5,connectivity_candidate,False,0.0419334014
720575941550700833,L5,R,720575941519515319,3,0,connectivity_candidate,False,0.034263281
720575941550733172,L5,R,720575941543311109,14,1,connectivity_candidate,False,0.023321006
720575941550760993,L5,R,720575941459586500,-7,0,connectivity_candidate,True,1.00550592
720575941550807357,L5,R,720575941627340443,8,11,connectivity_candidate,False,0.0335218129
720575941551336820,L5,R,720575941625453052,-1,4,connectivity_candidate,False,0.0267398005
720575941551818239,L5,R,720575941518916012,-8,-4,connectivity_candidate,False,0.0457130226
720575941552736255,L5,R,720575941635133627,11,8,connectivity_candidate,False,0.0324672864
720575941553216960,L5,R,720575941634257568,-10,-14,connectivity_candidate,True,0.711095229
720575941553319423,L5,R,720575941644280440,-5,-12,connectivity_candidate,False,0.0233340211
720575941553344990,L5,R,720575941433939744,-8,-5,connectivity_candidate,False,0.0448339924
720575941553370879,L5,R,720575941457994566,10,0,connectivity_candidate,False,0.0358821679
720575941554245511,L5,R,720575941493638526,4,17,connectivity_candidate,True,1.16734493
720575941554430106,L5,R,720575941497786018,-11,-16,connectivity_candidate,True,0.821587751
720575941554701083,L5,R,720575941605566573,-8,-12,connectivity_candidate,True,0.808472758
720575941554986718,L5,R,720575941533932554,2,-10,connectivity_candidate,False,0.0471728925
720575941555292499,L5,R,720575941403214115,-3,1,connectivity_candidate,False,0.0342128483
720575941555351962,L5,R,720575941603173310,-3,14,connectivity_candidate,False,0.417844545
720575941555657817,L5,R,720575941638544159,-11,-1,connectivity_candidate,True,0.632110573
720575941555911250,L5,R,720575941531745155,4,9,connectivity_candidate,False,0.030614676
720575941556012801,L5,R,720575941473907259,-5,5,connectivity_candidate,False,0.025175342
720575941556121601,L5,R,720575941653440729,5,14,connectivity_candidate,False,0.0286923441
720575941556174849,L5,R,720575941611660390,-8,-14,connectivity_candidate,True,0.820711304
720575941556193252,L5,R,720575941555607460,6,11,connectivity_candidate,False,0.0333869745
720575941556326226,L5,R,720575941500241633,5,10,connectivity_candidate,False,0.0347321927
720575941556371539,L5,R,720575941584492510,10,15,connectivity_candidate,False,0.0346246973
720575941556379300,L5,R,720575941533964993,-10,1,connectivity_candidate,True,0.626947807
720575941556542803,L5,R,720575941469685771,-17,-9,connectivity_candidate,True,0.698582881
720575941556828242,L5,R,720575941535081498,7,11,connectivity_candidate,False,0.0332872087
720575941556909284,L5,R,720575941454843373,6,14,connectivity_candidate,False,0.0306648089
720575941556947684,L5,R,720575941628460002,9,15,connectivity_candidate,False,0.0362244557
720575941557399641,L5,R,720575941618406101,-14,1,connectivity_candidate,True,1.0870455
720575941557723358,L5,R,720575941593317590,-6,-11,connectivity_candidate,False,0.0272314712
720575941557736414,L5,R,720575941557647070,-6,-9,connectivity_candidate,False,0.0334002515
720575941558164437,L5,R,720575941561574771,10,4,connectivity_candidate,False,0.0334820868
720575941558353109,L5,R,720575941671606193,10,2,connectivity_candidate,False,0.0348514726
720575941558664868,L5,R,720575941613063910,-7,-3,connectivity_candidate,False,0.0437867443
720575941558763989,L5,R,,,,unassigned,False,
720575941558985685,L5,R,720575941563672418,-5,1,connectivity_candidate,False,0.0407839234
720575941559026980,L5,R,720575941566547042,6,-9,connectivity_candidate,False,0.173918688
720575941559101476,L5,R,720575941654374673,10,16,connectivity_candidate,False,0.0364813779
720575941559137502,L5,R,720575941502315095,-9,-7,connectivity_candidate,False,0.0463684642
720575941559151070,L5,R,720575941505806386,-7,-9,connectivity_candidate,False,0.0346172391
720575941559217877,L5,R,720575941479380131,-5,2,connectivity_candidate,False,0.0360359089
720575941559670543,L5,R,720575941721111354,-12,-12,connectivity_candidate,False,0.283076739
720575941560597486,L5,R,720575941548094057,8,6,connectivity_candidate,False,0.0338901951
720575941560598543,L5,R,720575941618628309,4,-9,connectivity_candidate,False,0.0452882441
720575941561025651,L5,R,720575941412395179,5,8,connectivity_candidate,False,0.104714758
720575941561140437,L5,R,720575941584460934,5,-1,connectivity_candidate,False,0.0350855657
720575941561330398,L5,R,720575941479727840,-4,-10,connectivity_candidate,False,0.0271960634
720575941561417941,L5,R,720575941503372171,1,-1,connectivity_candidate,False,0.0344206411
720575941561639902,L5,R,720575941534756184,-4,-11,connectivity_candidate,False,0.0245598002
720575941562028757,L5,R,720575941455158509,3,1,connectivity_candidate,False,0.0341832149
720575941562424109,L5,R,720575941687021580,-4,-3,connectivity_candidate,False,0.0386801662
720575941562843949,L5,R,720575941506178213,-8,4,connectivity_candidate,False,0.495328863
720575941563331373,L5,R,720575941604978105,-12,-6,connectivity_candidate,False,0.0640121652
720575941563463762,L5,R,720575941618401919,-1,2,connectivity_candidate,False,0.0312479506
720575941563994024,L5,R,720575941454204999,-10,-16,connectivity_candidate,True,0.82107668
720575941564021650,L5,R,720575941475215675,0,12,connectivity_candidate,False,0.0386668509
720575941564064168,L5,R,720575941660421712,-15,-6,connectivity_candidate,False,0.158707653
720575941564540818,L5,R,720575941536418058,10,-2,connectivity_candidate,False,0.0424016266
720575941564552594,L5,R,720575941493070567,-11,1,connectivity_candidate,False,0.259438734
720575941564903058,L5,R,720575941478851552,-10,7,connectivity_candidate,True,0.577029107
720575941565091840,L5,R,720575941634143173,9,5,connectivity_candidate,False,0.0334625102
720575941565147392,L5,R,720575941408270383,-10,-5,connectivity_candidate,False,0.0517747626
720575941565235719,L5,R,720575941525348429,0,13,connectivity_candidate,False,0.0431103135
720575941565750423,L5,R,720575941666651379,1,2,connectivity_candidate,False,0.0335966073
720575941565804807,L5,R,720575941457317360,-6,-13,connectivity_candidate,False,0.0229977872
720575941565826962,L5,R,720575941657495888,-10,-17,connectivity_candidate,True,0.823171631
720575941565862034,L5,R,720575941554651364,-11,6,connectivity_candidate,False,0.572872621
720575941565895431,L5,R,720575941557879567,-16,-5,connectivity_candidate,True,0.771469008
720575941565955591,L5,R,720575941631094981,-6,7,connectivity_candidate,False,0.495763672
720575941565969159,L5,R,720575941497810082,12,-1,connectivity_candidate,False,0.0462283629
720575941565990407,L5,R,720575941483405821,1,-15,connectivity_candidate,True,0.481842747
720575941566324887,L5,R,720575941527985592,3,16,connectivity_candidate,True,0.813540876
720575941566328471,L5,R,720575941486259778,10,1,connectivity_candidate,False,0.0351520397
720575941566361495,L5,R,720575941554469092,-3,4,connectivity_candidate,False,0.0176711981
720575941566817618,L5,R,720575941584400094,-7,3,connectivity_candidate,False,0.494663451
720575941566823250,L5,R,720575941504436028,-7,6,connectivity_candidate,False,0.495571106
720575941566825042,L5,R,720575941460445599,-5,3,connectivity_candidate,False,0.0189074074
720575941566905607,L5,R,720575941646511560,-16,-11,connectivity_candidate,False,0.284591282
720575941566909238,L5,R,720575941596664945,-16,-13,connectivity_candidate,True,0.842185165
720575941566922066,L5,R,720575941555382611,-10,4,connectivity_candidate,False,0.495589799
720575941566922322,L5,R,720575941616107417,-9,3,connectivity_candidate,False,0.494080226
720575941566961234,L5,R,720575941496376443,-6,4,connectivity_candidate,False,0.490150397
720575941567898158,L5,R,720575941479171151,1,-11,connectivity_candidate,False,0.0491240528
720575941567974966,L5,R,720575941534548506,1,-9,connectivity_candidate,False,0.0256138479
720575941568965422,L5,R,720575941413727599,-14,-3,connectivity_candidate,False,0.394343149
720575941569445490,L5,R,720575941734098475,5,5,connectivity_candidate,False,0.033525996
720575941570203250,L5,R,720575941592049259,-9,-17,connectivity_candidate,True,0.826510163
720575941570644724,L5,R,720575941445851412,1,6,connectivity_candidate,False,0.0292230143
720575941570852722,L5,R,720575941452073038,0,-9,connectivity_candidate,False,0.0242699593
720575941571501300,L5,R,720575941469976587,-8,-6,connectivity_candidate,False,0.0439943312
720575941572257182,L5,R,720575941552298523,12,15,connectivity_candidate,False,0.035763957
720575941572986376,L5,R,720575941484706626,7,9,connectivity_candidate,False,0.0320296611
720575941573253790,L5,R,720575941584335326,8,4,connectivity_candidate,False,0.033760378
720575941573279570,L5,R,720575941544023581,-7,-14,connectivity_candidate,False,0.0258206922
720575941573363102,L5,R,720575941651072241,5,-9,connectivity_candidate,False,0.0449961744
720575941574085448,L5,R,720575941450991797,-1,10,connectivity_candidate,False,0.0356016086
720575941574120776,L5,R,720575941653223701,4,6,connectivity_candidate,False,0.0335789484
720575941574146888,L5,R,720575941561384942,13,5,connectivity_candidate,False,0.0329477386
720575941574262779,L5,R,720575941558535844,-15,-14,connectivity_candidate,False,0.331955548
720575941574911670,L5,R,720575941391433732,-7,-2,connectivity_candidate,False,0.0442874685
720575941575029755,L5,R,720575941610710118,-9,-15,connectivity_candidate,True,0.820181495
720575941575107579,L5,R,720575941593790065,18,10,connectivity_candidate,True,0.595688714
720575941575324936,L5,R,720575941533472088,-9,5,connectivity_candidate,False,0.500446219
720575941575420168,L5,R,720575941506798686,-9,-1,connectivity_candidate,True,0.577887826
720575941575422216,L5,R,720575941562995810,11,-1,connectivity_candidate,False,0.0433570761
720575941575433211,L5,R,720575941513643587,-3,5,connectivity_candidate,False,0.0164277933
720575941575443357,L5,R,720575941505834546,-3,-6,connectivity_candidate,False,0.0333468418
720575941575452681,L5,R,720575941627206299,-14,-1,connectivity_candidate,False,0.362104557
720575941575532041,L5,R,720575941506538881,-5,-14,connectivity_candidate,True,0.835147773
720575941576024329,L5,R,720575941480281027,11,15,connectivity_candidate,False,0.0337167209
720575941576050063,L5,R,720575941564715879,-9,-10,connectivity_candidate,False,0.251558127
720575941576111247,L5,R,720575941449103438,-13,-16,connectivity_candidate,False,0.414255069
720575941576149391,L5,R,720575941553027719,-1,-2,connectivity_candidate,False,0.0351873941
720575941576192911,L5,R,720575941417731612,-3,-11,connectivity_candidate,False,0.0222381515
720575941576829622,L5,R,720575941542903301,-8,-13,connectivity_candidate,True,0.812737139
720575941576890294,L5,R,720575941544402620,2,14,connectivity_candidate,False,0.0570321863
720575941577090408,L5,R,720575941689192204,-14,-5,connectivity_candidate,True,0.781588701
720575941577247080,L5,R,720575941577676470,4,-7,connectivity_candidate,False,0.0395396502
720575941577592146,L5,R,720575941415753361,-10,-15,connectivity_candidate,True,0.816374887
720575941578153685,L5,R,720575941549060020,-7,-12,connectivity_candidate,False,0.0257608667
720575941579278169,L5,R,720575941484623682,8,15,connectivity_candidate,False,0.0377049539
720575941579320409,L5,R,720575941685627887,-6,-17,connectivity_candidate,True,0.847366719
720575941579385689,L5,R,720575941591041591,6,1,connectivity_candidate,False,0.0346380972
720575941579423221,L5,R,720575941481651139,4,-11,connectivity_candidate,True,0.58785552
720575941579633141,L5,R,,,,unassigned,False,
720575941580212313,L5,R,720575941497811399,9,7,connectivity_candidate,False,0.0336684682
720575941580385617,L5,R,720575941461049811,-10,-2,connectivity_candidate,True,0.488726341
720575941580583761,L5,R,720575941410156591,16,6,connectivity_candidate,False,0.0310300974
720575941580676853,L5,R,720575941641668965,11,1,connectivity_candidate,False,0.0346243067
720575941580686581,L5,R,720575941559641359,13,0,connectivity_candidate,False,0.0273726972
720575941580797429,L5,R,720575941480588995,14,14,connectivity_candidate,False,0.0356471355
720575941580799477,L5,R,720575941433303649,16,10,connectivity_candidate,False,0.385701269
720575941581449041,L5,R,720575941621403263,-3,-9,connectivity_candidate,False,0.027878265
720575941581968341,L5,R,720575941606137709,-5,-13,connectivity_candidate,True,0.826931343
720575941582371705,L5,R,720575941479014465,-8,-11,connectivity_candidate,False,0.0414859657
720575941582535033,L5,R,720575941643728328,6,17,connectivity_candidate,False,0.706663857
720575941583207893,L5,R,720575941618799487,5,1,connectivity_candidate,False,0.0344119066
720575941583305429,L5,R,720575941440417371,5,2,connectivity_candidate,False,0.0342435434
720575941583475157,L5,R,720575941538876565,6,2,connectivity_candidate,False,0.0342421864
720575941583536853,L5,R,720575941528316548,5,0,connectivity_candidate,False,0.0346612981
720575941583936725,L5,R,720575941657951000,6,0,connectivity_candidate,False,0.0350253859
720575941584733397,L5,R,720575941479171407,1,-12,connectivity_candidate,False,0.160435002
720575941585091935,L5,R,720575941505141015,1,13,connectivity_candidate,False,0.0408584203
720575941585329621,L5,R,720575941468534358,-7,-5,connectivity_candidate,False,0.0425181138
720575941585506261,L5,R,720575941451887482,-6,-8,connectivity_candidate,False,0.0351997404
720575941585858655,L5,R,720575941650365717,13,1,connectivity_candidate,False,0.0303592839
720575941586361310,L5,R,720575941537455843,3,5,connectivity_candidate,False,0.0332906611
720575941586687366,L5,R,720575941572094536,16,8,connectivity_candidate,False,0.0266089814
720575941587135622,L5,R,720575941562846888,-3,-15,connectivity_candidate,False,0.131999477
720575941587218654,L5,R,720575941556721956,-9,2,connectivity_candidate,False,0.489453108
720575941587227102,L5,R,720575941624453484,-7,1,connectivity_candidate,False,0.0426084463
720575941587389150,L5,R,720575941502111575,16,13,connectivity_candidate,True,0.991874363
720575941587740382,L5,R,,,,unassigned,False,
720575941590010679,L5,R,720575941502712514,-6,8,connectivity_candidate,False,0.502448107
720575941590520533,L5,R,720575941632265954,-11,3,connectivity_candidate,True,0.803958957
720575941590627127,L5,R,720575941512359500,-8,10,connectivity_candidate,True,1.11539783
720575941591046711,L5,R,720575941592511528,-3,2,connectivity_candidate,False,0.025045396
720575941591142455,L5,R,720575941578154833,-6,-4,connectivity_candidate,False,0.0415831138
720575941591444222,L5,R,720575941624553418,-14,-4,connectivity_candidate,True,0.785540768
720575941591498238,L5,R,720575941564680502,13,-2,connectivity_candidate,True,1.01761716
720575941591534888,L5,R,720575941533864114,-12,-7,connectivity_candidate,False,0.060747298
720575941591649022,L5,R,720575941554140755,14,9,connectivity_candidate,True,0.742237906
720575941592019198,L5,R,720575941439749676,9,9,connectivity_candidate,False,0.0372484048
720575941592020222,L5,R,720575941557605604,3,15,connectivity_candidate,False,0.0547285222
720575941592068748,L5,R,720575941597070119,18,9,connectivity_candidate,True,1.00489097
720575941592118668,L5,R,720575941513723139,-16,-8,connectivity_candidate,False,0.0953146271
720575941592156044,L5,R,720575941475434289,13,19,connectivity_candidate,False,0.0455080837
720575941592166540,L5,R,720575941595233925,15,4,connectivity_candidate,False,0.033106036
720575941592190860,L5,R,720575941502519383,-8,-18,connectivity_candidate,True,0.892458254
720575941593423723,L5,R,720575941431583758,-1,9,connectivity_candidate,False,0.0297874615
720575941594263766,L5,R,720575941516205459,-5,-10,connectivity_candidate,False,0.028457001
720575941594263915,L5,R,720575941591828990,-2,-9,connectivity_candidate,False,0.0263367019
720575941594264939,L5,R,720575941511229906,-2,-10,connectivity_candidate,False,0.0230800217
720575941594777302,L5,R,720575941578124789,-7,-6,connectivity_candidate,False,0.0421199436
720575941594947691,L5,R,720575941506292574,-5,-9,connectivity_candidate,False,0.0312826759
720575941595530454,L5,R,720575941503477131,8,0,connectivity_candidate,False,0.0360038615
720575941595682262,L5,R,,,,unassigned,False,
720575941595889189,L5,R,720575941505556293,-9,-3,connectivity_candidate,False,0.0491065126
720575941596024789,L5,R,720575941533677400,-6,-1,connectivity_candidate,False,0.0425077687
720575941596068647,L5,R,720575941413964692,12,6,connectivity_candidate,False,0.0330160027
720575941596154993,L5,R,720575941554193982,0,4,connectivity_candidate,False,0.0290410871
720575941596436261,L5,R,720575941451450793,-1,12,connectivity_candidate,False,0.0391392133
720575941596506757,L5,R,720575941482276943,5,-12,connectivity_candidate,True,0.899174603
720575941596630821,L5,R,720575941539337049,-2,-7,connectivity_candidate,False,0.0308335089
720575941596917541,L5,R,720575941602000569,12,-2,connectivity_candidate,False,0.052857621
720575941597158001,L5,R,720575941560626158,-4,2,connectivity_candidate,False,0.0141860304
720575941598085532,L5,R,720575941476567611,-14,-11,connectivity_candidate,False,0.283502352
720575941598330581,L5,R,720575941476828778,-8,0,connectivity_candidate,False,0.0610534687
720575941598975701,L5,R,720575941528484280,-4,-1,connectivity_candidate,False,0.0394524512
720575941598995100,L5,R,720575941592052075,-7,-1,connectivity_candidate,False,0.0456825956
720575941599145884,L5,R,720575941640941429,0,9,connectivity_candidate,False,0.029233106
720575941599462080,L5,R,720575941652155409,-15,-11,connectivity_candidate,False,0.283613995
720575941599519680,L5,R,720575941535047706,3,-12,connectivity_candidate,True,0.623795428
720575941599552704,L5,R,720575941479283395,-12,1,connectivity_candidate,True,0.809165171
720575941600411433,L5,R,720575941559332111,0,-7,connectivity_candidate,False,0.0296437729
720575941601397033,L5,R,720575941656316628,11,-2,connectivity_candidate,False,0.045953253
720575941601439017,L5,R,720575941412673428,-11,0,connectivity_candidate,True,0.675888736
720575941603704566,L5,R,720575941479236943,9,-5,connectivity_candidate,False,0.0459781059
720575941604365269,L5,R,720575941512312017,-12,4,connectivity_candidate,False,0.569055916
720575941604409529,L5,R,720575941581274613,6,13,connectivity_candidate,False,0.030915951
720575941604582329,L5,R,720575941563768071,14,17,connectivity_candidate,True,0.971340227
720575941604594678,L5,R,720575941600258345,0,14,connectivity_candidate,False,0.0379167919
720575941604667638,L5,R,720575941486432006,10,10,connectivity_candidate,False,0.0301926046
720575941604672758,L5,R,720575941532348619,11,2,connectivity_candidate,False,0.0344335002
720575941604695030,L5,R,720575941570642290,-13,-2,connectivity_candidate,False,0.446771051
720575941605248725,L5,R,720575941627706523,-12,5,connectivity_candidate,False,0.617459991
720575941605343934,L5,R,720575941633959611,1,1,connectivity_candidate,False,0.0344077695
720575941605577150,L5,R,720575941704853722,12,0,connectivity_candidate,False,0.0330327176
720575941605622006,L5,R,720575941509819777,6,15,connectivity_candidate,False,0.410825989
720575941605722814,L5,R,720575941629225017,14,15,connectivity_candidate,True,0.970080449
720575941605880351,L5,R,720575941411300719,4,5,connectivity_candidate,False,0.0333561092
720575941606998815,L5,R,720575941597459569,2,4,connectivity_candidate,False,0.0325642977
720575941607048735,L5,R,720575941498251426,2,5,connectivity_candidate,False,0.0323518925
720575941607576351,L5,R,720575941453514803,2,7,connectivity_candidate,False,0.0314752599
720575941607595629,L5,R,720575941527571588,-4,6,connectivity_candidate,False,0.00903661671
720575941608226847,L5,R,720575941521042611,2,6,connectivity_candidate,False,0.0317720492
720575941608436333,L5,R,720575941534580568,3,-1,connectivity_candidate,False,0.0342911692
720575941608927007,L5,R,720575941642378783,4,7,connectivity_candidate,False,0.0404079986
720575941609947679,L5,R,720575941463048900,9,8,connectivity_candidate,False,0.0384083204
720575941610185830,L5,R,720575941405961584,-5,-11,connectivity_candidate,False,0.0266858973
720575941610194719,L5,R,720575941548121889,11,10,connectivity_candidate,False,0.0318415242
720575941610197791,L5,R,720575941595287079,12,9,connectivity_candidate,False,0.0326204162
720575941611885033,L5,R,720575941562128755,3,12,connectivity_candidate,False,0.0327732559
720575941612430313,L5,R,720575941400313891,4,16,connectivity_candidate,True,0.821653428
720575941612577513,L5,R,720575941686845964,-11,-3,connectivity_candidate,False,0.483768045
720575941612852141,L5,R,720575941453047347,4,13,connectivity_candidate,False,0.0318645836
720575941612935341,L5,R,720575941479225423,-4,-6,connectivity_candidate,False,0.0356891409
720575941613063654,L5,R,720575941531646339,8,12,connectivity_candidate,False,0.0332758273
720575941613311917,L5,R,720575941505589669,8,1,connectivity_candidate,False,0.0349639475
720575941614210268,L5,R,720575941353990960,2,3,connectivity_candidate,False,0.033322301
720575941614938899,L5,R,,,,unassigned,False,
720575941615030291,L5,R,720575941627436682,10,18,connectivity_candidate,False,0.419907886
720575941615920025,L5,R,720575941606079678,-12,-5,connectivity_candidate,False,0.0673372411
720575941615926681,L5,R,720575941451190109,16,7,connectivity_candidate,False,0.029389334
720575941615971225,L5,R,720575941724485946,-13,-3,connectivity_candidate,False,0.347580531
720575941616616857,L5,R,720575941509499682,-4,8,connectivity_candidate,False,0.495795778
720575941617211323,L5,R,720575941576632463,0,3,connectivity_candidate,False,0.0308244143
720575941617855445,L5,R,720575941602025769,4,10,connectivity_candidate,False,0.0297039771
720575941618906299,L5,R,720575941613897881,-1,5,connectivity_candidate,False,0.0241202132
720575941618982843,L5,R,720575941535082522,1,7,connectivity_candidate,False,0.0276375195
720575941618983355,L5,R,720575941475226976,5,6,connectivity_candidate,False,0.0333338976
720575941619235771,L5,R,720575941527636902,3,8,connectivity_candidate,False,0.0326843467
720575941619838079,L5,R,720575941425704276,-2,-14,connectivity_candidate,False,0.133870425
720575941620889983,L5,R,720575941572228091,2,-4,connectivity_candidate,False,0.0336921091
720575941620909951,L5,R,720575941533935626,-2,-15,connectivity_candidate,False,0.160128136
720575941621802367,L5,R,720575941606164589,-11,-17,connectivity_candidate,True,0.821420694
720575941624962044,L5,R,720575941611320540,4,3,connectivity_candidate,False,0.033821737
720575941625729738,L5,R,720575941561391598,-6,-15,connectivity_candidate,True,0.835431434
720575941625744330,L5,R,,,,unassigned,False,
720575941625809516,L5,R,720575941578046033,-13,-7,connectivity_candidate,False,0.219349912
720575941626026890,L5,R,720575941576140809,-7,-13,connectivity_candidate,False,0.0197884705
720575941626027658,L5,R,720575941443054506,10,7,connectivity_candidate,False,0.0328323584
720575941626592411,L5,R,720575941509188050,6,-3,connectivity_candidate,False,0.037134337
720575941626667675,L5,R,720575941600187945,8,7,connectivity_candidate,False,0.0347463044
720575941626680987,L5,R,720575941425703508,7,17,connectivity_candidate,False,0.438985743
720575941626761883,L5,R,720575941631045573,12,-4,connectivity_candidate,True,0.623667097
720575941626775451,L5,R,720575941639916149,9,-2,connectivity_candidate,False,0.0389700473
720575941627026570,L5,R,720575941573204893,1,8,connectivity_candidate,False,0.0271609587
720575941627046026,L5,R,720575941586249567,-9,1,connectivity_candidate,False,0.221649089
720575941627907978,L5,R,720575941507404348,9,4,connectivity_candidate,False,0.0335973794
720575941628675897,L5,R,720575941535778314,-10,-11,connectivity_candidate,False,0.278155199
720575941629135673,L5,R,720575941597071911,13,12,connectivity_candidate,False,0.0337588032
720575941630300396,L5,R,720575941394657174,-1,8,connectivity_candidate,False,0.0269141236
720575941630847970,L5,R,720575941613820333,-4,4,connectivity_candidate,False,0.0139327929
720575941631310886,L5,R,720575941643170209,-10,-9,connectivity_candidate,False,0.0467311055
720575941631737570,L5,R,720575941525677337,-3,11,connectivity_candidate,False,0.0352441748
720575941631891682,L5,R,720575941553497427,6,18,connectivity_candidate,True,1.1857591
720575941632729068,L5,R,720575941522740915,8,9,connectivity_candidate,False,0.0347919504
720575941632742636,L5,R,720575941440279503,12,16,connectivity_candidate,False,0.0411372237
720575941632750316,L5,R,720575941627478986,3,4,connectivity_candidate,False,0.0332480756
720575941632823020,L5,R,720575941574438409,0,-15,connectivity_candidate,True,0.505982837
720575941633727904,L5,R,720575941525139481,-5,-5,connectivity_candidate,False,0.0387945304
720575941633807264,L5,R,720575941527515268,-9,6,connectivity_candidate,False,0.505163525
720575941634169029,L5,R,,,,unassigned,False,
720575941635064763,L5,R,720575941504728892,8,16,connectivity_candidate,False,0.406840539
720575941639842677,L5,R,720575941514086243,-5,6,connectivity_candidate,False,0.486873229
720575941640562805,L5,R,720575941478427444,5,-8,connectivity_candidate,False,0.0437900237
720575941641460511,L5,R,720575941471509213,1,15,connectivity_candidate,False,0.037478919
720575941641461535,L5,R,720575941443656874,-9,-5,connectivity_candidate,False,0.0489585023
720575941641471007,L5,R,720575941541152973,15,17,connectivity_candidate,True,0.972771314
720575941641472287,L5,R,720575941540598108,3,17,connectivity_candidate,True,1.16456226
720575941641472543,L5,R,720575941627322476,1,16,connectivity_candidate,True,0.896523389
720575941643356773,L5,R,720575941689383832,-15,-4,connectivity_candidate,True,0.733563675
720575941643758674,L5,R,720575941502324823,-7,-7,connectivity_candidate,False,0.0411690257
720575941644148581,L5,R,720575941514151171,-7,-15,connectivity_candidate,True,0.828407644
720575941644608613,L5,R,720575941463615888,-8,8,connectivity_candidate,False,0.504952752
720575941644892754,L5,R,720575941436543788,2,13,connectivity_candidate,False,0.0378435908
720575941644936312,L5,R,720575941443560106,-9,-8,connectivity_candidate,False,0.0453776419
720575941644983890,L5,R,720575941566540130,-4,-17,connectivity_candidate,False,0.274200145
720575941645451346,L5,R,720575941439697964,-10,-13,connectivity_candidate,True,0.687632277
720575941645647521,L5,R,720575941528257720,-10,3,connectivity_candidate,False,0.289292249
720575941645752952,L5,R,720575941410754415,-15,-13,connectivity_candidate,True,0.841198543
720575941645771681,L5,R,720575941522599243,-10,5,connectivity_candidate,False,0.495647828
720575941645817249,L5,R,720575941609450729,-9,-14,connectivity_candidate,True,0.811951016
720575941645835169,L5,R,720575941619635071,13,13,connectivity_candidate,False,0.0349934811
720575941645872801,L5,R,720575941594234737,11,19,connectivity_candidate,False,0.0875857077
720575941647631322,L5,R,720575941554717668,1,-13,connectivity_candidate,False,0.154919474
720575941651523605,L5,R,720575941488329734,8,5,connectivity_candidate,False,0.0337149039
720575941651662357,L5,R,720575941563883318,-17,-12,connectivity_candidate,True,0.4863545
720575941652303089,L5,R,720575941577188534,-14,-7,connectivity_candidate,False,0.219472969
720575941652596757,L5,R,720575941577715126,15,6,connectivity_candidate,False,0.0312743346
720575941652709653,L5,R,720575941534689985,-9,-2,connectivity_candidate,False,0.0494929641
720575941652790805,L5,R,720575941721626170,-9,-4,connectivity_candidate,False,0.048639735
720575941653389041,L5,R,720575941491148341,7,1,connectivity_candidate,False,0.0347638337
720575941653416945,L5,R,720575941578351185,14,11,connectivity_candidate,False,0.0339064559
720575941653419761,L5,R,720575941533099352,12,7,connectivity_candidate,False,0.0328904304
720575941653803505,L5,R,720575941507086977,-5,-17,connectivity_candidate,True,0.855445351
720575941654760666,L5,R,720575941475815466,-8,1,connectivity_candidate,False,0.336171647
720575941655419860,L5,R,720575941451143751,-10,2,connectivity_candidate,False,0.292475292
720575941655477204,L5,R,720575941442585691,-3,13,connectivity_candidate,False,0.431304369
720575941655555034,L5,R,720575941538908029,-7,5,connectivity_candidate,False,0.49453737
720575941655684569,L5,R,720575941624573339,13,14,connectivity_candidate,False,0.0374911473
720575941655696089,L5,R,720575941409612715,-11,-5,connectivity_candidate,False,0.0597508149
720575941656200410,L5,R,720575941576179464,-3,3,connectivity_candidate,False,0.0199258668
720575941656281300,L5,R,720575941481743546,-16,-12,connectivity_candidate,False,0.280456926
720575941656583129,L5,R,720575941489315273,-4,5,connectivity_candidate,False,0.00975209272
720575941657613904,L5,R,720575941651625233,-10,-10,connectivity_candidate,True,0.942414257
720575941657803738,L5,R,720575941548757364,-6,3,connectivity_candidate,False,0.484488916
720575941658124824,L5,R,720575941440821215,9,-1,connectivity_candidate,False,0.0373022447
720575941659152464,L5,R,720575941429638904,-5,7,connectivity_candidate,False,0.492790996
720575941659532568,L5,R,720575941503397099,-13,-4,connectivity_candidate,True,0.876110694
720575941659537432,L5,R,720575941494706814,-12,0,connectivity_candidate,False,0.455208191
720575941659739984,L5,R,720575941666768371,-15,-1,connectivity_candidate,True,1.16477525
720575941659824464,L5,R,720575941577545064,-10,-3,connectivity_candidate,False,0.052839988
720575941660488984,L5,R,720575941536237539,-12,-17,connectivity_candidate,True,0.809595267
720575941660927568,L5,R,720575941496367227,6,-10,connectivity_candidate,False,0.224637175
720575941662241080,L5,R,720575941612417299,2,-7,connectivity_candidate,False,0.0332274597
720575941663182555,L5,R,720575941679587261,-15,-3,connectivity_candidate,True,0.761418533
720575941664054652,L5,R,720575941646621345,-2,-3,connectivity_candidate,False,0.0354532066
720575941664067196,L5,R,720575941597278144,13,-1,connectivity_candidate,True,0.545970099
720575941664131708,L5,R,720575941733917739,12,18,connectivity_candidate,False,0.0371990167
720575941664230524,L5,R,720575941558545935,10,19,connectivity_candidate,False,0.110841436
720575941668747251,L5,R,720575941460129988,2,15,connectivity_candidate,False,0.0479802869
720575941669146355,L5,R,720575941478225376,-9,-13,connectivity_candidate,True,0.805178341
720575941669270003,L5,R,720575941494844848,17,16,connectivity_candidate,True,1.02612296
720575941670693041,L5,R,720575941540122005,-4,-5,connectivity_candidate,False,0.0367141832
720575941670729393,L5,R,720575941666782707,14,18,connectivity_candidate,False,0.0579458977
720575941670731697,L5,R,720575941576294248,11,7,connectivity_candidate,False,0.0329691129
720575941672031143,L5,R,720575941585656710,2,12,connectivity_candidate,False,0.0344650066
720575941672132775,L5,R,720575941570713082,-12,3,connectivity_candidate,True,1.06452994
720575941672224679,L5,R,720575941601796905,17,8,connectivity_candidate,False,0.026693969
720575941681714877,L5,R,720575941478314602,-11,-12,connectivity_candidate,False,0.281799467
720575941681850557,L5,R,720575941489741262,13,15,connectivity_candidate,False,0.0388749272
720575941681869501,L5,R,720575941660054552,14,3,connectivity_candidate,False,0.0351580124
720575941686985078,L5,R,720575941471891552,7,-4,connectivity_candidate,False,0.039648477
720575941688794607,L5,R,720575941472912682,1,-3,connectivity_candidate,False,0.0338288094
720575941688796911,L5,R,720575941559579693,-2,11,connectivity_candidate,False,0.0403303485
720575941688823023,L5,R,720575941439538523,1,5,connectivity_candidate,False,0.0302693572
720575941689402486,L5,R,,,,unassigned,False,
720575941689653516,L5,R,720575941473378090,8,-4,connectivity_candidate,False,0.0417653075
720575941690644187,L5,R,720575941463572237,9,13,connectivity_candidate,False,0.0334139384
720575941691045784,L5,R,720575941689155823,11,5,connectivity_candidate,False,0.0332388165
720575941691502299,L5,R,720575941605633782,-12,-3,connectivity_candidate,False,0.227832909
720575941691677915,L5,R,720575941558336238,-8,3,connectivity_candidate,False,0.494031485
720575941691726299,L5,R,,,,unassigned,False,
720575941691864216,L5,R,720575941425705812,3,-6,connectivity_candidate,False,0.0354907605
720575941692271323,L5,R,720575941609096010,-6,-7,connectivity_candidate,False,0.0380146485
720575941723249722,L5,R,720575941573039368,-10,-6,connectivity_candidate,False,0.0516566559
720575941724087610,L5,R,720575941624207980,8,-8,connectivity_candidate,False,0.0732429452
720575941733210667,L5,R,720575941469118583,-5,-16,connectivity_candidate,True,0.848785665
720575941733307435,L5,R,720575941436428332,12,14,connectivity_candidate,False,0.0378605871
720575941733308971,L5,R,720575941575252623,1,4,connectivity_candidate,False,0.0313771181
720575941733440555,L5,R,720575941494479047,-16,-7,connectivity_candidate,True,0.798195376
720575941354203184,L2,R,720575941430873737,-4,0,connectivity_candidate,False,0.0394822793
720575941393410454,L2,R,,,,unassigned,False,
720575941393434884,L2,R,720575941453047347,4,13,connectivity_candidate,False,0.0318645836
720575941394208662,L2,R,720575941587606084,-13,-1,connectivity_candidate,False,0.455345766
720575941394937750,L2,R,720575941433996064,-2,-4,connectivity_candidate,False,0.034909232
720575941395198614,L2,R,720575941432166615,5,-5,connectivity_candidate,False,0.0385446407
720575941395208086,L2,R,720575941634984379,-2,-8,connectivity_candidate,False,0.0286602298
720575941401664803,L2,R,720575941552298523,12,15,connectivity_candidate,False,0.035763957
720575941402519587,L2,R,720575941544503581,-12,-2,connectivity_candidate,False,0.694133303
720575941402522403,L2,R,720575941591828990,-2,-9,connectivity_candidate,False,0.0263367019
720575941402529571,L2,R,720575941605268470,-2,12,connectivity_candidate,False,0.036369059
720575941402702115,L2,R,720575941637710197,-2,-2,connectivity_candidate,False,0.0365996554
720575941403121948,L2,R,,,,unassigned,False,
720575941403181091,L2,R,720575941557647070,-6,-9,connectivity_candidate,False,0.0334002515
720575941403223843,L2,R,720575941482094522,7,-5,connectivity_candidate,False,0.0419334014
720575941403625507,L2,R,720575941473378090,8,-4,connectivity_candidate,False,0.0417653075
720575941404756080,L2,R,720575941547951165,6,-5,connectivity_candidate,False,0.0399986153
720575941404757616,L2,R,720575941592511528,-3,2,connectivity_candidate,False,0.025045396
720575941405468784,L2,R,720575941652155409,-15,-11,connectivity_candidate,False,0.283613995
720575941407600234,L2,R,720575941478225376,-9,-13,connectivity_candidate,True,0.805178341
720575941409491503,L2,R,720575941505556293,-9,-3,connectivity_candidate,False,0.0491065126
720575941409493807,L2,R,720575941464858381,10,-7,connectivity_candidate,False,0.0552292536
720575941409989679,L2,R,720575941437574719,-7,4,connectivity_candidate,False,0.492907186
720575941410175406,L2,R,720575941522740915,8,9,connectivity_candidate,False,0.0347919504
720575941410411823,L2,R,720575941469797952,12,3,connectivity_candidate,False,0.0335409198
720575941411181739,L2,R,720575941577172879,2,-3,connectivity_candidate,False,0.0338940096
720575941411962539,L2,R,720575941721111354,-12,-12,connectivity_candidate,False,0.283076739
720575941412546987,L2,R,720575941533655218,3,13,connectivity_candidate,False,0.0340121737
720575941413230447,L2,R,720575941540878834,10,17,connectivity_candidate,False,0.0356961895
720575941413779567,L2,R,720575941458307056,2,-5,connectivity_candidate,False,0.0330221461
720575941413882991,L2,R,720575941538876565,6,2,connectivity_candidate,False,0.0342421864
720575941414403729,L2,R,720575941627256475,-1,3,connectivity_candidate,False,0.0286202432
720575941414490004,L2,R,720575941543901532,-2,1,connectivity_candidate,False,0.0334846065
720575941415004049,L2,R,720575941570642290,-13,-2,connectivity_candidate,False,0.446771051
720575941415285652,L2,R,720575941546953049,-4,-4,connectivity_candidate,False,0.0378178896
720575941415728785,L2,R,720575941539337049,-2,-7,connectivity_candidate,False,0.0308335089
720575941415779729,L2,R,720575941617948543,0,-2,connectivity_candidate,False,0.0343654957
720575941416579356,L2,R,720575941481180611,-1,-1,connectivity_candidate,False,0.0356977861
720575941417252636,L2,R,,,,unassigned,False,
720575941417283612,L2,R,720575941602000569,12,-2,connectivity_candidate,False,0.052857621
720575941417852956,L2,R,720575941496376443,-6,4,connectivity_candidate,False,0.490150397
720575941427882324,L2,R,720575941584460934,5,-1,connectivity_candidate,False,0.0350855657
720575941431797935,L2,R,,,,unassigned,False,
720575941431848879,L2,R,,,,unassigned,False,
720575941431874552,L2,R,720575941498994505,-13,-11,connectivity_candidate,False,0.280984312
720575941431909257,L2,R,720575941577545064,-10,-3,connectivity_candidate,False,0.052839988
720575941432112120,L2,R,,,,unassigned,False,
720575941432479447,L2,R,720575941353990960,2,3,connectivity_candidate,False,0.033322301
720575941432639841,L2,R,720575941452073038,0,-9,connectivity_candidate,False,0.0242699593
720575941432793225,L2,R,,,,unassigned,False,
720575941432964622,L2,R,720575941626518073,0,-11,connectivity_candidate,False,0.0167497743
720575941432971000,L2,R,720575941527904612,8,8,connectivity_candidate,False,0.035258318
720575941433949655,L2,R,720575941533472088,-9,5,connectivity_candidate,False,0.500446219
720575941434398478,L2,R,,,,unassigned,False,
720575941435382926,L2,R,720575941606083949,-16,-15,connectivity_candidate,True,1.32321485
720575941435808800,L2,R,720575941478882784,-4,9,connectivity_candidate,False,0.0417924997
720575941436032142,L2,R,720575941624453484,-7,1,connectivity_candidate,False,0.0426084463
720575941436705312,L2,R,720575941734098475,5,5,connectivity_candidate,False,0.033525996
720575941436751136,L2,R,720575941534580568,3,-1,connectivity_candidate,False,0.0342911692
720575941438271250,L2,R,720575941591041591,6,1,connectivity_candidate,False,0.0346380972
720575941438628114,L2,R,720575941660942928,-2,9,connectivity_candidate,False,0.03416314
720575941439693586,L2,R,720575941629703906,2,8,connectivity_candidate,False,0.0290656914
720575941439800108,L2,R,720575941575252623,1,4,connectivity_candidate,False,0.0313771181
720575941440173074,L2,R,720575941572094536,16,8,connectivity_candidate,False,0.0266089814
720575941440174636,L2,R,720575941644506488,10,3,connectivity_candidate,False,0.03325799
720575941440182751,L2,R,720575941555382611,-10,4,connectivity_candidate,False,0.495589799
720575941440216149,L2,R,720575941689926156,-7,-17,connectivity_candidate,True,0.84089863
720575941440653631,L2,R,720575941482200962,8,-1,connectivity_candidate,False,0.0367840731
720575941440805855,L2,R,720575941443656874,-9,-5,connectivity_candidate,False,0.0489585023
720575941441003839,L2,R,720575941639990047,-2,-5,connectivity_candidate,False,0.0336905444
720575941441028031,L2,R,720575941535082522,1,7,connectivity_candidate,False,0.0276375195
720575941441172821,L2,R,720575941577188534,-14,-7,connectivity_candidate,False,0.219472969
720575941441931605,L2,R,720575941640941429,0,9,connectivity_candidate,False,0.029233106
720575941441952191,L2,R,720575941690745240,14,5,connectivity_candidate,False,0.0320307759
720575941442424255,L2,R,720575941485989328,-4,-7,connectivity_candidate,False,0.0332565896
720575941442617551,L2,R,720575941439177183,-6,-14,connectivity_candidate,True,0.829898796
720575941443157339,L2,R,720575941525675289,-6,9,connectivity_candidate,False,0.50526016
720575941446254020,L2,R,720575941476828778,-8,0,connectivity_candidate,False,0.0610534687
720575941448257205,L2,R,720575941409612715,-11,-5,connectivity_candidate,False,0.0597508149
720575941449060116,L2,R,720575941625453052,-1,4,connectivity_candidate,False,0.0267398005
720575941449121044,L2,R,720575941478058545,-1,-7,connectivity_candidate,False,0.0298797504
720575941450549838,L2,R,720575941531508867,3,-8,connectivity_candidate,False,0.0402598676
720575941450895197,L2,R,,,,unassigned,False,
720575941450975669,L2,R,720575941528563801,-4,-9,connectivity_candidate,False,0.0295438984
720575941452000078,L2,R,720575941594915367,11,0,connectivity_candidate,False,0.0333476914
720575941452434254,L2,R,720575941552500763,-3,-8,connectivity_candidate,False,0.0301838516
720575941452436814,L2,R,720575941634168005,1,-2,connectivity_candidate,False,0.0341400623
720575941453569351,L2,R,720575941476531818,5,-7,connectivity_candidate,False,0.0421988764
720575941453607546,L2,R,720575941606079678,-12,-5,connectivity_candidate,False,0.0673372411
720575941453967529,L2,R,720575941514151171,-7,-15,connectivity_candidate,True,0.828407644
720575941454205767,L2,R,720575941449093813,9,3,connectivity_candidate,False,0.0337970857
720575941456213299,L2,R,720575941621794431,-1,-10,connectivity_candidate,False,0.0211916646
720575941457422061,L2,R,720575941554140755,14,9,connectivity_candidate,True,0.742237906
720575941457432045,L2,R,720575941440279503,12,16,connectivity_candidate,False,0.0411372237
720575941457572589,L2,R,720575941544402620,2,14,connectivity_candidate,False,0.0570321863
720575941458542061,L2,R,720575941665198716,-12,-15,connectivity_candidate,False,0.416487004
720575941459025567,L2,R,720575941507180894,-1,1,connectivity_candidate,False,0.033194404
720575941459686896,L2,R,720575941449103438,-13,-16,connectivity_candidate,False,0.414255069
720575941459700720,L2,R,720575941475538225,-8,-9,connectivity_candidate,False,0.0440403405
720575941459769670,L2,R,720575941632265954,-11,3,connectivity_candidate,True,0.803958957
720575941460065264,L2,R,720575941457994566,10,0,connectivity_candidate,False,0.0358821679
720575941460345759,L2,R,720575941666769139,1,10,connectivity_candidate,False,0.0316450447
720575941460863558,L2,R,720575941584400094,-7,3,connectivity_candidate,False,0.494663451
720575941461993939,L2,R,720575941521708279,-6,-2,connectivity_candidate,False,0.0425696643
720575941462001107,L2,R,,,,unassigned,False,
720575941462196179,L2,R,720575941578124789,-7,-6,connectivity_candidate,False,0.0421199436
720575941462284432,L2,R,720575941612416275,0,-12,connectivity_candidate,False,0.150855887
720575941462399684,L2,R,720575941519515319,3,0,connectivity_candidate,False,0.034263281
720575941462403012,L2,R,720575941531745155,4,9,connectivity_candidate,False,0.030614676
720575941462650323,L2,R,720575941527571588,-4,6,connectivity_candidate,False,0.00903661671
720575941463053252,L2,R,720575941489482700,-3,-14,connectivity_candidate,False,0.129935343
720575941463100115,L2,R,720575941451887482,-6,-8,connectivity_candidate,False,0.0351997404
720575941463149712,L2,R,720575941574611638,-2,-1,connectivity_candidate,False,0.0365024056
720575941463280528,L2,R,720575941624060874,7,-1,connectivity_candidate,False,0.036209799
720575941464394509,L2,R,720575941631045573,12,-4,connectivity_candidate,True,0.623667097
720575941467423830,L2,R,720575941480585155,13,16,connectivity_candidate,False,0.0470423773
720575941467439190,L2,R,,,,unassigned,False,
720575941467449942,L2,R,720575941409603243,-9,-6,connectivity_candidate,False,0.0479111255
720575941467458390,L2,R,720575941417731612,-3,-11,connectivity_candidate,False,0.0222381515
720575941467859478,L2,R,720575941528484196,-2,7,connectivity_candidate,False,0.0171191861
720575941468496214,L2,R,720575941540332693,1,-5,connectivity_candidate,False,0.0323803916
720575941468633408,L2,R,,,,unassigned,False,
720575941469164822,L2,R,,,,unassigned,False,
720575941469200662,L2,R,720575941561564787,0,-1,connectivity_candidate,False,0.0351226296
720575941471800183,L2,R,720575941624475274,-7,8,connectivity_candidate,False,0.504098325
720575941471818615,L2,R,720575941570713082,-12,3,connectivity_candidate,True,1.06452994
720575941471886199,L2,R,720575941587555652,16,15,connectivity_candidate,True,1.02373564
720575941472159755,L2,R,720575941394870422,-7,-16,connectivity_candidate,True,0.832873548
720575941472253963,L2,R,,,,unassigned,False,
720575941472528192,L2,R,720575941493582974,-4,-15,connectivity_candidate,False,0.134888746
720575941472596288,L2,R,720575941490845132,-4,-12,connectivity_candidate,False,0.0221783604
720575941472810816,L2,R,720575941637710709,2,-1,connectivity_candidate,False,0.0342623876
720575941472971531,L2,R,,,,unassigned,False,
720575941475309627,L2,R,720575941504436028,-7,6,connectivity_candidate,False,0.495571106
720575941475358560,L2,R,720575941566408295,-6,5,connectivity_candidate,False,0.490135216
720575941475366752,L2,R,720575941443679951,1,-10,connectivity_candidate,False,0.0220829753
720575941475726122,L2,R,720575941460473744,4,15,connectivity_candidate,False,0.0716058349
720575941475982651,L2,R,,,,unassigned,False,
720575941476013354,L2,R,720575941534061322,-8,9,connectivity_candidate,False,0.505359933
720575941476076091,L2,R,720575941573039368,-10,-6,connectivity_candidate,False,0.0516566559
720575941476730427,L2,R,720575941579855481,6,-1,connectivity_candidate,False,0.0354773796
720575941477881118,L2,R,720575941409775022,-13,-6,connectivity_candidate,False,0.21964102
720575941477898782,L2,R,,,,unassigned,False,
720575941477918494,L2,R,720575941499847803,8,-9,connectivity_candidate,False,0.423976009
720575941477963572,L2,R,720575941509572702,5,13,connectivity_candidate,False,0.0301970937
720575941477969694,L2,R,720575941559579693,-2,11,connectivity_candidate,False,0.0403303485
720575941478026548,L2,R,720575941578046033,-13,-7,connectivity_candidate,False,0.219349912
720575941478097972,L2,R,,,,unassigned,False,
720575941478891585,L2,R,720575941638544159,-11,-1,connectivity_candidate,True,0.632110573
720575941478975041,L2,R,720575941651072241,5,-9,connectivity_candidate,False,0.0449961744
720575941479932010,L2,R,,,,unassigned,False,
720575941480015840,L2,R,720575941513053251,-11,-2,connectivity_candidate,True,0.525899024
720575941480365418,L2,R,720575941656961816,-15,-10,connectivity_candidate,False,0.285142123
720575941480379010,L2,R,720575941472912682,1,-3,connectivity_candidate,False,0.0338288094
720575941480383618,L2,R,720575941439831503,-9,-9,connectivity_candidate,False,0.0480010493
720575941480796128,L2,R,720575941548121889,11,10,connectivity_candidate,False,0.0318415242
720575941480820704,L2,R,720575941525677337,-3,11,connectivity_candidate,False,0.0352441748
720575941480834016,L2,R,720575941469685771,-17,-9,connectivity_candidate,True,0.698582881
720575941481134722,L2,R,720575941533677400,-6,-1,connectivity_candidate,False,0.0425077687
720575941481270607,L2,R,720575941624351882,-3,7,connectivity_candidate,False,0.0137413915
720575941481809487,L2,R,720575941408270383,-10,-5,connectivity_candidate,False,0.0517747626
720575941482050467,L2,R,720575941568671220,1,0,connectivity_candidate,False,0.0347488799
720575941482172067,L2,R,,,,unassigned,False,
720575941482873679,L2,R,,,,unassigned,False,
720575941482887107,L2,R,,,,unassigned,False,
720575941482890435,L2,R,720575941515756634,13,10,connectivity_candidate,False,0.0330607916
720575941482904911,L2,R,720575941479237711,6,-2,connectivity_candidate,False,0.0364098419
720575941482978246,L2,R,720575941460073200,-2,-6,connectivity_candidate,False,0.0326871888
720575941483018179,L2,R,720575941414646044,8,-7,connectivity_candidate,False,0.0627845902
720575941483531962,L2,R,720575941486259778,10,1,connectivity_candidate,False,0.0351520397
720575941483618755,L2,R,,,,unassigned,False,
720575941483745734,L2,R,720575941653440729,5,14,connectivity_candidate,False,0.0286923441
720575941483803066,L2,R,720575941556821540,-5,10,connectivity_candidate,False,0.08962233
720575941483816646,L2,R,720575941575841800,-13,1,connectivity_candidate,True,1.13281837
720575941483962563,L2,R,720575941641668965,11,1,connectivity_candidate,False,0.0346243067
720575941484206266,L2,R,720575941525348429,0,13,connectivity_candidate,False,0.0431103135
720575941484326074,L2,R,720575941600187945,8,7,connectivity_candidate,False,0.0347463044
720575941484388861,L2,R,720575941626057529,-3,-12,connectivity_candidate,False,0.0879760523
720575941484870086,L2,R,,,,unassigned,False,
720575941485053693,L2,R,720575941491740366,0,0,connectivity_candidate,False,0.0357384969
720575941486342029,L2,R,720575941450209914,9,16,connectivity_candidate,False,0.0377884014
720575941486404870,L2,R,720575941517068378,0,-14,connectivity_candidate,True,0.510709864
720575941487080077,L2,R,720575941502315095,-9,-7,connectivity_candidate,False,0.0463684642
720575941487121549,L2,R,,,,unassigned,False,
720575941487166274,L2,R,,,,unassigned,False,
720575941487173442,L2,R,720575941451143751,-10,2,connectivity_candidate,False,0.292475292
720575941487269442,L2,R,720575941632083180,7,5,connectivity_candidate,False,0.0339017548
720575941488134210,L2,R,720575941439697964,-10,-13,connectivity_candidate,True,0.687632277
720575941488148109,L2,R,720575941532348619,11,2,connectivity_candidate,False,0.0344335002
720575941488535504,L2,R,720575941572830473,-6,-10,connectivity_candidate,False,0.0310975217
720575941488601040,L2,R,720575941449501277,-1,-6,connectivity_candidate,False,0.031687171
720575941488634832,L2,R,720575941547667644,-9,-11,connectivity_candidate,False,0.277746564
720575941489707216,L2,R,,,,unassigned,False,
720575941491354057,L2,R,720575941500715081,-15,-8,connectivity_candidate,False,0.213638038
720575941491365833,L2,R,720575941613820333,-4,4,connectivity_candidate,False,0.0139327929
720575941491411145,L2,R,720575941469118583,-5,-16,connectivity_candidate,True,0.848785665
720575941491462345,L2,R,720575941436543788,2,13,connectivity_candidate,False,0.0378435908
720575941491625269,L2,R,720575941555258276,-9,-12,connectivity_candidate,False,0.280775203
720575941491760846,L2,R,720575941577692086,-2,2,connectivity_candidate,False,0.0292844421
720575941491811790,L2,R,720575941516205459,-5,-10,connectivity_candidate,False,0.028457001
720575941491833038,L2,R,720575941589414028,4,2,connectivity_candidate,False,0.034077381
720575941492026060,L2,R,720575941567677554,-11,-8,connectivity_candidate,False,0.116570801
720575941492315111,L2,R,720575941473907259,-5,5,connectivity_candidate,False,0.025175342
720575941492354023,L2,R,720575941552210750,-6,1,connectivity_candidate,False,0.0353826571
720575941492580558,L2,R,720575941470077451,13,9,connectivity_candidate,False,0.0325735568
720575941492633063,L2,R,,,,unassigned,False,
720575941492648679,L2,R,,,,unassigned,False,
720575941493027559,L2,R,720575941439665938,-4,1,connectivity_candidate,False,0.0410258836
720575941493202864,L2,R,720575941534689985,-9,-2,connectivity_candidate,False,0.0494929641
720575941493491120,L2,R,720575941660960568,-5,8,connectivity_candidate,False,0.496763252
720575941493941424,L2,R,720575941627706523,-12,5,connectivity_candidate,False,0.617459991
720575941494934192,L2,R,720575941479379619,4,8,connectivity_candidate,False,0.0368612447
720575941495641214,L2,R,720575941593317590,-6,-11,connectivity_candidate,False,0.0272314712
720575941495799934,L2,R,,,,unassigned,False,
720575941496199294,L2,R,720575941605633782,-12,-3,connectivity_candidate,False,0.227832909
720575941496332926,L2,R,720575941532005763,9,0,connectivity_candidate,False,0.0361126933
720575941496758471,L2,R,720575941604978105,-12,-6,connectivity_candidate,False,0.0640121652
720575941497482487,L2,R,720575941597684357,-2,-11,connectivity_candidate,False,0.0154294044
720575941498003328,L2,R,720575941517395449,3,3,connectivity_candidate,False,0.0335822276
720575941498484352,L2,R,720575941431583758,-1,9,connectivity_candidate,False,0.0297874615
720575941499019337,L2,R,720575941611517404,-2,3,connectivity_candidate,False,0.0249753224
720575941499637217,L2,R,720575941453822633,-4,-14,connectivity_candidate,False,0.110815441
720575941499753801,L2,R,720575941641867807,-11,-10,connectivity_candidate,False,0.277043169
720575941499800482,L2,R,720575941592910550,-2,13,connectivity_candidate,False,0.0304943065
720575941499960905,L2,R,,,,unassigned,False,
720575941500588194,L2,R,720575941660421712,-15,-6,connectivity_candidate,False,0.158707653
720575941500603383,L2,R,,,,unassigned,False,
720575941501261474,L2,R,720575941537455843,3,5,connectivity_candidate,False,0.0332906611
720575941501724834,L2,R,720575941482765391,-12,-13,connectivity_candidate,True,0.840409302
720575941502982539,L2,R,720575941565156455,3,-7,connectivity_candidate,False,0.0366414054
720575941503714443,L2,R,720575941666768371,-15,-1,connectivity_candidate,True,1.16477525
720575941504173035,L2,R,720575941561374702,9,2,connectivity_candidate,False,0.0345482883
720575941504315223,L2,R,720575941448457821,-12,-4,connectivity_candidate,True,0.536662795
720575941504325570,L2,R,720575941478851552,-10,7,connectivity_candidate,True,0.577029107
720575941504336983,L2,R,720575941484452674,4,-6,connectivity_candidate,False,0.0381789645
720575941504452951,L2,R,,,,unassigned,False,
720575941504483307,L2,R,,,,unassigned,False,
720575941505074155,L2,R,,,,unassigned,False,
720575941505102274,L2,R,720575941475297054,8,13,connectivity_candidate,False,0.0331420326
720575941505179842,L2,R,720575941515284115,-13,-15,connectivity_candidate,False,0.343491278
720575941505181634,L2,R,720575941559641359,13,0,connectivity_candidate,False,0.0273726972
720575941505304114,L2,R,720575941482337359,-5,-4,connectivity_candidate,False,0.0397745319
720575941505323458,L2,R,720575941527661444,11,-4,connectivity_candidate,False,0.0512909505
720575941505439575,L2,R,720575941497811399,9,7,connectivity_candidate,False,0.0336684682
720575941505838274,L2,R,720575941603733238,-1,-3,connectivity_candidate,False,0.0346430969
720575941505838530,L2,R,720575941506798686,-9,-1,connectivity_candidate,True,0.577887826
720575941505838786,L2,R,720575941559349293,6,4,connectivity_candidate,False,0.033916881
720575941505844786,L2,R,720575941618799487,5,1,connectivity_candidate,False,0.0344119066
720575941505901874,L2,R,720575941475276347,-11,5,connectivity_candidate,False,0.572233734
720575941506067365,L2,R,720575941685627887,-6,-17,connectivity_candidate,True,0.847366719
720575941506114620,L2,R,720575941645335201,5,16,connectivity_candidate,False,0.381326173
720575941506977701,L2,R,720575941689383832,-15,-4,connectivity_candidate,True,0.733563675
720575941506987580,L2,R,,,,unassigned,False,
720575941507085989,L2,R,720575941413302164,-7,-18,connectivity_candidate,True,0.847257559
720575941507219781,L2,R,720575941479380131,-5,2,connectivity_candidate,False,0.0360359089
720575941507506757,L2,R,720575941512072145,-3,6,connectivity_candidate,False,0.0128903403
720575941507793175,L2,R,720575941548439869,-11,2,connectivity_candidate,False,0.284713175
720575941507982652,L2,R,720575941538631373,3,6,connectivity_candidate,False,0.0350274239
720575941508006972,L2,R,720575941534756184,-4,-11,connectivity_candidate,False,0.0245598002
720575941508020037,L2,R,720575941608830317,-13,-14,connectivity_candidate,False,0.342391255
720575941508301335,L2,R,720575941612307274,10,-6,connectivity_candidate,False,0.053016136
720575941508405527,L2,R,720575941512359500,-8,10,connectivity_candidate,True,1.11539783
720575941509160577,L2,R,720575941552099355,7,-7,connectivity_candidate,False,0.0452710748
720575941509222785,L2,R,720575941440417371,5,2,connectivity_candidate,False,0.0342435434
720575941509441921,L2,R,720575941403213936,0,16,connectivity_candidate,True,0.897806734
720575941509537921,L2,R,720575941508217111,1,11,connectivity_candidate,False,0.0339108884
720575941509584990,L2,R,720575941454204999,-10,-16,connectivity_candidate,True,0.82107668
720575941509838977,L2,R,720575941487859206,-3,8,connectivity_candidate,False,0.0397396908
720575941509872418,L2,R,720575941536250851,2,-13,connectivity_candidate,True,0.484617759
720575941511297552,L2,R,720575941692184216,9,-4,connectivity_candidate,False,0.0443246678
720575941511514128,L2,R,720575941393983236,11,9,connectivity_candidate,False,0.0320279013
720575941511996114,L2,R,720575941562846888,-3,-15,connectivity_candidate,False,0.131999477
720575941512034002,L2,R,720575941479225423,-4,-6,connectivity_candidate,False,0.0356891409
720575941512063186,L2,R,,,,unassigned,False,
720575941513777996,L2,R,720575941475241568,4,1,connectivity_candidate,False,0.0342696956
720575941514344401,L2,R,720575941533864114,-12,-7,connectivity_candidate,False,0.060747298
720575941514353361,L2,R,720575941451980922,-6,-3,connectivity_candidate,False,0.0421605189
720575941514567500,L2,R,,,,unassigned,False,
720575941514981443,L2,R,,,,unassigned,False,
720575941515512579,L2,R,720575941611819740,-13,3,connectivity_candidate,True,0.658901844
720575941515859555,L2,R,720575941412981931,0,2,connectivity_candidate,False,0.0327826938
720575941515864922,L2,R,720575941403214115,-3,1,connectivity_candidate,False,0.0342128483
720575941515912441,L2,R,720575941657153616,2,11,connectivity_candidate,False,0.0323550644
720575941516865795,L2,R,720575941605566573,-8,-12,connectivity_candidate,True,0.808472758
720575941517234522,L2,R,720575941475815466,-8,1,connectivity_candidate,False,0.336171647
720575941517242115,L2,R,720575941479283395,-12,1,connectivity_candidate,True,0.809165171
720575941517272569,L2,R,720575941443056042,5,4,connectivity_candidate,False,0.0337205907
720575941517309018,L2,R,720575941479169871,-2,-13,connectivity_candidate,False,0.131724685
720575941517444499,L2,R,720575941621403263,-3,-9,connectivity_candidate,False,0.027878265
720575941517509219,L2,R,720575941445851412,1,6,connectivity_candidate,False,0.0292230143
720575941517844058,L2,R,720575941643170209,-10,-9,connectivity_candidate,False,0.0467311055
720575941518011027,L2,R,720575941660370256,-6,-6,connectivity_candidate,False,0.0396655061
720575941519647404,L2,R,720575941454933485,-4,3,connectivity_candidate,False,0.0157959125
720575941519712684,L2,R,720575941503477131,8,0,connectivity_candidate,False,0.0360038615
720575941519827884,L2,R,720575941577676470,4,-7,connectivity_candidate,False,0.0395396502
720575941519989976,L2,R,720575941516859139,3,-4,connectivity_candidate,False,0.0344735265
720575941520218222,L2,R,,,,unassigned,False,
720575941520224110,L2,R,720575941517727960,11,18,connectivity_candidate,False,0.0354193036
720575941520409710,L2,R,,,,unassigned,False,
720575941520641390,L2,R,720575941482199805,4,14,connectivity_candidate,False,0.437494638
720575941521075895,L2,R,,,,unassigned,False,
720575941521177198,L2,R,720575941494354558,5,3,connectivity_candidate,False,0.0339347851
720575941521662647,L2,R,720575941551102782,-6,10,connectivity_candidate,False,0.502518858
720575941521764535,L2,R,720575941433734542,3,9,connectivity_candidate,False,0.0302880061
720575941521766071,L2,R,720575941561574771,10,4,connectivity_candidate,False,0.0334820868
720575941521999539,L2,R,720575941560626158,-4,2,connectivity_candidate,False,0.0141860304
720575941522170035,L2,R,,,,unassigned,False,
720575941522257075,L2,R,720575941412540564,2,-9,connectivity_candidate,False,0.580223991
720575941523120307,L2,R,720575941556770817,4,-3,connectivity_candidate,False,0.0352443854
720575941523816439,L2,R,720575941518578323,9,11,connectivity_candidate,False,0.0342894296
720575941523863371,L2,R,720575941414646812,9,-7,connectivity_candidate,False,0.0566849353
720575941524006219,L2,R,720575941440450860,13,3,connectivity_candidate,False,0.0330499612
720575941524218111,L2,R,720575941671203761,-11,-14,connectivity_candidate,False,0.374805575
720575941524396535,L2,R,720575941556820772,-5,9,connectivity_candidate,False,0.505248314
720575941524693495,L2,R,720575941509499682,-4,8,connectivity_candidate,False,0.495795778
720575941526303966,L2,R,720575941626068793,9,-6,connectivity_candidate,False,0.0539572491
720575941526304478,L2,R,,,,unassigned,False,
720575941526308062,L2,R,720575941476532074,6,-6,connectivity_candidate,False,0.0419614371
720575941526385886,L2,R,,,,unassigned,False,
720575941526490078,L2,R,720575941479236943,9,-5,connectivity_candidate,False,0.0459781059
720575941526531806,L2,R,720575941443050922,5,-4,connectivity_candidate,False,0.03693665
720575941526631245,L2,R,720575941433767639,-1,7,connectivity_candidate,False,0.0217219257
720575941527032089,L2,R,720575941555865764,7,18,connectivity_candidate,True,0.752583615
720575941527364964,L2,R,720575941609987817,0,10,connectivity_candidate,False,0.0332087408
720575941527425538,L2,R,720575941633218284,-12,2,connectivity_candidate,False,0.261362658
720575941527462221,L2,R,720575941609908457,8,10,connectivity_candidate,False,0.0320461574
720575941527614466,L2,R,720575941634257568,-10,-14,connectivity_candidate,True,0.711095229
720575941527615821,L2,R,,,,unassigned,False,
720575941527966374,L2,R,720575941391433732,-7,-2,connectivity_candidate,False,0.0442874685
720575941528453798,L2,R,720575941481773507,2,9,connectivity_candidate,False,0.0301585338
720575941528472486,L2,R,720575941415753361,-10,-15,connectivity_candidate,True,0.816374887
720575941528483940,L2,R,720575941642378783,4,7,connectivity_candidate,False,0.0404079986
720575941528497062,L2,R,720575941505662021,6,6,connectivity_candidate,False,0.0339137597
720575941529478840,L2,R,720575941653479129,8,-5,connectivity_candidate,False,0.0438185831
720575941529856644,L2,R,720575941544023581,-7,-14,connectivity_candidate,False,0.0258206922
720575941529938308,L2,R,,,,unassigned,False,
720575941530813624,L2,R,,,,unassigned,False,
720575941531247808,L2,R,,,,unassigned,False,
720575941531820235,L2,R,720575941555093275,7,3,connectivity_candidate,False,0.0340611116
720575941531825099,L2,R,720575941505691973,15,12,connectivity_candidate,False,0.0348697365
720575941532002251,L2,R,720575941602025769,4,10,connectivity_candidate,False,0.0297039771
720575941532479461,L2,R,720575941479810154,3,-3,connectivity_candidate,False,0.0342891797
720575941533378533,L2,R,720575941561391598,-6,-15,connectivity_candidate,True,0.835431434
720575941533395173,L2,R,,,,unassigned,False,
720575941533456094,L2,R,,,,unassigned,False,
720575941533749470,L2,R,720575941631387845,12,4,connectivity_candidate,False,0.0334320038
720575941533943474,L2,R,720575941528316548,5,0,connectivity_candidate,False,0.0346612981
720575941534063235,L2,R,720575941595209579,14,10,connectivity_candidate,False,0.0341456924
720575941534153859,L2,R,720575941514088547,10,11,connectivity_candidate,False,0.0325151992
720575941534336387,L2,R,720575941463417284,10,8,connectivity_candidate,False,0.0320968781
720575941534427877,L2,R,720575941551331956,0,-6,connectivity_candidate,False,0.0312249861
720575941535357406,L2,R,720575941629362233,2,-2,connectivity_candidate,False,0.034091952
720575941535616600,L2,R,720575941666651379,1,2,connectivity_candidate,False,0.0335966073
720575941535673688,L2,R,,,,unassigned,False,
720575941535785394,L2,R,720575941557017252,3,-11,connectivity_candidate,False,0.0497346097
720575941535803570,L2,R,720575941546102617,2,2,connectivity_candidate,False,0.0338502601
720575941536132106,L2,R,720575941604166390,-2,6,connectivity_candidate,False,0.0172683482
720575941536386136,L2,R,720575941448601181,-8,6,connectivity_candidate,False,0.501253387
720575941536638296,L2,R,720575941437783007,-8,2,connectivity_candidate,False,0.15722166
720575941536695489,L2,R,720575941661981052,-4,-13,connectivity_candidate,False,0.0990069919
720575941536701618,L2,R,720575941592180843,-3,0,connectivity_candidate,False,0.0367315506
720575941536732170,L2,R,720575941507007036,-10,-4,connectivity_candidate,False,0.0534091226
720575941536737985,L2,R,720575941542903301,-8,-13,connectivity_candidate,True,0.812737139
720575941536789441,L2,R,,,,unassigned,False,
720575941536795585,L2,R,,,,unassigned,False,
720575941536845248,L2,R,720575941540927773,2,16,connectivity_candidate,False,0.368560906
720575941536850624,L2,R,720575941400314659,1,12,connectivity_candidate,False,0.0357516645
720575941537050602,L2,R,720575941562995810,11,-1,connectivity_candidate,False,0.0433570761
720575941537058026,L2,R,720575941624209610,6,8,connectivity_candidate,False,0.0320668118
720575941537215258,L2,R,,,,unassigned,False,
720575941537278234,L2,R,720575941558033828,7,10,connectivity_candidate,False,0.0328981002
720575941537355530,L2,R,720575941564413608,-2,5,connectivity_candidate,False,0.0201492695
720575941537943066,L2,R,720575941522599243,-10,5,connectivity_candidate,False,0.495647828
720575941538216680,L2,R,720575941567990522,-8,-1,connectivity_candidate,False,0.0433178023
720575941538254819,L2,R,720575941450991797,-1,10,connectivity_candidate,False,0.0356016086
720575941538335203,L2,R,720575941519393203,9,14,connectivity_candidate,False,0.0343568367
720575941538384616,L2,R,720575941430800087,15,11,connectivity_candidate,False,0.0352859756
720575941538415587,L2,R,720575941468502358,3,7,connectivity_candidate,False,0.0352365255
720575941538737128,L2,R,,,,unassigned,False,
720575941538934499,L2,R,720575941559332111,0,-7,connectivity_candidate,False,0.0296437729
720575941539026069,L2,R,720575941411300719,4,5,connectivity_candidate,False,0.0333561092
720575941539247193,L2,R,720575941563887767,-15,-12,connectivity_candidate,False,0.285114286
720575941539725973,L2,R,720575941514086243,-5,6,connectivity_candidate,False,0.486873229
720575941539770098,L2,R,,,,unassigned,False,
720575941540005086,L2,R,720575941558453805,-14,-13,connectivity_candidate,True,0.84005628
720575941540266901,L2,R,,,,unassigned,False,
720575941540303602,L2,R,720575941459725267,3,14,connectivity_candidate,False,0.0663008527
720575941540323058,L2,R,720575941480342914,-5,-6,connectivity_candidate,False,0.0370528164
720575941540436466,L2,R,720575941425704276,-2,-14,connectivity_candidate,False,0.133870425
720575941540542194,L2,R,720575941503397099,-13,-4,connectivity_candidate,True,0.876110694
720575941540799637,L2,R,720575941440821215,9,-1,connectivity_candidate,False,0.0373022447
720575941540990430,L2,R,720575941413727599,-14,-3,connectivity_candidate,False,0.394343149
720575941541005534,L2,R,720575941655705049,-11,-4,connectivity_candidate,False,0.0615953064
720575941541073021,L2,R,720575941543311109,14,1,connectivity_candidate,False,0.023321006
720575941541084541,L2,R,720575941412634769,-3,10,connectivity_candidate,False,0.0391189641
720575941541107837,L2,R,720575941473329194,-5,-2,connectivity_candidate,False,0.0408378366
720575941541334114,L2,R,720575941592052587,-8,-16,connectivity_candidate,True,0.827066546
720575941541339490,L2,R,720575941568124263,-14,-8,connectivity_candidate,False,0.219776281
720575941541345890,L2,R,,,,unassigned,False,
720575941541348194,L2,R,720575941494479047,-16,-7,connectivity_candidate,True,0.798195376
720575941541439586,L2,R,,,,unassigned,False,
720575941541584077,L2,R,720575941534548506,1,-9,connectivity_candidate,False,0.0256138479
720575941541728381,L2,R,720575941563672418,-5,1,connectivity_candidate,False,0.0407839234
720575941542178765,L2,R,720575941441128895,8,2,connectivity_candidate,False,0.0343378806
720575941542185421,L2,R,,,,unassigned,False,
720575941543077980,L2,R,720575941548441149,-7,7,connectivity_candidate,False,0.500934538
720575941543143772,L2,R,720575941579146741,7,4,connectivity_candidate,False,0.0339047826
720575941543504985,L2,R,720575941634143173,9,5,connectivity_candidate,False,0.0334625102
720575941543843869,L2,R,,,,unassigned,False,
720575941543855964,L2,R,720575941567723378,0,-8,connectivity_candidate,False,0.0275318444
720575941544160604,L2,R,720575941438246188,-13,-5,connectivity_candidate,False,0.218754909
720575941544160797,L2,R,,,,unassigned,False,
720575941544383068,L2,R,720575941553988414,0,5,connectivity_candidate,False,0.0271432309
720575941544441373,L2,R,720575941482128058,-13,2,connectivity_candidate,False,0.160832968
720575941544442397,L2,R,720575941489315273,-4,5,connectivity_candidate,False,0.00975209272
720575941544824069,L2,R,720575941631305510,0,-3,connectivity_candidate,False,0.0340169745
720575941545719138,L2,R,720575941478439220,-12,-14,connectivity_candidate,False,0.345755744
720575941545720930,L2,R,720575941507636389,-6,-16,connectivity_candidate,True,0.842304416
720575941545767173,L2,R,,,,unassigned,False,
720575941545837154,L2,R,,,,unassigned,False,
720575941546209369,L2,R,720575941471891552,7,-4,connectivity_candidate,False,0.039648477
720575941546275516,L2,R,720575941528484280,-4,-1,connectivity_candidate,False,0.0394524512
720575941546546009,L2,R,720575941536942834,-7,-8,connectivity_candidate,False,0.0388252642
720575941546588249,L2,R,720575941489486796,5,-10,connectivity_candidate,True,0.980552529
720575941546590297,L2,R,,,,unassigned,False,
720575941546591321,L2,R,720575941640854629,1,-7,connectivity_candidate,False,0.0306709727
720575941546597465,L2,R,720575941496367227,6,-10,connectivity_candidate,False,0.224637175
720575941546642777,L2,R,720575941566547042,6,-9,connectivity_candidate,False,0.173918688
720575941546960473,L2,R,720575941512312017,-12,4,connectivity_candidate,False,0.569055916
720575941547159220,L2,R,,,,unassigned,False,
720575941547182441,L2,R,,,,unassigned,False,
720575941547260265,L2,R,720575941611541478,14,4,connectivity_candidate,False,0.0328607272
720575941547279977,L2,R,720575941412673428,-11,0,connectivity_candidate,True,0.675888736
720575941547312832,L2,R,720575941558336238,-8,3,connectivity_candidate,False,0.494031485
720575941547938228,L2,R,720575941517507032,-7,2,connectivity_candidate,False,0.72874331
720575941548264297,L2,R,,,,unassigned,False,
720575941548633736,L2,R,,,,unassigned,False,
720575941548640648,L2,R,720575941618401919,-1,2,connectivity_candidate,False,0.0312479506
720575941548669576,L2,R,720575941443054506,10,7,connectivity_candidate,False,0.0328323584
720575941549049012,L2,R,720575941627478986,3,4,connectivity_candidate,False,0.0332480756
720575941549581960,L2,R,720575941585656710,2,12,connectivity_candidate,False,0.0344650066
720575941549588104,L2,R,720575941460315792,-13,0,connectivity_candidate,True,1.12714627
720575941550068513,L2,R,720575941498251426,2,5,connectivity_candidate,False,0.0323518925
720575941550663997,L2,R,720575941509819777,6,15,connectivity_candidate,False,0.410825989
720575941550705981,L2,R,720575941570996126,14,-1,connectivity_candidate,True,0.824333875
720575941550732404,L2,R,720575941497810082,12,-1,connectivity_candidate,False,0.0462283629
720575941550732605,L2,R,720575941494943664,1,3,connectivity_candidate,False,0.0325137023
720575941550917949,L2,R,,,,unassigned,False,
720575941551362164,L2,R,720575941508670789,6,7,connectivity_candidate,False,0.0338354893
720575941553300030,L2,R,720575941627910794,-8,-15,connectivity_candidate,True,0.825559696
720575941554139527,L2,R,720575941509188050,6,-3,connectivity_candidate,False,0.037134337
720575941554365319,L2,R,720575941497512161,-1,-8,connectivity_candidate,False,0.0277704164
720575941554665243,L2,R,720575941527636902,3,8,connectivity_candidate,False,0.0326843467
720575941555203226,L2,R,720575941527985592,3,16,connectivity_candidate,True,0.813540876
720575941555245339,L2,R,720575941574059592,-6,2,connectivity_candidate,False,0.027191575
720575941555319450,L2,R,720575941548094057,8,6,connectivity_candidate,False,0.0338901951
720575941555349914,L2,R,720575941506178213,-8,4,connectivity_candidate,False,0.495328863
720575941555728538,L2,R,720575941517066083,4,-10,connectivity_candidate,False,0.0465816682
720575941556055297,L2,R,720575941503117618,-18,-9,connectivity_candidate,True,0.583518277
720575941556096513,L2,R,720575941491148341,7,1,connectivity_candidate,False,0.0347638337
720575941556100609,L2,R,720575941567370343,-6,0,connectivity_candidate,False,0.0409406413
720575941556107492,L2,R,720575941517207443,9,1,connectivity_candidate,False,0.0358709167
720575941556306259,L2,R,720575941575868573,5,-3,connectivity_candidate,False,0.0363138788
720575941556372563,L2,R,720575941488329734,8,5,connectivity_candidate,False,0.0337149039
720575941556480339,L2,R,720575941553027719,-1,-2,connectivity_candidate,False,0.0351873941
720575941556912868,L2,R,720575941572228091,2,-4,connectivity_candidate,False,0.0336921091
720575941557166052,L2,R,,,,unassigned,False,
720575941557167076,L2,R,720575941472465015,12,1,connectivity_candidate,False,0.033630701
720575941557350739,L2,R,720575941591626859,-1,-11,connectivity_candidate,False,0.0152096191
720575941557473237,L2,R,720575941475633438,8,3,connectivity_candidate,False,0.0340194745
720575941557945252,L2,R,,,,unassigned,False,
720575941557959396,L2,R,720575941391584150,-1,13,connectivity_candidate,False,0.0349117215
720575941557960100,L2,R,720575941564680502,13,-2,connectivity_candidate,True,1.01761716
720575941557986276,L2,R,720575941533946890,0,-4,connectivity_candidate,False,0.0333471266
720575941558206756,L2,R,720575941612985318,-15,-9,connectivity_candidate,False,0.291236465
720575941558989604,L2,R,720575941627756070,-9,7,connectivity_candidate,False,0.506432641
720575941559093668,L2,R,720575941520867767,5,11,connectivity_candidate,False,0.032751158
720575941559105060,L2,R,720575941701684186,10,12,connectivity_candidate,False,0.0331583443
720575941559121828,L2,R,720575941539233768,0,6,connectivity_candidate,False,0.0258325859
720575941559243221,L2,R,720575941429599625,-3,-3,connectivity_candidate,False,0.0370862723
720575941559261220,L2,R,,,,unassigned,False,
720575941559540181,L2,R,720575941646621345,-2,-3,connectivity_candidate,False,0.0354532066
720575941559858158,L2,R,720575941518916012,-8,-4,connectivity_candidate,False,0.0457130226
720575941560155763,L2,R,720575941507086977,-5,-17,connectivity_candidate,True,0.855445351
720575941560572687,L2,R,720575941541150300,5,12,connectivity_candidate,False,0.0296447496
720575941560616463,L2,R,720575941442585691,-3,13,connectivity_candidate,False,0.431304369
720575941560617487,L2,R,,,,unassigned,False,
720575941560696046,L2,R,720575941568006710,-8,5,connectivity_candidate,False,0.496339304
720575941560816606,L2,R,720575941405961584,-5,-11,connectivity_candidate,False,0.0266858973
720575941560830421,L2,R,,,,unassigned,False,
720575941561011059,L2,R,720575941586249567,-9,1,connectivity_candidate,False,0.221649089
720575941561789422,L2,R,720575941549060020,-7,-12,connectivity_candidate,False,0.0257608667
720575941562611602,L2,R,720575941497480417,-5,4,connectivity_candidate,False,0.00932430686
720575941562989224,L2,R,720575941601980406,0,-5,connectivity_candidate,False,0.0325046513
720575941563022037,L2,R,720575941618628309,4,-9,connectivity_candidate,False,0.0452882441
720575941563861160,L2,R,720575941569344626,12,11,connectivity_candidate,False,0.0329682921
720575941563870376,L2,R,720575941514175747,-13,-10,connectivity_candidate,False,0.28002066
720575941563951528,L2,R,720575941478880321,7,8,connectivity_candidate,False,0.033636198
720575941564491688,L2,R,720575941592927446,-1,-14,connectivity_candidate,False,0.156422065
720575941564842130,L2,R,720575941554469092,-3,4,connectivity_candidate,False,0.0176711981
720575941564909202,L2,R,720575941542703645,7,12,connectivity_candidate,False,0.0329449187
720575941565023330,L2,R,720575941485989840,4,-12,connectivity_candidate,False,0.345467511
720575941565075456,L2,R,720575941527931012,4,-2,connectivity_candidate,False,0.0348186624
720575941565166434,L2,R,720575941505806386,-7,-9,connectivity_candidate,False,0.0346172391
720575941565668706,L2,R,720575941439538523,1,5,connectivity_candidate,False,0.0302693572
720575941565790727,L2,R,720575941631094981,-6,7,connectivity_candidate,False,0.495763672
720575941565827474,L2,R,720575941624553418,-14,-4,connectivity_candidate,True,0.785540768
720575941565916167,L2,R,720575941504728892,8,16,connectivity_candidate,False,0.406840539
720575941565944071,L2,R,720575941522504627,-2,8,connectivity_candidate,False,0.0265082524
720575941566174562,L2,R,720575941527515268,-9,6,connectivity_candidate,False,0.505163525
720575941566204055,L2,R,720575941545101673,15,1,connectivity_candidate,False,0.0207773034
720575941566281623,L2,R,720575941533097394,-12,-16,connectivity_candidate,True,0.822360715
720575941566454279,L2,R,720575941538919139,-7,-11,connectivity_candidate,False,0.0299464116
720575941566841910,L2,R,720575941535778314,-10,-11,connectivity_candidate,False,0.278155199
720575941566872935,L2,R,720575941394040836,-1,-13,connectivity_candidate,False,0.1396439
720575941566874215,L2,R,720575941627726886,-12,-9,connectivity_candidate,False,0.254933809
720575941566888711,L2,R,720575941554193982,0,4,connectivity_candidate,False,0.0290410871
720575941566919762,L2,R,720575941616107417,-9,3,connectivity_candidate,False,0.494080226
720575941566920246,L2,R,720575941556721956,-9,2,connectivity_candidate,False,0.489453108
720575941566958902,L2,R,720575941650648817,4,12,connectivity_candidate,False,0.0292570173
720575941567086439,L2,R,720575941606137709,-5,-13,connectivity_candidate,True,0.826931343
720575941567213502,L2,R,720575941495316096,-9,-16,connectivity_candidate,True,0.824310086
720575941567318974,L2,R,720575941689192204,-14,-5,connectivity_candidate,True,0.781588701
720575941567809846,L2,R,720575941627206299,-14,-1,connectivity_candidate,False,0.362104557
720575941568751918,L2,R,720575941506684289,-6,6,connectivity_candidate,False,0.492313568
720575941568814382,L2,R,720575941493638526,4,17,connectivity_candidate,True,1.16734493
720575941570044410,L2,R,720575941528257720,-10,3,connectivity_candidate,False,0.289292249
720575941570107130,L2,R,720575941461049811,-10,-2,connectivity_candidate,True,0.488726341
720575941570117626,L2,R,720575941462769860,12,5,connectivity_candidate,False,0.0331451879
720575941570126962,L2,R,720575941538268392,14,13,connectivity_candidate,False,0.0337950971
720575941570188402,L2,R,,,,unassigned,False,
720575941570189170,L2,R,720575941481651139,4,-11,connectivity_candidate,True,0.58785552
720575941570611700,L2,R,720575941463615888,-8,8,connectivity_candidate,False,0.504952752
720575941570700788,L2,R,,,,unassigned,False,
720575941570904178,L2,R,720575941555607460,6,11,connectivity_candidate,False,0.0333869745
720575941571078388,L2,R,720575941433938976,10,-3,connectivity_candidate,False,0.0449937341
720575941571146490,L2,R,,,,unassigned,False,
720575941571465716,L2,R,,,,unassigned,False,
720575941573985096,L2,R,720575941682429373,-14,0,connectivity_candidate,True,1.08000377
720575941574014203,L2,R,720575941689155823,11,5,connectivity_candidate,False,0.0332388165
720575941574572297,L2,R,720575941632918242,-10,0,connectivity_candidate,True,0.625607226
720575941574643101,L2,R,720575941576632463,0,3,connectivity_candidate,False,0.0308244143
720575941574911901,L2,R,,,,unassigned,False,
720575941574950651,L2,R,720575941460129988,2,15,connectivity_candidate,False,0.0479802869
720575941575150920,L2,R,720575941541713869,0,15,connectivity_candidate,False,0.0196473085
720575941575196047,L2,R,720575941502117719,6,10,connectivity_candidate,False,0.0337560648
720575941575306653,L2,R,720575941505141015,1,13,connectivity_candidate,False,0.0408584203
720575941575321608,L2,R,720575941497786018,-11,-16,connectivity_candidate,True,0.821587751
720575941575346333,L2,R,,,,unassigned,False,
720575941575453705,L2,R,720575941478314602,-11,-12,connectivity_candidate,False,0.281799467
720575941575456777,L2,R,,,,unassigned,False,
720575941575484317,L2,R,720575941494911358,-1,-4,connectivity_candidate,False,0.0339442138
720575941575909021,L2,R,720575941613897881,-1,5,connectivity_candidate,False,0.0241202132
720575941575991951,L2,R,720575941547774652,-15,-7,connectivity_candidate,False,0.149963676
720575941576003983,L2,R,720575941687021580,-4,-3,connectivity_candidate,False,0.0386801662
720575941576191119,L2,R,720575941730515243,-8,-10,connectivity_candidate,False,0.0317154652
720575941576454482,L2,R,,,,unassigned,False,
720575941576463005,L2,R,720575941463572237,9,13,connectivity_candidate,False,0.0334139384
720575941576822710,L2,R,720575941657951000,6,0,connectivity_candidate,False,0.0350253859
720575941576823990,L2,R,720575941469633911,2,-12,connectivity_candidate,True,0.668576923
720575941577079400,L2,R,,,,unassigned,False,
720575941577079656,L2,R,720575941671606193,10,2,connectivity_candidate,False,0.0348514726
720575941577090664,L2,R,720575941653223701,4,6,connectivity_candidate,False,0.0335789484
720575941577093480,L2,R,720575941511229906,-2,-10,connectivity_candidate,False,0.0230800217
720575941577112424,L2,R,,,,unassigned,False,
720575941578505305,L2,R,720575941497416009,4,-4,connectivity_candidate,False,0.0357548385
720575941579280985,L2,R,720575941469634167,-10,-8,connectivity_candidate,False,0.0448373319
720575941579299929,L2,R,,,,unassigned,False,
720575941579319641,L2,R,720575941449465108,-8,-2,connectivity_candidate,False,0.0461804587
720575941579464025,L2,R,720575941516110739,3,-5,connectivity_candidate,False,0.0349916334
720575941580202073,L2,R,720575941414206868,9,-3,connectivity_candidate,False,0.0424637911
720575941580385361,L2,R,720575941476533866,5,-6,connectivity_candidate,False,0.0398518134
720575941580389969,L2,R,720575941548757364,-6,3,connectivity_candidate,False,0.484488916
720575941580977233,L2,R,720575941541294109,0,11,connectivity_candidate,False,0.0353921869
720575941581054545,L2,R,,,,unassigned,False,
720575941581458297,L2,R,720575941562525842,-11,-11,connectivity_candidate,False,0.278041436
720575941582287481,L2,R,,,,unassigned,False,
720575941583554937,L2,R,720575941484623682,8,15,connectivity_candidate,False,0.0377049539
720575941584615637,L2,R,720575941539187033,-3,-10,connectivity_candidate,False,0.0252710281
720575941585080927,L2,R,720575941596664945,-16,-13,connectivity_candidate,True,0.842185165
720575941585147999,L2,R,,,,unassigned,False,
720575941585169247,L2,R,720575941689896310,0,7,connectivity_candidate,False,0.0252156926
720575941585632469,L2,R,720575941433939744,-8,-5,connectivity_candidate,False,0.0448339924
720575941585814918,L2,R,720575941561311603,-4,-8,connectivity_candidate,False,0.031649708
720575941585828191,L2,R,720575941432472751,-10,-12,connectivity_candidate,False,0.282805736
720575941586680454,L2,R,720575941469685312,-11,4,connectivity_candidate,True,1.09055081
720575941586737030,L2,R,720575941475226976,5,6,connectivity_candidate,False,0.0333338976
720575941587159774,L2,R,720575941651625233,-10,-10,connectivity_candidate,True,0.942414257
720575941587167198,L2,R,720575941630042604,1,-8,connectivity_candidate,False,0.0294767527
720575941587232222,L2,R,720575941479171407,1,-12,connectivity_candidate,False,0.160435002
720575941589025790,L2,R,720575941630627052,-10,-1,connectivity_candidate,True,0.531393905
720575941590141751,L2,R,720575941546351465,-3,9,connectivity_candidate,False,0.0396847782
720575941590585143,L2,R,720575941721626170,-9,-4,connectivity_candidate,False,0.048639735
720575941590598199,L2,R,720575941475215675,0,12,connectivity_candidate,False,0.0386668509
720575941590623543,L2,R,,,,unassigned,False,
720575941590783287,L2,R,720575941480281027,11,15,connectivity_candidate,False,0.0337167209
720575941590962743,L2,R,720575941479014465,-8,-11,connectivity_candidate,False,0.0414859657
720575941591376382,L2,R,720575941600258345,0,14,connectivity_candidate,False,0.0379167919
720575941591973118,L2,R,720575941576140809,-7,-13,connectivity_candidate,False,0.0197884705
720575941591991038,L2,R,720575941486453200,8,-6,connectivity_candidate,False,0.0464561735
720575941592027902,L2,R,720575941734554667,-3,-4,connectivity_candidate,False,0.0362837315
720575941593502315,L2,R,,,,unassigned,False,
720575941593513323,L2,R,720575941539529950,-1,0,connectivity_candidate,False,0.0350835068
720575941593785640,L2,R,720575941568024110,-17,-13,connectivity_candidate,True,0.844531764
720575941593830952,L2,R,,,,unassigned,False,
720575941593914152,L2,R,,,,unassigned,False,
720575941594204968,L2,R,720575941563178338,-12,-1,connectivity_candidate,False,0.500395464
720575941594228075,L2,R,720575941527231654,3,-10,connectivity_candidate,False,0.0476164728
720575941594231915,L2,R,720575941643339464,10,6,connectivity_candidate,False,0.0330968769
720575941594248488,L2,R,720575941482588611,-1,-12,connectivity_candidate,False,0.131650586
720575941594302760,L2,R,720575941692102107,-5,0,connectivity_candidate,False,0.0411392139
720575941595475926,L2,R,720575941550683425,0,-13,connectivity_candidate,False,0.151248246
720575941595491623,L2,R,720575941528138754,7,-2,connectivity_candidate,False,0.0371324826
720575941595587697,L2,R,720575941409703598,6,12,connectivity_candidate,False,0.0318443698
720575941595612529,L2,R,720575941660471096,7,-8,connectivity_candidate,True,0.932360407
720575941595804197,L2,R,720575941415051292,6,9,connectivity_candidate,False,0.0330847976
720575941596035367,L2,R,720575941628460002,9,15,connectivity_candidate,False,0.0362244557
720575941596164135,L2,R,,,,unassigned,False,
720575941596274471,L2,R,720575941439749676,9,9,connectivity_candidate,False,0.0372484048
720575941596526373,L2,R,720575941633116832,0,-10,connectivity_candidate,False,0.0212338199
720575941596600689,L2,R,720575941584527838,5,7,connectivity_candidate,False,0.0334950471
720575941596647207,L2,R,720575941650365717,13,1,connectivity_candidate,False,0.0303592839
720575941596843121,L2,R,720575941638886943,-8,-3,connectivity_candidate,False,0.0463705731
720575941596849265,L2,R,720575941503968962,7,-6,connectivity_candidate,False,0.0439410461
720575941597076869,L2,R,720575941609096010,-6,-7,connectivity_candidate,False,0.0380146485
720575941597077893,L2,R,720575941545050217,9,6,connectivity_candidate,False,0.0332858181
720575941597128069,L2,R,720575941506946398,-11,-7,connectivity_candidate,False,0.0602215728
720575941597182321,L2,R,720575941394657174,-1,8,connectivity_candidate,False,0.0269141236
720575941597212785,L2,R,720575941493138407,2,1,connectivity_candidate,False,0.0343103328
720575941597691761,L2,R,720575941416290844,-2,0,connectivity_candidate,False,0.0361491461
720575941598171269,L2,R,720575941412392107,11,6,connectivity_candidate,False,0.0330976784
720575941599010716,L2,R,720575941564910183,-11,7,connectivity_candidate,False,0.568386835
720575941599034780,L2,R,,,,unassigned,False,
720575941599077020,L2,R,720575941549781620,-14,-12,connectivity_candidate,False,0.285649791
720575941599165340,L2,R,720575941451190109,16,7,connectivity_candidate,False,0.029389334
720575941599659712,L2,R,,,,unassigned,False,
720575941601283625,L2,R,720575941552095515,10,-1,connectivity_candidate,False,0.0382857152
720575941601284393,L2,R,720575941471853152,2,-6,connectivity_candidate,False,0.0337788226
720575941602390825,L2,R,720575941498492800,-5,-7,connectivity_candidate,False,0.0355787506
720575941602454201,L2,R,,,,unassigned,False,
720575941604284703,L2,R,720575941484706626,7,9,connectivity_candidate,False,0.0320296611
720575941604347577,L2,R,720575941502372914,11,4,connectivity_candidate,False,0.0333792282
720575941604436665,L2,R,720575941514086393,1,9,connectivity_candidate,False,0.0290843968
720575941605267958,L2,R,720575941527925688,-1,-5,connectivity_candidate,False,0.0330204043
720575941605375929,L2,R,720575941439202322,-7,9,connectivity_candidate,False,0.505051437
720575941605555902,L2,R,,,,unassigned,False,
720575941605627126,L2,R,720575941613749933,10,14,connectivity_candidate,False,0.0339054695
720575941605681654,L2,R,720575941481257952,6,3,connectivity_candidate,False,0.0340858477
720575941605686262,L2,R,720575941525367140,4,0,connectivity_candidate,False,0.0344403457
720575941606625982,L2,R,720575941506292574,-5,-9,connectivity_candidate,False,0.0312826759
720575941609438317,L2,R,720575941564715879,-9,-10,connectivity_candidate,False,0.251558127
720575941611711050,L2,R,720575941510331265,0,1,connectivity_candidate,False,0.0342545076
720575941611739878,L2,R,720575941521042611,2,6,connectivity_candidate,False,0.0317720492
720575941611769418,L2,R,,,,unassigned,False,
720575941611941353,L2,R,,,,unassigned,False,
720575941612027821,L2,R,720575941493771390,-14,-16,connectivity_candidate,False,0.323907701
720575941612094054,L2,R,720575941515708921,-3,-2,connectivity_candidate,False,0.0378700716
720575941612108777,L2,R,720575941460445599,-5,3,connectivity_candidate,False,0.0189074074
720575941612437737,L2,R,720575941533964993,-10,1,connectivity_candidate,True,0.626947807
720575941612619750,L2,R,720575941625323772,13,2,connectivity_candidate,False,0.0332093547
720575941612646758,L2,R,720575941513357379,11,12,connectivity_candidate,False,0.0329260581
720575941612687206,L2,R,,,,unassigned,False,
720575941612745389,L2,R,720575941434899086,-2,-12,connectivity_candidate,False,0.0947310233
720575941612760749,L2,R,720575941527686054,12,12,connectivity_candidate,False,0.0337850055
720575941612814509,L2,R,,,,unassigned,False,
720575941612838061,L2,R,,,,unassigned,False,
720575941613204454,L2,R,720575941455158509,3,1,connectivity_candidate,False,0.0341832149
720575941613274726,L2,R,720575941406691375,-9,8,connectivity_candidate,False,0.612934469
720575941613312870,L2,R,720575941575831990,6,-7,connectivity_candidate,False,0.043487033
720575941613374822,L2,R,720575941610710118,-9,-15,connectivity_candidate,True,0.820181495
720575941613400237,L2,R,720575941496161918,6,5,connectivity_candidate,False,0.0338877567
720575941613409965,L2,R,720575941457317360,-6,-13,connectivity_candidate,False,0.0229977872
720575941613626342,L2,R,720575941553699355,13,7,connectivity_candidate,False,0.0327339234
720575941613635046,L2,R,720575941465397005,-5,-3,connectivity_candidate,False,0.0406742113
720575941614331155,L2,R,720575941513643587,-3,5,connectivity_candidate,False,0.0164277933
720575941614463251,L2,R,,,,unassigned,False,
720575941615449107,L2,R,720575941576179464,-3,3,connectivity_candidate,False,0.0199258668
720575941616020377,L2,R,720575941468238045,1,14,connectivity_candidate,False,0.0513659772
720575941616207257,L2,R,720575941628254758,15,13,connectivity_candidate,False,0.0335188156
720575941616426905,L2,R,720575941456842224,2,10,connectivity_candidate,False,0.0308837672
720575941618080981,L2,R,720575941679587261,-15,-3,connectivity_candidate,True,0.761418533
720575941618344635,L2,R,,,,unassigned,False,
720575941619090389,L2,R,720575941480588995,14,14,connectivity_candidate,False,0.0356471355
720575941621397631,L2,R,720575941503372171,1,-1,connectivity_candidate,False,0.0344206411
720575941621400703,L2,R,720575941558027791,7,-3,connectivity_candidate,False,0.0386428992
720575941624406012,L2,R,720575941596955292,-4,10,connectivity_candidate,False,0.0390809597
720575941624826108,L2,R,720575941469982475,-14,-9,connectivity_candidate,False,0.226892041
720575941624828412,L2,R,720575941508424464,2,-8,connectivity_candidate,False,0.0332202342
720575941624890108,L2,R,720575941454843373,6,14,connectivity_candidate,False,0.0306648089
720575941624901628,L2,R,720575941624573339,13,14,connectivity_candidate,False,0.0374911473
720575941626122139,L2,R,,,,unassigned,False,
720575941626599323,L2,R,720575941577626705,-12,-11,connectivity_candidate,False,0.280173196
720575941626636699,L2,R,720575941454343219,14,7,connectivity_candidate,False,0.0326063554
720575941626713290,L2,R,720575941506538881,-5,-14,connectivity_candidate,True,0.835147773
720575941626746476,L2,R,720575941456101535,7,7,connectivity_candidate,False,0.0343263325
720575941626751340,L2,R,720575941704853722,12,0,connectivity_candidate,False,0.0330327176
720575941626770028,L2,R,,,,unassigned,False,
720575941626889354,L2,R,720575941406001008,12,10,connectivity_candidate,False,0.0327072339
720575941626950282,L2,R,,,,unassigned,False,
720575941627108042,L2,R,720575941448506446,4,-5,connectivity_candidate,False,0.0363103083
720575941628814649,L2,R,720575941631973024,-11,-15,connectivity_candidate,True,0.821744546
720575941629272633,L2,R,720575941468534358,-7,-5,connectivity_candidate,False,0.0425181138
720575941630312230,L2,R,720575941613929881,-2,10,connectivity_candidate,False,0.0358440038
720575941630331942,L2,R,,,,unassigned,False,
720575941631293990,L2,R,,,,unassigned,False,
720575941631643618,L2,R,720575941634240197,13,11,connectivity_candidate,False,0.0331885882
720575941632665580,L2,R,720575941429638904,-5,7,connectivity_candidate,False,0.492790996
720575941632791456,L2,R,720575941507639842,8,-2,connectivity_candidate,False,0.0380452212
720575941632867554,L2,R,720575941578154833,-6,-4,connectivity_candidate,False,0.0415831138
720575941633500347,L2,R,720575941538908029,-7,5,connectivity_candidate,False,0.49453737
720575941633547451,L2,R,720575941506539137,4,4,connectivity_candidate,False,0.0335025594
720575941633621957,L2,R,720575941535081498,7,11,connectivity_candidate,False,0.0332872087
720575941633743301,L2,R,720575941597095463,0,8,connectivity_candidate,False,0.0256877214
720575941633747397,L2,R,720575941537923354,7,-9,connectivity_candidate,False,0.174738711
720575941633750725,L2,R,720575941476051764,-9,0,connectivity_candidate,False,0.377035333
720575941634121413,L2,R,720575941633959611,1,1,connectivity_candidate,False,0.0344077695
720575941634324411,L2,R,,,,unassigned,False,
720575941634581691,L2,R,720575941412395179,5,8,connectivity_candidate,False,0.104714758
720575941635079099,L2,R,720575941479171151,1,-11,connectivity_candidate,False,0.0491240528
720575941639151477,L2,R,720575941613063910,-7,-3,connectivity_candidate,False,0.0437867443
720575941639362933,L2,R,720575941479727840,-4,-10,connectivity_candidate,False,0.0271960634
720575941639489653,L2,R,720575941497802658,3,2,connectivity_candidate,False,0.0340441711
720575941639948661,L2,R,720575941664277304,-1,11,connectivity_candidate,False,0.0373384356
720575941640118645,L2,R,720575941525815652,6,-4,connectivity_candidate,False,0.0385791841
720575941641213983,L2,R,720575941660473144,5,-11,connectivity_candidate,False,0.297756381
720575941643385189,L2,R,720575941588734974,1,-4,connectivity_candidate,False,0.0332866386
720575941644029285,L2,R,720575941491435184,2,-11,connectivity_candidate,False,0.0530615449
720575941644095058,L2,R,720575941479718307,3,-2,connectivity_candidate,False,0.0342826721
720575941644156005,L2,R,,,,unassigned,False,
720575941644175717,L2,R,720575941453514803,2,7,connectivity_candidate,False,0.0314752599
720575941644898642,L2,R,720575941434349326,-13,-8,connectivity_candidate,False,0.226075811
720575941644979361,L2,R,,,,unassigned,False,
720575941645082842,L2,R,720575941533935626,-2,-15,connectivity_candidate,False,0.160128136
720575941645235557,L2,R,720575941425705812,3,-6,connectivity_candidate,False,0.0354907605
720575941645480410,L2,R,720575941535433394,-3,-13,connectivity_candidate,False,0.103099935
720575941645720952,L2,R,720575941459586500,-7,0,connectivity_candidate,True,1.00550592
720575941646010568,L2,R,720575941592052075,-7,-1,connectivity_candidate,False,0.0456825956
720575941646191048,L2,R,720575941724485946,-13,-3,connectivity_candidate,False,0.347580531
720575941646214344,L2,R,720575941400313891,4,16,connectivity_candidate,True,0.821653428
720575941646501576,L2,R,720575941533932554,2,-10,connectivity_candidate,False,0.0471728925
720575941646805921,L2,R,720575941505591365,-4,-2,connectivity_candidate,False,0.0389768222
720575941651690773,L2,R,720575941507404348,9,4,connectivity_candidate,False,0.0335973794
720575941652524821,L2,R,720575941609450729,-9,-14,connectivity_candidate,True,0.811951016
720575941652568085,L2,R,720575941514734915,8,-3,connectivity_candidate,False,0.0395051371
720575941652605717,L2,R,720575941556959059,-4,11,connectivity_candidate,False,0.0332824122
720575941652610069,L2,R,720575941467371030,5,-2,connectivity_candidate,False,0.0354516474
720575941652640021,L2,R,720575941518874540,2,0,connectivity_candidate,False,0.0343125339
720575941652643861,L2,R,,,,unassigned,False,
720575941652814869,L2,R,720575941409478447,-3,-16,connectivity_candidate,False,0.23889945
720575941653178353,L2,R,720575941644280440,-5,-12,connectivity_candidate,False,0.0233340211
720575941653188337,L2,R,720575941479380643,-10,6,connectivity_candidate,False,0.526924831
720575941653250289,L2,R,,,,unassigned,False,
720575941654239729,L2,R,720575941448447822,-10,-7,connectivity_candidate,False,0.0499902947
720575941654244593,L2,R,720575941597459569,2,4,connectivity_candidate,False,0.0325642977
720575941654250001,L2,R,,,,unassigned,False,
720575941655344657,L2,R,720575941467830493,-1,-9,connectivity_candidate,False,0.0249614893
720575941655608793,L2,R,720575941630043628,1,-6,connectivity_candidate,False,0.0312414276
720575941655669209,L2,R,720575941573204893,1,8,connectivity_candidate,False,0.0271609587
720575941655672025,L2,R,720575941522790839,-15,-5,connectivity_candidate,True,1.04173204
720575941655687385,L2,R,720575941505589669,8,1,connectivity_candidate,False,0.0349639475
720575941655689945,L2,R,720575941410754415,-15,-13,connectivity_candidate,True,0.841198543
720575941656273620,L2,R,720575941596522533,12,8,connectivity_candidate,False,0.0326631653
720575941656296660,L2,R,,,,unassigned,False,
720575941659468312,L2,R,720575941627340443,8,11,connectivity_candidate,False,0.0335218129
720575941659650128,L2,R,720575941584492510,10,15,connectivity_candidate,False,0.0346246973
720575941659667280,L2,R,720575941487329232,12,2,connectivity_candidate,False,0.033808038
720575941659827280,L2,R,720575941514169347,-2,4,connectivity_candidate,False,0.0225413155
720575941660388432,L2,R,720575941528110681,-5,-8,connectivity_candidate,False,0.0335861779
720575941663275320,L2,R,,,,unassigned,False,
720575941663288444,L2,R,720575941562128755,3,12,connectivity_candidate,False,0.0327732559
720575941663330172,L2,R,720575941497486409,-12,-10,connectivity_candidate,False,0.275159678
720575941664028284,L2,R,720575941436428332,12,14,connectivity_candidate,False,0.0378605871
720575941664054908,L2,R,720575941414533268,-13,-9,connectivity_candidate,False,0.284531131
720575941668736243,L2,R,720575941540122005,-4,-5,connectivity_candidate,False,0.0367141832
720575941669140467,L2,R,720575941457289968,14,12,connectivity_candidate,False,0.033743084
720575941669274611,L2,R,720575941493070567,-11,1,connectivity_candidate,False,0.259438734
720575941670065395,L2,R,720575941451301447,-5,-1,connectivity_candidate,False,0.0407650234
720575941670086899,L2,R,720575941514712979,11,11,connectivity_candidate,False,0.0325702656
720575941670088625,L2,R,,,,unassigned,False,
720575941670609073,L2,R,720575941701167578,-12,-8,connectivity_candidate,False,0.069122189
720575941670662321,L2,R,720575941579235061,-4,-16,connectivity_candidate,False,0.127473099
720575941671585703,L2,R,720575941533144042,-4,7,connectivity_candidate,False,0.489246633
720575941676854747,L2,R,720575941476567611,-14,-11,connectivity_candidate,False,0.283502352
720575941680881597,L2,R,720575941535047706,3,-12,connectivity_candidate,True,0.623795428
720575941681686973,L2,R,,,,unassigned,False,
720575941681690301,L2,R,720575941641866527,-5,-15,connectivity_candidate,True,0.840428567
720575941681701053,L2,R,720575941448602461,-1,6,connectivity_candidate,False,0.022953074
720575941681754301,L2,R,720575941479485263,5,9,connectivity_candidate,False,0.0348239361
720575941681793469,L2,R,720575941566509319,-7,-10,connectivity_candidate,False,0.0349023006
720575941688558575,L2,R,720575941463048900,9,8,connectivity_candidate,False,0.0384083204
720575941688560879,L2,R,720575941526906969,-3,-7,connectivity_candidate,False,0.0321501896
720575941688640751,L2,R,720575941612791114,-15,-2,connectivity_candidate,True,1.12683013
720575941689190924,L2,R,720575941584335326,8,4,connectivity_candidate,False,0.033760378
720575941689218060,L2,R,,,,unassigned,False,
720575941689626351,L2,R,720575941538985187,7,2,connectivity_candidate,False,0.0343482257
720575941689639948,L2,R,720575941558535844,-15,-14,connectivity_candidate,False,0.331955548
720575941689767948,L2,R,720575941611320540,4,3,connectivity_candidate,False,0.033821737
720575941690653659,L2,R,720575941545862580,3,11,connectivity_candidate,False,0.0312125261
720575941691766168,L2,R,720575941568781562,-6,-12,connectivity_candidate,False,0.0240561015
720575941691775384,L2,R,720575941577715126,15,6,connectivity_candidate,False,0.0312743346
720575941692093147,L2,R,720575941489809358,-7,-4,connectivity_candidate,False,0.0431247168
720575941692312216,L2,R,720575941630132165,4,-8,connectivity_candidate,False,0.0430696338
720575941692821144,L2,R,,,,unassigned,False,
720575941703854042,L2,R,720575941525139481,-5,-5,connectivity_candidate,False,0.0387945304
720575941704450522,L2,R,720575941690137612,7,15,connectivity_candidate,False,0.0309184895
720575941704505818,L2,R,720575941517850072,-3,-1,connectivity_candidate,False,0.0376685339
720575941723993658,L2,R,720575941612550633,4,-1,connectivity_candidate,False,0.0346484651
720575941724014650,L2,R,720575941531646339,8,12,connectivity_candidate,False,0.0332758273
720575941733506603,L2,R,720575941502324823,-7,-7,connectivity_candidate,False,0.0411690257
720575941734116139,L2,R,720575941505278277,-9,4,connectivity_candidate,False,0.497829521
720575941353634608,L3,R,720575941592049259,-9,-17,connectivity_candidate,True,0.826510163
720575941353766448,L3,R,720575941475276347,-11,5,connectivity_candidate,False,0.572233734
720575941393284502,L3,R,720575941592180843,-3,0,connectivity_candidate,False,0.0367315506
720575941393443332,L3,R,720575941612791114,-15,-2,connectivity_candidate,True,1.12683013
720575941393544708,L3,R,720575941434529312,-6,-5,connectivity_candidate,False,0.0406947099
720575941393923076,L3,R,720575941409775022,-13,-6,connectivity_candidate,False,0.21964102
720575941394196886,L3,R,720575941577626705,-12,-11,connectivity_candidate,False,0.280173196
720575941394199702,L3,R,720575941412540308,11,-3,connectivity_candidate,False,0.0485841516
720575941394345622,L3,R,720575941595287079,12,9,connectivity_candidate,False,0.0326204162
720575941401592099,L3,R,720575941592927446,-1,-14,connectivity_candidate,False,0.156422065
720575941401733667,L3,R,,,,unassigned,False,
720575941402598947,L3,R,,,,unassigned,False,
720575941402692899,L3,R,720575941527904612,8,8,connectivity_candidate,False,0.035258318
720575941405383280,L3,R,720575941553988414,0,5,connectivity_candidate,False,0.0271432309
720575941405389168,L3,R,,,,unassigned,False,
720575941405415792,L3,R,720575941506946398,-11,-7,connectivity_candidate,False,0.0602215728
720575941405481584,L3,R,720575941504436028,-7,6,connectivity_candidate,False,0.495571106
720575941408236974,L3,R,720575941561391598,-6,-15,connectivity_candidate,True,0.835431434
720575941408245934,L3,R,720575941483405821,1,-15,connectivity_candidate,True,0.481842747
720575941408252334,L3,R,720575941629362233,2,-2,connectivity_candidate,False,0.034091952
720575941408279726,L3,R,720575941472912682,1,-3,connectivity_candidate,False,0.0338288094
720575941408396591,L3,R,720575941577545064,-10,-3,connectivity_candidate,False,0.052839988
720575941409252782,L3,R,720575941560626158,-4,2,connectivity_candidate,False,0.0141860304
720575941409363503,L3,R,720575941589414028,4,2,connectivity_candidate,False,0.034077381
720575941410043951,L3,R,720575941434899086,-2,-12,connectivity_candidate,False,0.0947310233
720575941411936939,L3,R,,,,unassigned,False,
720575941413327983,L3,R,720575941469797952,12,3,connectivity_candidate,False,0.0335409198
720575941413332847,L3,R,720575941584335326,8,4,connectivity_candidate,False,0.033760378
720575941414217361,L3,R,720575941479169871,-2,-13,connectivity_candidate,False,0.131724685
720575941414409361,L3,R,720575941633959611,1,1,connectivity_candidate,False,0.0344077695
720575941414990225,L3,R,720575941502303319,12,17,connectivity_candidate,False,0.0408595583
720575941414990737,L3,R,,,,unassigned,False,
720575941415189652,L3,R,720575941522790839,-15,-5,connectivity_candidate,True,1.04173204
720575941415207060,L3,R,,,,unassigned,False,
720575941415231124,L3,R,,,,unassigned,False,
720575941415748497,L3,R,720575941566408295,-6,5,connectivity_candidate,False,0.490135216
720575941416164892,L3,R,720575941478058545,-1,-7,connectivity_candidate,False,0.0298797504
720575941417277724,L3,R,,,,unassigned,False,
720575941417465628,L3,R,,,,unassigned,False,
720575941428459860,L3,R,720575941414646812,9,-7,connectivity_candidate,False,0.0566849353
720575941429462868,L3,R,720575941627340443,8,11,connectivity_candidate,False,0.0335218129
720575941430957816,L3,R,720575941575252623,1,4,connectivity_candidate,False,0.0313771181
720575941431781769,L3,R,,,,unassigned,False,
720575941431784329,L3,R,720575941521042611,2,6,connectivity_candidate,False,0.0317720492
720575941431868408,L3,R,720575941592511528,-3,2,connectivity_candidate,False,0.025045396
720575941432166103,L3,R,720575941564715879,-9,-10,connectivity_candidate,False,0.251558127
720575941432631137,L3,R,,,,unassigned,False,
720575941432720225,L3,R,720575941624209610,6,8,connectivity_candidate,False,0.0320668118
720575941432963799,L3,R,,,,unassigned,False,
720575941433017047,L3,R,720575941625323772,13,2,connectivity_candidate,False,0.0332093547
720575941433599447,L3,R,720575941584527838,5,7,connectivity_candidate,False,0.0334950471
720575941433698574,L3,R,720575941433938976,10,-3,connectivity_candidate,False,0.0449937341
720575941433742350,L3,R,720575941448447822,-10,-7,connectivity_candidate,False,0.0499902947
720575941433755918,L3,R,720575941514151171,-7,-15,connectivity_candidate,True,0.828407644
720575941433768974,L3,R,720575941551102782,-6,10,connectivity_candidate,False,0.502518858
720575941433887758,L3,R,720575941516205459,-5,-10,connectivity_candidate,False,0.028457001
720575941434716174,L3,R,720575941516110739,3,-5,connectivity_candidate,False,0.0349916334
720575941435992608,L3,R,720575941554469092,-3,4,connectivity_candidate,False,0.0176711981
720575941436051598,L3,R,,,,unassigned,False,
720575941436707616,L3,R,720575941557605604,3,15,connectivity_candidate,False,0.0547285222
720575941436714016,L3,R,720575941558027791,7,-3,connectivity_candidate,False,0.0386428992
720575941436757536,L3,R,,,,unassigned,False,
720575941436766752,L3,R,720575941505662021,6,6,connectivity_candidate,False,0.0339137597
720575941436793888,L3,R,720575941451450793,-1,12,connectivity_candidate,False,0.0391392133
720575941437475104,L3,R,720575941451887482,-6,-8,connectivity_candidate,False,0.0351997404
720575941438282002,L3,R,720575941563178338,-12,-1,connectivity_candidate,False,0.500395464
720575941439343148,L3,R,,,,unassigned,False,
720575941440025151,L3,R,720575941558454031,6,-8,connectivity_candidate,False,0.0443337487
720575941440122175,L3,R,,,,unassigned,False,
720575941440197855,L3,R,,,,unassigned,False,
720575941441225951,L3,R,720575941621794431,-1,-10,connectivity_candidate,False,0.0211916646
720575941441659483,L3,R,720575941656316628,11,-2,connectivity_candidate,False,0.045953253
720575941441828303,L3,R,720575941494706814,-12,0,connectivity_candidate,False,0.455208191
720575941442015167,L3,R,720575941506292574,-5,-9,connectivity_candidate,False,0.0312826759
720575941442025919,L3,R,720575941553497427,6,18,connectivity_candidate,True,1.1857591
720575941442771151,L3,R,720575941650365717,13,1,connectivity_candidate,False,0.0303592839
720575941442870463,L3,R,720575941525139481,-5,-5,connectivity_candidate,False,0.0387945304
720575941445107114,L3,R,720575941660131096,10,-5,connectivity_candidate,False,0.0495098015
720575941448632084,L3,R,720575941482337359,-5,-4,connectivity_candidate,False,0.0397745319
720575941450682973,L3,R,720575941628254758,15,13,connectivity_candidate,False,0.0335188156
720575941450724445,L3,R,720575941597070119,18,9,connectivity_candidate,True,1.00489097
720575941450788445,L3,R,,,,unassigned,False,
720575941451353013,L3,R,720575941512360268,9,18,connectivity_candidate,False,0.410094712
720575941451370062,L3,R,720575941556959059,-4,11,connectivity_candidate,False,0.0332824122
720575941451392078,L3,R,720575941527985592,3,16,connectivity_candidate,True,0.813540876
720575941451449934,L3,R,720575941625608394,7,-10,connectivity_candidate,False,0.427626336
720575941452123258,L3,R,720575941412981931,0,2,connectivity_candidate,False,0.0327826938
720575941452636538,L3,R,720575941572228091,2,-4,connectivity_candidate,False,0.0336921091
720575941453223802,L3,R,720575941468534358,-7,-5,connectivity_candidate,False,0.0425181138
720575941453589370,L3,R,720575941597393344,10,5,connectivity_candidate,False,0.0333261557
720575941453913513,L3,R,,,,unassigned,False,
720575941453929641,L3,R,720575941577676470,4,-7,connectivity_candidate,False,0.0395396502
720575941453941929,L3,R,,,,unassigned,False,
720575941454026567,L3,R,720575941527515268,-9,6,connectivity_candidate,False,0.505163525
720575941454324393,L3,R,720575941559349293,6,4,connectivity_candidate,False,0.033916881
720575941455523635,L3,R,720575941502372914,11,4,connectivity_candidate,False,0.0333792282
720575941455578931,L3,R,720575941482588611,-1,-12,connectivity_candidate,False,0.131650586
720575941457466093,L3,R,720575941656961816,-15,-10,connectivity_candidate,False,0.285142123
720575941458494189,L3,R,720575941593317590,-6,-11,connectivity_candidate,False,0.0272314712
720575941458525933,L3,R,720575941512072145,-3,6,connectivity_candidate,False,0.0128903403
720575941458568432,L3,R,720575941479236943,9,-5,connectivity_candidate,False,0.0459781059
720575941459513840,L3,R,720575941463615888,-8,8,connectivity_candidate,False,0.504952752
720575941459736223,L3,R,720575941624060874,7,-1,connectivity_candidate,False,0.036209799
720575941459768479,L3,R,720575941391433732,-7,-2,connectivity_candidate,False,0.0442874685
720575941459785030,L3,R,720575941508670021,13,17,connectivity_candidate,False,0.0444951311
720575941460626758,L3,R,720575941488329734,8,5,connectivity_candidate,False,0.0337149039
720575941460850758,L3,R,720575941437574719,-7,4,connectivity_candidate,False,0.492907186
720575941461979091,L3,R,,,,unassigned,False,
720575941462092176,L3,R,720575941441128895,8,2,connectivity_candidate,False,0.0343378806
720575941462382788,L3,R,720575941463048900,9,8,connectivity_candidate,False,0.0384083204
720575941463091667,L3,R,720575941445851412,1,6,connectivity_candidate,False,0.0292230143
720575941463128019,L3,R,720575941574687670,9,-9,connectivity_candidate,False,0.423134847
720575941463154320,L3,R,720575941562525842,-11,-11,connectivity_candidate,False,0.278041436
720575941464340237,L3,R,720575941574611638,-2,-1,connectivity_candidate,False,0.0365024056
720575941464387341,L3,R,720575941576179464,-3,3,connectivity_candidate,False,0.0199258668
720575941468139606,L3,R,720575941555607460,6,11,connectivity_candidate,False,0.0333869745
720575941468357398,L3,R,720575941592052075,-7,-1,connectivity_candidate,False,0.0456825956
720575941468377110,L3,R,,,,unassigned,False,
720575941468455702,L3,R,720575941542903301,-8,-13,connectivity_candidate,True,0.812737139
720575941468456470,L3,R,720575941635133627,11,8,connectivity_candidate,False,0.0324672864
720575941468526358,L3,R,720575941579855481,6,-1,connectivity_candidate,False,0.0354773796
720575941469520861,L3,R,720575941486453200,8,-6,connectivity_candidate,False,0.0464561735
720575941469582102,L3,R,720575941507086977,-5,-17,connectivity_candidate,True,0.855445351
720575941470363613,L3,R,720575941500492427,-8,-8,connectivity_candidate,False,0.0438798663
720575941470535901,L3,R,720575941495316096,-9,-16,connectivity_candidate,True,0.824310086
720575941471525085,L3,R,720575941533144042,-4,7,connectivity_candidate,False,0.489246633
720575941471883127,L3,R,720575941509819777,6,15,connectivity_candidate,False,0.410825989
720575941471886711,L3,R,720575941439697964,-10,-13,connectivity_candidate,True,0.687632277
720575941471887735,L3,R,720575941721111354,-12,-12,connectivity_candidate,False,0.283076739
720575941472103947,L3,R,720575941548441149,-7,7,connectivity_candidate,False,0.500934538
720575941472158987,L3,R,720575941632265954,-11,3,connectivity_candidate,True,0.803958957
720575941472254475,L3,R,720575941514088547,10,11,connectivity_candidate,False,0.0325151992
720575941472584000,L3,R,720575941505591365,-4,-2,connectivity_candidate,False,0.0389768222
720575941472614464,L3,R,720575941454843373,6,14,connectivity_candidate,False,0.0306648089
720575941472615232,L3,R,720575941391584150,-1,13,connectivity_candidate,False,0.0349117215
720575941473027191,L3,R,720575941559641359,13,0,connectivity_candidate,False,0.0273726972
720575941473253131,L3,R,,,,unassigned,False,
720575941474656608,L3,R,720575941634257568,-10,-14,connectivity_candidate,True,0.711095229
720575941474656864,L3,R,720575941611660390,-8,-14,connectivity_candidate,True,0.820711304
720575941474670688,L3,R,720575941414421393,7,13,connectivity_candidate,False,0.0322934163
720575941474743136,L3,R,720575941450209914,9,16,connectivity_candidate,False,0.0377884014
720575941475112763,L3,R,720575941414646044,8,-7,connectivity_candidate,False,0.0627845902
720575941475386410,L3,R,720575941566547042,6,-9,connectivity_candidate,False,0.173918688
720575941475387178,L3,R,,,,unassigned,False,
720575941475422250,L3,R,720575941408270383,-10,-5,connectivity_candidate,False,0.0517747626
720575941475928123,L3,R,720575941439735503,-17,-6,connectivity_candidate,True,0.774604354
720575941475940667,L3,R,720575941539233768,0,6,connectivity_candidate,False,0.0258325859
720575941476855089,L3,R,720575941651625233,-10,-10,connectivity_candidate,True,0.942414257
720575941477137204,L3,R,720575941489486796,5,-10,connectivity_candidate,True,0.980552529
720575941477160500,L3,R,720575941528484196,-2,7,connectivity_candidate,False,0.0171191861
720575941477703473,L3,R,720575941603173310,-3,14,connectivity_candidate,False,0.417844545
720575941477721649,L3,R,720575941653440729,5,14,connectivity_candidate,False,0.0286923441
720575941477872177,L3,R,,,,unassigned,False,
720575941477893172,L3,R,720575941666651379,1,2,connectivity_candidate,False,0.0335966073
720575941477928756,L3,R,720575941476531818,5,-7,connectivity_candidate,False,0.0421988764
720575941478028340,L3,R,720575941394040836,-1,-13,connectivity_candidate,False,0.1396439
720575941478096692,L3,R,720575941564910183,-11,7,connectivity_candidate,False,0.568386835
720575941478123294,L3,R,720575941513357379,11,12,connectivity_candidate,False,0.0329260581
720575941478274369,L3,R,720575941493582974,-4,-15,connectivity_candidate,False,0.134888746
720575941478611050,L3,R,720575941627788070,-6,11,connectivity_candidate,False,0.506292986
720575941478951476,L3,R,,,,unassigned,False,
720575941479111786,L3,R,720575941517507032,-7,2,connectivity_candidate,False,0.72874331
720575941480060384,L3,R,720575941557220353,-16,-10,connectivity_candidate,False,0.291787594
720575941480312682,L3,R,720575941451143751,-10,2,connectivity_candidate,False,0.292475292
720575941480467330,L3,R,720575941653223701,4,6,connectivity_candidate,False,0.0335789484
720575941480806735,L3,R,720575941579146741,7,4,connectivity_candidate,False,0.0339047826
720575941480828640,L3,R,720575941500241633,5,10,connectivity_candidate,False,0.0347321927
720575941480860384,L3,R,720575941660471096,7,-8,connectivity_candidate,True,0.932360407
720575941481123202,L3,R,720575941640941429,0,9,connectivity_candidate,False,0.029233106
720575941481180290,L3,R,,,,unassigned,False,
720575941481451171,L3,R,,,,unassigned,False,
720575941481452963,L3,R,720575941481743546,-16,-12,connectivity_candidate,False,0.280456926
720575941481491875,L3,R,720575941664277304,-1,11,connectivity_candidate,False,0.0373384356
720575941481523363,L3,R,,,,unassigned,False,
720575941481569699,L3,R,,,,unassigned,False,
720575941481761615,L3,R,720575941493138407,2,1,connectivity_candidate,False,0.0343103328
720575941481796687,L3,R,720575941497416009,4,-4,connectivity_candidate,False,0.0357548385
720575941481850080,L3,R,,,,unassigned,False,
720575941481891782,L3,R,720575941577172879,2,-3,connectivity_candidate,False,0.0338940096
720575941482665891,L3,R,720575941556774401,-16,-6,connectivity_candidate,True,0.797681783
720575941483050435,L3,R,720575941558545935,10,19,connectivity_candidate,False,0.110841436
720575941483547066,L3,R,720575941618401919,-1,2,connectivity_candidate,False,0.0312479506
720575941483742662,L3,R,720575941449093813,9,3,connectivity_candidate,False,0.0337970857
720575941483749318,L3,R,720575941508670789,6,7,connectivity_candidate,False,0.0338354893
720575941484381181,L3,R,720575941460073200,-2,-6,connectivity_candidate,False,0.0326871888
720575941484436477,L3,R,720575941440279503,12,16,connectivity_candidate,False,0.0411372237
720575941484444413,L3,R,720575941497486409,-12,-10,connectivity_candidate,False,0.275159678
720575941484487165,L3,R,720575941556770817,4,-3,connectivity_candidate,False,0.0352443854
720575941484519354,L3,R,720575941476051764,-9,0,connectivity_candidate,False,0.377035333
720575941484526589,L3,R,,,,unassigned,False,
720575941487053453,L3,R,,,,unassigned,False,
720575941487177282,L3,R,720575941639990047,-2,-5,connectivity_candidate,False,0.0336905444
720575941487319693,L3,R,720575941538268392,14,13,connectivity_candidate,False,0.0337950971
720575941487606850,L3,R,720575941559332111,0,-7,connectivity_candidate,False,0.0296437729
720575941487610064,L3,R,720575941624528236,9,19,connectivity_candidate,False,0.44517509
720575941487944912,L3,R,720575941630627052,-10,-1,connectivity_candidate,True,0.531393905
720575941488628944,L3,R,720575941471853152,2,-6,connectivity_candidate,False,0.0337788226
720575941491138613,L3,R,720575941565156455,3,-7,connectivity_candidate,False,0.0366414054
720575941491149877,L3,R,720575941475297054,8,13,connectivity_candidate,False,0.0331420326
720575941491250485,L3,R,720575941583036793,7,16,connectivity_candidate,False,0.411624797
720575941491830990,L3,R,720575941637710197,-2,-2,connectivity_candidate,False,0.0365996554
720575941491981769,L3,R,720575941630043628,1,-6,connectivity_candidate,False,0.0312414276
720575941492000716,L3,R,,,,unassigned,False,
720575941492005324,L3,R,720575941528110681,-5,-8,connectivity_candidate,False,0.0335861779
720575941492005582,L3,R,720575941426422356,-10,-18,connectivity_candidate,True,0.972965188
720575941492392142,L3,R,720575941489315273,-4,5,connectivity_candidate,False,0.00975209272
720575941492534247,L3,R,720575941459586500,-7,0,connectivity_candidate,True,1.00550592
720575941492552679,L3,R,720575941426189908,11,16,connectivity_candidate,False,0.0374458335
720575941493040304,L3,R,720575941660473144,5,-11,connectivity_candidate,False,0.297756381
720575941493198311,L3,R,720575941506538881,-5,-14,connectivity_candidate,True,0.835147773
720575941493539815,L3,R,720575941638886943,-8,-3,connectivity_candidate,False,0.0463705731
720575941493923504,L3,R,720575941661981052,-4,-13,connectivity_candidate,False,0.0990069919
720575941493970608,L3,R,720575941561374702,9,2,connectivity_candidate,False,0.0345482883
720575941494090928,L3,R,720575941553027719,-1,-2,connectivity_candidate,False,0.0351873941
720575941496876416,L3,R,720575941624509083,-5,11,connectivity_candidate,False,0.107852391
720575941497387648,L3,R,,,,unassigned,False,
720575941497942656,L3,R,720575941552500763,-3,-8,connectivity_candidate,False,0.0301838516
720575941498469755,L3,R,720575941609096010,-6,-7,connectivity_candidate,False,0.0380146485
720575941498666569,L3,R,,,,unassigned,False,
720575941498947553,L3,R,720575941538908029,-7,5,connectivity_candidate,False,0.49453737
720575941499161467,L3,R,,,,unassigned,False,
720575941499257467,L3,R,720575941469634167,-10,-8,connectivity_candidate,False,0.0448373319
720575941499635681,L3,R,720575941538876565,6,2,connectivity_candidate,False,0.0342421864
720575941499700297,L3,R,720575941627706523,-12,5,connectivity_candidate,False,0.617459991
720575941499946914,L3,R,720575941602025769,4,10,connectivity_candidate,False,0.0297039771
720575941501281442,L3,R,720575941534548506,1,-9,connectivity_candidate,False,0.0256138479
720575941501967243,L3,R,720575941612985318,-15,-9,connectivity_candidate,False,0.291236465
720575941502843787,L3,R,,,,unassigned,False,
720575941502854283,L3,R,,,,unassigned,False,
720575941502949682,L3,R,720575941406691375,-9,8,connectivity_candidate,False,0.612934469
720575941503479179,L3,R,720575941476828778,-8,0,connectivity_candidate,False,0.0610534687
720575941503874647,L3,R,720575941612307274,10,-6,connectivity_candidate,False,0.053016136
720575941504361559,L3,R,720575941536250851,2,-13,connectivity_candidate,True,0.484617759
720575941504393559,L3,R,720575941473329194,-5,-2,connectivity_candidate,False,0.0408378366
720575941504845221,L3,R,,,,unassigned,False,
720575941505154242,L3,R,,,,unassigned,False,
720575941505191874,L3,R,720575941469685312,-11,4,connectivity_candidate,True,1.09055081
720575941505248450,L3,R,,,,unassigned,False,
720575941505338674,L3,R,720575941486259778,10,1,connectivity_candidate,False,0.0351520397
720575941505379890,L3,R,,,,unassigned,False,
720575941505977906,L3,R,720575941431583758,-1,9,connectivity_candidate,False,0.0297874615
720575941506114876,L3,R,720575941494479047,-16,-7,connectivity_candidate,True,0.798195376
720575941506160037,L3,R,720575941524033099,-1,14,connectivity_candidate,True,0.683419654
720575941506370354,L3,R,720575941403214115,-3,1,connectivity_candidate,False,0.0342128483
720575941506385970,L3,R,,,,unassigned,False,
720575941506971813,L3,R,720575941531508867,3,-8,connectivity_candidate,False,0.0402598676
720575941506990396,L3,R,,,,unassigned,False,
720575941507057980,L3,R,720575941657951000,6,0,connectivity_candidate,False,0.0350253859
720575941507738647,L3,R,720575941612550633,4,-1,connectivity_candidate,False,0.0346484651
720575941507772183,L3,R,720575941482276943,5,-12,connectivity_candidate,True,0.899174603
720575941507827479,L3,R,,,,unassigned,False,
720575941507870743,L3,R,720575941689155823,11,5,connectivity_candidate,False,0.0332388165
720575941508060485,L3,R,720575941561574771,10,4,connectivity_candidate,False,0.0334820868
720575941508060741,L3,R,720575941644506488,10,3,connectivity_candidate,False,0.03325799
720575941508514945,L3,R,720575941516859139,3,-4,connectivity_candidate,False,0.0344735265
720575941508856158,L3,R,720575941624207980,8,-8,connectivity_candidate,False,0.0732429452
720575941508868190,L3,R,720575941476533866,5,-6,connectivity_candidate,False,0.0398518134
720575941508978270,L3,R,720575941528563801,-4,-9,connectivity_candidate,False,0.0295438984
720575941509449857,L3,R,720575941443679951,1,-10,connectivity_candidate,False,0.0220829753
720575941509562753,L3,R,720575941559579693,-2,11,connectivity_candidate,False,0.0403303485
720575941510205968,L3,R,720575941468238045,1,14,connectivity_candidate,False,0.0513659772
720575941511240976,L3,R,720575941526337958,-11,-6,connectivity_candidate,False,0.0584562324
720575941512149458,L3,R,720575941631973024,-11,-15,connectivity_candidate,True,0.821744546
720575941513377091,L3,R,,,,unassigned,False,
720575941513510732,L3,R,720575941632083180,7,5,connectivity_candidate,False,0.0339017548
720575941513566975,L3,R,720575941567370343,-6,0,connectivity_candidate,False,0.0409406413
720575941513751249,L3,R,720575941515708921,-3,-2,connectivity_candidate,False,0.0378700716
720575941514376913,L3,R,720575941462769860,12,5,connectivity_candidate,False,0.0331451879
720575941514605777,L3,R,,,,unassigned,False,
720575941514628940,L3,R,720575941556821540,-5,10,connectivity_candidate,False,0.08962233
720575941514922051,L3,R,720575941507007036,-10,-4,connectivity_candidate,False,0.0534091226
720575941515821379,L3,R,720575941606137709,-5,-13,connectivity_candidate,True,0.826931343
720575941515865603,L3,R,720575941525675289,-6,9,connectivity_candidate,False,0.50526016
720575941516460643,L3,R,720575941490845132,-4,-12,connectivity_candidate,False,0.0221783604
720575941516475139,L3,R,,,,unassigned,False,
720575941516496739,L3,R,720575941478427444,5,-8,connectivity_candidate,False,0.0437900237
720575941516500067,L3,R,720575941556820772,-5,9,connectivity_candidate,False,0.505248314
720575941516536323,L3,R,720575941547880820,-11,-9,connectivity_candidate,False,0.270560904
720575941516579427,L3,R,720575941575831990,6,-7,connectivity_candidate,False,0.043487033
720575941516749305,L3,R,720575941442585691,-3,13,connectivity_candidate,False,0.431304369
720575941516795539,L3,R,720575941513643587,-3,5,connectivity_candidate,False,0.0164277933
720575941516841050,L3,R,720575941547969313,-7,11,connectivity_candidate,False,0.508204607
720575941517445523,L3,R,720575941634984379,-2,-8,connectivity_candidate,False,0.0286602298
720575941517534611,L3,R,,,,unassigned,False,
720575941517726969,L3,R,720575941624553418,-14,-4,connectivity_candidate,True,0.785540768
720575941518220691,L3,R,720575941604978105,-12,-6,connectivity_candidate,False,0.0640121652
720575941518592915,L3,R,720575941734554667,-3,-4,connectivity_candidate,False,0.0362837315
720575941519668908,L3,R,,,,unassigned,False,
720575941519697068,L3,R,720575941475538225,-8,-9,connectivity_candidate,False,0.0440403405
720575941519769516,L3,R,720575941608830317,-13,-14,connectivity_candidate,False,0.342391255
720575941520027864,L3,R,720575941624351882,-3,7,connectivity_candidate,False,0.0137413915
720575941520039640,L3,R,720575941443054506,10,7,connectivity_candidate,False,0.0328323584
720575941520059864,L3,R,720575941498994505,-13,-11,connectivity_candidate,False,0.280984312
720575941520062424,L3,R,,,,unassigned,False,
720575941520075480,L3,R,,,,unassigned,False,
720575941520227694,L3,R,720575941507967548,-10,-19,connectivity_candidate,True,0.972282918
720575941520283308,L3,R,720575941528316548,5,0,connectivity_candidate,False,0.0346612981
720575941521698231,L3,R,720575941644280440,-5,-12,connectivity_candidate,False,0.0233340211
720575941521741495,L3,R,720575941489741262,13,15,connectivity_candidate,False,0.0388749272
720575941521976755,L3,R,720575941598922908,-8,7,connectivity_candidate,False,0.504283748
720575941521979315,L3,R,,,,unassigned,False,
720575941522294707,L3,R,,,,unassigned,False,
720575941522335415,L3,R,720575941542703645,7,12,connectivity_candidate,False,0.0329449187
720575941523857655,L3,R,720575941412634769,-3,10,connectivity_candidate,False,0.0391189641
720575941523950327,L3,R,720575941508908560,-10,8,connectivity_candidate,False,0.614755639
720575941524077643,L3,R,,,,unassigned,False,
720575941524243199,L3,R,,,,unassigned,False,
720575941524527863,L3,R,720575941627206299,-14,-1,connectivity_candidate,False,0.362104557
720575941524717303,L3,R,,,,unassigned,False,
720575941525027403,L3,R,,,,unassigned,False,
720575941525135435,L3,R,720575941646621345,-2,-3,connectivity_candidate,False,0.0354532066
720575941526304222,L3,R,720575941476532074,6,-6,connectivity_candidate,False,0.0419614371
720575941526309854,L3,R,720575941479718307,3,-2,connectivity_candidate,False,0.0342826721
720575941526317534,L3,R,720575941637710709,2,-1,connectivity_candidate,False,0.0342623876
720575941526330846,L3,R,720575941455158509,3,1,connectivity_candidate,False,0.0341832149
720575941526333150,L3,R,720575941546102617,2,2,connectivity_candidate,False,0.0338502601
720575941526345950,L3,R,720575941517395449,3,3,connectivity_candidate,False,0.0335822276
720575941526407390,L3,R,720575941584460934,5,-1,connectivity_candidate,False,0.0350855657
720575941526408414,L3,R,720575941479237711,6,-2,connectivity_candidate,False,0.0364098419
720575941526513741,L3,R,720575941538985187,7,2,connectivity_candidate,False,0.0343482257
720575941526531038,L3,R,720575941443050922,5,-4,connectivity_candidate,False,0.03693665
720575941526881305,L3,R,720575941626518073,0,-11,connectivity_candidate,False,0.0167497743
720575941527322980,L3,R,,,,unassigned,False,
720575941527514370,L3,R,720575941554140755,14,9,connectivity_candidate,True,0.742237906
720575941527533849,L3,R,720575941613063910,-7,-3,connectivity_candidate,False,0.0437867443
720575941527587865,L3,R,720575941734556459,6,16,connectivity_candidate,False,0.425117988
720575941527656729,L3,R,720575941734098475,5,5,connectivity_candidate,False,0.033525996
720575941528471140,L3,R,720575941543901532,-2,1,connectivity_candidate,False,0.0334846065
720575941528490662,L3,R,720575941406001008,12,10,connectivity_candidate,False,0.0327072339
720575941528502694,L3,R,,,,unassigned,False,
720575941529014950,L3,R,720575941505278277,-9,4,connectivity_candidate,False,0.497829521
720575941530510520,L3,R,,,,unassigned,False,
720575941530555576,L3,R,720575941671606193,10,2,connectivity_candidate,False,0.0348514726
720575941531068107,L3,R,720575941562128755,3,12,connectivity_candidate,False,0.0327732559
720575941531246272,L3,R,,,,unassigned,False,
720575941531248832,L3,R,,,,unassigned,False,
720575941531283640,L3,R,720575941439665938,-4,1,connectivity_candidate,False,0.0410258836
720575941531760824,L3,R,720575941538919139,-7,-11,connectivity_candidate,False,0.0299464116
720575941531824331,L3,R,720575941600258345,0,14,connectivity_candidate,False,0.0379167919
720575941531877323,L3,R,720575941657153616,2,11,connectivity_candidate,False,0.0323550644
720575941532249291,L3,R,720575941480281027,11,15,connectivity_candidate,False,0.0337167209
720575941532535781,L3,R,720575941660370256,-6,-6,connectivity_candidate,False,0.0396655061
720575941532582745,L3,R,,,,unassigned,False,
720575941532980939,L3,R,720575941638544159,-11,-1,connectivity_candidate,True,0.632110573
720575941533369061,L3,R,720575941507404348,9,4,connectivity_candidate,False,0.0335973794
720575941534048387,L3,R,720575941509572702,5,13,connectivity_candidate,False,0.0301970937
720575941534125443,L3,R,720575941701684186,10,12,connectivity_candidate,False,0.0331583443
720575941534125790,L3,R,720575941588734974,1,-4,connectivity_candidate,False,0.0332866386
720575941534168293,L3,R,720575941522740915,8,9,connectivity_candidate,False,0.0347919504
720575941534426341,L3,R,720575941479171407,1,-12,connectivity_candidate,False,0.160435002
720575941535629912,L3,R,,,,unassigned,False,
720575941535679576,L3,R,720575941632918242,-10,0,connectivity_candidate,True,0.625607226
720575941535759626,L3,R,,,,unassigned,False,
720575941535770290,L3,R,720575941534061322,-8,9,connectivity_candidate,False,0.505359933
720575941535772504,L3,R,720575941452073038,0,-9,connectivity_candidate,False,0.0242699593
720575941535882762,L3,R,720575941568006710,-8,5,connectivity_candidate,False,0.496339304
720575941535882930,L3,R,720575941643339464,10,6,connectivity_candidate,False,0.0330968769
720575941535893514,L3,R,720575941528484280,-4,-1,connectivity_candidate,False,0.0394524512
720575941535916522,L3,R,720575941493638526,4,17,connectivity_candidate,True,1.16734493
720575941535924714,L3,R,,,,unassigned,False,
720575941535932138,L3,R,720575941434349326,-13,-8,connectivity_candidate,False,0.226075811
720575941535972106,L3,R,720575941429638904,-5,7,connectivity_candidate,False,0.492790996
720575941536039146,L3,R,720575941535082522,1,7,connectivity_candidate,False,0.0276375195
720575941536214464,L3,R,,,,unassigned,False,
720575941536556736,L3,R,720575941592910550,-2,13,connectivity_candidate,False,0.0304943065
720575941536726026,L3,R,720575941552298523,12,15,connectivity_candidate,False,0.035763957
720575941536737472,L3,R,,,,unassigned,False,
720575941536741568,L3,R,720575941403213936,0,16,connectivity_candidate,True,0.897806734
720575941536816984,L3,R,720575941449465108,-8,-2,connectivity_candidate,False,0.0461804587
720575941536851136,L3,R,720575941514208515,3,10,connectivity_candidate,False,0.0308573534
720575941536855232,L3,R,720575941650648817,4,12,connectivity_candidate,False,0.0292570173
720575941536878528,L3,R,720575941460129988,2,15,connectivity_candidate,False,0.0479802869
720575941537244638,L3,R,720575941497802658,3,2,connectivity_candidate,False,0.0340441711
720575941537286426,L3,R,720575941496376443,-6,4,connectivity_candidate,False,0.490150397
720575941537337882,L3,R,720575941505806386,-7,-9,connectivity_candidate,False,0.0346172391
720575941537711592,L3,R,720575941574913181,-7,10,connectivity_candidate,False,0.504676018
720575941537912602,L3,R,720575941467371030,5,-2,connectivity_candidate,False,0.0354516474
720575941538223080,L3,R,720575941685627887,-6,-17,connectivity_candidate,True,0.847366719
720575941538241256,L3,R,,,,unassigned,False,
720575941538311395,L3,R,720575941556789796,7,14,connectivity_candidate,False,0.0313318805
720575941538343139,L3,R,720575941489482700,-3,-14,connectivity_candidate,False,0.129935343
720575941538357480,L3,R,720575941505624389,-17,-7,connectivity_candidate,True,0.876067941
720575941538386147,L3,R,720575941533935626,-2,-15,connectivity_candidate,False,0.160128136
720575941538418408,L3,R,720575941611541478,14,4,connectivity_candidate,False,0.0328607272
720575941538418664,L3,R,720575941558453805,-14,-13,connectivity_candidate,True,0.84005628
720575941539247961,L3,R,720575941563887767,-15,-12,connectivity_candidate,False,0.285114286
720575941539503582,L3,R,720575941416290844,-2,0,connectivity_candidate,False,0.0361491461
720575941539785714,L3,R,720575941484623682,8,15,connectivity_candidate,False,0.0377049539
720575941539785970,L3,R,,,,unassigned,False,
720575941539842197,L3,R,,,,unassigned,False,
720575941539961822,L3,R,720575941561564787,0,-1,connectivity_candidate,False,0.0351226296
720575941540045022,L3,R,720575941557879567,-16,-5,connectivity_candidate,True,0.771469008
720575941540408256,L3,R,720575941481773507,2,9,connectivity_candidate,False,0.0301585338
720575941540969933,L3,R,720575941533964993,-10,1,connectivity_candidate,True,0.626947807
720575941540992734,L3,R,720575941643170209,-10,-9,connectivity_candidate,False,0.0467311055
720575941541027789,L3,R,720575941527231654,3,-10,connectivity_candidate,False,0.0476164728
720575941541049293,L3,R,720575941597278144,13,-1,connectivity_candidate,True,0.545970099
720575941541050061,L3,R,720575941463572237,9,13,connectivity_candidate,False,0.0334139384
720575941541336930,L3,R,,,,unassigned,False,
720575941541337698,L3,R,720575941689926156,-7,-17,connectivity_candidate,True,0.84089863
720575941541340002,L3,R,720575941547774652,-15,-7,connectivity_candidate,False,0.149963676
720575941541350242,L3,R,720575941394870422,-7,-16,connectivity_candidate,True,0.832873548
720575941541351266,L3,R,720575941627910794,-8,-15,connectivity_candidate,True,0.825559696
720575941541359970,L3,R,,,,unassigned,False,
720575941541363042,L3,R,720575941413302164,-7,-18,connectivity_candidate,True,0.847257559
720575941541398626,L3,R,,,,unassigned,False,
720575941543149148,L3,R,720575941733917739,12,18,connectivity_candidate,False,0.0371990167
720575941543253596,L3,R,,,,unassigned,False,
720575941543369564,L3,R,720575941479014465,-8,-11,connectivity_candidate,False,0.0414859657
720575941543848733,L3,R,720575941409603243,-9,-6,connectivity_candidate,False,0.0479111255
720575941543942429,L3,R,720575941505589669,8,1,connectivity_candidate,False,0.0349639475
720575941544046877,L3,R,720575941540927773,2,16,connectivity_candidate,False,0.368560906
720575941544378460,L3,R,720575941453047347,4,13,connectivity_candidate,False,0.0318645836
720575941544690181,L3,R,720575941597095463,0,8,connectivity_candidate,False,0.0256877214
720575941544906942,L3,R,720575941509499682,-4,8,connectivity_candidate,False,0.495795778
720575941544917182,L3,R,720575941487859206,-3,8,connectivity_candidate,False,0.0397396908
720575941545018713,L3,R,720575941469633911,2,-12,connectivity_candidate,True,0.668576923
720575941545058649,L3,R,720575941561311603,-4,-8,connectivity_candidate,False,0.031649708
720575941545079385,L3,R,720575941539337049,-2,-7,connectivity_candidate,False,0.0308335089
720575941545482338,L3,R,720575941429210799,-14,-2,connectivity_candidate,False,0.395172365
720575941545482850,L3,R,720575941578046033,-13,-7,connectivity_candidate,False,0.219349912
720575941545579269,L3,R,720575941433734542,3,9,connectivity_candidate,False,0.0302880061
720575941545635589,L3,R,720575941409700526,11,13,connectivity_candidate,False,0.0301362066
720575941545835362,L3,R,,,,unassigned,False,
720575941545839961,L3,R,720575941539529950,-1,0,connectivity_candidate,False,0.0350835068
720575941545843554,L3,R,720575941502519383,-8,-18,connectivity_candidate,True,0.892458254
720575941545958080,L3,R,720575941482199805,4,14,connectivity_candidate,False,0.437494638
720575941546100313,L3,R,720575941473378090,8,-4,connectivity_candidate,False,0.0417653075
720575941546212697,L3,R,720575941507639842,8,-2,connectivity_candidate,False,0.0380452212
720575941546309824,L3,R,720575941409703598,6,12,connectivity_candidate,False,0.0318443698
720575941546518105,L3,R,720575941467830493,-1,-9,connectivity_candidate,False,0.0249614893
720575941546519385,L3,R,720575941526906969,-3,-7,connectivity_candidate,False,0.0321501896
720575941546520665,L3,R,720575941485989840,4,-12,connectivity_candidate,False,0.345467511
720575941546531177,L3,R,,,,unassigned,False,
720575941546644313,L3,R,720575941471563584,6,-11,connectivity_candidate,False,0.423697904
720575941546715737,L3,R,720575941554651364,-11,6,connectivity_candidate,False,0.572872621
720575941546746457,L3,R,720575941527925688,-1,-5,connectivity_candidate,False,0.0330204043
720575941546746713,L3,R,720575941496367227,6,-10,connectivity_candidate,False,0.224637175
720575941546927961,L3,R,720575941626068793,9,-6,connectivity_candidate,False,0.0539572491
720575941546949465,L3,R,720575941567723378,0,-8,connectivity_candidate,False,0.0275318444
720575941546951001,L3,R,720575941512312017,-12,4,connectivity_candidate,False,0.569055916
720575941547071420,L3,R,720575941472465015,12,1,connectivity_candidate,False,0.033630701
720575941547113916,L3,R,,,,unassigned,False,
720575941547135420,L3,R,,,,unassigned,False,
720575941547163580,L3,R,,,,unassigned,False,
720575941547165033,L3,R,720575941577188534,-14,-7,connectivity_candidate,False,0.219472969
720575941547770729,L3,R,720575941577692086,-2,2,connectivity_candidate,False,0.0292844421
720575941548795528,L3,R,720575941555258276,-9,-12,connectivity_candidate,False,0.280775203
720575941549221209,L3,R,720575941633218284,-12,2,connectivity_candidate,False,0.261362658
720575941549798233,L3,R,,,,unassigned,False,
720575941550113569,L3,R,720575941533472088,-9,5,connectivity_candidate,False,0.500446219
720575941550706749,L3,R,720575941616107417,-9,3,connectivity_candidate,False,0.494080226
720575941550733428,L3,R,,,,unassigned,False,
720575941550821748,L3,R,,,,unassigned,False,
720575941551168116,L3,R,720575941631094981,-6,7,connectivity_candidate,False,0.495763672
720575941551682877,L3,R,720575941514169347,-2,4,connectivity_candidate,False,0.0225413155
720575941552628223,L3,R,720575941487329232,12,2,connectivity_candidate,False,0.033808038
720575941552678143,L3,R,720575941544023581,-7,-14,connectivity_candidate,False,0.0258206922
720575941552949184,L3,R,,,,unassigned,False,
720575941554046235,L3,R,720575941503968962,7,-6,connectivity_candidate,False,0.0439410461
720575941554296967,L3,R,720575941440450860,13,3,connectivity_candidate,False,0.0330499612
720575941554828059,L3,R,,,,unassigned,False,
720575941554874759,L3,R,720575941503397099,-13,-4,connectivity_candidate,True,0.876110694
720575941555234714,L3,R,,,,unassigned,False,
720575941555243418,L3,R,720575941556721956,-9,2,connectivity_candidate,False,0.489453108
720575941555785626,L3,R,720575941572830473,-6,-10,connectivity_candidate,False,0.0310975217
720575941556082433,L3,R,720575941436543788,2,13,connectivity_candidate,False,0.0378435908
720575941556316242,L3,R,720575941520867767,5,11,connectivity_candidate,False,0.032751158
720575941556360275,L3,R,720575941626057529,-3,-12,connectivity_candidate,False,0.0879760523
720575941556462931,L3,R,720575941541150300,5,12,connectivity_candidate,False,0.0296447496
720575941556860673,L3,R,720575941549060020,-7,-12,connectivity_candidate,False,0.0257608667
720575941557087204,L3,R,720575941547667644,-9,-11,connectivity_candidate,False,0.277746564
720575941557343827,L3,R,720575941618628309,4,-9,connectivity_candidate,False,0.0452882441
720575941557365843,L3,R,720575941449501277,-1,-6,connectivity_candidate,False,0.031687171
720575941557377107,L3,R,720575941605633782,-12,-3,connectivity_candidate,False,0.227832909
720575941558016676,L3,R,720575941471509213,1,15,connectivity_candidate,False,0.037478919
720575941558068516,L3,R,720575941443560106,-9,-8,connectivity_candidate,False,0.0453776419
720575941558121380,L3,R,720575941448601181,-8,6,connectivity_candidate,False,0.501253387
720575941558468590,L3,R,,,,unassigned,False,
720575941559055140,L3,R,720575941425705812,3,-6,connectivity_candidate,False,0.0354907605
720575941559072734,L3,R,,,,unassigned,False,
720575941559119140,L3,R,720575941524712439,13,6,connectivity_candidate,False,0.0327216143
720575941559121444,L3,R,720575941554193982,0,4,connectivity_candidate,False,0.0290410871
720575941559156702,L3,R,720575941587606084,-13,-1,connectivity_candidate,False,0.455345766
720575941559685903,L3,R,,,,unassigned,False,
720575941559833838,L3,R,720575941601980406,0,-5,connectivity_candidate,False,0.0325046513
720575941560954483,L3,R,,,,unassigned,False,
720575941561109107,L3,R,720575941514734915,8,-3,connectivity_candidate,False,0.0395051371
720575941561136243,L3,R,720575941436428332,12,14,connectivity_candidate,False,0.0378605871
720575941561153295,L3,R,720575941627256475,-1,3,connectivity_candidate,False,0.0286202432
720575941561340629,L3,R,720575941527931012,4,-2,connectivity_candidate,False,0.0348186624
720575941561654131,L3,R,720575941503372171,1,-1,connectivity_candidate,False,0.0344206411
720575941562231853,L3,R,720575941624475274,-7,8,connectivity_candidate,False,0.504098325
720575941562957394,L3,R,720575941597049127,15,14,connectivity_candidate,False,0.053031991
720575941562968914,L3,R,720575941629225017,14,15,connectivity_candidate,True,0.970080449
720575941562970706,L3,R,720575941624573339,13,14,connectivity_candidate,False,0.0374911473
720575941563338029,L3,R,720575941497480417,-5,4,connectivity_candidate,False,0.00932430686
720575941563883432,L3,R,720575941544402620,2,14,connectivity_candidate,False,0.0570321863
720575941563908264,L3,R,720575941563810962,-1,-16,connectivity_candidate,False,0.252622849
720575941564039592,L3,R,720575941400313891,4,16,connectivity_candidate,True,0.821653428
720575941565082880,L3,R,720575941482200962,8,-1,connectivity_candidate,False,0.0367840731
720575941565154773,L3,R,,,,unassigned,False,
720575941565325207,L3,R,,,,unassigned,False,
720575941565532567,L3,R,720575941507180894,-1,1,connectivity_candidate,False,0.033194404
720575941565945351,L3,R,720575941552099355,7,-7,connectivity_candidate,False,0.0452710748
720575941566053120,L3,R,720575941621787263,15,7,connectivity_candidate,False,0.0316006488
720575941566333287,L3,R,720575941612416275,0,-12,connectivity_candidate,False,0.150855887
720575941566810962,L3,R,720575941548757364,-6,3,connectivity_candidate,False,0.484488916
720575941566843446,L3,R,,,,unassigned,False,
720575941566920530,L3,R,720575941558336238,-8,3,connectivity_candidate,False,0.494031485
720575941566976310,L3,R,720575941692184216,9,-4,connectivity_candidate,False,0.0443246678
720575941567035190,L3,R,720575941479810154,3,-3,connectivity_candidate,False,0.0342891797
720575941567129447,L3,R,720575941551331956,0,-6,connectivity_candidate,False,0.0312249861
720575941567986998,L3,R,720575941508424464,2,-8,connectivity_candidate,False,0.0332202342
720575941568774190,L3,R,720575941573039368,-10,-6,connectivity_candidate,False,0.0516566559
720575941570068218,L3,R,,,,unassigned,False,
720575941570120186,L3,R,720575941413964692,12,6,connectivity_candidate,False,0.0330160027
720575941570141042,L3,R,720575941405961584,-5,-11,connectivity_candidate,False,0.0266858973
720575941570172530,L3,R,,,,unassigned,False,
720575941570180978,L3,R,720575941558033828,7,10,connectivity_candidate,False,0.0328981002
720575941571130106,L3,R,720575941439202322,-7,9,connectivity_candidate,False,0.505051437
720575941571151730,L3,R,720575941549781620,-14,-12,connectivity_candidate,False,0.285649791
720575941572179102,L3,R,720575941611819740,-13,3,connectivity_candidate,True,0.658901844
720575941572610312,L3,R,720575941611517404,-2,3,connectivity_candidate,False,0.0249753224
720575941573068040,L3,R,,,,unassigned,False,
720575941573115720,L3,R,,,,unassigned,False,
720575941573245342,L3,R,720575941500715081,-15,-8,connectivity_candidate,False,0.213638038
720575941574039880,L3,R,720575941502315095,-9,-7,connectivity_candidate,False,0.0463684642
720575941574101576,L3,R,720575941652155409,-15,-11,connectivity_candidate,False,0.283613995
720575941574990843,L3,R,720575941513053251,-11,-2,connectivity_candidate,True,0.525899024
720575941575080187,L3,R,,,,unassigned,False,
720575941575317512,L3,R,720575941507636389,-6,-16,connectivity_candidate,True,0.842304416
720575941575439113,L3,R,720575941481257952,6,3,connectivity_candidate,False,0.0340858477
720575941575968264,L3,R,720575941535081498,7,11,connectivity_candidate,False,0.0332872087
720575941575982088,L3,R,720575941462650579,14,0,connectivity_candidate,False,0.186855084
720575941575988488,L3,R,720575941574059592,-6,2,connectivity_candidate,False,0.027191575
720575941576194959,L3,R,,,,unassigned,False,
720575941576425885,L3,R,720575941509488674,1,-14,connectivity_candidate,True,0.502783312
720575941576453640,L3,R,720575941491435184,2,-11,connectivity_candidate,False,0.0530615449
720575941576506632,L3,R,720575941578154833,-6,-4,connectivity_candidate,False,0.0415831138
720575941576765800,L3,R,720575941653479129,8,-5,connectivity_candidate,False,0.0438185831
720575941576890806,L3,R,720575941721626170,-9,-4,connectivity_candidate,False,0.048639735
720575941577114984,L3,R,720575941701167578,-12,-8,connectivity_candidate,False,0.069122189
720575941577138024,L3,R,720575941610710118,-9,-15,connectivity_candidate,True,0.820181495
720575941577688246,L3,R,720575941489809358,-7,-4,connectivity_candidate,False,0.0431247168
720575941577704886,L3,R,720575941535433394,-3,-13,connectivity_candidate,False,0.103099935
720575941578337369,L3,R,720575941469976587,-8,-6,connectivity_candidate,False,0.0439943312
720575941580661073,L3,R,720575941593031308,9,17,connectivity_candidate,False,0.407433004
720575941580769013,L3,R,720575941537923354,7,-9,connectivity_candidate,False,0.174738711
720575941581192437,L3,R,720575941479225423,-4,-6,connectivity_candidate,False,0.0356891409
720575941581559161,L3,R,720575941634168005,1,-2,connectivity_candidate,False,0.0341400623
720575941581610873,L3,R,720575941578124789,-7,-6,connectivity_candidate,False,0.0421199436
720575941582413945,L3,R,720575941471891552,7,-4,connectivity_candidate,False,0.039648477
720575941584133215,L3,R,720575941497810082,12,-1,connectivity_candidate,False,0.0462283629
720575941584407262,L3,R,720575941450991797,-1,10,connectivity_candidate,False,0.0356016086
720575941584641237,L3,R,,,,unassigned,False,
720575941584656341,L3,R,720575941591626859,-1,-11,connectivity_candidate,False,0.0152096191
720575941584932574,L3,R,720575941475226976,5,6,connectivity_candidate,False,0.0333338976
720575941585131103,L3,R,720575941536942834,-7,-8,connectivity_candidate,False,0.0388252642
720575941585271391,L3,R,720575941618799487,5,1,connectivity_candidate,False,0.0344119066
720575941585818719,L3,R,720575941517850072,-3,-1,connectivity_candidate,False,0.0376685339
720575941586786950,L3,R,,,,unassigned,False,
720575941587598470,L3,R,720575941613820333,-4,4,connectivity_candidate,False,0.0139327929
720575941589767236,L3,R,720575941475241568,4,1,connectivity_candidate,False,0.0342696956
720575941590179895,L3,R,720575941564413608,-2,5,connectivity_candidate,False,0.0201492695
720575941590580791,L3,R,720575941491740366,0,0,connectivity_candidate,False,0.0357384969
720575941590590775,L3,R,720575941485989328,-4,-7,connectivity_candidate,False,0.0332565896
720575941591388670,L3,R,720575941575841800,-13,1,connectivity_candidate,True,1.13281837
720575941591435006,L3,R,720575941514175747,-13,-10,connectivity_candidate,False,0.28002066
720575941591548158,L3,R,,,,unassigned,False,
720575941592000908,L3,R,720575941514086243,-5,6,connectivity_candidate,False,0.486873229
720575941592139774,L3,R,720575941433996064,-2,-4,connectivity_candidate,False,0.034909232
720575941593018252,L3,R,720575941597684357,-2,-11,connectivity_candidate,False,0.0154294044
720575941593784360,L3,R,720575941624453484,-7,1,connectivity_candidate,False,0.0426084463
720575941594226795,L3,R,720575941482094522,7,-5,connectivity_candidate,False,0.0419334014
720575941594355307,L3,R,720575941478880321,7,8,connectivity_candidate,False,0.033636198
720575941595104551,L3,R,720575941629967084,10,9,connectivity_candidate,False,0.0308639499
720575941595203621,L3,R,720575941547951165,6,-5,connectivity_candidate,False,0.0399986153
720575941595809317,L3,R,720575941618727893,15,10,connectivity_candidate,True,0.960726553
720575941595973671,L3,R,720575941509188050,6,-3,connectivity_candidate,False,0.037134337
720575941596601457,L3,R,,,,unassigned,False,
720575941596649841,L3,R,720575941494943664,1,3,connectivity_candidate,False,0.0325137023
720575941597039399,L3,R,720575941412395179,5,8,connectivity_candidate,False,0.104714758
720575941597088551,L3,R,720575941481180611,-1,-1,connectivity_candidate,False,0.0356977861
720575941597651313,L3,R,720575941479380131,-5,2,connectivity_candidate,False,0.0360359089
720575941598531520,L3,R,720575941491148341,7,1,connectivity_candidate,False,0.0347638337
720575941599015836,L3,R,720575941429599625,-3,-3,connectivity_candidate,False,0.0370862723
720575941599527872,L3,R,,,,unassigned,False,
720575941600006556,L3,R,720575941552210750,-6,1,connectivity_candidate,False,0.0353826571
720575941600026268,L3,R,720575941533097394,-12,-16,connectivity_candidate,True,0.822360715
720575941601282345,L3,R,720575941475815466,-8,1,connectivity_candidate,False,0.336171647
720575941603969014,L3,R,,,,unassigned,False,
720575941604373689,L3,R,720575941671203761,-11,-14,connectivity_candidate,False,0.374805575
720575941604545209,L3,R,720575941605566573,-8,-12,connectivity_candidate,True,0.808472758
720575941604733942,L3,R,,,,unassigned,False,
720575941605249782,L3,R,720575941497786018,-11,-16,connectivity_candidate,True,0.821587751
720575941605626102,L3,R,720575941454933485,-4,3,connectivity_candidate,False,0.0157959125
720575941605640438,L3,R,,,,unassigned,False,
720575941606634942,L3,R,720575941506684289,-6,6,connectivity_candidate,False,0.492313568
720575941609153610,L3,R,720575941400314659,1,12,connectivity_candidate,False,0.0357516645
720575941610083103,L3,R,720575941439749676,9,9,connectivity_candidate,False,0.0372484048
720575941611761994,L3,R,,,,unassigned,False,
720575941611945449,L3,R,720575941484806662,3,-9,connectivity_candidate,False,0.044765413
720575941612002790,L3,R,720575941502712514,-6,8,connectivity_candidate,False,0.502448107
720575941612163942,L3,R,720575941562846888,-3,-15,connectivity_candidate,False,0.131999477
720575941612475622,L3,R,720575941692102107,-5,0,connectivity_candidate,False,0.0411392139
720575941612834989,L3,R,,,,unassigned,False,
720575941613065446,L3,R,720575941504728892,8,16,connectivity_candidate,False,0.406840539
720575941613115868,L3,R,720575941447834549,-2,15,connectivity_candidate,False,0.412008215
720575941613587686,L3,R,720575941630042604,1,-8,connectivity_candidate,False,0.0294767527
720575941614084060,L3,R,720575941525677337,-3,11,connectivity_candidate,False,0.0352441748
720575941614197724,L3,R,720575941453822633,-4,-14,connectivity_candidate,False,0.110815441
720575941614909459,L3,R,,,,unassigned,False,
720575941615026585,L3,R,720575941525348429,0,13,connectivity_candidate,False,0.0431103135
720575941615938457,L3,R,,,,unassigned,False,
720575941616014745,L3,R,720575941596664945,-16,-13,connectivity_candidate,True,0.842185165
720575941616108185,L3,R,720575941515756634,13,10,connectivity_candidate,False,0.0330607916
720575941617014937,L3,R,720575941579235061,-4,-16,connectivity_candidate,False,0.127473099
720575941618081493,L3,R,720575941546351465,-3,9,connectivity_candidate,False,0.0396847782
720575941618954171,L3,R,720575941506539137,4,4,connectivity_candidate,False,0.0335025594
720575941618964155,L3,R,720575941448602461,-1,6,connectivity_candidate,False,0.022953074
720575941620710783,L3,R,720575941475215675,0,12,connectivity_candidate,False,0.0386668509
720575941621001087,L3,R,720575941654374673,10,16,connectivity_candidate,False,0.0364813779
720575941624193388,L3,R,720575941613897881,-1,5,connectivity_candidate,False,0.0241202132
720575941625809916,L3,R,720575941440417371,5,2,connectivity_candidate,False,0.0342435434
720575941627072138,L3,R,720575941540122005,-4,-5,connectivity_candidate,False,0.0367141832
720575941627487178,L3,R,720575941518874540,2,0,connectivity_candidate,False,0.0343125339
720575941628632889,L3,R,720575941519393203,9,14,connectivity_candidate,False,0.0343568367
720575941628717881,L3,R,720575941541570941,-14,-15,connectivity_candidate,False,0.340375578
720575941629806137,L3,R,720575941507976226,-4,-18,connectivity_candidate,False,0.275897225
720575941630471718,L3,R,720575941451980922,-6,-3,connectivity_candidate,False,0.0421605189
720575941631679970,L3,R,720575941451301447,-5,-1,connectivity_candidate,False,0.0407650234
720575941631686114,L3,R,720575941575868573,5,-3,connectivity_candidate,False,0.0363138788
720575941631765474,L3,R,720575941505556293,-9,-3,connectivity_candidate,False,0.0491065126
720575941631907052,L3,R,720575941469685771,-17,-9,connectivity_candidate,True,0.698582881
720575941632750060,L3,R,,,,unassigned,False,
720575941633754821,L3,R,720575941458307056,2,-5,connectivity_candidate,False,0.0330221461
720575941633791724,L3,R,720575941665198716,-12,-15,connectivity_candidate,False,0.416487004
720575941633817760,L3,R,720575941412540564,2,-9,connectivity_candidate,False,0.580223991
720575941635511227,L3,R,720575941604166390,-2,6,connectivity_candidate,False,0.0172683482
720575941639887221,L3,R,720575941439177183,-6,-14,connectivity_candidate,True,0.829898796
720575941641376287,L3,R,,,,unassigned,False,
720575941642185247,L3,R,720575941521708279,-6,-2,connectivity_candidate,False,0.0425696643
720575941644089957,L3,R,720575941568781562,-6,-12,connectivity_candidate,False,0.0240561015
720575941644818514,L3,R,,,,unassigned,False,
720575941644904865,L3,R,,,,unassigned,False,
720575941645068133,L3,R,720575941502324823,-7,-7,connectivity_candidate,False,0.0411690257
720575941645124296,L3,R,,,,unassigned,False,
720575941645642913,L3,R,720575941597071911,13,12,connectivity_candidate,False,0.0337588032
720575941645739128,L3,R,720575941591041591,6,1,connectivity_candidate,False,0.0346380972
720575941646382200,L3,R,720575941628460002,9,15,connectivity_candidate,False,0.0362244557
720575941647052232,L3,R,720575941573204893,1,8,connectivity_candidate,False,0.0271609587
720575941652532209,L3,R,720575941412673428,-11,0,connectivity_candidate,True,0.675888736
720575941652614933,L3,R,720575941576140809,-7,-13,connectivity_candidate,False,0.0197884705
720575941652631317,L3,R,,,,unassigned,False,
720575941653264113,L3,R,,,,unassigned,False,
720575941653271317,L3,R,720575941633116832,0,-10,connectivity_candidate,False,0.0212338199
720575941653279217,L3,R,720575941519515319,3,0,connectivity_candidate,False,0.034263281
720575941653359633,L3,R,720575941568671220,1,0,connectivity_candidate,False,0.0347488799
720575941654227185,L3,R,720575941505834546,-3,-6,connectivity_candidate,False,0.0333468418
720575941654239217,L3,R,720575941518916012,-8,-4,connectivity_candidate,False,0.0457130226
720575941654263569,L3,R,720575941460445599,-5,3,connectivity_candidate,False,0.0189074074
720575941655688665,L3,R,720575941480342914,-5,-6,connectivity_candidate,False,0.0370528164
720575941656194516,L3,R,720575941597459569,2,4,connectivity_candidate,False,0.0325642977
720575941656291028,L3,R,,,,unassigned,False,
720575941656368340,L3,R,720575941631305510,0,-3,connectivity_candidate,False,0.0340169745
720575941659429912,L3,R,720575941631045573,12,-4,connectivity_candidate,True,0.623667097
720575941659725392,L3,R,720575941448342197,-13,-12,connectivity_candidate,False,0.284715268
720575941659725648,L3,R,720575941498492800,-5,-7,connectivity_candidate,False,0.0355787506
720575941659776592,L3,R,720575941465397005,-5,-3,connectivity_candidate,False,0.0406742113
720575941659874384,L3,R,,,,unassigned,False,
720575941660436560,L3,R,720575941603733238,-1,-3,connectivity_candidate,False,0.0346430969
720575941660951888,L3,R,720575941660421712,-15,-6,connectivity_candidate,False,0.158707653
720575941663305784,L3,R,720575941555093275,7,3,connectivity_candidate,False,0.0340611116
720575941664006780,L3,R,720575941479379619,4,8,connectivity_candidate,False,0.0368612447
720575941664030076,L3,R,720575941609450729,-9,-14,connectivity_candidate,True,0.811951016
720575941664824956,L3,R,720575941584400094,-7,3,connectivity_candidate,False,0.494663451
720575941669056243,L3,R,,,,unassigned,False,
720575941669557235,L3,R,720575941541294109,0,11,connectivity_candidate,False,0.0353921869
720575941672699303,L3,R,720575941541095260,14,8,connectivity_candidate,False,0.0323836943
720575941680810173,L3,R,720575941525367140,4,0,connectivity_candidate,False,0.0344403457
720575941681796797,L3,R,720575941657495888,-10,-17,connectivity_candidate,True,0.823171631
720575941688472950,L3,R,,,,unassigned,False,
720575941688539766,L3,R,720575941585656710,2,12,connectivity_candidate,False,0.0344650066
720575941688681078,L3,R,720575941527571588,-4,6,connectivity_candidate,False,0.00903661671
720575941690129932,L3,R,720575941443056042,5,4,connectivity_candidate,False,0.0337205907
720575941690754968,L3,R,720575941591828990,-2,-9,connectivity_candidate,False,0.0263367019
720575941691451611,L3,R,720575941563672418,-5,1,connectivity_candidate,False,0.0407839234
720575941691510235,L3,R,720575941414533268,-13,-9,connectivity_candidate,False,0.284531131
720575941691530971,L3,R,720575941417731612,-3,-11,connectivity_candidate,False,0.0222381515
720575941691747480,L3,R,720575941527636902,3,8,connectivity_candidate,False,0.0326843467
720575941691952792,L3,R,720575941586249567,-9,1,connectivity_candidate,False,0.221649089
720575941692624091,L3,R,720575941494691527,4,11,connectivity_candidate,False,0.032247574
720575941703820506,L3,R,720575941522599243,-10,5,connectivity_candidate,False,0.495647828
720575941704502746,L3,R,720575941567990522,-8,-1,connectivity_candidate,False,0.0433178023
720575941704873434,L3,R,720575941469982475,-14,-9,connectivity_candidate,False,0.226892041
720575941723934266,L3,R,720575941546953049,-4,-4,connectivity_candidate,False,0.0378178896
720575941724008506,L3,R,720575941641668965,11,1,connectivity_candidate,False,0.0346243067
720575941734547499,L3,R,720575941545050217,9,6,connectivity_candidate,False,0.0332858181
720575941351504944,Mi4,R,720575941564910183,-11,7,connectivity_candidate,False,0.568386835
720575941351511088,Mi4,R,,,,unassigned,False,
720575941351888688,Mi4,R,720575941556770817,4,-3,connectivity_candidate,False,0.0352443854
720575941352598832,Mi4,R,720575941480342914,-5,-6,connectivity_candidate,False,0.0370528164
720575941354063408,Mi4,R,720575941432472751,-10,-12,connectivity_candidate,False,0.282805736
720575941391349252,Mi4,R,720575941406691375,-9,8,connectivity_candidate,False,0.612934469
720575941391519894,Mi4,R,720575941527571588,-4,6,connectivity_candidate,False,0.00903661671
720575941392163734,Mi4,R,,,,unassigned,False,
720575941393227414,Mi4,R,720575941525367140,4,0,connectivity_candidate,False,0.0344403457
720575941393358742,Mi4,R,720575941439177183,-6,-14,connectivity_candidate,True,0.829898796
720575941394021124,Mi4,R,720575941621403263,-3,-9,connectivity_candidate,False,0.027878265
720575941394945686,Mi4,R,720575941645335201,5,16,connectivity_candidate,False,0.381326173
720575941400230179,Mi4,R,720575941570713082,-12,3,connectivity_candidate,True,1.06452994
720575941401496867,Mi4,R,720575941656316628,11,-2,connectivity_candidate,False,0.045953253
720575941402910320,Mi4,R,,,,unassigned,False,
720575941402948464,Mi4,R,720575941612417299,2,-7,connectivity_candidate,False,0.0332274597
720575941403027568,Mi4,R,720575941616107417,-9,3,connectivity_candidate,False,0.494080226
720575941403207203,Mi4,R,720575941473329194,-5,-2,connectivity_candidate,False,0.0408378366
720575941403545379,Mi4,R,720575941552298523,12,15,connectivity_candidate,False,0.035763957
720575941405762928,Mi4,R,720575941631387845,12,4,connectivity_candidate,False,0.0334320038
720575941405871216,Mi4,R,720575941631045573,12,-4,connectivity_candidate,True,0.623667097
720575941406854959,Mi4,R,720575941439202322,-7,9,connectivity_candidate,False,0.505051437
720575941407956910,Mi4,R,720575941660370256,-6,-6,connectivity_candidate,False,0.0396655061
720575941408086063,Mi4,R,,,,unassigned,False,
720575941409214123,Mi4,R,720575941643394168,8,17,connectivity_candidate,False,0.40882507
720575941409760939,Mi4,R,,,,unassigned,False,
720575941411007855,Mi4,R,720575941584527838,5,7,connectivity_candidate,False,0.0334950471
720575941412165487,Mi4,R,720575941469797952,12,3,connectivity_candidate,False,0.0335409198
720575941412348587,Mi4,R,720575941433938976,10,-3,connectivity_candidate,False,0.0449937341
720575941412572564,Mi4,R,720575941603733238,-1,-3,connectivity_candidate,False,0.0346430969
720575941412619153,Mi4,R,720575941598922908,-8,7,connectivity_candidate,False,0.504283748
720575941412629649,Mi4,R,720575941517507032,-7,2,connectivity_candidate,False,0.72874331
720575941412712340,Mi4,R,720575941546351465,-3,9,connectivity_candidate,False,0.0396847782
720575941412805524,Mi4,R,720575941642378783,4,7,connectivity_candidate,False,0.0404079986
720575941412901009,Mi4,R,720575941609450729,-9,-14,connectivity_candidate,True,0.811951016
720575941414832924,Mi4,R,720575941513357379,11,12,connectivity_candidate,False,0.0329260581
720575941415164188,Mi4,R,720575941611517404,-2,3,connectivity_candidate,False,0.0249753224
720575941415654036,Mi4,R,720575941612307274,10,-6,connectivity_candidate,False,0.053016136
720575941415956508,Mi4,R,720575941631305510,0,-3,connectivity_candidate,False,0.0340169745
720575941416122516,Mi4,R,720575941434899086,-2,-12,connectivity_candidate,False,0.0947310233
720575941425979988,Mi4,R,720575941631390917,11,14,connectivity_candidate,False,0.0347094565
720575941426318164,Mi4,R,720575941479225423,-4,-6,connectivity_candidate,False,0.0356891409
720575941426597716,Mi4,R,720575941413964692,12,6,connectivity_candidate,False,0.0330160027
720575941428291412,Mi4,R,720575941644506488,10,3,connectivity_candidate,False,0.03325799
720575941429224111,Mi4,R,720575941579855481,6,-1,connectivity_candidate,False,0.0354773796
720575941429233839,Mi4,R,720575941505141015,1,13,connectivity_candidate,False,0.0408584203
720575941430157665,Mi4,R,720575941664277304,-1,11,connectivity_candidate,False,0.0373384356
720575941430580577,Mi4,R,720575941644001224,17,6,connectivity_candidate,False,0.0310300969
720575941430759895,Mi4,R,,,,unassigned,False,
720575941430838113,Mi4,R,720575941432166615,5,-5,connectivity_candidate,False,0.0385446407
720575941431206615,Mi4,R,720575941657951000,6,0,connectivity_candidate,False,0.0350253859
720575941431522830,Mi4,R,720575941478851552,-10,7,connectivity_candidate,True,0.577029107
720575941431631886,Mi4,R,720575941592052587,-8,-16,connectivity_candidate,True,0.827066546
720575941431646990,Mi4,R,720575941609096010,-6,-7,connectivity_candidate,False,0.0380146485
720575941431666529,Mi4,R,720575941472465015,12,1,connectivity_candidate,False,0.033630701
720575941431937784,Mi4,R,,,,unassigned,False,
720575941432352175,Mi4,R,720575941596955292,-4,10,connectivity_candidate,False,0.0390809597
720575941432455343,Mi4,R,720575941515334609,17,14,connectivity_candidate,False,0.0860829555
720575941432469935,Mi4,R,720575941443679951,1,-10,connectivity_candidate,False,0.0220829753
720575941432805513,Mi4,R,720575941537923354,7,-9,connectivity_candidate,False,0.174738711
720575941432937720,Mi4,R,720575941486238349,-3,-5,connectivity_candidate,False,0.0351974585
720575941433401559,Mi4,R,720575941413727599,-14,-3,connectivity_candidate,False,0.394343149
720575941433517527,Mi4,R,720575941527686054,12,12,connectivity_candidate,False,0.0337850055
720575941434291470,Mi4,R,720575941597095463,0,8,connectivity_candidate,False,0.0256877214
720575941436498318,Mi4,R,720575941425704276,-2,-14,connectivity_candidate,False,0.133870425
720575941436819756,Mi4,R,720575941439538523,1,5,connectivity_candidate,False,0.0302693572
720575941437001490,Mi4,R,720575941481651139,4,-11,connectivity_candidate,True,0.58785552
720575941437271826,Mi4,R,720575941604978105,-12,-6,connectivity_candidate,False,0.0640121652
720575941437297440,Mi4,R,720575941566509319,-7,-10,connectivity_candidate,False,0.0349023006
720575941437679423,Mi4,R,720575941512072145,-3,6,connectivity_candidate,False,0.0128903403
720575941437759788,Mi4,R,720575941484452674,4,-6,connectivity_candidate,False,0.0381789645
720575941437910751,Mi4,R,720575941555382611,-10,4,connectivity_candidate,False,0.495589799
720575941437978175,Mi4,R,720575941429600393,10,-4,connectivity_candidate,False,0.0467484981
720575941438185746,Mi4,R,720575941414646812,9,-7,connectivity_candidate,False,0.0566849353
720575941438808127,Mi4,R,720575941481257952,6,3,connectivity_candidate,False,0.0340858477
720575941438857535,Mi4,R,720575941490845132,-4,-12,connectivity_candidate,False,0.0221783604
720575941438858069,Mi4,R,720575941505591365,-4,-2,connectivity_candidate,False,0.0389768222
720575941439034079,Mi4,R,,,,unassigned,False,
720575941439058911,Mi4,R,720575941577676470,4,-7,connectivity_candidate,False,0.0395396502
720575941439080255,Mi4,R,720575941491148341,7,1,connectivity_candidate,False,0.0347638337
720575941439938767,Mi4,R,720575941412634769,-3,10,connectivity_candidate,False,0.0391189641
720575941439944911,Mi4,R,720575941533472088,-9,5,connectivity_candidate,False,0.500446219
720575941440009919,Mi4,R,720575941478880321,7,8,connectivity_candidate,False,0.033636198
720575941440415579,Mi4,R,720575941494354558,5,3,connectivity_candidate,False,0.0339347851
720575941440431055,Mi4,R,720575941391433732,-7,-2,connectivity_candidate,False,0.0442874685
720575941440617791,Mi4,R,720575941597278144,13,-1,connectivity_candidate,True,0.545970099
720575941440713695,Mi4,R,720575941554140755,14,9,connectivity_candidate,True,0.742237906
720575941440756703,Mi4,R,720575941581274613,6,13,connectivity_candidate,False,0.030915951
720575941440965979,Mi4,R,720575941617948543,0,-2,connectivity_candidate,False,0.0343654957
720575941441224927,Mi4,R,720575941443056042,5,4,connectivity_candidate,False,0.0337205907
720575941441346907,Mi4,R,720575941505662021,6,6,connectivity_candidate,False,0.0339137597
720575941441946709,Mi4,R,720575941494479047,-16,-7,connectivity_candidate,True,0.798195376
720575941442442175,Mi4,R,720575941439831503,-9,-9,connectivity_candidate,False,0.0480010493
720575941442552767,Mi4,R,720575941577715126,15,6,connectivity_candidate,False,0.0312743346
720575941443241386,Mi4,R,720575941531745155,4,9,connectivity_candidate,False,0.030614676
720575941446048532,Mi4,R,720575941438246188,-13,-5,connectivity_candidate,False,0.218754909
720575941446124458,Mi4,R,720575941475815466,-8,1,connectivity_candidate,False,0.336171647
720575941446368788,Mi4,R,720575941509499682,-4,8,connectivity_candidate,False,0.495795778
720575941446539540,Mi4,R,720575941465488406,15,5,connectivity_candidate,False,0.0321437819
720575941446738452,Mi4,R,720575941463572237,9,13,connectivity_candidate,False,0.0334139384
720575941447682741,Mi4,R,720575941613063910,-7,-3,connectivity_candidate,False,0.0437867443
720575941447794613,Mi4,R,720575941541294109,0,11,connectivity_candidate,False,0.0353921869
720575941448663901,Mi4,R,720575941730515243,-8,-10,connectivity_candidate,False,0.0317154652
720575941448667470,Mi4,R,720575941545862580,3,11,connectivity_candidate,False,0.0312125261
720575941448857422,Mi4,R,720575941555865764,7,18,connectivity_candidate,True,0.752583615
720575941449461838,Mi4,R,720575941589414028,4,2,connectivity_candidate,False,0.034077381
720575941450217294,Mi4,R,720575941531508867,3,-8,connectivity_candidate,False,0.0402598676
720575941450301262,Mi4,R,720575941409700526,11,13,connectivity_candidate,False,0.0301362066
720575941450327630,Mi4,R,720575941485989840,4,-12,connectivity_candidate,False,0.345467511
720575941450350458,Mi4,R,720575941704853722,12,0,connectivity_candidate,False,0.0330327176
720575941450734970,Mi4,R,720575941630627052,-10,-1,connectivity_candidate,True,0.531393905
720575941450854778,Mi4,R,720575941561374702,9,2,connectivity_candidate,False,0.0345482883
720575941450917213,Mi4,R,720575941511229906,-2,-10,connectivity_candidate,False,0.0230800217
720575941451163741,Mi4,R,720575941489741262,13,15,connectivity_candidate,False,0.0388749272
720575941451203677,Mi4,R,720575941441128895,8,2,connectivity_candidate,False,0.0343378806
720575941451334313,Mi4,R,720575941584400094,-7,3,connectivity_candidate,False,0.494663451
720575941451456169,Mi4,R,720575941603173310,-3,14,connectivity_candidate,False,0.417844545
720575941451685754,Mi4,R,,,,unassigned,False,
720575941451695226,Mi4,R,720575941563178338,-12,-1,connectivity_candidate,False,0.500395464
720575941451698042,Mi4,R,720575941471563584,6,-11,connectivity_candidate,False,0.423697904
720575941451831374,Mi4,R,720575941554651364,-11,6,connectivity_candidate,False,0.572872621
720575941452047438,Mi4,R,720575941701167578,-12,-8,connectivity_candidate,False,0.069122189
720575941452192846,Mi4,R,720575941485989328,-4,-7,connectivity_candidate,False,0.0332565896
720575941453037107,Mi4,R,720575941540598108,3,17,connectivity_candidate,True,1.16456226
720575941453073459,Mi4,R,720575941556721956,-9,2,connectivity_candidate,False,0.489453108
720575941453103667,Mi4,R,720575941400314659,1,12,connectivity_candidate,False,0.0357516645
720575941453142138,Mi4,R,720575941483405821,1,-15,connectivity_candidate,True,0.481842747
720575941454909933,Mi4,R,,,,unassigned,False,
720575941454991085,Mi4,R,720575941567990522,-8,-1,connectivity_candidate,False,0.0433178023
720575941455334893,Mi4,R,720575941476567611,-14,-11,connectivity_candidate,False,0.283502352
720575941456376883,Mi4,R,720575941454933485,-4,3,connectivity_candidate,False,0.0157959125
720575941456931824,Mi4,R,720575941592910550,-2,13,connectivity_candidate,False,0.0304943065
720575941457823647,Mi4,R,720575941461049811,-10,-2,connectivity_candidate,True,0.488726341
720575941457960685,Mi4,R,720575941502303319,12,17,connectivity_candidate,False,0.0408595583
720575941458180934,Mi4,R,720575941456842224,2,10,connectivity_candidate,False,0.0308837672
720575941458223600,Mi4,R,,,,unassigned,False,
720575941458475248,Mi4,R,720575941641866527,-5,-15,connectivity_candidate,True,0.840428567
720575941458905503,Mi4,R,720575941518916012,-8,-4,connectivity_candidate,False,0.0457130226
720575941459572435,Mi4,R,720575941624528236,9,19,connectivity_candidate,False,0.44517509
720575941459616070,Mi4,R,720575941484806662,3,-9,connectivity_candidate,False,0.044765413
720575941459750852,Mi4,R,720575941651072241,5,-9,connectivity_candidate,False,0.0449961744
720575941459781331,Mi4,R,720575941651625233,-10,-10,connectivity_candidate,True,0.942414257
720575941459899206,Mi4,R,720575941572094536,16,8,connectivity_candidate,False,0.0266089814
720575941460160415,Mi4,R,720575941460073200,-2,-6,connectivity_candidate,False,0.0326871888
720575941460273055,Mi4,R,720575941624553418,-14,-4,connectivity_candidate,True,0.785540768
720575941460288196,Mi4,R,720575941497486409,-12,-10,connectivity_candidate,False,0.275159678
720575941460309444,Mi4,R,720575941592180843,-3,0,connectivity_candidate,False,0.0367315506
720575941460456095,Mi4,R,720575941409603243,-9,-6,connectivity_candidate,False,0.0479111255
720575941460504208,Mi4,R,720575941553497427,6,18,connectivity_candidate,True,1.1857591
720575941460687248,Mi4,R,720575941628460002,9,15,connectivity_candidate,False,0.0362244557
720575941460715920,Mi4,R,720575941478882784,-4,9,connectivity_candidate,False,0.0417924997
720575941461091472,Mi4,R,720575941562128755,3,12,connectivity_candidate,False,0.0327732559
720575941461242820,Mi4,R,720575941479171151,1,-11,connectivity_candidate,False,0.0491240528
720575941461939213,Mi4,R,720575941468238045,1,14,connectivity_candidate,False,0.0513659772
720575941462137357,Mi4,R,720575941451143751,-10,2,connectivity_candidate,False,0.292475292
720575941462180496,Mi4,R,720575941506538881,-5,-14,connectivity_candidate,True,0.835147773
720575941462376915,Mi4,R,720575941572830473,-6,-10,connectivity_candidate,False,0.0310975217
720575941462443987,Mi4,R,,,,unassigned,False,
720575941463060932,Mi4,R,720575941577626705,-12,-11,connectivity_candidate,False,0.280173196
720575941463203216,Mi4,R,720575941564715879,-9,-10,connectivity_candidate,False,0.251558127
720575941463256845,Mi4,R,,,,unassigned,False,
720575941464185744,Mi4,R,,,,unassigned,False,
720575941464817421,Mi4,R,720575941497512161,-1,-8,connectivity_candidate,False,0.0277704164
720575941464844557,Mi4,R,720575941575252623,1,4,connectivity_candidate,False,0.0313771181
720575941464992013,Mi4,R,720575941597071911,13,12,connectivity_candidate,False,0.0337588032
720575941465015565,Mi4,R,720575941527904612,8,8,connectivity_candidate,False,0.035258318
720575941465396493,Mi4,R,720575941595287079,12,9,connectivity_candidate,False,0.0326204162
720575941465433174,Mi4,R,720575941514151171,-7,-15,connectivity_candidate,True,0.828407644
720575941466234198,Mi4,R,720575941547667644,-9,-11,connectivity_candidate,False,0.277746564
720575941467981789,Mi4,R,720575941498251426,2,5,connectivity_candidate,False,0.0323518925
720575941468003549,Mi4,R,720575941547969313,-7,11,connectivity_candidate,False,0.508204607
720575941469596171,Mi4,R,720575941593031308,9,17,connectivity_candidate,False,0.407433004
720575941469600022,Mi4,R,720575941394657174,-1,8,connectivity_candidate,False,0.0269141236
720575941469742347,Mi4,R,,,,unassigned,False,
720575941469815819,Mi4,R,720575941453514803,2,7,connectivity_candidate,False,0.0314752599
720575941469872247,Mi4,R,720575941410754415,-15,-13,connectivity_candidate,True,0.841198543
720575941469875063,Mi4,R,720575941517850072,-3,-1,connectivity_candidate,False,0.0376685339
720575941470091328,Mi4,R,720575941585656710,2,12,connectivity_candidate,False,0.0344650066
720575941470118667,Mi4,R,720575941434349326,-13,-8,connectivity_candidate,False,0.226075811
720575941470379584,Mi4,R,720575941433939744,-8,-5,connectivity_candidate,False,0.0448339924
720575941470451831,Mi4,R,720575941565156455,3,-7,connectivity_candidate,False,0.0366414054
720575941471183371,Mi4,R,720575941516476995,-1,-17,connectivity_candidate,False,0.253388155
720575941471969120,Mi4,R,720575941487859206,-3,8,connectivity_candidate,False,0.0397396908
720575941472295031,Mi4,R,720575941525675289,-6,9,connectivity_candidate,False,0.50526016
720575941472628832,Mi4,R,720575941643973576,16,12,connectivity_candidate,False,0.104518835
720575941472680971,Mi4,R,720575941537455843,3,5,connectivity_candidate,False,0.0332906611
720575941473143594,Mi4,R,720575941480585155,13,16,connectivity_candidate,False,0.0470423773
720575941473656635,Mi4,R,720575941497480417,-5,4,connectivity_candidate,False,0.00932430686
720575941474084650,Mi4,R,,,,unassigned,False,
720575941474320170,Mi4,R,720575941493582974,-4,-15,connectivity_candidate,False,0.134888746
720575941474823978,Mi4,R,720575941666651379,1,2,connectivity_candidate,False,0.0335966073
720575941474858555,Mi4,R,720575941405961584,-5,-11,connectivity_candidate,False,0.0266858973
720575941475008315,Mi4,R,720575941528138754,7,-2,connectivity_candidate,False,0.0371324826
720575941475678513,Mi4,R,720575941515756634,13,10,connectivity_candidate,False,0.0330607916
720575941475686961,Mi4,R,720575941686845964,-11,-3,connectivity_candidate,False,0.483768045
720575941475700545,Mi4,R,720575941552095515,10,-1,connectivity_candidate,False,0.0382857152
720575941475809566,Mi4,R,720575941528484280,-4,-1,connectivity_candidate,False,0.0394524512
720575941475819329,Mi4,R,720575941627322476,1,16,connectivity_candidate,True,0.896523389
720575941475830580,Mi4,R,720575941561371118,9,10,connectivity_candidate,False,0.0362829557
720575941475866154,Mi4,R,720575941475276347,-11,5,connectivity_candidate,False,0.572233734
720575941476003131,Mi4,R,720575941473907259,-5,5,connectivity_candidate,False,0.025175342
720575941476078913,Mi4,R,,,,unassigned,False,
720575941476531521,Mi4,R,720575941455158509,3,1,connectivity_candidate,False,0.0341832149
720575941476589674,Mi4,R,720575941478427444,5,-8,connectivity_candidate,False,0.0437900237
720575941476868638,Mi4,R,720575941527661444,11,-4,connectivity_candidate,False,0.0512909505
720575941476955969,Mi4,R,720575941475633438,8,3,connectivity_candidate,False,0.0340194745
720575941477052190,Mi4,R,720575941510331265,0,1,connectivity_candidate,False,0.0342545076
720575941478338356,Mi4,R,720575941687021580,-4,-3,connectivity_candidate,False,0.0386801662
720575941478344500,Mi4,R,720575941627788070,-6,11,connectivity_candidate,False,0.506292986
720575941478373681,Mi4,R,720575941615113113,-2,-16,connectivity_candidate,False,0.251684023
720575941478610912,Mi4,R,720575941479485263,5,9,connectivity_candidate,False,0.0348239361
720575941478664066,Mi4,R,720575941538908029,-7,5,connectivity_candidate,False,0.49453737
720575941478937140,Mi4,R,720575941541095260,14,8,connectivity_candidate,False,0.0323836943
720575941479161251,Mi4,R,720575941515021132,-17,-10,connectivity_candidate,True,0.660332764
720575941479379279,Mi4,R,720575941437574719,-7,4,connectivity_candidate,False,0.492907186
720575941479663779,Mi4,R,720575941415051292,6,9,connectivity_candidate,False,0.0330847976
720575941479779407,Mi4,R,720575941516205459,-5,-10,connectivity_candidate,False,0.028457001
720575941479890538,Mi4,R,720575941558453805,-14,-13,connectivity_candidate,True,0.84005628
720575941480375971,Mi4,R,720575941630132165,4,-8,connectivity_candidate,False,0.0430696338
720575941480464035,Mi4,R,720575941561391598,-6,-15,connectivity_candidate,True,0.835431434
720575941480500131,Mi4,R,720575941653223701,4,6,connectivity_candidate,False,0.0335789484
720575941481256066,Mi4,R,720575941556821540,-5,10,connectivity_candidate,False,0.08962233
720575941481530307,Mi4,R,720575941538985187,7,2,connectivity_candidate,False,0.0343482257
720575941481916614,Mi4,R,720575941471853152,2,-6,connectivity_candidate,False,0.0337788226
720575941482477135,Mi4,R,720575941482200962,8,-1,connectivity_candidate,False,0.0367840731
720575941482648995,Mi4,R,720575941561311603,-4,-8,connectivity_candidate,False,0.031649708
720575941483889094,Mi4,R,,,,unassigned,False,
720575941484320454,Mi4,R,,,,unassigned,False,
720575941484330438,Mi4,R,720575941602000569,12,-2,connectivity_candidate,False,0.052857621
720575941484449478,Mi4,R,720575941454843373,6,14,connectivity_candidate,False,0.0306648089
720575941484818829,Mi4,R,720575941592623400,8,18,connectivity_candidate,True,0.750423311
720575941484873658,Mi4,R,720575941484623682,8,15,connectivity_candidate,False,0.0377049539
720575941484990717,Mi4,R,720575941538631373,3,6,connectivity_candidate,False,0.0350274239
720575941485100038,Mi4,R,720575941519393203,9,14,connectivity_candidate,False,0.0343568367
720575941485111874,Mi4,R,720575941451301447,-5,-1,connectivity_candidate,False,0.0407650234
720575941485308557,Mi4,R,720575941634168005,1,-2,connectivity_candidate,False,0.0341400623
720575941485420797,Mi4,R,720575941527925688,-1,-5,connectivity_candidate,False,0.0330204043
720575941485934989,Mi4,R,720575941640854629,1,-7,connectivity_candidate,False,0.0306709727
720575941486269446,Mi4,R,720575941507636389,-6,-16,connectivity_candidate,True,0.842304416
720575941486297485,Mi4,R,720575941594234737,11,19,connectivity_candidate,False,0.0875857077
720575941486334928,Mi4,R,,,,unassigned,False,
720575941486501894,Mi4,R,720575941555093275,7,3,connectivity_candidate,False,0.0340611116
720575941486656208,Mi4,R,,,,unassigned,False,
720575941488626384,Mi4,R,720575941621794431,-1,-10,connectivity_candidate,False,0.0211916646
720575941488727349,Mi4,R,,,,unassigned,False,
720575941488942133,Mi4,R,720575941434529312,-6,-5,connectivity_candidate,False,0.0406947099
720575941489041353,Mi4,R,720575941489315273,-4,5,connectivity_candidate,False,0.00975209272
720575941489055952,Mi4,R,720575941591828990,-2,-9,connectivity_candidate,False,0.0263367019
720575941489350345,Mi4,R,720575941627910794,-8,-15,connectivity_candidate,True,0.825559696
720575941489766094,Mi4,R,720575941468502358,3,7,connectivity_candidate,False,0.0352365255
720575941489784777,Mi4,R,720575941604166390,-2,6,connectivity_candidate,False,0.0172683482
720575941489828046,Mi4,R,720575941498994505,-13,-11,connectivity_candidate,False,0.280984312
720575941490683596,Mi4,R,720575941457994566,10,0,connectivity_candidate,False,0.0358821679
720575941490697676,Mi4,R,720575941472912682,1,-3,connectivity_candidate,False,0.0338288094
720575941491357927,Mi4,R,720575941539187033,-3,-10,connectivity_candidate,False,0.0252710281
720575941491500464,Mi4,R,720575941525348429,0,13,connectivity_candidate,False,0.0431103135
720575941492037552,Mi4,R,720575941624209610,6,8,connectivity_candidate,False,0.0320668118
720575941492261326,Mi4,R,720575941559332111,0,-7,connectivity_candidate,False,0.0296437729
720575941493937790,Mi4,R,720575941591041591,6,1,connectivity_candidate,False,0.0346380972
720575941494255303,Mi4,R,720575941552210750,-6,1,connectivity_candidate,False,0.0353826571
720575941494430640,Mi4,R,720575941457289968,14,12,connectivity_candidate,False,0.033743084
720575941494849406,Mi4,R,720575941536418058,10,-2,connectivity_candidate,False,0.0424016266
720575941494941360,Mi4,R,720575941568024110,-17,-13,connectivity_candidate,True,0.844531764
720575941495454407,Mi4,R,,,,unassigned,False,
720575941495469696,Mi4,R,720575941502519383,-8,-18,connectivity_candidate,True,0.892458254
720575941495576263,Mi4,R,,,,unassigned,False,
720575941496045950,Mi4,R,720575941646621345,-2,-3,connectivity_candidate,False,0.0354532066
720575941496944763,Mi4,R,720575941412395179,5,8,connectivity_candidate,False,0.104714758
720575941497241417,Mi4,R,720575941479380131,-5,2,connectivity_candidate,False,0.0360359089
720575941497296327,Mi4,R,,,,unassigned,False,
720575941497310025,Mi4,R,720575941574059592,-6,2,connectivity_candidate,False,0.027191575
720575941497397729,Mi4,R,720575941508217111,1,11,connectivity_candidate,False,0.0339108884
720575941497544777,Mi4,R,720575941507086977,-5,-17,connectivity_candidate,True,0.855445351
720575941497736576,Mi4,R,720575941734554667,-3,-4,connectivity_candidate,False,0.0362837315
720575941500824482,Mi4,R,,,,unassigned,False,
720575941502187863,Mi4,R,720575941527515268,-9,6,connectivity_candidate,False,0.505163525
720575941502394091,Mi4,R,720575941567370343,-6,0,connectivity_candidate,False,0.0409406413
720575941502856242,Mi4,R,720575941660942928,-2,9,connectivity_candidate,False,0.03416314
720575941504256306,Mi4,R,720575941497802658,3,2,connectivity_candidate,False,0.0340441711
720575941504341052,Mi4,R,720575941471509213,1,15,connectivity_candidate,False,0.037478919
720575941504380069,Mi4,R,720575941436543788,2,13,connectivity_candidate,False,0.0378435908
720575941504401317,Mi4,R,720575941687282294,5,15,connectivity_candidate,False,0.414758824
720575941504824663,Mi4,R,720575941557647070,-6,-9,connectivity_candidate,False,0.0334002515
720575941504897189,Mi4,R,720575941478225376,-9,-13,connectivity_candidate,True,0.805178341
720575941505312535,Mi4,R,720575941613749933,10,14,connectivity_candidate,False,0.0339054695
720575941505399019,Mi4,R,,,,unassigned,False,
720575941505429317,Mi4,R,720575941624453484,-7,1,connectivity_candidate,False,0.0426084463
720575941505864386,Mi4,R,720575941689192204,-14,-5,connectivity_candidate,True,0.781588701
720575941505942949,Mi4,R,720575941507180894,-1,1,connectivity_candidate,False,0.033194404
720575941506365975,Mi4,R,720575941417731612,-3,-11,connectivity_candidate,False,0.0222381515
720575941506504994,Mi4,R,720575941690137612,7,15,connectivity_candidate,False,0.0309184895
720575941506638465,Mi4,R,720575941548757364,-6,3,connectivity_candidate,False,0.484488916
720575941506645086,Mi4,R,720575941563768071,14,17,connectivity_candidate,True,0.971340227
720575941506758469,Mi4,R,720575941534756184,-4,-11,connectivity_candidate,False,0.0245598002
720575941506785093,Mi4,R,720575941543901532,-2,1,connectivity_candidate,False,0.0334846065
720575941506791959,Mi4,R,720575941624207980,8,-8,connectivity_candidate,False,0.0732429452
720575941506820165,Mi4,R,720575941661981052,-4,-13,connectivity_candidate,False,0.0990069919
720575941506827554,Mi4,R,720575941509819777,6,15,connectivity_candidate,False,0.410825989
720575941506835269,Mi4,R,720575941558027791,7,-3,connectivity_candidate,False,0.0386428992
720575941507126878,Mi4,R,720575941618370431,-8,-17,connectivity_candidate,True,0.833876957
720575941507128866,Mi4,R,720575941558535844,-15,-14,connectivity_candidate,False,0.331955548
720575941507161182,Mi4,R,720575941558454031,6,-8,connectivity_candidate,False,0.0443337487
720575941507253121,Mi4,R,720575941526337958,-11,-6,connectivity_candidate,False,0.0584562324
720575941507268190,Mi4,R,720575941618799487,5,1,connectivity_candidate,False,0.0344119066
720575941507495484,Mi4,R,720575941540868125,-14,-14,connectivity_candidate,False,0.335376271
720575941507996732,Mi4,R,720575941496367227,6,-10,connectivity_candidate,False,0.224637175
720575941508005445,Mi4,R,720575941515708921,-3,-2,connectivity_candidate,False,0.0378700716
720575941508265495,Mi4,R,720575941448601181,-8,6,connectivity_candidate,False,0.501253387
720575941508455749,Mi4,R,720575941456101535,7,7,connectivity_candidate,False,0.0343263325
720575941508536848,Mi4,R,720575941533144042,-4,7,connectivity_candidate,False,0.489246633
720575941508604695,Mi4,R,720575941547774652,-15,-7,connectivity_candidate,False,0.149963676
720575941508707856,Mi4,R,720575941606083949,-16,-15,connectivity_candidate,True,1.32321485
720575941509058338,Mi4,R,720575941450991797,-1,10,connectivity_candidate,False,0.0356016086
720575941509176592,Mi4,R,720575941459586500,-7,0,connectivity_candidate,True,1.00550592
720575941509227730,Mi4,R,720575941519515319,3,0,connectivity_candidate,False,0.034263281
720575941509633314,Mi4,R,,,,unassigned,False,
720575941510303617,Mi4,R,720575941443656874,-9,-5,connectivity_candidate,False,0.0489585023
720575941510974930,Mi4,R,720575941457317360,-6,-13,connectivity_candidate,False,0.0229977872
720575941512043985,Mi4,R,720575941391584150,-1,13,connectivity_candidate,False,0.0349117215
720575941512287248,Mi4,R,720575941557879567,-16,-5,connectivity_candidate,True,0.771469008
720575941512381394,Mi4,R,720575941627706523,-12,5,connectivity_candidate,False,0.617459991
720575941512449489,Mi4,R,720575941578154833,-6,-4,connectivity_candidate,False,0.0415831138
720575941512565458,Mi4,R,720575941553699355,13,7,connectivity_candidate,False,0.0327339234
720575941512990418,Mi4,R,720575941606164589,-11,-17,connectivity_candidate,True,0.821420694
720575941513218115,Mi4,R,720575941450209914,9,16,connectivity_candidate,False,0.0377884014
720575941513751875,Mi4,R,720575941549781620,-14,-12,connectivity_candidate,False,0.285649791
720575941513835779,Mi4,R,720575941504728892,8,16,connectivity_candidate,False,0.406840539
720575941514166371,Mi4,R,720575941611660390,-8,-14,connectivity_candidate,True,0.820711304
720575941514516826,Mi4,R,720575941538904701,-8,-7,connectivity_candidate,False,0.0438989917
720575941514584835,Mi4,R,,,,unassigned,False,
720575941514718969,Mi4,R,720575941592052075,-7,-1,connectivity_candidate,False,0.0456825956
720575941514736730,Mi4,R,720575941413302164,-7,-18,connectivity_candidate,True,0.847257559
720575941514873434,Mi4,R,720575941497416009,4,-4,connectivity_candidate,False,0.0357548385
720575941515027555,Mi4,R,720575941497811399,9,7,connectivity_candidate,False,0.0336684682
720575941515208963,Mi4,R,720575941525815652,6,-4,connectivity_candidate,False,0.0385791841
720575941515217507,Mi4,R,720575941532348619,11,2,connectivity_candidate,False,0.0344335002
720575941515660281,Mi4,R,720575941597459569,2,4,connectivity_candidate,False,0.0325642977
720575941515674458,Mi4,R,720575941482276943,5,-12,connectivity_candidate,True,0.899174603
720575941516547950,Mi4,R,720575941505512471,9,12,connectivity_candidate,False,0.0335156669
720575941516861443,Mi4,R,720575941646511560,-16,-11,connectivity_candidate,False,0.284591282
720575941516916995,Mi4,R,720575941507976226,-4,-18,connectivity_candidate,False,0.275897225
720575941516935171,Mi4,R,720575941448504654,15,3,connectivity_candidate,False,0.0312561628
720575941517034924,Mi4,R,720575941475215675,0,12,connectivity_candidate,False,0.0386668509
720575941517128707,Mi4,R,720575941514712979,11,11,connectivity_candidate,False,0.0325702656
720575941517211226,Mi4,R,720575941503397099,-13,-4,connectivity_candidate,True,0.876110694
720575941517498284,Mi4,R,720575941507967548,-10,-19,connectivity_candidate,True,0.972282918
720575941517799258,Mi4,R,720575941666782707,14,18,connectivity_candidate,False,0.0579458977
720575941517806958,Mi4,R,720575941439665938,-4,1,connectivity_candidate,False,0.0410258836
720575941517810030,Mi4,R,720575941559579693,-2,11,connectivity_candidate,False,0.0403303485
720575941517818458,Mi4,R,720575941550683425,0,-13,connectivity_candidate,False,0.151248246
720575941517849004,Mi4,R,720575941473378090,8,-4,connectivity_candidate,False,0.0417653075
720575941517881966,Mi4,R,720575941520867767,5,11,connectivity_candidate,False,0.032751158
720575941518065624,Mi4,R,720575941516859139,3,-4,connectivity_candidate,False,0.0344735265
720575941518421164,Mi4,R,720575941660054552,14,3,connectivity_candidate,False,0.0351580124
720575941519165550,Mi4,R,720575941618628309,4,-9,connectivity_candidate,False,0.0452882441
720575941519182446,Mi4,R,720575941469633911,2,-12,connectivity_candidate,True,0.668576923
720575941519354803,Mi4,R,720575941602025769,4,10,connectivity_candidate,False,0.0297039771
720575941519719091,Mi4,R,720575941597070119,18,9,connectivity_candidate,True,1.00489097
720575941520241580,Mi4,R,720575941634984379,-2,-8,connectivity_candidate,False,0.0286602298
720575941520682712,Mi4,R,720575941522790839,-15,-5,connectivity_candidate,True,1.04173204
720575941522308427,Mi4,R,720575941583036793,7,16,connectivity_candidate,False,0.411624797
720575941522436427,Mi4,R,720575941475297054,8,13,connectivity_candidate,False,0.0331420326
720575941522764107,Mi4,R,720575941482337359,-5,-4,connectivity_candidate,False,0.0397745319
720575941522809079,Mi4,R,720575941533932554,2,-10,connectivity_candidate,False,0.0471728925
720575941522873079,Mi4,R,720575941436428332,12,14,connectivity_candidate,False,0.0378605871
720575941523013111,Mi4,R,,,,unassigned,False,
720575941523607627,Mi4,R,,,,unassigned,False,
720575941523726155,Mi4,R,720575941572228091,2,-4,connectivity_candidate,False,0.0336921091
720575941524985346,Mi4,R,720575941573204893,1,8,connectivity_candidate,False,0.0271609587
720575941525043812,Mi4,R,720575941460445599,-5,3,connectivity_candidate,False,0.0189074074
720575941525053284,Mi4,R,720575941484706626,7,9,connectivity_candidate,False,0.0320296611
720575941525065474,Mi4,R,720575941527985592,3,16,connectivity_candidate,True,0.813540876
720575941525161828,Mi4,R,720575941533964993,-10,1,connectivity_candidate,True,0.626947807
720575941525278308,Mi4,R,720575941469685312,-11,4,connectivity_candidate,True,1.09055081
720575941525349197,Mi4,R,720575941612985318,-15,-9,connectivity_candidate,False,0.291236465
720575941525397506,Mi4,R,720575941638886943,-8,-3,connectivity_candidate,False,0.0463705731
720575941525628747,Mi4,R,720575941539529950,-1,0,connectivity_candidate,False,0.0350835068
720575941525699842,Mi4,R,720575941605566573,-8,-12,connectivity_candidate,True,0.808472758
720575941525880486,Mi4,R,720575941514175747,-13,-10,connectivity_candidate,False,0.28002066
720575941527542553,Mi4,R,720575941692184216,9,-4,connectivity_candidate,False,0.0443246678
720575941527820109,Mi4,R,720575941478439220,-12,-14,connectivity_candidate,False,0.345755744
720575941527899012,Mi4,R,720575941486432006,10,10,connectivity_candidate,False,0.0301926046
720575941527946009,Mi4,R,720575941463417284,10,8,connectivity_candidate,False,0.0320968781
720575941528127416,Mi4,R,720575941624573339,13,14,connectivity_candidate,False,0.0374911473
720575941528821892,Mi4,R,720575941462650579,14,0,connectivity_candidate,False,0.186855084
720575941529337272,Mi4,R,720575941576140809,-7,-13,connectivity_candidate,False,0.0197884705
720575941529425355,Mi4,R,720575941701684186,10,12,connectivity_candidate,False,0.0331583443
720575941529973451,Mi4,R,720575941521042611,2,6,connectivity_candidate,False,0.0317720492
720575941530595787,Mi4,R,720575941601980406,0,-5,connectivity_candidate,False,0.0325046513
720575941530621413,Mi4,R,,,,unassigned,False,
720575941530686437,Mi4,R,720575941476051764,-9,0,connectivity_candidate,False,0.377035333
720575941531128805,Mi4,R,720575941394870422,-7,-16,connectivity_candidate,True,0.832873548
720575941531194040,Mi4,R,,,,unassigned,False,
720575941531644547,Mi4,R,720575941556789796,7,14,connectivity_candidate,False,0.0313318805
720575941532957643,Mi4,R,720575941486259778,10,1,connectivity_candidate,False,0.0351520397
720575941533057923,Mi4,R,720575941566408295,-6,5,connectivity_candidate,False,0.490135216
720575941533516010,Mi4,R,720575941522599243,-10,5,connectivity_candidate,False,0.495647828
720575941534281153,Mi4,R,720575941493070567,-11,1,connectivity_candidate,False,0.259438734
720575941534674458,Mi4,R,720575941522504627,-2,8,connectivity_candidate,False,0.0265082524
720575941534748082,Mi4,R,720575941559641359,13,0,connectivity_candidate,False,0.0273726972
720575941535265290,Mi4,R,720575941567723378,0,-8,connectivity_candidate,False,0.0275318444
720575941536000995,Mi4,R,720575941560626158,-4,2,connectivity_candidate,False,0.0141860304
720575941536189106,Mi4,R,720575941481743546,-16,-12,connectivity_candidate,False,0.280456926
720575941536214810,Mi4,R,720575941552099355,7,-7,connectivity_candidate,False,0.0452710748
720575941536264730,Mi4,R,720575941535047706,3,-12,connectivity_candidate,True,0.623795428
720575941536506858,Mi4,R,720575941733917739,12,18,connectivity_candidate,False,0.0371990167
720575941536518634,Mi4,R,720575941627206299,-14,-1,connectivity_candidate,False,0.362104557
720575941536674738,Mi4,R,720575941487329232,12,2,connectivity_candidate,False,0.033808038
720575941536943850,Mi4,R,720575941734556459,6,16,connectivity_candidate,False,0.425117988
720575941537057770,Mi4,R,720575941507007036,-10,-4,connectivity_candidate,False,0.0534091226
720575941537154965,Mi4,R,720575941534548506,1,-9,connectivity_candidate,False,0.0256138479
720575941537176330,Mi4,R,720575941641867807,-11,-10,connectivity_candidate,False,0.277043169
720575941537178851,Mi4,R,720575941625323772,13,2,connectivity_candidate,False,0.0332093547
720575941537182218,Mi4,R,720575941665198716,-12,-15,connectivity_candidate,False,0.416487004
720575941537216193,Mi4,R,720575941689155823,11,5,connectivity_candidate,False,0.0332388165
720575941537692698,Mi4,R,720575941540122005,-4,-5,connectivity_candidate,False,0.0367141832
720575941537902834,Mi4,R,720575941448506446,4,-5,connectivity_candidate,False,0.0363103083
720575941537949333,Mi4,R,720575941563883318,-17,-12,connectivity_candidate,True,0.4863545
720575941538696853,Mi4,R,,,,unassigned,False,
720575941538711784,Mi4,R,720575941629225017,14,15,connectivity_candidate,True,0.970080449
720575941539037309,Mi4,R,,,,unassigned,False,
720575941539100285,Mi4,R,720575941493771390,-14,-16,connectivity_candidate,False,0.323907701
720575941540007117,Mi4,R,,,,unassigned,False,
720575941540232397,Mi4,R,720575941502117719,6,10,connectivity_candidate,False,0.0337560648
720575941540301717,Mi4,R,720575941632083180,7,5,connectivity_candidate,False,0.0339017548
720575941540451826,Mi4,R,720575941634143173,9,5,connectivity_candidate,False,0.0334625102
720575941540475378,Mi4,R,720575941555258276,-9,-12,connectivity_candidate,False,0.280775203
720575941540683868,Mi4,R,720575941514086393,1,9,connectivity_candidate,False,0.0290843968
720575941540690012,Mi4,R,720575941600258345,0,14,connectivity_candidate,False,0.0379167919
720575941540923933,Mi4,R,720575941586249567,-9,1,connectivity_candidate,False,0.221649089
720575941540971293,Mi4,R,720575941654374673,10,16,connectivity_candidate,False,0.0364813779
720575941541098269,Mi4,R,720575941534061322,-8,9,connectivity_candidate,False,0.505359933
720575941541240668,Mi4,R,720575941538268392,14,13,connectivity_candidate,False,0.0337950971
720575941541560445,Mi4,R,720575941517395449,3,3,connectivity_candidate,False,0.0335822276
720575941541564541,Mi4,R,720575941494943664,1,3,connectivity_candidate,False,0.0325137023
720575941541568125,Mi4,R,720575941541150300,5,12,connectivity_candidate,False,0.0296447496
720575941541825884,Mi4,R,720575941443050922,5,-4,connectivity_candidate,False,0.03693665
720575941542180188,Mi4,R,720575941479810154,3,-3,connectivity_candidate,False,0.0342891797
720575941543187717,Mi4,R,720575941475434289,13,19,connectivity_candidate,False,0.0455080837
720575941543868252,Mi4,R,720575941517066083,4,-10,connectivity_candidate,False,0.0465816682
720575941544062981,Mi4,R,720575941532005763,9,0,connectivity_candidate,False,0.0361126933
720575941544389212,Mi4,R,720575941528563801,-4,-9,connectivity_candidate,False,0.0295438984
720575941544400413,Mi4,R,720575941533946890,0,-4,connectivity_candidate,False,0.0333471266
720575941544677481,Mi4,R,720575941619635071,13,13,connectivity_candidate,False,0.0349934811
720575941545388988,Mi4,R,720575941540332693,1,-5,connectivity_candidate,False,0.0323803916
720575941545978300,Mi4,R,720575941467371030,5,-2,connectivity_candidate,False,0.0354516474
720575941545999109,Mi4,R,720575941496376443,-6,4,connectivity_candidate,False,0.490150397
720575941546166204,Mi4,R,720575941632918242,-10,0,connectivity_candidate,True,0.625607226
720575941546611848,Mi4,R,720575941517727960,11,18,connectivity_candidate,False,0.0354193036
720575941546889608,Mi4,R,,,,unassigned,False,
720575941547542920,Mi4,R,720575941555872164,7,0,connectivity_candidate,False,0.0353624311
720575941547591457,Mi4,R,720575941584492510,10,15,connectivity_candidate,False,0.0346246973
720575941547832425,Mi4,R,720575941587555652,16,15,connectivity_candidate,True,1.02373564
720575941547836552,Mi4,R,720575941471891552,7,-4,connectivity_candidate,False,0.039648477
720575941548237172,Mi4,R,720575941505806386,-7,-9,connectivity_candidate,False,0.0346172391
720575941548401332,Mi4,R,720575941558033828,7,10,connectivity_candidate,False,0.0328981002
720575941548465213,Mi4,R,720575941689926156,-7,-17,connectivity_candidate,True,0.84089863
720575941548501821,Mi4,R,720575941451980922,-6,-3,connectivity_candidate,False,0.0421605189
720575941548611444,Mi4,R,720575941502315095,-9,-7,connectivity_candidate,False,0.0463684642
720575941548826145,Mi4,R,720575941553027719,-1,-2,connectivity_candidate,False,0.0351873941
720575941549098120,Mi4,R,720575941629967084,10,9,connectivity_candidate,False,0.0308639499
720575941549563197,Mi4,R,720575941641668965,11,1,connectivity_candidate,False,0.0346243067
720575941550705214,Mi4,R,720575941525677337,-3,11,connectivity_candidate,False,0.0352441748
720575941550713889,Mi4,R,720575941494706814,-12,0,connectivity_candidate,False,0.455208191
720575941550823457,Mi4,R,720575941584460934,5,-1,connectivity_candidate,False,0.0350855657
720575941550968893,Mi4,R,,,,unassigned,False,
720575941551325556,Mi4,R,720575941556774401,-16,-6,connectivity_candidate,True,0.797681783
720575941551984775,Mi4,R,720575941605633782,-12,-3,connectivity_candidate,False,0.227832909
720575941552042046,Mi4,R,720575941626057529,-3,-12,connectivity_candidate,False,0.0879760523
720575941552411931,Mi4,R,720575941512359500,-8,10,connectivity_candidate,True,1.11539783
720575941552444314,Mi4,R,720575941400313891,4,16,connectivity_candidate,True,0.821653428
720575941552772123,Mi4,R,720575941469982475,-14,-9,connectivity_candidate,False,0.226892041
720575941553323547,Mi4,R,720575941579146741,7,4,connectivity_candidate,False,0.0339047826
720575941553448705,Mi4,R,720575941624475274,-7,8,connectivity_candidate,False,0.504098325
720575941553748225,Mi4,R,720575941500492427,-8,-8,connectivity_candidate,False,0.0438798663
720575941553769534,Mi4,R,720575941593317590,-6,-11,connectivity_candidate,False,0.0272314712
720575941553780542,Mi4,R,720575941609987817,0,10,connectivity_candidate,False,0.0332087408
720575941553803803,Mi4,R,720575941618401919,-1,2,connectivity_candidate,False,0.0312479506
720575941554246810,Mi4,R,720575941513643587,-3,5,connectivity_candidate,False,0.0164277933
720575941554302948,Mi4,R,,,,unassigned,False,
720575941554491364,Mi4,R,720575941505725490,14,16,connectivity_candidate,False,0.0390355563
720575941554812673,Mi4,R,720575941503968962,7,-6,connectivity_candidate,False,0.0439410461
720575941554982739,Mi4,R,720575941479236943,9,-5,connectivity_candidate,False,0.0459781059
720575941555039515,Mi4,R,720575941542903301,-8,-13,connectivity_candidate,True,0.812737139
720575941555633572,Mi4,R,720575941447834549,-2,15,connectivity_candidate,False,0.412008215
720575941555776154,Mi4,R,,,,unassigned,False,
720575941555911140,Mi4,R,720575941576632463,0,3,connectivity_candidate,False,0.0308244143
720575941556292691,Mi4,R,720575941442585691,-3,13,connectivity_candidate,False,0.431304369
720575941556559361,Mi4,R,720575941476532074,6,-6,connectivity_candidate,False,0.0419614371
720575941556650241,Mi4,R,720575941415753361,-10,-15,connectivity_candidate,True,0.816374887
720575941556734686,Mi4,R,720575941467830493,-1,-9,connectivity_candidate,False,0.0249614893
720575941556856612,Mi4,R,720575941574611638,-2,-1,connectivity_candidate,False,0.0365024056
720575941556877057,Mi4,R,720575941568781562,-6,-12,connectivity_candidate,False,0.0240561015
720575941557342436,Mi4,R,720575941505589669,8,1,connectivity_candidate,False,0.0349639475
720575941557771556,Mi4,R,720575941535433394,-3,-13,connectivity_candidate,False,0.103099935
720575941557979172,Mi4,R,720575941497810082,12,-1,connectivity_candidate,False,0.0462283629
720575941558215183,Mi4,R,720575941479379619,4,8,connectivity_candidate,False,0.0368612447
720575941558475246,Mi4,R,720575941437783007,-8,2,connectivity_candidate,False,0.15722166
720575941558665124,Mi4,R,720575941575841800,-13,1,connectivity_candidate,True,1.13281837
720575941558988659,Mi4,R,720575941469976587,-8,-6,connectivity_candidate,False,0.0439943312
720575941559629092,Mi4,R,720575941460315792,-13,0,connectivity_candidate,True,1.12714627
720575941559904045,Mi4,R,720575941408270383,-10,-5,connectivity_candidate,False,0.0517747626
720575941561142254,Mi4,R,720575941443054506,10,7,connectivity_candidate,False,0.0328323584
720575941561261806,Mi4,R,720575941555607460,6,11,connectivity_candidate,False,0.0333869745
720575941561648755,Mi4,R,720575941464858381,10,-7,connectivity_candidate,False,0.0552292536
720575941561682926,Mi4,R,720575941440821215,9,-1,connectivity_candidate,False,0.0373022447
720575941562111091,Mi4,R,,,,unassigned,False,
720575941562758824,Mi4,R,720575941626518073,0,-11,connectivity_candidate,False,0.0167497743
720575941563720850,Mi4,R,720575941491435184,2,-11,connectivity_candidate,False,0.0530615449
720575941563786338,Mi4,R,720575941600187945,8,7,connectivity_candidate,False,0.0347463044
720575941563913106,Mi4,R,720575941538876565,6,2,connectivity_candidate,False,0.0342421864
720575941563999383,Mi4,R,720575941429638904,-5,7,connectivity_candidate,False,0.492790996
720575941564366504,Mi4,R,,,,unassigned,False,
720575941564615687,Mi4,R,720575941489482700,-3,-14,connectivity_candidate,False,0.129935343
720575941564735286,Mi4,R,720575941449465108,-8,-2,connectivity_candidate,False,0.0461804587
720575941564758887,Mi4,R,720575941452073038,0,-9,connectivity_candidate,False,0.0242699593
720575941564849415,Mi4,R,720575941482588611,-1,-12,connectivity_candidate,False,0.131650586
720575941564872850,Mi4,R,720575941502111575,16,13,connectivity_candidate,True,0.991874363
720575941564877319,Mi4,R,720575941562073234,7,6,connectivity_candidate,False,0.0341919565
720575941564880226,Mi4,R,720575941660131096,10,-5,connectivity_candidate,False,0.0495098015
720575941564923239,Mi4,R,720575941627340443,8,11,connectivity_candidate,False,0.0335218129
720575941564960663,Mi4,R,720575941425705812,3,-6,connectivity_candidate,False,0.0354907605
720575941565070695,Mi4,R,720575941512312017,-12,4,connectivity_candidate,False,0.569055916
720575941565198743,Mi4,R,720575941612550633,4,-1,connectivity_candidate,False,0.0346484651
720575941565254290,Mi4,R,720575941416290844,-2,0,connectivity_candidate,False,0.0361491461
720575941566185314,Mi4,R,720575941512360268,9,18,connectivity_candidate,False,0.410094712
720575941566220391,Mi4,R,720575941653479129,8,-5,connectivity_candidate,False,0.0438185831
720575941566380846,Mi4,R,720575941660960568,-5,8,connectivity_candidate,False,0.496763252
720575941566503470,Mi4,R,720575941482128058,-13,2,connectivity_candidate,False,0.160832968
720575941566656098,Mi4,R,,,,unassigned,False,
720575941567092322,Mi4,R,720575941591626859,-1,-11,connectivity_candidate,False,0.0152096191
720575941567929332,Mi4,R,720575941576179464,-3,3,connectivity_candidate,False,0.0199258668
720575941568054386,Mi4,R,720575941556959059,-4,11,connectivity_candidate,False,0.0332824122
720575941568064725,Mi4,R,720575941536250851,2,-13,connectivity_candidate,True,0.484617759
720575941568148583,Mi4,R,720575941394040836,-1,-13,connectivity_candidate,False,0.1396439
720575941568207730,Mi4,R,,,,unassigned,False,
720575941568284274,Mi4,R,720575941533677400,-6,-1,connectivity_candidate,False,0.0425077687
720575941568689402,Mi4,R,720575941458307056,2,-5,connectivity_candidate,False,0.0330221461
720575941569013106,Mi4,R,720575941546102617,2,2,connectivity_candidate,False,0.0338502601
720575941570610164,Mi4,R,720575941601796905,17,8,connectivity_candidate,False,0.026693969
720575941571003550,Mi4,R,720575941657495888,-10,-17,connectivity_candidate,True,0.823171631
720575941571128690,Mi4,R,,,,unassigned,False,
720575941571571272,Mi4,R,720575941624509083,-5,11,connectivity_candidate,False,0.107852391
720575941571770440,Mi4,R,720575941523141043,-1,15,connectivity_candidate,False,0.318519918
720575941572059294,Mi4,R,720575941575831990,6,-7,connectivity_candidate,False,0.043487033
720575941572127646,Mi4,R,720575941412981931,0,2,connectivity_candidate,False,0.0327826938
720575941572332027,Mi4,R,720575941640941429,0,9,connectivity_candidate,False,0.029233106
720575941572476936,Mi4,R,720575941517264131,8,14,connectivity_candidate,False,0.0339827844
720575941572793083,Mi4,R,720575941573039368,-10,-6,connectivity_candidate,False,0.0516566559
720575941572925947,Mi4,R,720575941536251619,-15,-16,connectivity_candidate,True,1.30446756
720575941573027080,Mi4,R,720575941592049259,-9,-17,connectivity_candidate,True,0.826510163
720575941573223069,Mi4,R,720575941536942834,-7,-8,connectivity_candidate,False,0.0388252642
720575941573607675,Mi4,R,720575941635133627,11,8,connectivity_candidate,False,0.0324672864
720575941573713659,Mi4,R,,,,unassigned,False,
720575941573775262,Mi4,R,720575941475226976,5,6,connectivity_candidate,False,0.0333338976
720575941574065416,Mi4,R,720575941498492800,-5,-7,connectivity_candidate,False,0.0355787506
720575941574203830,Mi4,R,720575941613897881,-1,5,connectivity_candidate,False,0.0241202132
720575941574341789,Mi4,R,720575941514734915,8,-3,connectivity_candidate,False,0.0395051371
720575941574444296,Mi4,R,720575941545050217,9,6,connectivity_candidate,False,0.0332858181
720575941574514760,Mi4,R,720575941544503581,-12,-2,connectivity_candidate,False,0.694133303
720575941574631325,Mi4,R,720575941595233925,15,4,connectivity_candidate,False,0.033106036
720575941574660790,Mi4,R,720575941610710118,-9,-15,connectivity_candidate,True,0.820181495
720575941574742632,Mi4,R,720575941509572702,5,13,connectivity_candidate,False,0.0301970937
720575941574865000,Mi4,R,720575941494691527,4,11,connectivity_candidate,False,0.032247574
720575941574872719,Mi4,R,720575941579235061,-4,-16,connectivity_candidate,False,0.127473099
720575941575074447,Mi4,R,720575941403214115,-3,1,connectivity_candidate,False,0.0342128483
720575941575406344,Mi4,R,,,,unassigned,False,
720575941575416424,Mi4,R,,,,unassigned,False,
720575941575417851,Mi4,R,720575941625608394,7,-10,connectivity_candidate,False,0.427626336
720575941575465832,Mi4,R,720575941412540564,2,-9,connectivity_candidate,False,0.580223991
720575941575731721,Mi4,R,720575941528110681,-5,-8,connectivity_candidate,False,0.0335861779
720575941576724825,Mi4,R,720575941509188050,6,-3,connectivity_candidate,False,0.037134337
720575941576775094,Mi4,R,720575941503372171,1,-1,connectivity_candidate,False,0.0344206411
720575941576811097,Mi4,R,720575941403213936,0,16,connectivity_candidate,True,0.897806734
720575941577651048,Mi4,R,,,,unassigned,False,
720575941577714024,Mi4,R,720575941353990960,2,3,connectivity_candidate,False,0.033322301
720575941577833041,Mi4,R,720575941459725267,3,14,connectivity_candidate,False,0.0663008527
720575941578090856,Mi4,R,720575941506798686,-9,-1,connectivity_candidate,True,0.577887826
720575941579419125,Mi4,R,720575941594915367,11,0,connectivity_candidate,False,0.0333476914
720575941579660121,Mi4,R,720575941414646044,8,-7,connectivity_candidate,False,0.0627845902
720575941580011641,Mi4,R,720575941433734542,3,9,connectivity_candidate,False,0.0302880061
720575941580357753,Mi4,R,720575941611968489,13,8,connectivity_candidate,False,0.0329131833
720575941581225849,Mi4,R,720575941547951165,6,-5,connectivity_candidate,False,0.0399986153
720575941581710713,Mi4,R,720575941656961816,-15,-10,connectivity_candidate,False,0.285142123
720575941583546233,Mi4,R,720575941568391214,5,17,connectivity_candidate,True,0.830305285
720575941584237407,Mi4,R,720575941475538225,-8,-9,connectivity_candidate,False,0.0440403405
720575941584459998,Mi4,R,720575941433767639,-1,7,connectivity_candidate,False,0.0217219257
720575941584988638,Mi4,R,720575941606079678,-12,-5,connectivity_candidate,False,0.0673372411
720575941585348742,Mi4,R,720575941561384942,13,5,connectivity_candidate,False,0.0329477386
720575941585535110,Mi4,R,720575941527231654,3,-10,connectivity_candidate,False,0.0476164728
720575941585755231,Mi4,R,720575941613820333,-4,4,connectivity_candidate,False,0.0139327929
720575941586226054,Mi4,R,,,,unassigned,False,
720575941587107652,Mi4,R,720575941440417371,5,2,connectivity_candidate,False,0.0342435434
720575941587665988,Mi4,R,720575941562525842,-11,-11,connectivity_candidate,False,0.278041436
720575941588204510,Mi4,R,720575941568124263,-14,-8,connectivity_candidate,False,0.219776281
720575941588317751,Mi4,R,720575941414421393,7,13,connectivity_candidate,False,0.0322934163
720575941589009918,Mi4,R,720575941459726291,-17,-8,connectivity_candidate,True,0.628888474
720575941589795468,Mi4,R,720575941556820772,-5,9,connectivity_candidate,False,0.505248314
720575941590978188,Mi4,R,720575941489486796,5,-10,connectivity_candidate,True,0.980552529
720575941591135287,Mi4,R,720575941548439869,-11,2,connectivity_candidate,False,0.284713175
720575941591155240,Mi4,R,720575941554469092,-3,4,connectivity_candidate,False,0.0176711981
720575941591511336,Mi4,R,,,,unassigned,False,
720575941592290302,Mi4,R,720575941570642290,-13,-2,connectivity_candidate,False,0.446771051
720575941592372587,Mi4,R,720575941637710709,2,-1,connectivity_candidate,False,0.0342623876
720575941592419980,Mi4,R,720575941724485946,-13,-3,connectivity_candidate,False,0.347580531
720575941592845931,Mi4,R,720575941412392107,11,6,connectivity_candidate,False,0.0330976784
720575941593257942,Mi4,R,720575941479380643,-10,6,connectivity_candidate,False,0.526924831
720575941593436453,Mi4,R,720575941533655218,3,13,connectivity_candidate,False,0.0340121737
720575941593443286,Mi4,R,720575941628254758,15,13,connectivity_candidate,False,0.0335188156
720575941593521366,Mi4,R,720575941627726886,-12,-9,connectivity_candidate,False,0.254933809
720575941593569061,Mi4,R,720575941657153616,2,11,connectivity_candidate,False,0.0323550644
720575941593712165,Mi4,R,720575941632265954,-11,3,connectivity_candidate,True,0.803958957
720575941593734437,Mi4,R,720575941577188534,-14,-7,connectivity_candidate,False,0.219472969
720575941593976103,Mi4,R,720575941643170209,-10,-9,connectivity_candidate,False,0.0467311055
720575941594226727,Mi4,R,720575941575868573,5,-3,connectivity_candidate,False,0.0363138788
720575941594295848,Mi4,R,720575941621787263,15,7,connectivity_candidate,False,0.0316006488
720575941594394737,Mi4,R,720575941439697964,-10,-13,connectivity_candidate,True,0.687632277
720575941594597846,Mi4,R,720575941533935626,-2,-15,connectivity_candidate,False,0.160128136
720575941595175813,Mi4,R,720575941563032488,17,9,connectivity_candidate,True,1.00005373
720575941595485479,Mi4,R,720575941609908457,8,10,connectivity_candidate,False,0.0320461574
720575941595550321,Mi4,R,720575941563810962,-1,-16,connectivity_candidate,False,0.252622849
720575941595760241,Mi4,R,720575941479727840,-4,-10,connectivity_candidate,False,0.0271960634
720575941595860613,Mi4,R,720575941494911358,-1,-4,connectivity_candidate,False,0.0339442138
720575941596155013,Mi4,R,720575941517068378,0,-14,connectivity_candidate,True,0.510709864
720575941596165253,Mi4,R,720575941544023581,-7,-14,connectivity_candidate,False,0.0258206922
720575941596442663,Mi4,R,720575941440450860,13,3,connectivity_candidate,False,0.0330499612
720575941596528028,Mi4,R,720575941502324823,-7,-7,connectivity_candidate,False,0.0411690257
720575941596678183,Mi4,R,720575941524712439,13,6,connectivity_candidate,False,0.0327216143
720575941596706855,Mi4,R,720575941526906969,-3,-7,connectivity_candidate,False,0.0321501896
720575941596772544,Mi4,R,720575941505278277,-9,4,connectivity_candidate,False,0.497829521
720575941596793457,Mi4,R,720575941551102782,-6,10,connectivity_candidate,False,0.502518858
720575941596862144,Mi4,R,720575941527636902,3,8,connectivity_candidate,False,0.0326843467
720575941597241792,Mi4,R,720575941470077451,13,9,connectivity_candidate,False,0.0325735568
720575941597655921,Mi4,R,720575941540927773,2,16,connectivity_candidate,False,0.368560906
720575941598171584,Mi4,R,720575941508424464,2,-8,connectivity_candidate,False,0.0332202342
720575941598752809,Mi4,R,720575941660471096,7,-8,connectivity_candidate,True,0.932360407
720575941599217705,Mi4,R,720575941566540130,-4,-17,connectivity_candidate,False,0.274200145
720575941600022464,Mi4,R,720575941524033099,-1,14,connectivity_candidate,True,0.683419654
720575941600407232,Mi4,R,,,,unassigned,False,
720575941601898537,Mi4,R,720575941578351185,14,11,connectivity_candidate,False,0.0339064559
720575941602065593,Mi4,R,720575941643728328,6,17,connectivity_candidate,False,0.706663857
720575941602293033,Mi4,R,720575941634240197,13,11,connectivity_candidate,False,0.0331885882
720575941602583542,Mi4,R,720575941489809358,-7,-4,connectivity_candidate,False,0.0431247168
720575941603193022,Mi4,R,720575941528257720,-10,3,connectivity_candidate,False,0.289292249
720575941603272382,Mi4,R,720575941440279503,12,16,connectivity_candidate,False,0.0411372237
720575941603275705,Mi4,R,720575941462769860,12,5,connectivity_candidate,False,0.0331451879
720575941603603134,Mi4,R,720575941445851412,1,6,connectivity_candidate,False,0.0292230143
720575941603628534,Mi4,R,720575941481180611,-1,-1,connectivity_candidate,False,0.0356977861
720575941604841145,Mi4,R,720575941566044679,17,11,connectivity_candidate,True,0.591341963
720575941605646070,Mi4,R,720575941534689985,-9,-2,connectivity_candidate,False,0.0494929641
720575941605722733,Mi4,R,720575941624351882,-3,7,connectivity_candidate,False,0.0137413915
720575941606167486,Mi4,R,720575941502372914,11,4,connectivity_candidate,False,0.0333792282
720575941606179181,Mi4,R,720575941554193982,0,4,connectivity_candidate,False,0.0290410871
720575941609032301,Mi4,R,720575941633218284,-12,2,connectivity_candidate,False,0.261362658
720575941609326922,Mi4,R,720575941480281027,11,15,connectivity_candidate,False,0.0337167209
720575941609377866,Mi4,R,720575941638544159,-11,-1,connectivity_candidate,True,0.632110573
720575941610194022,Mi4,R,720575941475241568,4,1,connectivity_candidate,False,0.0342696956
720575941610330342,Mi4,R,720575941569344626,12,11,connectivity_candidate,False,0.0329682921
720575941610374061,Mi4,R,720575941425703508,7,17,connectivity_candidate,False,0.438985743
720575941610497098,Mi4,R,720575941633959611,1,1,connectivity_candidate,False,0.0344077695
720575941610700106,Mi4,R,720575941543311109,14,1,connectivity_candidate,False,0.023321006
720575941611040870,Mi4,R,720575941448342197,-13,-12,connectivity_candidate,False,0.284715268
720575941611373788,Mi4,R,720575941516110739,3,-5,connectivity_candidate,False,0.0349916334
720575941611408102,Mi4,R,720575941549060020,-7,-12,connectivity_candidate,False,0.0257608667
720575941611749478,Mi4,R,720575941453822633,-4,-14,connectivity_candidate,False,0.110815441
720575941612312650,Mi4,R,720575941692102107,-5,0,connectivity_candidate,False,0.0411392139
720575941612337641,Mi4,R,720575941553675777,16,9,connectivity_candidate,False,0.0221246844
720575941612559891,Mi4,R,720575941563672418,-5,1,connectivity_candidate,False,0.0407839234
720575941612600297,Mi4,R,720575941721626170,-9,-4,connectivity_candidate,False,0.048639735
720575941612603978,Mi4,R,,,,unassigned,False,
720575941612961555,Mi4,R,720575941448447822,-10,-7,connectivity_candidate,False,0.0499902947
720575941612981478,Mi4,R,720575941541713869,0,15,connectivity_candidate,False,0.0196473085
720575941613137385,Mi4,R,720575941517207443,9,1,connectivity_candidate,False,0.0358709167
720575941613433958,Mi4,R,720575941613929881,-2,10,connectivity_candidate,False,0.0358440038
720575941613784678,Mi4,R,720575941576294248,11,7,connectivity_candidate,False,0.0329691129
720575941613837997,Mi4,R,720575941547880820,-11,-9,connectivity_candidate,False,0.270560904
720575941614676700,Mi4,R,720575941409703598,6,12,connectivity_candidate,False,0.0318443698
720575941615130076,Mi4,R,720575941506539137,4,4,connectivity_candidate,False,0.0335025594
720575941615719699,Mi4,R,720575941577692086,-2,2,connectivity_candidate,False,0.0292844421
720575941616913305,Mi4,R,720575941418121244,12,13,connectivity_candidate,False,0.0348770892
720575941617050265,Mi4,R,720575941613599718,15,8,connectivity_candidate,True,0.841287695
720575941617091285,Mi4,R,720575941478058545,-1,-7,connectivity_candidate,False,0.0298797504
720575941617629397,Mi4,R,720575941655705049,-11,-4,connectivity_candidate,False,0.0615953064
720575941617987455,Mi4,R,720575941633116832,0,-10,connectivity_candidate,False,0.0212338199
720575941618451157,Mi4,R,720575941505834546,-3,-6,connectivity_candidate,False,0.0333468418
720575941618464213,Mi4,R,720575941597393344,10,5,connectivity_candidate,False,0.0333261557
720575941619627903,Mi4,R,720575941414206868,9,-3,connectivity_candidate,False,0.0424637911
720575941622566140,Mi4,R,720575941500241633,5,10,connectivity_candidate,False,0.0347321927
720575941623143932,Mi4,R,720575941630043628,1,-6,connectivity_candidate,False,0.0312414276
720575941624258459,Mi4,R,720575941564413608,-2,5,connectivity_candidate,False,0.0201492695
720575941624279707,Mi4,R,720575941553988414,0,5,connectivity_candidate,False,0.0271432309
720575941624307594,Mi4,R,720575941486453200,8,-6,connectivity_candidate,False,0.0464561735
720575941624341356,Mi4,R,720575941548441149,-7,7,connectivity_candidate,False,0.500934538
720575941624358794,Mi4,R,720575941460473744,4,15,connectivity_candidate,False,0.0716058349
720575941624547722,Mi4,R,720575941629703906,2,8,connectivity_candidate,False,0.0290656914
720575941624559562,Mi4,R,720575941627478986,3,4,connectivity_candidate,False,0.0332480756
720575941624591515,Mi4,R,720575941525139481,-5,-5,connectivity_candidate,False,0.0387945304
720575941624692844,Mi4,R,720575941491740366,0,0,connectivity_candidate,False,0.0357384969
720575941624727404,Mi4,R,,,,unassigned,False,
720575941624835436,Mi4,R,720575941637710197,-2,-2,connectivity_candidate,False,0.0365996554
720575941624913802,Mi4,R,720575941593790065,18,10,connectivity_candidate,True,0.595688714
720575941625522284,Mi4,R,720575941611320540,4,3,connectivity_candidate,False,0.033821737
720575941625616586,Mi4,R,720575941624210028,11,-5,connectivity_candidate,True,1.02153682
720575941625910666,Mi4,R,720575941630042604,1,-8,connectivity_candidate,False,0.0294767527
720575941626103097,Mi4,R,720575941514086243,-5,6,connectivity_candidate,False,0.486873229
720575941626278969,Mi4,R,720575941535082522,1,7,connectivity_candidate,False,0.0276375195
720575941626285625,Mi4,R,720575941522740915,8,9,connectivity_candidate,False,0.0347919504
720575941626597177,Mi4,R,720575941596522533,12,8,connectivity_candidate,False,0.0326631653
720575941627600283,Mi4,R,720575941598171525,-13,-13,connectivity_candidate,True,0.842709318
720575941627765642,Mi4,R,720575941443560106,-9,-8,connectivity_candidate,False,0.0453776419
720575941627894922,Mi4,R,720575941505556293,-9,-3,connectivity_candidate,False,0.0491065126
720575941628583993,Mi4,R,720575941561564787,0,-1,connectivity_candidate,False,0.0351226296
720575941629345337,Mi4,R,720575941557605604,3,15,connectivity_candidate,False,0.0547285222
720575941629438946,Mi4,R,720575941448602461,-1,6,connectivity_candidate,False,0.022953074
720575941629780537,Mi4,R,720575941476828778,-8,0,connectivity_candidate,False,0.0610534687
720575941630179525,Mi4,R,720575941634257568,-10,-14,connectivity_candidate,True,0.711095229
720575941630725602,Mi4,R,,,,unassigned,False,
720575941630828838,Mi4,R,720575941411300719,4,5,connectivity_candidate,False,0.0333561092
720575941630913830,Mi4,R,720575941453047347,4,13,connectivity_candidate,False,0.0318645836
720575941631196357,Mi4,R,,,,unassigned,False,
720575941631557792,Mi4,R,720575941643339464,10,6,connectivity_candidate,False,0.0330968769
720575941631577836,Mi4,R,,,,unassigned,False,
720575941632050363,Mi4,R,,,,unassigned,False,
720575941632076731,Mi4,R,720575941605268470,-2,12,connectivity_candidate,False,0.036369059
720575941632233186,Mi4,R,,,,unassigned,False,
720575941632488864,Mi4,R,720575941568671220,1,0,connectivity_candidate,False,0.0347488799
720575941632496069,Mi4,R,720575941479171407,1,-12,connectivity_candidate,False,0.160435002
720575941633012667,Mi4,R,720575941507639842,8,-2,connectivity_candidate,False,0.0380452212
720575941633156283,Mi4,R,720575941476533866,5,-6,connectivity_candidate,False,0.0398518134
720575941633359084,Mi4,R,720575941478314602,-11,-12,connectivity_candidate,False,0.281799467
720575941633653189,Mi4,R,,,,unassigned,False,
720575941634031264,Mi4,R,720575941639990047,-2,-5,connectivity_candidate,False,0.0336905444
720575941634031301,Mi4,R,720575941538919139,-7,-11,connectivity_candidate,False,0.0299464116
720575941634847675,Mi4,R,720575941546953049,-4,-4,connectivity_candidate,False,0.0378178896
720575941638670197,Mi4,R,720575941451887482,-6,-8,connectivity_candidate,False,0.0351997404
720575941638732063,Mi4,R,720575941502712514,-6,8,connectivity_candidate,False,0.502448107
720575941638913055,Mi4,R,720575941652155409,-15,-11,connectivity_candidate,False,0.283613995
720575941640071711,Mi4,R,720575941557017252,3,-11,connectivity_candidate,False,0.0497346097
720575941640179743,Mi4,R,720575941566547042,6,-9,connectivity_candidate,False,0.173918688
720575941640295541,Mi4,R,720575941449501277,-1,-6,connectivity_candidate,False,0.031687171
720575941640368757,Mi4,R,720575941629362233,2,-2,connectivity_candidate,False,0.034091952
720575941641925733,Mi4,R,720575941480588995,14,14,connectivity_candidate,False,0.0356471355
720575941642277714,Mi4,R,720575941539233768,0,6,connectivity_candidate,False,0.0258325859
720575941642388050,Mi4,R,720575941568006710,-8,5,connectivity_candidate,False,0.496339304
720575941643762337,Mi4,R,720575941611541478,14,4,connectivity_candidate,False,0.0328607272
720575941643816353,Mi4,R,720575941570996126,14,-1,connectivity_candidate,True,0.824333875
720575941643842977,Mi4,R,720575941567677554,-11,-8,connectivity_candidate,False,0.116570801
720575941643855009,Mi4,R,,,,unassigned,False,
720575941644408933,Mi4,R,720575941468469014,13,4,connectivity_candidate,False,0.0333367956
720575941644486776,Mi4,R,720575941528316548,5,0,connectivity_candidate,False,0.0346612981
720575941644552805,Mi4,R,720575941433996064,-2,-4,connectivity_candidate,False,0.034909232
720575941644566136,Mi4,R,720575941624060874,7,-1,connectivity_candidate,False,0.036209799
720575941644615525,Mi4,R,720575941548121889,11,10,connectivity_candidate,False,0.0318415242
720575941644799432,Mi4,R,720575941606137709,-5,-13,connectivity_candidate,True,0.826931343
720575941644959176,Mi4,R,720575941438128684,-1,-15,connectivity_candidate,True,0.752330359
720575941645157458,Mi4,R,720575941514169347,-2,4,connectivity_candidate,False,0.0225413155
720575941645469522,Mi4,R,720575941650648817,4,12,connectivity_candidate,False,0.0292570173
720575941646499528,Mi4,R,720575941465397005,-5,-3,connectivity_candidate,False,0.0406742113
720575941646845384,Mi4,R,720575941493138407,2,1,connectivity_candidate,False,0.0343103328
720575941647041736,Mi4,R,720575941479718307,3,-2,connectivity_candidate,False,0.0342826721
720575941650505749,Mi4,R,720575941406001008,12,10,connectivity_candidate,False,0.0327072339
720575941651750929,Mi4,R,720575941653440729,5,14,connectivity_candidate,False,0.0286923441
720575941652219665,Mi4,R,720575941515284115,-13,-15,connectivity_candidate,False,0.343491278
720575941652272881,Mi4,R,720575941412540308,11,-3,connectivity_candidate,False,0.0485841516
720575941653042905,Mi4,R,720575941506684289,-6,6,connectivity_candidate,False,0.492313568
720575941653144793,Mi4,R,720575941505624389,-17,-7,connectivity_candidate,True,0.876067941
720575941653540825,Mi4,R,720575941495316096,-9,-16,connectivity_candidate,True,0.824310086
720575941653657561,Mi4,R,720575941469634167,-10,-8,connectivity_candidate,False,0.0448373319
720575941653837809,Mi4,R,720575941463048900,9,8,connectivity_candidate,False,0.0384083204
720575941653998321,Mi4,R,720575941597684357,-2,-11,connectivity_candidate,False,0.0154294044
720575941654284505,Mi4,R,720575941503477131,8,0,connectivity_candidate,False,0.0360038615
720575941655350033,Mi4,R,720575941481773507,2,9,connectivity_candidate,False,0.0301585338
720575941655369428,Mi4,R,720575941479014465,-8,-11,connectivity_candidate,False,0.0414859657
720575941656296148,Mi4,R,720575941535081498,7,11,connectivity_candidate,False,0.0332872087
720575941657257240,Mi4,R,720575941625453052,-1,4,connectivity_candidate,False,0.0267398005
720575941657305880,Mi4,R,720575941446769834,16,11,connectivity_candidate,False,0.399920407
720575941659000144,Mi4,R,720575941431583758,-1,9,connectivity_candidate,False,0.0297874615
720575941659837464,Mi4,R,720575941552500763,-3,-8,connectivity_candidate,False,0.0301838516
720575941659964184,Mi4,R,720575941451450793,-1,12,connectivity_candidate,False,0.0391392133
720575941660551480,Mi4,R,720575941460129988,2,15,connectivity_candidate,False,0.0479802869
720575941660844880,Mi4,R,,,,unassigned,False,
720575941662141496,Mi4,R,720575941463615888,-8,8,connectivity_candidate,False,0.504952752
720575941662223228,Mi4,R,720575941505691973,15,12,connectivity_candidate,False,0.0348697365
720575941662986364,Mi4,R,720575941476531818,5,-7,connectivity_candidate,False,0.0421988764
720575941664563836,Mi4,R,720575941626068793,9,-6,connectivity_candidate,False,0.0539572491
720575941666416115,Mi4,R,720575941627256475,-1,3,connectivity_candidate,False,0.0286202432
720575941667015923,Mi4,R,720575941409612715,-11,-5,connectivity_candidate,False,0.0597508149
720575941667909297,Mi4,R,720575941544402620,2,14,connectivity_candidate,False,0.0570321863
720575941669499057,Mi4,R,720575941479169871,-2,-13,connectivity_candidate,False,0.131724685
720575941669518001,Mi4,R,720575941527931012,4,-2,connectivity_candidate,False,0.0348186624
720575941669528051,Mi4,R,720575941439749676,9,9,connectivity_candidate,False,0.0372484048
720575941669726887,Mi4,R,720575941505428503,14,19,connectivity_candidate,False,0.0510177605
720575941670063091,Mi4,R,720575941551331956,0,-6,connectivity_candidate,False,0.0312249861
720575941670068135,Mi4,R,720575941506946398,-11,-7,connectivity_candidate,False,0.0602215728
720575941670726065,Mi4,R,720575941454104233,14,2,connectivity_candidate,False,0.0312163169
720575941671111847,Mi4,R,720575941469118583,-5,-16,connectivity_candidate,True,0.848785665
720575941671116721,Mi4,R,720575941639916149,9,-2,connectivity_candidate,False,0.0389700473
720575941671643569,Mi4,R,720575941562846888,-3,-15,connectivity_candidate,False,0.131999477
720575941672630951,Mi4,R,720575941666768371,-15,-1,connectivity_candidate,True,1.16477525
720575941686488303,Mi4,R,720575941689896310,0,7,connectivity_candidate,False,0.0252156926
720575941686568943,Mi4,R,720575941595209579,14,10,connectivity_candidate,False,0.0341456924
720575941687323148,Mi4,R,720575941533864114,-12,-7,connectivity_candidate,False,0.060747298
720575941687467532,Mi4,R,720575941479237711,6,-2,connectivity_candidate,False,0.0364098419
720575941687561590,Mi4,R,720575941534580568,3,-1,connectivity_candidate,False,0.0342911692
720575941688154230,Mi4,R,720575941612416275,0,-12,connectivity_candidate,False,0.150855887
720575941688280438,Mi4,R,720575941430873737,-4,0,connectivity_candidate,False,0.0394822793
720575941688714459,Mi4,R,720575941504436028,-7,6,connectivity_candidate,False,0.495571106
720575941688933272,Mi4,R,720575941507404348,9,4,connectivity_candidate,False,0.0335973794
720575941689231000,Mi4,R,720575941479283395,-12,1,connectivity_candidate,True,0.809165171
720575941689571084,Mi4,R,720575941482094522,7,-5,connectivity_candidate,False,0.0419334014
720575941689586072,Mi4,R,720575941503323698,-13,-17,connectivity_candidate,True,1.07656058
720575941690141403,Mi4,R,720575941734098475,5,5,connectivity_candidate,False,0.033525996
720575941690150107,Mi4,R,720575941548094057,8,6,connectivity_candidate,False,0.0338901951
720575941690212827,Mi4,R,720575941578046033,-13,-7,connectivity_candidate,False,0.219349912
720575941690388598,Mi4,R,720575941518578323,9,11,connectivity_candidate,False,0.0342894296
720575941690394075,Mi4,R,720575941521708279,-6,-2,connectivity_candidate,False,0.0425696643
720575941690567064,Mi4,R,720575941562995810,11,-1,connectivity_candidate,False,0.0433570761
720575941691527387,Mi4,R,,,,unassigned,False,
720575941692171928,Mi4,R,720575941671606193,10,2,connectivity_candidate,False,0.0348514726
720575941692326296,Mi4,R,720575941588734974,1,-4,connectivity_candidate,False,0.0332866386
720575941701184474,Mi4,R,720575941577172879,2,-3,connectivity_candidate,False,0.0338940096
720575941704204762,Mi4,R,720575941506292574,-5,-9,connectivity_candidate,False,0.0312826759
720575941704241370,Mi4,R,720575941558336238,-8,3,connectivity_candidate,False,0.494031485
720575941722876730,Mi4,R,720575941554717668,1,-13,connectivity_candidate,False,0.154919474
720575941722888250,Mi4,R,720575941471167243,12,-3,connectivity_candidate,False,0.121993656
720575941731197227,Mi4,R,720575941433303649,16,10,connectivity_candidate,False,0.385701269
720575941732059947,Mi4,R,720575941644280440,-5,-12,connectivity_candidate,False,0.0233340211
720575941733874219,Mi4,R,720575941554692999,-3,-18,connectivity_candidate,False,0.279644334
720575941734021675,Mi4,R,720575941518874540,2,0,connectivity_candidate,False,0.0343125339
720575941734063147,Mi4,R,720575941494844848,17,16,connectivity_candidate,True,1.02612296
720575941351478064,Mi9,R,720575941627340443,8,11,connectivity_candidate,False,0.0335218129
720575941351666224,Mi9,R,720575941692102107,-5,0,connectivity_candidate,False,0.0411392139
720575941352525872,Mi9,R,720575941454104233,14,2,connectivity_candidate,False,0.0312163169
720575941354066224,Mi9,R,720575941561311603,-4,-8,connectivity_candidate,False,0.031649708
720575941354132528,Mi9,R,,,,unassigned,False,
720575941391458710,Mi9,R,,,,unassigned,False,
720575941393325462,Mi9,R,720575941538919139,-7,-11,connectivity_candidate,False,0.0299464116
720575941394641814,Mi9,R,720575941506178213,-8,4,connectivity_candidate,False,0.495328863
720575941395223190,Mi9,R,,,,unassigned,False,
720575941400471587,Mi9,R,720575941460445599,-5,3,connectivity_candidate,False,0.0189074074
720575941403628400,Mi9,R,,,,unassigned,False,
720575941405952368,Mi9,R,720575941521042611,2,6,connectivity_candidate,False,0.0317720492
720575941406588078,Mi9,R,720575941514169347,-2,4,connectivity_candidate,False,0.0225413155
720575941406722990,Mi9,R,720575941627206299,-14,-1,connectivity_candidate,False,0.362104557
720575941408095662,Mi9,R,720575941535047706,3,-12,connectivity_candidate,True,0.623795428
720575941409737899,Mi9,R,720575941578351185,14,11,connectivity_candidate,False,0.0339064559
720575941409745579,Mi9,R,,,,unassigned,False,
720575941409812910,Mi9,R,720575941562525842,-11,-11,connectivity_candidate,False,0.278041436
720575941410706091,Mi9,R,720575941653479129,8,-5,connectivity_candidate,False,0.0438185831
720575941410777003,Mi9,R,720575941528316548,5,0,connectivity_candidate,False,0.0346612981
720575941410840491,Mi9,R,720575941592511528,-3,2,connectivity_candidate,False,0.025045396
720575941410952363,Mi9,R,720575941476531818,5,-7,connectivity_candidate,False,0.0421988764
720575941411019119,Mi9,R,720575941463615888,-8,8,connectivity_candidate,False,0.504952752
720575941411293039,Mi9,R,720575941618401919,-1,2,connectivity_candidate,False,0.0312479506
720575941411981423,Mi9,R,720575941568671220,1,0,connectivity_candidate,False,0.0347488799
720575941412183919,Mi9,R,720575941479718307,3,-2,connectivity_candidate,False,0.0342826721
720575941412219759,Mi9,R,720575941641866527,-5,-15,connectivity_candidate,True,0.840428567
720575941412473745,Mi9,R,720575941657153616,2,11,connectivity_candidate,False,0.0323550644
720575941412953492,Mi9,R,720575941480585155,13,16,connectivity_candidate,False,0.0470423773
720575941412976788,Mi9,R,720575941581274613,6,13,connectivity_candidate,False,0.030915951
720575941413141359,Mi9,R,720575941631094981,-6,7,connectivity_candidate,False,0.495763672
720575941413181076,Mi9,R,720575941497786018,-11,-16,connectivity_candidate,True,0.821587751
720575941413323375,Mi9,R,,,,unassigned,False,
720575941413823343,Mi9,R,720575941451301447,-5,-1,connectivity_candidate,False,0.0407650234
720575941413878164,Mi9,R,720575941429599625,-3,-3,connectivity_candidate,False,0.0370862723
720575941414188180,Mi9,R,720575941482588611,-1,-12,connectivity_candidate,False,0.131650586
720575941414239380,Mi9,R,720575941517850072,-3,-1,connectivity_candidate,False,0.0376685339
720575941414378012,Mi9,R,720575941588734974,1,-4,connectivity_candidate,False,0.0332866386
720575941414464145,Mi9,R,,,,unassigned,False,
720575941414739996,Mi9,R,720575941555865764,7,18,connectivity_candidate,True,0.752583615
720575941415460241,Mi9,R,720575941467830493,-1,-9,connectivity_candidate,False,0.0249614893
720575941417749020,Mi9,R,720575941563887767,-15,-12,connectivity_candidate,False,0.285114286
720575941417775388,Mi9,R,720575941625608394,7,-10,connectivity_candidate,False,0.427626336
720575941417957404,Mi9,R,720575941486453200,8,-6,connectivity_candidate,False,0.0464561735
720575941418336540,Mi9,R,720575941557647070,-6,-9,connectivity_candidate,False,0.0334002515
720575941418359324,Mi9,R,720575941624207980,8,-8,connectivity_candidate,False,0.0732429452
720575941425757012,Mi9,R,,,,unassigned,False,
720575941426026580,Mi9,R,720575941577188534,-14,-7,connectivity_candidate,False,0.219472969
720575941426258772,Mi9,R,720575941610710118,-9,-15,connectivity_candidate,True,0.820181495
720575941426483796,Mi9,R,720575941604978105,-12,-6,connectivity_candidate,False,0.0640121652
720575941428321364,Mi9,R,720575941574913181,-7,10,connectivity_candidate,False,0.504676018
720575941429234529,Mi9,R,720575941516110739,3,-5,connectivity_candidate,False,0.0349916334
720575941429292937,Mi9,R,720575941439202322,-7,9,connectivity_candidate,False,0.505051437
720575941429404591,Mi9,R,720575941500241633,5,10,connectivity_candidate,False,0.0347321927
720575941429437524,Mi9,R,720575941509572702,5,13,connectivity_candidate,False,0.0301970937
720575941429445460,Mi9,R,720575941538876565,6,2,connectivity_candidate,False,0.0342421864
720575941430276705,Mi9,R,720575941552298523,12,15,connectivity_candidate,False,0.035763957
720575941430428769,Mi9,R,720575941584492510,10,15,connectivity_candidate,False,0.0346246973
720575941430803448,Mi9,R,720575941631045573,12,-4,connectivity_candidate,True,0.623667097
720575941432484856,Mi9,R,720575941439735503,-17,-6,connectivity_candidate,True,0.774604354
720575941432563119,Mi9,R,720575941449501277,-1,-6,connectivity_candidate,False,0.031687171
720575941434110752,Mi9,R,720575941412673428,-11,0,connectivity_candidate,True,0.675888736
720575941434321440,Mi9,R,720575941660960568,-5,8,connectivity_candidate,False,0.496763252
720575941434756878,Mi9,R,,,,unassigned,False,
720575941436656782,Mi9,R,720575941553699355,13,7,connectivity_candidate,False,0.0327339234
720575941437118994,Mi9,R,720575941479380131,-5,2,connectivity_candidate,False,0.0360359089
720575941437581887,Mi9,R,720575941505278277,-9,4,connectivity_candidate,False,0.497829521
720575941437988159,Mi9,R,720575941491740366,0,0,connectivity_candidate,False,0.0357384969
720575941438382303,Mi9,R,720575941463572237,9,13,connectivity_candidate,False,0.0334139384
720575941438453804,Mi9,R,,,,unassigned,False,
720575941438775125,Mi9,R,720575941592049259,-9,-17,connectivity_candidate,True,0.826510163
720575941438915391,Mi9,R,720575941644280440,-5,-12,connectivity_candidate,False,0.0233340211
720575941439993295,Mi9,R,,,,unassigned,False,
720575941440106325,Mi9,R,720575941527661444,11,-4,connectivity_candidate,False,0.0512909505
720575941440110783,Mi9,R,720575941430873737,-4,0,connectivity_candidate,False,0.0394822793
720575941440153429,Mi9,R,720575941476532074,6,-6,connectivity_candidate,False,0.0419614371
720575941440174354,Mi9,R,720575941536250851,2,-13,connectivity_candidate,True,0.484617759
720575941440384300,Mi9,R,720575941525139481,-5,-5,connectivity_candidate,False,0.0387945304
720575941440415276,Mi9,R,720575941506292574,-5,-9,connectivity_candidate,False,0.0312826759
720575941440480463,Mi9,R,720575941573039368,-10,-6,connectivity_candidate,False,0.0516566559
720575941440708575,Mi9,R,720575941601980406,0,-5,connectivity_candidate,False,0.0325046513
720575941440748479,Mi9,R,720575941414646044,8,-7,connectivity_candidate,False,0.0627845902
720575941441169243,Mi9,R,720575941525815652,6,-4,connectivity_candidate,False,0.0385791841
720575941441196767,Mi9,R,720575941579235061,-4,-16,connectivity_candidate,False,0.127473099
720575941441424335,Mi9,R,720575941591626859,-1,-11,connectivity_candidate,False,0.0152096191
720575941441427919,Mi9,R,720575941471853152,2,-6,connectivity_candidate,False,0.0337788226
720575941441799375,Mi9,R,720575941541095260,14,8,connectivity_candidate,False,0.0323836943
720575941442365375,Mi9,R,,,,unassigned,False,
720575941442614875,Mi9,R,720575941462769860,12,5,connectivity_candidate,False,0.0331451879
720575941442640063,Mi9,R,720575941630043628,1,-6,connectivity_candidate,False,0.0312414276
720575941442712411,Mi9,R,720575941400314659,1,12,connectivity_candidate,False,0.0357516645
720575941442848191,Mi9,R,,,,unassigned,False,
720575941445649066,Mi9,R,720575941504728892,8,16,connectivity_candidate,False,0.406840539
720575941446238740,Mi9,R,,,,unassigned,False,
720575941447923381,Mi9,R,720575941527686054,12,12,connectivity_candidate,False,0.0337850055
720575941447986357,Mi9,R,720575941556820772,-5,9,connectivity_candidate,False,0.505248314
720575941448255581,Mi9,R,720575941451450793,-1,12,connectivity_candidate,False,0.0391392133
720575941448393053,Mi9,R,720575941540927773,2,16,connectivity_candidate,False,0.368560906
720575941448627037,Mi9,R,720575941415753361,-10,-15,connectivity_candidate,True,0.816374887
720575941448665166,Mi9,R,720575941596955292,-4,10,connectivity_candidate,False,0.0390809597
720575941449012500,Mi9,R,720575941574438409,0,-15,connectivity_candidate,True,0.505982837
720575941449054484,Mi9,R,,,,unassigned,False,
720575941449117460,Mi9,R,720575941456842224,2,10,connectivity_candidate,False,0.0308837672
720575941449518685,Mi9,R,720575941540332693,1,-5,connectivity_candidate,False,0.0323803916
720575941449967438,Mi9,R,,,,unassigned,False,
720575941450174330,Mi9,R,720575941584400094,-7,3,connectivity_candidate,False,0.494663451
720575941450193742,Mi9,R,720575941528138754,7,-2,connectivity_candidate,False,0.0371324826
720575941450235214,Mi9,R,720575941471563584,6,-11,connectivity_candidate,False,0.423697904
720575941450555258,Mi9,R,720575941564715879,-9,-10,connectivity_candidate,False,0.251558127
720575941450884277,Mi9,R,,,,unassigned,False,
720575941450918215,Mi9,R,720575941574059592,-6,2,connectivity_candidate,False,0.027191575
720575941450999367,Mi9,R,720575941527636902,3,8,connectivity_candidate,False,0.0326843467
720575941451034037,Mi9,R,720575941483405821,1,-15,connectivity_candidate,True,0.481842747
720575941451122781,Mi9,R,720575941457289968,14,12,connectivity_candidate,False,0.033743084
720575941451393102,Mi9,R,720575941409603243,-9,-6,connectivity_candidate,False,0.0479111255
720575941451421609,Mi9,R,720575941631390917,11,14,connectivity_candidate,False,0.0347094565
720575941451626665,Mi9,R,720575941612985318,-15,-9,connectivity_candidate,False,0.291236465
720575941451644253,Mi9,R,720575941578046033,-13,-7,connectivity_candidate,False,0.219349912
720575941451971918,Mi9,R,720575941494479047,-16,-7,connectivity_candidate,True,0.798195376
720575941452364103,Mi9,R,720575941480342914,-5,-6,connectivity_candidate,False,0.0370528164
720575941452417102,Mi9,R,720575941531646339,8,12,connectivity_candidate,False,0.0332758273
720575941452442951,Mi9,R,720575941473378090,8,-4,connectivity_candidate,False,0.0417653075
720575941453038643,Mi9,R,720575941544402620,2,14,connectivity_candidate,False,0.0570321863
720575941453175091,Mi9,R,720575941513357379,11,12,connectivity_candidate,False,0.0329260581
720575941453781811,Mi9,R,720575941631305510,0,-3,connectivity_candidate,False,0.0340169745
720575941453880135,Mi9,R,720575941634143173,9,5,connectivity_candidate,False,0.0334625102
720575941454953453,Mi9,R,,,,unassigned,False,
720575941455269869,Mi9,R,720575941578154833,-6,-4,connectivity_candidate,False,0.0415831138
720575941455793645,Mi9,R,720575941562073234,7,6,connectivity_candidate,False,0.0341919565
720575941455970355,Mi9,R,,,,unassigned,False,
720575941456396339,Mi9,R,720575941628254758,15,13,connectivity_candidate,False,0.0335188156
720575941456970480,Mi9,R,720575941448601181,-8,6,connectivity_candidate,False,0.501253387
720575941457308831,Mi9,R,,,,unassigned,False,
720575941457894303,Mi9,R,720575941452073038,0,-9,connectivity_candidate,False,0.0242699593
720575941458430623,Mi9,R,720575941617948543,0,-2,connectivity_candidate,False,0.0343654957
720575941458468848,Mi9,R,720575941532005763,9,0,connectivity_candidate,False,0.0361126933
720575941458597702,Mi9,R,720575941506684289,-6,6,connectivity_candidate,False,0.492313568
720575941458651974,Mi9,R,720575941478880321,7,8,connectivity_candidate,False,0.033636198
720575941458894751,Mi9,R,720575941489486796,5,-10,connectivity_candidate,True,0.980552529
720575941459270611,Mi9,R,720575941527515268,-9,6,connectivity_candidate,False,0.505163525
720575941459278291,Mi9,R,720575941553497427,6,18,connectivity_candidate,True,1.1857591
720575941459865043,Mi9,R,,,,unassigned,False,
720575941460286404,Mi9,R,720575941701167578,-12,-8,connectivity_candidate,False,0.069122189
720575941460377796,Mi9,R,720575941558453805,-14,-13,connectivity_candidate,True,0.84005628
720575941460631536,Mi9,R,720575941671606193,10,2,connectivity_candidate,False,0.0348514726
720575941460702352,Mi9,R,720575941656961816,-15,-10,connectivity_candidate,False,0.285142123
720575941461029264,Mi9,R,720575941553988414,0,5,connectivity_candidate,False,0.0271432309
720575941461151684,Mi9,R,720575941478058545,-1,-7,connectivity_candidate,False,0.0298797504
720575941461189828,Mi9,R,720575941524712439,13,6,connectivity_candidate,False,0.0327216143
720575941461984211,Mi9,R,720575941592052075,-7,-1,connectivity_candidate,False,0.0456825956
720575941462105869,Mi9,R,720575941394657174,-1,8,connectivity_candidate,False,0.0269141236
720575941464916054,Mi9,R,720575941518874540,2,0,connectivity_candidate,False,0.0343125339
720575941465262166,Mi9,R,,,,unassigned,False,
720575941465492310,Mi9,R,,,,unassigned,False,
720575941465869078,Mi9,R,720575941689192204,-14,-5,connectivity_candidate,True,0.781588701
720575941466421846,Mi9,R,,,,unassigned,False,
720575941466720342,Mi9,R,,,,unassigned,False,
720575941467959005,Mi9,R,720575941627788070,-6,11,connectivity_candidate,False,0.506292986
720575941468086493,Mi9,R,,,,unassigned,False,
720575941468340957,Mi9,R,720575941627910794,-8,-15,connectivity_candidate,True,0.825559696
720575941468398301,Mi9,R,720575941448342197,-13,-12,connectivity_candidate,False,0.284715268
720575941469056790,Mi9,R,720575941484623682,8,15,connectivity_candidate,False,0.0377049539
720575941469379191,Mi9,R,720575941597049127,15,14,connectivity_candidate,False,0.053031991
720575941469445341,Mi9,R,720575941517068378,0,-14,connectivity_candidate,True,0.510709864
720575941469575702,Mi9,R,720575941509499682,-4,8,connectivity_candidate,False,0.495795778
720575941469599510,Mi9,R,720575941597095463,0,8,connectivity_candidate,False,0.0256877214
720575941469763703,Mi9,R,720575941439177183,-6,-14,connectivity_candidate,True,0.829898796
720575941470126912,Mi9,R,,,,unassigned,False,
720575941470804087,Mi9,R,720575941531508867,3,-8,connectivity_candidate,False,0.0402598676
720575941471140107,Mi9,R,720575941481651139,4,-11,connectivity_candidate,True,0.58785552
720575941471145995,Mi9,R,720575941484452674,4,-6,connectivity_candidate,False,0.0381789645
720575941471426112,Mi9,R,720575941552095515,10,-1,connectivity_candidate,False,0.0382857152
720575941471801152,Mi9,R,720575941560626158,-4,2,connectivity_candidate,False,0.0141860304
720575941471874656,Mi9,R,720575941575831990,6,-7,connectivity_candidate,False,0.043487033
720575941472367991,Mi9,R,720575941525367140,4,0,connectivity_candidate,False,0.0344403457
720575941472853003,Mi9,R,720575941515708921,-3,-2,connectivity_candidate,False,0.0378700716
720575941473102122,Mi9,R,720575941534061322,-8,9,connectivity_candidate,False,0.505359933
720575941473114922,Mi9,R,720575941650648817,4,12,connectivity_candidate,False,0.0292570173
720575941473140010,Mi9,R,720575941429638904,-5,7,connectivity_candidate,False,0.492790996
720575941473178432,Mi9,R,720575941476828778,-8,0,connectivity_candidate,False,0.0610534687
720575941473428576,Mi9,R,720575941552099355,7,-7,connectivity_candidate,False,0.0452710748
720575941473591867,Mi9,R,,,,unassigned,False,
720575941474172202,Mi9,R,720575941443050922,5,-4,connectivity_candidate,False,0.03693665
720575941475359774,Mi9,R,720575941403213936,0,16,connectivity_candidate,True,0.897806734
720575941475649585,Mi9,R,720575941495316096,-9,-16,connectivity_candidate,True,0.824310086
720575941476054826,Mi9,R,720575941540122005,-4,-5,connectivity_candidate,False,0.0367141832
720575941476070442,Mi9,R,720575941513053251,-11,-2,connectivity_candidate,True,0.525899024
720575941476128564,Mi9,R,720575941638886943,-8,-3,connectivity_candidate,False,0.0463705731
720575941476310849,Mi9,R,720575941408270383,-10,-5,connectivity_candidate,False,0.0517747626
720575941476372017,Mi9,R,720575941481180611,-1,-1,connectivity_candidate,False,0.0356977861
720575941476696891,Mi9,R,720575941621794431,-1,-10,connectivity_candidate,False,0.0211916646
720575941476898078,Mi9,R,720575941689926156,-7,-17,connectivity_candidate,True,0.84089863
720575941476933953,Mi9,R,720575941603733238,-1,-3,connectivity_candidate,False,0.0346430969
720575941477083754,Mi9,R,720575941473329194,-5,-2,connectivity_candidate,False,0.0408378366
720575941477109819,Mi9,R,720575941409700526,11,13,connectivity_candidate,False,0.0301362066
720575941477135665,Mi9,R,720575941568391214,5,17,connectivity_candidate,True,0.830305285
720575941477301057,Mi9,R,720575941469633911,2,-12,connectivity_candidate,True,0.668576923
720575941478141802,Mi9,R,720575941611517404,-2,3,connectivity_candidate,False,0.0249753224
720575941478203441,Mi9,R,720575941605633782,-12,-3,connectivity_candidate,False,0.227832909
720575941478602526,Mi9,R,720575941454843373,6,14,connectivity_candidate,False,0.0306648089
720575941478650420,Mi9,R,720575941434529312,-6,-5,connectivity_candidate,False,0.0406947099
720575941478688817,Mi9,R,720575941517507032,-7,2,connectivity_candidate,False,0.72874331
720575941478833794,Mi9,R,720575941558336238,-8,3,connectivity_candidate,False,0.494031485
720575941478941603,Mi9,R,,,,unassigned,False,
720575941478959328,Mi9,R,,,,unassigned,False,
720575941479138211,Mi9,R,720575941538268392,14,13,connectivity_candidate,False,0.0337950971
720575941479402817,Mi9,R,720575941528484280,-4,-1,connectivity_candidate,False,0.0394524512
720575941479429738,Mi9,R,,,,unassigned,False,
720575941479796815,Mi9,R,,,,unassigned,False,
720575941479805263,Mi9,R,,,,unassigned,False,
720575941480126082,Mi9,R,720575941594915367,11,0,connectivity_candidate,False,0.0333476914
720575941480148866,Mi9,R,720575941514734915,8,-3,connectivity_candidate,False,0.0395051371
720575941480150979,Mi9,R,720575941455158509,3,1,connectivity_candidate,False,0.0341832149
720575941480529571,Mi9,R,720575941425704276,-2,-14,connectivity_candidate,False,0.133870425
720575941480595791,Mi9,R,720575941412540564,2,-9,connectivity_candidate,False,0.580223991
720575941480641615,Mi9,R,720575941624060874,7,-1,connectivity_candidate,False,0.036209799
720575941481081679,Mi9,R,720575941533336152,-15,-15,connectivity_candidate,False,0.334115488
720575941481263840,Mi9,R,,,,unassigned,False,
720575941481626566,Mi9,R,720575941685627887,-6,-17,connectivity_candidate,True,0.847366719
720575941481658054,Mi9,R,720575941514151171,-7,-15,connectivity_candidate,True,0.828407644
720575941481682118,Mi9,R,720575941493771390,-14,-16,connectivity_candidate,False,0.323907701
720575941481742522,Mi9,R,,,,unassigned,False,
720575941481824642,Mi9,R,720575941493582974,-4,-15,connectivity_candidate,False,0.134888746
720575941481862735,Mi9,R,720575941485989328,-4,-7,connectivity_candidate,False,0.0332565896
720575941481947322,Mi9,R,720575941569359918,10,13,connectivity_candidate,False,0.033149092
720575941481969827,Mi9,R,720575941409703598,6,12,connectivity_candidate,False,0.0318443698
720575941482179491,Mi9,R,720575941434899086,-2,-12,connectivity_candidate,False,0.0947310233
720575941482194083,Mi9,R,720575941475297054,8,13,connectivity_candidate,False,0.0331420326
720575941482410575,Mi9,R,720575941641867807,-11,-10,connectivity_candidate,False,0.277043169
720575941482586365,Mi9,R,720575941507180894,-1,1,connectivity_candidate,False,0.033194404
720575941482928207,Mi9,R,720575941391433732,-7,-2,connectivity_candidate,False,0.0442874685
720575941483211971,Mi9,R,720575941539337049,-2,-7,connectivity_candidate,False,0.0308335089
720575941483432643,Mi9,R,720575941453822633,-4,-14,connectivity_candidate,False,0.110815441
720575941484404477,Mi9,R,720575941494354558,5,3,connectivity_candidate,False,0.0339347851
720575941484536642,Mi9,R,720575941554193982,0,4,connectivity_candidate,False,0.0290410871
720575941484564290,Mi9,R,720575941459586500,-7,0,connectivity_candidate,True,1.00550592
720575941484883398,Mi9,R,,,,unassigned,False,
720575941484892557,Mi9,R,720575941664277304,-1,11,connectivity_candidate,False,0.0373384356
720575941484913594,Mi9,R,720575941544023581,-7,-14,connectivity_candidate,False,0.0258206922
720575941484956090,Mi9,R,720575941546953049,-4,-4,connectivity_candidate,False,0.0378178896
720575941485063821,Mi9,R,720575941611660390,-8,-14,connectivity_candidate,True,0.820711304
720575941485099842,Mi9,R,720575941618370431,-8,-17,connectivity_candidate,True,0.833876957
720575941485857677,Mi9,R,720575941559349293,6,4,connectivity_candidate,False,0.033916881
720575941486697424,Mi9,R,,,,unassigned,False,
720575941487590150,Mi9,R,720575941479810154,3,-3,connectivity_candidate,False,0.0342891797
720575941488130370,Mi9,R,720575941468534358,-7,-5,connectivity_candidate,False,0.0425181138
720575941488370182,Mi9,R,720575941406001008,12,10,connectivity_candidate,False,0.0327072339
720575941488841673,Mi9,R,720575941484806662,3,-9,connectivity_candidate,False,0.044765413
720575941488954933,Mi9,R,,,,unassigned,False,
720575941489008949,Mi9,R,720575941637710197,-2,-2,connectivity_candidate,False,0.0365996554
720575941489016009,Mi9,R,720575941412395179,5,8,connectivity_candidate,False,0.104714758
720575941489706960,Mi9,R,720575941449465108,-8,-2,connectivity_candidate,False,0.0461804587
720575941489824974,Mi9,R,720575941434349326,-13,-8,connectivity_candidate,False,0.226075811
720575941489947623,Mi9,R,,,,unassigned,False,
720575941490108391,Mi9,R,720575941624509083,-5,11,connectivity_candidate,False,0.107852391
720575941490373351,Mi9,R,,,,unassigned,False,
720575941490549991,Mi9,R,,,,unassigned,False,
720575941490570697,Mi9,R,720575941482200962,8,-1,connectivity_candidate,False,0.0367840731
720575941491164213,Mi9,R,720575941533144042,-4,7,connectivity_candidate,False,0.489246633
720575941492792526,Mi9,R,720575941439538523,1,5,connectivity_candidate,False,0.0302693572
720575941492922599,Mi9,R,720575941547880820,-11,-9,connectivity_candidate,False,0.270560904
720575941493192167,Mi9,R,,,,unassigned,False,
720575941494250951,Mi9,R,720575941721111354,-12,-12,connectivity_candidate,False,0.283076739
720575941494341319,Mi9,R,720575941475276347,-11,5,connectivity_candidate,False,0.572233734
720575941494452094,Mi9,R,720575941506539137,4,4,connectivity_candidate,False,0.0335025594
720575941495003776,Mi9,R,,,,unassigned,False,
720575941495705984,Mi9,R,720575941639916149,9,-2,connectivity_candidate,False,0.0389700473
720575941496179838,Mi9,R,,,,unassigned,False,
720575941496371067,Mi9,R,720575941517066083,4,-10,connectivity_candidate,False,0.0465816682
720575941496999803,Mi9,R,720575941547667644,-9,-11,connectivity_candidate,False,0.277746564
720575941497106249,Mi9,R,720575941721626170,-9,-4,connectivity_candidate,False,0.048639735
720575941497129545,Mi9,R,720575941533964993,-10,1,connectivity_candidate,True,0.626947807
720575941497508169,Mi9,R,,,,unassigned,False,
720575941497559881,Mi9,R,720575941479014465,-8,-11,connectivity_candidate,False,0.0414859657
720575941497584353,Mi9,R,720575941507976226,-4,-18,connectivity_candidate,False,0.275897225
720575941497619937,Mi9,R,720575941570996126,14,-1,connectivity_candidate,True,0.824333875
720575941497825479,Mi9,R,,,,unassigned,False,
720575941498108834,Mi9,R,720575941624453484,-7,1,connectivity_candidate,False,0.0426084463
720575941498304674,Mi9,R,720575941498251426,2,5,connectivity_candidate,False,0.0323518925
720575941498346146,Mi9,R,720575941494943664,1,3,connectivity_candidate,False,0.0325137023
720575941498528329,Mi9,R,720575941516859139,3,-4,connectivity_candidate,False,0.0344735265
720575941499846779,Mi9,R,720575941592927446,-1,-14,connectivity_candidate,False,0.156422065
720575941500297697,Mi9,R,720575941505725490,14,16,connectivity_candidate,False,0.0390355563
720575941500299659,Mi9,R,720575941604166390,-2,6,connectivity_candidate,False,0.0172683482
720575941500582217,Mi9,R,720575941533677400,-6,-1,connectivity_candidate,False,0.0425077687
720575941501654507,Mi9,R,720575941440821215,9,-1,connectivity_candidate,False,0.0373022447
720575941501713803,Mi9,R,720575941532348619,11,2,connectivity_candidate,False,0.0344335002
720575941501875339,Mi9,R,720575941568781562,-6,-12,connectivity_candidate,False,0.0240561015
720575941502112599,Mi9,R,720575941493070567,-11,1,connectivity_candidate,False,0.259438734
720575941502851778,Mi9,R,720575941630627052,-10,-1,connectivity_candidate,True,0.531393905
720575941502977003,Mi9,R,,,,unassigned,False,
720575941502983659,Mi9,R,720575941405961584,-5,-11,connectivity_candidate,False,0.0266858973
720575941503064555,Mi9,R,720575941631387845,12,4,connectivity_candidate,False,0.0334320038
720575941503173938,Mi9,R,720575941475815466,-8,1,connectivity_candidate,False,0.336171647
720575941504112578,Mi9,R,720575941489482700,-3,-14,connectivity_candidate,False,0.129935343
720575941504144066,Mi9,R,720575941558454031,6,-8,connectivity_candidate,False,0.0443337487
720575941504402597,Mi9,R,720575941557605604,3,15,connectivity_candidate,False,0.0547285222
720575941504768060,Mi9,R,720575941578124789,-7,-6,connectivity_candidate,False,0.0421199436
720575941505007083,Mi9,R,720575941639990047,-2,-5,connectivity_candidate,False,0.0336905444
720575941505887938,Mi9,R,720575941552500763,-3,-8,connectivity_candidate,False,0.0301838516
720575941506017957,Mi9,R,720575941509488674,1,-14,connectivity_candidate,True,0.502783312
720575941506230693,Mi9,R,720575941577172879,2,-3,connectivity_candidate,False,0.0338940096
720575941506231602,Mi9,R,720575941609450729,-9,-14,connectivity_candidate,True,0.811951016
720575941506378034,Mi9,R,720575941563178338,-12,-1,connectivity_candidate,False,0.500395464
720575941506531106,Mi9,R,720575941645335201,5,16,connectivity_candidate,False,0.381326173
720575941506937890,Mi9,R,720575941502315095,-9,-7,connectivity_candidate,False,0.0463684642
720575941507048738,Mi9,R,720575941597071911,13,12,connectivity_candidate,False,0.0337588032
720575941507116322,Mi9,R,720575941426422356,-10,-18,connectivity_candidate,True,0.972965188
720575941507180126,Mi9,R,720575941454343219,14,7,connectivity_candidate,False,0.0326063554
720575941507253308,Mi9,R,720575941488329734,8,5,connectivity_candidate,False,0.0337149039
720575941507387230,Mi9,R,,,,unassigned,False,
720575941507407932,Mi9,R,720575941413302164,-7,-18,connectivity_candidate,True,0.847257559
720575941507429249,Mi9,R,720575941534580568,3,-1,connectivity_candidate,False,0.0342911692
720575941507432101,Mi9,R,,,,unassigned,False,
720575941507471932,Mi9,R,720575941494691527,4,11,connectivity_candidate,False,0.032247574
720575941507640997,Mi9,R,720575941506538881,-5,-14,connectivity_candidate,True,0.835147773
720575941508006716,Mi9,R,720575941597278144,13,-1,connectivity_candidate,True,0.545970099
720575941508023612,Mi9,R,,,,unassigned,False,
720575941508301602,Mi9,R,720575941439665938,-4,1,connectivity_candidate,False,0.0410258836
720575941509466462,Mi9,R,720575941633218284,-12,2,connectivity_candidate,False,0.261362658
720575941509966802,Mi9,R,,,,unassigned,False,
720575941510766802,Mi9,R,720575941611541478,14,4,connectivity_candidate,False,0.0328607272
720575941511009746,Mi9,R,720575941469976587,-8,-6,connectivity_candidate,False,0.0439943312
720575941511661072,Mi9,R,720575941425705812,3,-6,connectivity_candidate,False,0.0354907605
720575941512058065,Mi9,R,720575941653440729,5,14,connectivity_candidate,False,0.0286923441
720575941512114129,Mi9,R,720575941494533319,11,17,connectivity_candidate,False,0.0365973488
720575941512222284,Mi9,R,720575941512360268,9,18,connectivity_candidate,False,0.410094712
720575941512414284,Mi9,R,720575941507086977,-5,-17,connectivity_candidate,True,0.855445351
720575941512422988,Mi9,R,720575941500492427,-8,-8,connectivity_candidate,False,0.0438798663
720575941512494546,Mi9,R,720575941572094536,16,8,connectivity_candidate,False,0.0266089814
720575941512654156,Mi9,R,720575941489315273,-4,5,connectivity_candidate,False,0.00975209272
720575941513734243,Mi9,R,720575941468238045,1,14,connectivity_candidate,False,0.0513659772
720575941513894467,Mi9,R,720575941534689985,-9,-2,connectivity_candidate,False,0.0494929641
720575941514163546,Mi9,R,720575941689896310,0,7,connectivity_candidate,False,0.0252156926
720575941514293763,Mi9,R,720575941443560106,-9,-8,connectivity_candidate,False,0.0453776419
720575941514507985,Mi9,R,,,,unassigned,False,
720575941514544707,Mi9,R,720575941413964692,12,6,connectivity_candidate,False,0.0330160027
720575941514560090,Mi9,R,720575941505691973,15,12,connectivity_candidate,False,0.0348697365
720575941514563577,Mi9,R,,,,unassigned,False,
720575941514588419,Mi9,R,720575941534548506,1,-9,connectivity_candidate,False,0.0256138479
720575941514592003,Mi9,R,720575941548757364,-6,3,connectivity_candidate,False,0.484488916
720575941514884698,Mi9,R,720575941493138407,2,1,connectivity_candidate,False,0.0343103328
720575941514982035,Mi9,R,,,,unassigned,False,
720575941515096529,Mi9,R,720575941522599243,-10,5,connectivity_candidate,False,0.495647828
720575941515383043,Mi9,R,720575941561391598,-6,-15,connectivity_candidate,True,0.835431434
720575941515413859,Mi9,R,,,,unassigned,False,
720575941515423481,Mi9,R,720575941555093275,7,3,connectivity_candidate,False,0.0340611116
720575941515444985,Mi9,R,720575941626518073,0,-11,connectivity_candidate,False,0.0167497743
720575941515631097,Mi9,R,720575941557017252,3,-11,connectivity_candidate,False,0.0497346097
720575941515633145,Mi9,R,720575941485989840,4,-12,connectivity_candidate,False,0.345467511
720575941516749379,Mi9,R,,,,unassigned,False,
720575941516784131,Mi9,R,720575941589414028,4,2,connectivity_candidate,False,0.034077381
720575941517371641,Mi9,R,720575941573204893,1,8,connectivity_candidate,False,0.0271609587
720575941517769432,Mi9,R,720575941416290844,-2,0,connectivity_candidate,False,0.0361491461
720575941517824090,Mi9,R,720575941618799487,5,1,connectivity_candidate,False,0.0344119066
720575941517844440,Mi9,R,720575941505556293,-9,-3,connectivity_candidate,False,0.0491065126
720575941517855086,Mi9,R,720575941489741262,13,15,connectivity_candidate,False,0.0388749272
720575941517865582,Mi9,R,720575941468502358,3,7,connectivity_candidate,False,0.0352365255
720575941517913966,Mi9,R,720575941412634769,-3,10,connectivity_candidate,False,0.0391189641
720575941517982355,Mi9,R,720575941478439220,-12,-14,connectivity_candidate,False,0.345755744
720575941518221971,Mi9,R,720575941656316628,11,-2,connectivity_candidate,False,0.045953253
720575941518254764,Mi9,R,720575941666651379,1,2,connectivity_candidate,False,0.0335966073
720575941520009907,Mi9,R,720575941472912682,1,-3,connectivity_candidate,False,0.0338288094
720575941520166316,Mi9,R,720575941414533268,-13,-9,connectivity_candidate,False,0.284531131
720575941520324206,Mi9,R,,,,unassigned,False,
720575941520483288,Mi9,R,720575941391584150,-1,13,connectivity_candidate,False,0.0349117215
720575941520779374,Mi9,R,,,,unassigned,False,
720575941521095607,Mi9,R,720575941635133627,11,8,connectivity_candidate,False,0.0324672864
720575941521824439,Mi9,R,720575941449093813,9,3,connectivity_candidate,False,0.0337970857
720575941522323127,Mi9,R,,,,unassigned,False,
720575941522774455,Mi9,R,,,,unassigned,False,
720575941522779831,Mi9,R,720575941475215675,0,12,connectivity_candidate,False,0.0386668509
720575941523595595,Mi9,R,720575941606137709,-5,-13,connectivity_candidate,True,0.826931343
720575941524169207,Mi9,R,720575941634984379,-2,-8,connectivity_candidate,False,0.0286602298
720575941524418551,Mi9,R,,,,unassigned,False,
720575941524998244,Mi9,R,,,,unassigned,False,
720575941525192804,Mi9,R,720575941586249567,-9,1,connectivity_candidate,False,0.221649089
720575941525231897,Mi9,R,,,,unassigned,False,
720575941525430372,Mi9,R,720575941481773507,2,9,connectivity_candidate,False,0.0301585338
720575941525462093,Mi9,R,720575941613599718,15,8,connectivity_candidate,True,0.841287695
720575941525514829,Mi9,R,,,,unassigned,False,
720575941525529675,Mi9,R,720575941465397005,-5,-3,connectivity_candidate,False,0.0406742113
720575941525640011,Mi9,R,720575941633116832,0,-10,connectivity_candidate,False,0.0212338199
720575941525851302,Mi9,R,720575941497416009,4,-4,connectivity_candidate,False,0.0357548385
720575941525901990,Mi9,R,720575941505591365,-4,-2,connectivity_candidate,False,0.0389768222
720575941526096294,Mi9,R,720575941548441149,-7,7,connectivity_candidate,False,0.500934538
720575941526351181,Mi9,R,,,,unassigned,False,
720575941527707302,Mi9,R,,,,unassigned,False,
720575941527811586,Mi9,R,720575941734554667,-3,-4,connectivity_candidate,False,0.0362837315
720575941527880525,Mi9,R,720575941531745155,4,9,connectivity_candidate,False,0.030614676
720575941528007449,Mi9,R,,,,unassigned,False,
720575941528032868,Mi9,R,720575941475226976,5,6,connectivity_candidate,False,0.0333338976
720575941528187320,Mi9,R,720575941629225017,14,15,connectivity_candidate,True,0.970080449
720575941528313732,Mi9,R,,,,unassigned,False,
720575941528420996,Mi9,R,720575941611320540,4,3,connectivity_candidate,False,0.033821737
720575941528559618,Mi9,R,,,,unassigned,False,
720575941529479096,Mi9,R,720575941626068793,9,-6,connectivity_candidate,False,0.0539572491
720575941529492152,Mi9,R,,,,unassigned,False,
720575941530726629,Mi9,R,720575941480281027,11,15,connectivity_candidate,False,0.0337167209
720575941530759115,Mi9,R,720575941497811399,9,7,connectivity_candidate,False,0.0336684682
720575941530811365,Mi9,R,720575941733917739,12,18,connectivity_candidate,False,0.0371990167
720575941530954955,Mi9,R,720575941448506446,4,-5,connectivity_candidate,False,0.0363103083
720575941531202789,Mi9,R,720575941502324823,-7,-7,connectivity_candidate,False,0.0411690257
720575941531245285,Mi9,R,720575941624351882,-3,7,connectivity_candidate,False,0.0137413915
720575941531342008,Mi9,R,720575941521708279,-6,-2,connectivity_candidate,False,0.0425696643
720575941531602563,Mi9,R,720575941525348429,0,13,connectivity_candidate,False,0.0431103135
720575941531867877,Mi9,R,720575941451887482,-6,-8,connectivity_candidate,False,0.0351997404
720575941531959269,Mi9,R,720575941562846888,-3,-15,connectivity_candidate,False,0.131999477
720575941532208357,Mi9,R,720575941510331265,0,1,connectivity_candidate,False,0.0342545076
720575941532816771,Mi9,R,720575941545050217,9,6,connectivity_candidate,False,0.0332858181
720575941532980099,Mi9,R,,,,unassigned,False,
720575941533071747,Mi9,R,720575941615113113,-2,-16,connectivity_candidate,False,0.251684023
720575941533253720,Mi9,R,720575941557879567,-16,-5,connectivity_candidate,True,0.771469008
720575941533670834,Mi9,R,720575941502519383,-8,-18,connectivity_candidate,True,0.892458254
720575941533687730,Mi9,R,,,,unassigned,False,
720575941533747941,Mi9,R,720575941433996064,-2,-4,connectivity_candidate,False,0.034909232
720575941533939941,Mi9,R,720575941486259778,10,1,connectivity_candidate,False,0.0351520397
720575941534160577,Mi9,R,720575941412981931,0,2,connectivity_candidate,False,0.0327826938
720575941534375946,Mi9,R,720575941632265954,-11,3,connectivity_candidate,True,0.803958957
720575941534565057,Mi9,R,720575941643170209,-10,-9,connectivity_candidate,False,0.0467311055
720575941534566938,Mi9,R,720575941462650579,14,0,connectivity_candidate,False,0.186855084
720575941534648408,Mi9,R,720575941568006710,-8,5,connectivity_candidate,False,0.496339304
720575941534803032,Mi9,R,720575941657951000,6,0,connectivity_candidate,False,0.0350253859
720575941535402010,Mi9,R,720575941527931012,4,-2,connectivity_candidate,False,0.0348186624
720575941535409418,Mi9,R,720575941593317590,-6,-11,connectivity_candidate,False,0.0272314712
720575941535700056,Mi9,R,720575941624573339,13,14,connectivity_candidate,False,0.0374911473
720575941535793345,Mi9,R,720575941566547042,6,-9,connectivity_candidate,False,0.173918688
720575941535811560,Mi9,R,720575941437783007,-8,2,connectivity_candidate,False,0.15722166
720575941536064026,Mi9,R,720575941576140809,-7,-13,connectivity_candidate,False,0.0197884705
720575941536254184,Mi9,R,,,,unassigned,False,
720575941536528618,Mi9,R,,,,unassigned,False,
720575941536644328,Mi9,R,720575941625323772,13,2,connectivity_candidate,False,0.0332093547
720575941536802904,Mi9,R,720575941562995810,11,-1,connectivity_candidate,False,0.0433570761
720575941536826456,Mi9,R,720575941471891552,7,-4,connectivity_candidate,False,0.039648477
720575941537037800,Mi9,R,720575941479169871,-2,-13,connectivity_candidate,False,0.131724685
720575941537067754,Mi9,R,,,,unassigned,False,
720575941537159144,Mi9,R,,,,unassigned,False,
720575941537367562,Mi9,R,720575941638544159,-11,-1,connectivity_candidate,True,0.632110573
720575941537389322,Mi9,R,720575941600258345,0,14,connectivity_candidate,False,0.0379167919
720575941537885466,Mi9,R,720575941487329232,12,2,connectivity_candidate,False,0.033808038
720575941537940117,Mi9,R,720575941479171407,1,-12,connectivity_candidate,False,0.160435002
720575941538365210,Mi9,R,720575941440279503,12,16,connectivity_candidate,False,0.0411372237
720575941538714005,Mi9,R,720575941577692086,-2,2,connectivity_candidate,False,0.0292844421
720575941538817768,Mi9,R,720575941528484196,-2,7,connectivity_candidate,False,0.0171191861
720575941539217635,Mi9,R,,,,unassigned,False,
720575941539691645,Mi9,R,720575941353990960,2,3,connectivity_candidate,False,0.033322301
720575941540155541,Mi9,R,,,,unassigned,False,
720575941540183282,Mi9,R,720575941632083180,7,5,connectivity_candidate,False,0.0339017548
720575941540232597,Mi9,R,720575941564413608,-2,5,connectivity_candidate,False,0.0201492695
720575941540340210,Mi9,R,720575941538631373,3,6,connectivity_candidate,False,0.0350274239
720575941540556949,Mi9,R,,,,unassigned,False,
720575941541240349,Mi9,R,720575941592623400,8,18,connectivity_candidate,True,0.750423311
720575941542262876,Mi9,R,720575941445851412,1,6,connectivity_candidate,False,0.0292230143
720575941543345669,Mi9,R,720575941592052587,-8,-16,connectivity_candidate,True,0.827066546
720575941543895325,Mi9,R,720575941505662021,6,6,connectivity_candidate,False,0.0339137597
720575941544313885,Mi9,R,720575941393983236,11,9,connectivity_candidate,False,0.0320279013
720575941544385116,Mi9,R,720575941414206868,9,-3,connectivity_candidate,False,0.0424637911
720575941544694889,Mi9,R,720575941555607460,6,11,connectivity_candidate,False,0.0333869745
720575941544707260,Mi9,R,,,,unassigned,False,
720575941544839173,Mi9,R,720575941451143751,-10,2,connectivity_candidate,False,0.292475292
720575941544842940,Mi9,R,720575941657495888,-10,-17,connectivity_candidate,True,0.823171631
720575941545050548,Mi9,R,720575941535082522,1,7,connectivity_candidate,False,0.0276375195
720575941545435828,Mi9,R,720575941613929881,-2,10,connectivity_candidate,False,0.0358440038
720575941545579956,Mi9,R,720575941514086393,1,9,connectivity_candidate,False,0.0290843968
720575941545642245,Mi9,R,720575941469685771,-17,-9,connectivity_candidate,True,0.698582881
720575941545894068,Mi9,R,720575941536942834,-7,-8,connectivity_candidate,False,0.0388252642
720575941545972156,Mi9,R,720575941577676470,4,-7,connectivity_candidate,False,0.0395396502
720575941546321769,Mi9,R,,,,unassigned,False,
720575941547511432,Mi9,R,720575941509188050,6,-3,connectivity_candidate,False,0.037134337
720575941547581576,Mi9,R,720575941643339464,10,6,connectivity_candidate,False,0.0330968769
720575941547757500,Mi9,R,,,,unassigned,False,
720575941547974689,Mi9,R,720575941575252623,1,4,connectivity_candidate,False,0.0313771181
720575941548116084,Mi9,R,720575941630042604,1,-8,connectivity_candidate,False,0.0294767527
720575941548254908,Mi9,R,720575941612417299,2,-7,connectivity_candidate,False,0.0332274597
720575941548305012,Mi9,R,,,,unassigned,False,
720575941548601268,Mi9,R,720575941577545064,-10,-3,connectivity_candidate,False,0.052839988
720575941549610301,Mi9,R,,,,unassigned,False,
720575941549619773,Mi9,R,720575941508670789,6,7,connectivity_candidate,False,0.0338354893
720575941549703284,Mi9,R,720575941414646812,9,-7,connectivity_candidate,False,0.0566849353
720575941550429951,Mi9,R,720575941556774401,-16,-6,connectivity_candidate,True,0.797681783
720575941550587937,Mi9,R,720575941575868573,5,-3,connectivity_candidate,False,0.0363138788
720575941550676223,Mi9,R,720575941597070119,18,9,connectivity_candidate,True,1.00489097
720575941550712353,Mi9,R,720575941572228091,2,-4,connectivity_candidate,False,0.0336921091
720575941550867774,Mi9,R,720575941442585691,-3,13,connectivity_candidate,False,0.431304369
720575941551127357,Mi9,R,720575941426189908,11,16,connectivity_candidate,False,0.0374458335
720575941551306301,Mi9,R,720575941595287079,12,9,connectivity_candidate,False,0.0326204162
720575941552322587,Mi9,R,720575941542703645,7,12,connectivity_candidate,False,0.0329449187
720575941552355355,Mi9,R,,,,unassigned,False,
720575941552550298,Mi9,R,720575941496376443,-6,4,connectivity_candidate,False,0.490150397
720575941552975239,Mi9,R,720575941475633438,8,3,connectivity_candidate,False,0.0340194745
720575941553008794,Mi9,R,,,,unassigned,False,
720575941553357630,Mi9,R,720575941605566573,-8,-12,connectivity_candidate,True,0.808472758
720575941554230170,Mi9,R,720575941537923354,7,-9,connectivity_candidate,False,0.174738711
720575941554416467,Mi9,R,720575941576294248,11,7,connectivity_candidate,False,0.0329691129
720575941554646663,Mi9,R,720575941430800087,15,11,connectivity_candidate,False,0.0352859756
720575941554812161,Mi9,R,720575941579855481,6,-1,connectivity_candidate,False,0.0354773796
720575941554852324,Mi9,R,720575941526337958,-11,-6,connectivity_candidate,False,0.0584562324
720575941554862215,Mi9,R,720575941567990522,-8,-1,connectivity_candidate,False,0.0433178023
720575941554863443,Mi9,R,720575941637710709,2,-1,connectivity_candidate,False,0.0342623876
720575941554875015,Mi9,R,720575941456101535,7,7,connectivity_candidate,False,0.0343263325
720575941554889700,Mi9,R,720575941618727893,15,10,connectivity_candidate,True,0.960726553
720575941554954323,Mi9,R,720575941528110681,-5,-8,connectivity_candidate,False,0.0335861779
720575941555065427,Mi9,R,720575941630132165,4,-8,connectivity_candidate,False,0.0430696338
720575941555108123,Mi9,R,720575941634257568,-10,-14,connectivity_candidate,True,0.711095229
720575941555626523,Mi9,R,,,,unassigned,False,
720575941555734756,Mi9,R,720575941626057529,-3,-12,connectivity_candidate,False,0.0879760523
720575941555772826,Mi9,R,720575941499847035,15,9,connectivity_candidate,True,0.739283945
720575941555902436,Mi9,R,720575941547951165,6,-5,connectivity_candidate,False,0.0399986153
720575941556076004,Mi9,R,720575941654374673,10,16,connectivity_candidate,False,0.0364813779
720575941556589604,Mi9,R,,,,unassigned,False,
720575941556750931,Mi9,R,720575941597393344,10,5,connectivity_candidate,False,0.0333261557
720575941556862884,Mi9,R,720575941618628309,4,-9,connectivity_candidate,False,0.0452882441
720575941557010596,Mi9,R,720575941556770817,4,-3,connectivity_candidate,False,0.0352443854
720575941558155023,Mi9,R,720575941556821540,-5,10,connectivity_candidate,False,0.08962233
720575941558573939,Mi9,R,720575941406691375,-9,8,connectivity_candidate,False,0.612934469
720575941558749422,Mi9,R,720575941507007036,-10,-4,connectivity_candidate,False,0.0534091226
720575941559108772,Mi9,R,720575941448447822,-10,-7,connectivity_candidate,False,0.0499902947
720575941559416335,Mi9,R,720575941440417371,5,2,connectivity_candidate,False,0.0342435434
720575941559516431,Mi9,R,720575941472465015,12,1,connectivity_candidate,False,0.033630701
720575941559554349,Mi9,R,720575941538908029,-7,5,connectivity_candidate,False,0.49453737
720575941559709220,Mi9,R,720575941403214115,-3,1,connectivity_candidate,False,0.0342128483
720575941559957619,Mi9,R,720575941394040836,-1,-13,connectivity_candidate,False,0.1396439
720575941561083151,Mi9,R,720575941412392107,11,6,connectivity_candidate,False,0.0330976784
720575941561365928,Mi9,R,720575941509819777,6,15,connectivity_candidate,False,0.410825989
720575941561550707,Mi9,R,720575941567723378,0,-8,connectivity_candidate,False,0.0275318444
720575941561722536,Mi9,R,720575941600187945,8,7,connectivity_candidate,False,0.0347463044
720575941561731599,Mi9,R,720575941494844848,17,16,connectivity_candidate,True,1.02612296
720575941561815720,Mi9,R,,,,unassigned,False,
720575941562002856,Mi9,R,720575941503477131,8,0,connectivity_candidate,False,0.0360038615
720575941563103744,Mi9,R,720575941460315792,-13,0,connectivity_candidate,True,1.12714627
720575941563771655,Mi9,R,720575941660473144,5,-11,connectivity_candidate,False,0.297756381
720575941563915415,Mi9,R,720575941556959059,-4,11,connectivity_candidate,False,0.0332824122
720575941564152727,Mi9,R,720575941538904701,-8,-7,connectivity_candidate,False,0.0438989917
720575941564237719,Mi9,R,720575941497486409,-12,-10,connectivity_candidate,False,0.275159678
720575941564362806,Mi9,R,,,,unassigned,False,
720575941564414376,Mi9,R,,,,unassigned,False,
720575941564687458,Mi9,R,720575941469797952,12,3,connectivity_candidate,False,0.0335409198
720575941564782183,Mi9,R,,,,unassigned,False,
720575941565957735,Mi9,R,720575941538985187,7,2,connectivity_candidate,False,0.0343482257
720575941566171438,Mi9,R,,,,unassigned,False,
720575941566297607,Mi9,R,720575941552210750,-6,1,connectivity_candidate,False,0.0353826571
720575941566360679,Mi9,R,720575941479236943,9,-5,connectivity_candidate,False,0.0459781059
720575941566752151,Mi9,R,720575941651072241,5,-9,connectivity_candidate,False,0.0449961744
720575941566753175,Mi9,R,720575941609908457,8,10,connectivity_candidate,False,0.0320461574
720575941566757678,Mi9,R,720575941571042974,14,6,connectivity_candidate,False,0.0310801957
720575941567617582,Mi9,R,720575941476533866,5,-6,connectivity_candidate,False,0.0398518134
720575941567985396,Mi9,R,720575941525675289,-6,9,connectivity_candidate,False,0.50526016
720575941568012146,Mi9,R,720575941522504627,-2,8,connectivity_candidate,False,0.0265082524
720575941568263674,Mi9,R,720575941497802658,3,2,connectivity_candidate,False,0.0340441711
720575941568369266,Mi9,R,720575941619635071,13,13,connectivity_candidate,False,0.0349934811
720575941569368690,Mi9,R,720575941433938976,10,-3,connectivity_candidate,False,0.0449937341
720575941569411374,Mi9,R,,,,unassigned,False,
720575941569621038,Mi9,R,720575941463417284,10,8,connectivity_candidate,False,0.0320968781
720575941571143668,Mi9,R,720575941520867767,5,11,connectivity_candidate,False,0.032751158
720575941571474504,Mi9,R,720575941547969313,-7,11,connectivity_candidate,False,0.508204607
720575941571477236,Mi9,R,720575941489809358,-7,-4,connectivity_candidate,False,0.0431247168
720575941571661640,Mi9,R,720575941554469092,-3,4,connectivity_candidate,False,0.0176711981
720575941572336891,Mi9,R,720575941556721956,-9,2,connectivity_candidate,False,0.489453108
720575941572625160,Mi9,R,720575941513643587,-3,5,connectivity_candidate,False,0.0164277933
720575941572960521,Mi9,R,720575941508908560,-10,8,connectivity_candidate,False,0.614755639
720575941572985416,Mi9,R,720575941498492800,-5,-7,connectivity_candidate,False,0.0355787506
720575941573034909,Mi9,R,720575941593031308,9,17,connectivity_candidate,False,0.407433004
720575941573086985,Mi9,R,720575941480588995,14,14,connectivity_candidate,False,0.0356471355
720575941573599995,Mi9,R,720575941503372171,1,-1,connectivity_candidate,False,0.0344206411
720575941573624073,Mi9,R,720575941504436028,-7,6,connectivity_candidate,False,0.495571106
720575941573949435,Mi9,R,720575941612416275,0,-12,connectivity_candidate,False,0.150855887
720575941574110280,Mi9,R,720575941563672418,-5,1,connectivity_candidate,False,0.0407839234
720575941574114447,Mi9,R,720575941567370343,-6,0,connectivity_candidate,False,0.0409406413
720575941574119581,Mi9,R,720575941572830473,-6,-10,connectivity_candidate,False,0.0310975217
720575941574613256,Mi9,R,720575941515756634,13,10,connectivity_candidate,False,0.0330607916
720575941574682184,Mi9,R,720575941526906969,-3,-7,connectivity_candidate,False,0.0321501896
720575941574774632,Mi9,R,720575941628460002,9,15,connectivity_candidate,False,0.0362244557
720575941574866831,Mi9,R,720575941535433394,-3,-13,connectivity_candidate,False,0.103099935
720575941575113615,Mi9,R,720575941574687670,9,-9,connectivity_candidate,False,0.423134847
720575941575898269,Mi9,R,,,,unassigned,False,
720575941575974045,Mi9,R,,,,unassigned,False,
720575941576062056,Mi9,R,720575941417731612,-3,-11,connectivity_candidate,False,0.0222381515
720575941576148840,Mi9,R,720575941519515319,3,0,connectivity_candidate,False,0.034263281
720575941576282984,Mi9,R,720575941479171151,1,-11,connectivity_candidate,False,0.0491240528
720575941576466319,Mi9,R,720575941479225423,-4,-6,connectivity_candidate,False,0.0356891409
720575941576746585,Mi9,R,720575941436543788,2,13,connectivity_candidate,False,0.0378435908
720575941576761999,Mi9,R,720575941561564787,0,-1,connectivity_candidate,False,0.0351226296
720575941577672949,Mi9,R,720575941627256475,-1,3,connectivity_candidate,False,0.0286202432
720575941577703094,Mi9,R,720575941559579693,-2,11,connectivity_candidate,False,0.0403303485
720575941577705832,Mi9,R,720575941468469014,13,4,connectivity_candidate,False,0.0333367956
720575941577817333,Mi9,R,720575941546351465,-3,9,connectivity_candidate,False,0.0396847782
720575941577998929,Mi9,R,720575941479283395,-12,1,connectivity_candidate,True,0.809165171
720575941578285813,Mi9,R,720575941548094057,8,6,connectivity_candidate,False,0.0338901951
720575941578541649,Mi9,R,720575941613063910,-7,-3,connectivity_candidate,False,0.0437867443
720575941578914905,Mi9,R,720575941536418058,10,-2,connectivity_candidate,False,0.0424016266
720575941579248217,Mi9,R,720575941551102782,-6,10,connectivity_candidate,False,0.502518858
720575941579950681,Mi9,R,720575941591828990,-2,-9,connectivity_candidate,False,0.0263367019
720575941580978677,Mi9,R,720575941494911358,-1,-4,connectivity_candidate,False,0.0339442138
720575941581308753,Mi9,R,,,,unassigned,False,
720575941581511033,Mi9,R,720575941598922908,-8,7,connectivity_candidate,False,0.504283748
720575941582702431,Mi9,R,720575941558033828,7,10,connectivity_candidate,False,0.0328981002
720575941583224927,Mi9,R,720575941507967548,-10,-19,connectivity_candidate,True,0.972282918
720575941584196742,Mi9,R,720575941508217111,1,11,connectivity_candidate,False,0.0339108884
720575941584329694,Mi9,R,,,,unassigned,False,
720575941584984030,Mi9,R,720575941577626705,-12,-11,connectivity_candidate,False,0.280173196
720575941584984542,Mi9,R,720575941498994505,-13,-11,connectivity_candidate,False,0.280984312
720575941585578630,Mi9,R,720575941555872164,7,0,connectivity_candidate,False,0.0353624311
720575941587318340,Mi9,R,,,,unassigned,False,
720575941587588062,Mi9,R,720575941584460934,5,-1,connectivity_candidate,False,0.0350855657
720575941587833566,Mi9,R,720575941518916012,-8,-4,connectivity_candidate,False,0.0457130226
720575941589778316,Mi9,R,720575941524033099,-1,14,connectivity_candidate,True,0.683419654
720575941590800268,Mi9,R,720575941551331956,0,-6,connectivity_candidate,False,0.0312249861
720575941591326760,Mi9,R,720575941627756070,-9,7,connectivity_candidate,False,0.506432641
720575941591538216,Mi9,R,,,,unassigned,False,
720575941591694187,Mi9,R,720575941525677337,-3,11,connectivity_candidate,False,0.0352441748
720575941591856747,Mi9,R,720575941562128755,3,12,connectivity_candidate,False,0.0327732559
720575941592121451,Mi9,R,720575941660370256,-6,-6,connectivity_candidate,False,0.0396655061
720575941592342635,Mi9,R,720575941539529950,-1,0,connectivity_candidate,False,0.0350835068
720575941592741160,Mi9,R,720575941432472751,-10,-12,connectivity_candidate,False,0.282805736
720575941593251435,Mi9,R,720575941612307274,10,-6,connectivity_candidate,False,0.053016136
720575941593333287,Mi9,R,720575941482276943,5,-12,connectivity_candidate,True,0.899174603
720575941593488677,Mi9,R,720575941514208515,3,10,connectivity_candidate,False,0.0308573534
720575941594413425,Mi9,R,720575941535778314,-10,-11,connectivity_candidate,False,0.278155199
720575941594458481,Mi9,R,720575941506946398,-11,-7,connectivity_candidate,False,0.0602215728
720575941594696741,Mi9,R,720575941566509319,-7,-10,connectivity_candidate,False,0.0349023006
720575941595184423,Mi9,R,720575941537455843,3,5,connectivity_candidate,False,0.0332906611
720575941595229477,Mi9,R,720575941450991797,-1,10,connectivity_candidate,False,0.0356016086
720575941595423365,Mi9,R,720575941533946890,0,-4,connectivity_candidate,False,0.0333471266
720575941595430769,Mi9,R,720575941441128895,8,2,connectivity_candidate,False,0.0343378806
720575941595530865,Mi9,R,720575941533935626,-2,-15,connectivity_candidate,False,0.160128136
720575941595589233,Mi9,R,720575941479380643,-10,6,connectivity_candidate,False,0.526924831
720575941595658097,Mi9,R,720575941502372914,11,4,connectivity_candidate,False,0.0333792282
720575941595907030,Mi9,R,720575941595209579,14,10,connectivity_candidate,False,0.0341456924
720575941596955761,Mi9,R,720575941534756184,-4,-11,connectivity_candidate,False,0.0245598002
720575941597055900,Mi9,R,720575941549781620,-14,-12,connectivity_candidate,False,0.285649791
720575941597558149,Mi9,R,720575941527571588,-4,6,connectivity_candidate,False,0.00903661671
720575941598013084,Mi9,R,720575941543901532,-2,1,connectivity_candidate,False,0.0334846065
720575941598325184,Mi9,R,720575941555258276,-9,-12,connectivity_candidate,False,0.280775203
720575941599655068,Mi9,R,,,,unassigned,False,
720575941599991708,Mi9,R,720575941613820333,-4,4,connectivity_candidate,False,0.0139327929
720575941600204073,Mi9,R,720575941496367227,6,-10,connectivity_candidate,False,0.224637175
720575941603478201,Mi9,R,720575941566408295,-6,5,connectivity_candidate,False,0.490135216
720575941603528950,Mi9,R,720575941491435184,2,-11,connectivity_candidate,False,0.0530615449
720575941604875961,Mi9,R,,,,unassigned,False,
720575941604917182,Mi9,R,720575941613897881,-1,5,connectivity_candidate,False,0.0241202132
720575941605151222,Mi9,R,720575941517264131,8,14,connectivity_candidate,False,0.0339827844
720575941605308601,Mi9,R,720575941517395449,3,3,connectivity_candidate,False,0.0335822276
720575941605926765,Mi9,R,720575941666769139,1,10,connectivity_candidate,False,0.0316450447
720575941605952958,Mi9,R,720575941497512161,-1,-8,connectivity_candidate,False,0.0277704164
720575941605953389,Mi9,R,,,,unassigned,False,
720575941605962349,Mi9,R,720575941476051764,-9,0,connectivity_candidate,False,0.377035333
720575941606151102,Mi9,R,720575941584527838,5,7,connectivity_candidate,False,0.0334950471
720575941607404397,Mi9,R,720575941632918242,-10,0,connectivity_candidate,True,0.625607226
720575941609418093,Mi9,R,720575941508670021,13,17,connectivity_candidate,False,0.0444951311
720575941610429770,Mi9,R,720575941644506488,10,3,connectivity_candidate,False,0.03325799
720575941610564710,Mi9,R,,,,unassigned,False,
720575941610663754,Mi9,R,720575941505589669,8,1,connectivity_candidate,False,0.0349639475
720575941610699241,Mi9,R,,,,unassigned,False,
720575941611408358,Mi9,R,720575941549060020,-7,-12,connectivity_candidate,False,0.0257608667
720575941611649709,Mi9,R,720575941660471096,7,-8,connectivity_candidate,True,0.932360407
720575941611806822,Mi9,R,720575941642378783,4,7,connectivity_candidate,False,0.0404079986
720575941612433897,Mi9,R,,,,unassigned,False,
720575941612513299,Mi9,R,720575941541294109,0,11,connectivity_candidate,False,0.0353921869
720575941612598505,Mi9,R,720575941487859206,-3,8,connectivity_candidate,False,0.0397396908
720575941612687635,Mi9,R,720575941512312017,-12,4,connectivity_candidate,False,0.569055916
720575941612903955,Mi9,R,,,,unassigned,False,
720575941613490585,Mi9,R,720575941471509213,1,15,connectivity_candidate,False,0.037478919
720575941613845165,Mi9,R,720575941505806386,-7,-9,connectivity_candidate,False,0.0346172391
720575941614922905,Mi9,R,720575941641668965,11,1,connectivity_candidate,False,0.0346243067
720575941614958300,Mi9,R,720575941512072145,-3,6,connectivity_candidate,False,0.0128903403
720575941616134101,Mi9,R,720575941439697964,-10,-13,connectivity_candidate,True,0.687632277
720575941616671641,Mi9,R,720575941527925688,-1,-5,connectivity_candidate,False,0.0330204043
720575941618726101,Mi9,R,720575941450209914,9,16,connectivity_candidate,False,0.0377884014
720575941619568255,Mi9,R,720575941503968962,7,-6,connectivity_candidate,False,0.0439410461
720575941621143167,Mi9,R,720575941479727840,-4,-10,connectivity_candidate,False,0.0271960634
720575941621308031,Mi9,R,720575941559332111,0,-7,connectivity_candidate,False,0.0296437729
720575941621331839,Mi9,R,,,,unassigned,False,
720575941621805183,Mi9,R,720575941554651364,-11,6,connectivity_candidate,False,0.572872621
720575941622771196,Mi9,R,720575941541150300,5,12,connectivity_candidate,False,0.0296447496
720575941623683836,Mi9,R,720575941516205459,-5,-10,connectivity_candidate,False,0.028457001
720575941623946492,Mi9,R,720575941508424464,2,-8,connectivity_candidate,False,0.0332202342
720575941624214380,Mi9,R,720575941527231654,3,-10,connectivity_candidate,False,0.0476164728
720575941624465802,Mi9,R,,,,unassigned,False,
720575941624529802,Mi9,R,720575941640941429,0,9,connectivity_candidate,False,0.029233106
720575941624694939,Mi9,R,720575941624209610,6,8,connectivity_candidate,False,0.0320668118
720575941624716652,Mi9,R,,,,unassigned,False,
720575941625288700,Mi9,R,720575941533097394,-12,-16,connectivity_candidate,True,0.822360715
720575941625421723,Mi9,R,720575941478427444,5,-8,connectivity_candidate,False,0.0437900237
720575941625434620,Mi9,R,720575941611968489,13,8,connectivity_candidate,False,0.0329131833
720575941625519468,Mi9,R,720575941443056042,5,4,connectivity_candidate,False,0.0337205907
720575941625556635,Mi9,R,720575941467371030,5,-2,connectivity_candidate,False,0.0354516474
720575941625577371,Mi9,R,720575941454933485,-4,3,connectivity_candidate,False,0.0157959125
720575941625610139,Mi9,R,720575941634168005,1,-2,connectivity_candidate,False,0.0341400623
720575941625660571,Mi9,R,720575941576179464,-3,3,connectivity_candidate,False,0.0199258668
720575941625728667,Mi9,R,720575941539233768,0,6,connectivity_candidate,False,0.0258325859
720575941626915436,Mi9,R,720575941514086243,-5,6,connectivity_candidate,False,0.486873229
720575941627062474,Mi9,R,720575941438246188,-13,-5,connectivity_candidate,False,0.218754909
720575941627433354,Mi9,R,720575941629362233,2,-2,connectivity_candidate,False,0.034091952
720575941627660089,Mi9,R,,,,unassigned,False,
720575941627703097,Mi9,R,720575941627478986,3,4,connectivity_candidate,False,0.0332480756
720575941627824166,Mi9,R,720575941616107417,-9,3,connectivity_candidate,False,0.494080226
720575941629235238,Mi9,R,720575941527904612,8,8,connectivity_candidate,False,0.035258318
720575941629317670,Mi9,R,720575941539187033,-3,-10,connectivity_candidate,False,0.0252710281
720575941629813049,Mi9,R,720575941528563801,-4,-9,connectivity_candidate,False,0.0295438984
720575941630419682,Mi9,R,720575941432166615,5,-5,connectivity_candidate,False,0.0385446407
720575941631005478,Mi9,R,,,,unassigned,False,
720575941631481324,Mi9,R,720575941491148341,7,1,connectivity_candidate,False,0.0347638337
720575941631518149,Mi9,R,720575941454204999,-10,-16,connectivity_candidate,True,0.82107668
720575941632022688,Mi9,R,720575941443679951,1,-10,connectivity_candidate,False,0.0220829753
720575941632267963,Mi9,R,,,,unassigned,False,
720575941632917986,Mi9,R,720575941554140755,14,9,connectivity_candidate,True,0.742237906
720575941633179884,Mi9,R,720575941451980922,-6,-3,connectivity_candidate,False,0.0421605189
720575941634170053,Mi9,R,720575941507636389,-6,-16,connectivity_candidate,True,0.842304416
720575941634599621,Mi9,R,720575941640854629,1,-7,connectivity_candidate,False,0.0306709727
720575941635500219,Mi9,R,720575941597684357,-2,-11,connectivity_candidate,False,0.0154294044
720575941638706719,Mi9,R,720575941400313891,4,16,connectivity_candidate,True,0.821653428
720575941639009909,Mi9,R,720575941661981052,-4,-13,connectivity_candidate,False,0.0990069919
720575941642133605,Mi9,R,720575941465488406,15,5,connectivity_candidate,False,0.0321437819
720575941643042149,Mi9,R,720575941612550633,4,-1,connectivity_candidate,False,0.0346484651
720575941643441096,Mi9,R,720575941507639842,8,-2,connectivity_candidate,False,0.0380452212
720575941643490936,Mi9,R,720575941704853722,12,0,connectivity_candidate,False,0.0330327176
720575941643522209,Mi9,R,,,,unassigned,False,
720575941643626952,Mi9,R,720575941448602461,-1,6,connectivity_candidate,False,0.022953074
720575941643636385,Mi9,R,720575941541152973,15,17,connectivity_candidate,True,0.972771314
720575941643674312,Mi9,R,720575941568124263,-14,-8,connectivity_candidate,False,0.219776281
720575941643677010,Mi9,R,720575941650365717,13,1,connectivity_candidate,False,0.0303592839
720575941643778721,Mi9,R,720575941469634167,-10,-8,connectivity_candidate,False,0.0448373319
720575941644414584,Mi9,R,720575941479237711,6,-2,connectivity_candidate,False,0.0364098419
720575941644612040,Mi9,R,720575941458307056,2,-5,connectivity_candidate,False,0.0330221461
720575941644843425,Mi9,R,720575941631973024,-11,-15,connectivity_candidate,True,0.821744546
720575941645278290,Mi9,R,,,,unassigned,False,
720575941645301330,Mi9,R,720575941469982475,-14,-9,connectivity_candidate,False,0.226892041
720575941646347384,Mi9,R,720575941394870422,-7,-16,connectivity_candidate,True,0.832873548
720575941649972757,Mi9,R,720575941514175747,-13,-10,connectivity_candidate,False,0.28002066
720575941650309909,Mi9,R,720575941558545935,10,19,connectivity_candidate,False,0.110841436
720575941650506517,Mi9,R,720575941730515243,-8,-10,connectivity_candidate,False,0.0317154652
720575941651479317,Mi9,R,,,,unassigned,False,
720575941651634961,Mi9,R,720575941550683425,0,-13,connectivity_candidate,False,0.151248246
720575941652175601,Mi9,R,720575941412540308,11,-3,connectivity_candidate,False,0.0485841516
720575941652212241,Mi9,R,720575941475538225,-8,-9,connectivity_candidate,False,0.0440403405
720575941652219921,Mi9,R,720575941478225376,-9,-13,connectivity_candidate,True,0.805178341
720575941652273137,Mi9,R,720575941563810962,-1,-16,connectivity_candidate,False,0.252622849
720575941653126361,Mi9,R,720575941603173310,-3,14,connectivity_candidate,False,0.417844545
720575941653241817,Mi9,R,,,,unassigned,False,
720575941653499669,Mi9,R,720575941692184216,9,-4,connectivity_candidate,False,0.0443246678
720575941653510677,Mi9,R,720575941565156455,3,-7,connectivity_candidate,False,0.0366414054
720575941653547737,Mi9,R,720575941598171525,-13,-13,connectivity_candidate,True,0.842709318
720575941653651156,Mi9,R,720575941624475274,-7,8,connectivity_candidate,False,0.504098325
720575941656048089,Mi9,R,720575941502712514,-6,8,connectivity_candidate,False,0.502448107
720575941656790808,Mi9,R,720575941548439869,-11,2,connectivity_candidate,False,0.284713175
720575941657128016,Mi9,R,720575941447834549,-2,15,connectivity_candidate,False,0.412008215
720575941657322708,Mi9,R,720575941687021580,-4,-3,connectivity_candidate,False,0.0386801662
720575941658281240,Mi9,R,720575941482094522,7,-5,connectivity_candidate,False,0.0419334014
720575941660271696,Mi9,R,,,,unassigned,False,
720575941660313680,Mi9,R,720575941479379619,4,8,connectivity_candidate,False,0.0368612447
720575941661720188,Mi9,R,,,,unassigned,False,
720575941661797756,Mi9,R,720575941431583758,-1,9,connectivity_candidate,False,0.0297874615
720575941661843256,Mi9,R,720575941475241568,4,1,connectivity_candidate,False,0.0342696956
720575941662034300,Mi9,R,720575941576632463,0,3,connectivity_candidate,False,0.0308244143
720575941665239932,Mi9,R,720575941556789796,7,14,connectivity_candidate,False,0.0313318805
720575941665252732,Mi9,R,720575941414421393,7,13,connectivity_candidate,False,0.0322934163
720575941666935539,Mi9,R,720575941652155409,-15,-11,connectivity_candidate,False,0.283613995
720575941668012465,Mi9,R,,,,unassigned,False,
720575941668102321,Mi9,R,720575941557220353,-16,-10,connectivity_candidate,False,0.291787594
720575941669522163,Mi9,R,,,,unassigned,False,
720575941669721767,Mi9,R,720575941701684186,10,12,connectivity_candidate,False,0.0331583443
720575941685994223,Mi9,R,,,,unassigned,False,
720575941686491375,Mi9,R,720575941453514803,2,7,connectivity_candidate,False,0.0314752599
720575941686960908,Mi9,R,720575941469685312,-11,4,connectivity_candidate,True,1.09055081
720575941686970892,Mi9,R,720575941564910183,-11,7,connectivity_candidate,False,0.568386835
720575941687015798,Mi9,R,720575941570713082,-12,3,connectivity_candidate,True,1.06452994
720575941687990767,Mi9,R,720575941633959611,1,1,connectivity_candidate,False,0.0344077695
720575941688187916,Mi9,R,720575941558027791,7,-3,connectivity_candidate,False,0.0386428992
720575941688324214,Mi9,R,720575941546102617,2,2,connectivity_candidate,False,0.0338502601
720575941688505100,Mi9,R,720575941439831503,-9,-9,connectivity_candidate,False,0.0480010493
720575941689075439,Mi9,R,,,,unassigned,False,
720575941689164184,Mi9,R,720575941479485263,5,9,connectivity_candidate,False,0.0348239361
720575941689197208,Mi9,R,,,,unassigned,False,
720575941689263835,Mi9,R,720575941548121889,11,10,connectivity_candidate,False,0.0318415242
720575941689335515,Mi9,R,720575941592180843,-3,0,connectivity_candidate,False,0.0367315506
720575941689595916,Mi9,R,720575941561374702,9,2,connectivity_candidate,False,0.0345482883
720575941689625583,Mi9,R,720575941609096010,-6,-7,connectivity_candidate,False,0.0380146485
720575941689632012,Mi9,R,720575941541570941,-14,-15,connectivity_candidate,False,0.340375578
720575941689772918,Mi9,R,,,,unassigned,False,
720575941690128246,Mi9,R,720575941533472088,-9,5,connectivity_candidate,False,0.500446219
720575941690162956,Mi9,R,720575941554692999,-3,-18,connectivity_candidate,False,0.279644334
720575941690286744,Mi9,R,720575941511229906,-2,-10,connectivity_candidate,False,0.0230800217
720575941690295003,Mi9,R,720575941457994566,10,0,connectivity_candidate,False,0.0358821679
720575941690382198,Mi9,R,720575941646621345,-2,-3,connectivity_candidate,False,0.0354532066
720575941690402678,Mi9,R,720575941490845132,-4,-12,connectivity_candidate,False,0.0221783604
720575941692473496,Mi9,R,720575941517207443,9,1,connectivity_candidate,False,0.0358709167
720575941692640219,Mi9,R,720575941482199805,4,14,connectivity_candidate,False,0.437494638
720575941701352922,Mi9,R,720575941592910550,-2,13,connectivity_candidate,False,0.0304943065
720575941701841114,Mi9,R,720575941671203761,-11,-14,connectivity_candidate,False,0.374805575
720575941704457434,Mi9,R,720575941460473744,4,15,connectivity_candidate,False,0.0716058349
720575941704868570,Mi9,R,,,,unassigned,False,
720575941722614074,Mi9,R,720575941584335326,8,4,connectivity_candidate,False,0.033760378
720575941730791467,Mi9,R,720575941460129988,2,15,connectivity_candidate,False,0.0479802869
720575941730804267,Mi9,R,720575941613749933,10,14,connectivity_candidate,False,0.0339054695
720575941732398891,Mi9,R,720575941443054506,10,7,connectivity_candidate,False,0.0328323584
720575941733767211,Mi9,R,720575941507404348,9,4,connectivity_candidate,False,0.0335973794
720575941353632048,R8_unclear,R,,,,unassigned,False,
720575941353699376,R8_unclear,R,720575941533932554,2,-10,connectivity_candidate,False,0.0471728925
720575941393437188,R8_unclear,R,720575941606079678,-12,-5,connectivity_candidate,False,0.0673372411
720575941393496324,R8_unclear,R,720575941429600393,10,-4,connectivity_candidate,False,0.0467484981
720575941393558532,R8_unclear,R,720575941625323772,13,2,connectivity_candidate,False,0.0332093547
720575941394197910,R8_unclear,R,720575941555258276,-9,-12,connectivity_candidate,False,0.280775203
720575941400654883,R8_unclear,R,720575941518874540,2,0,connectivity_candidate,False,0.0343125339
720575941401477226,R8_unclear,R,720575941502315095,-9,-7,connectivity_candidate,False,0.0463684642
720575941401480298,R8_unclear,R,720575941605566573,-8,-12,connectivity_candidate,True,0.808472758
720575941401481066,R8_unclear,R,720575941547667644,-9,-11,connectivity_candidate,False,0.277746564
720575941401481834,R8_unclear,R,720575941538919139,-7,-11,connectivity_candidate,False,0.0299464116
720575941402489635,R8_unclear,R,,,,unassigned,False,
720575941402531107,R8_unclear,R,720575941602000569,12,-2,connectivity_candidate,False,0.052857621
720575941402595875,R8_unclear,R,720575941573204893,1,8,connectivity_candidate,False,0.0271609587
720575941402598435,R8_unclear,R,720575941563032488,17,9,connectivity_candidate,True,1.00005373
720575941402622499,R8_unclear,R,720575941734556459,6,16,connectivity_candidate,False,0.425117988
720575941402733852,R8_unclear,R,,,,unassigned,False,
720575941405416560,R8_unclear,R,,,,unassigned,False,
720575941405419376,R8_unclear,R,720575941468238045,1,14,connectivity_candidate,False,0.0513659772
720575941405464944,R8_unclear,R,720575941562128755,3,12,connectivity_candidate,False,0.0327732559
720575941408546351,R8_unclear,R,720575941514169347,-2,4,connectivity_candidate,False,0.0225413155
720575941409270831,R8_unclear,R,720575941630132165,4,-8,connectivity_candidate,False,0.0430696338
720575941409299118,R8_unclear,R,720575941642378783,4,7,connectivity_candidate,False,0.0404079986
720575941409333678,R8_unclear,R,,,,unassigned,False,
720575941412385451,R8_unclear,R,720575941549060020,-7,-12,connectivity_candidate,False,0.0257608667
720575941412761967,R8_unclear,R,720575941527571588,-4,6,connectivity_candidate,False,0.00903661671
720575941412961707,R8_unclear,R,720575941567677554,-11,-8,connectivity_candidate,False,0.116570801
720575941413256303,R8_unclear,R,720575941556820772,-5,9,connectivity_candidate,False,0.505248314
720575941415077777,R8_unclear,R,720575941527636902,3,8,connectivity_candidate,False,0.0326843467
720575941415259028,R8_unclear,R,720575941479485263,5,9,connectivity_candidate,False,0.0348239361
720575941415284369,R8_unclear,R,720575941562525842,-11,-11,connectivity_candidate,False,0.278041436
720575941415284628,R8_unclear,R,720575941479718307,3,-2,connectivity_candidate,False,0.0342826721
720575941415357588,R8_unclear,R,720575941666651379,1,2,connectivity_candidate,False,0.0335966073
720575941417289500,R8_unclear,R,720575941624553418,-14,-4,connectivity_candidate,True,0.785540768
720575941417368860,R8_unclear,R,720575941625453052,-1,4,connectivity_candidate,False,0.0267398005
720575941417395228,R8_unclear,R,720575941687021580,-4,-3,connectivity_candidate,False,0.0386801662
720575941428461140,R8_unclear,R,720575941686845964,-11,-3,connectivity_candidate,False,0.483768045
720575941428556372,R8_unclear,R,720575941689926156,-7,-17,connectivity_candidate,True,0.84089863
720575941431787695,R8_unclear,R,720575941624475274,-7,8,connectivity_candidate,False,0.504098325
720575941431827375,R8_unclear,R,720575941558454031,6,-8,connectivity_candidate,False,0.0443337487
720575941431840687,R8_unclear,R,720575941522740915,8,9,connectivity_candidate,False,0.0347919504
720575941431962249,R8_unclear,R,720575941621794431,-1,-10,connectivity_candidate,False,0.0211916646
720575941432548705,R8_unclear,R,720575941516859139,3,-4,connectivity_candidate,False,0.0344735265
720575941432639585,R8_unclear,R,720575941613820333,-4,4,connectivity_candidate,False,0.0139327929
720575941432649313,R8_unclear,R,720575941605633782,-12,-3,connectivity_candidate,False,0.227832909
720575941432682849,R8_unclear,R,720575941512360268,9,18,connectivity_candidate,False,0.410094712
720575941432750606,R8_unclear,R,720575941439665938,-4,1,connectivity_candidate,False,0.0410258836
720575941433373655,R8_unclear,R,720575941412392107,11,6,connectivity_candidate,False,0.0330976784
720575941433756942,R8_unclear,R,,,,unassigned,False,
720575941433758478,R8_unclear,R,720575941517850072,-3,-1,connectivity_candidate,False,0.0376685339
720575941433810958,R8_unclear,R,720575941611660390,-8,-14,connectivity_candidate,True,0.820711304
720575941436038798,R8_unclear,R,720575941627478986,3,4,connectivity_candidate,False,0.0332480756
720575941436757792,R8_unclear,R,720575941641866527,-5,-15,connectivity_candidate,True,0.840428567
720575941439246610,R8_unclear,R,720575941535433394,-3,-13,connectivity_candidate,False,0.103099935
720575941439339308,R8_unclear,R,,,,unassigned,False,
720575941440012863,R8_unclear,R,720575941507636389,-6,-16,connectivity_candidate,True,0.842304416
720575941440067903,R8_unclear,R,720575941440450860,13,3,connectivity_candidate,False,0.0330499612
720575941440081426,R8_unclear,R,720575941439749676,9,9,connectivity_candidate,False,0.0372484048
720575941440092735,R8_unclear,R,720575941640941429,0,9,connectivity_candidate,False,0.029233106
720575941440180447,R8_unclear,R,720575941565156455,3,-7,connectivity_candidate,False,0.0366414054
720575941440262879,R8_unclear,R,720575941450209914,9,16,connectivity_candidate,False,0.0377884014
720575941440305375,R8_unclear,R,720575941457994566,10,0,connectivity_candidate,False,0.0358821679
720575941440308447,R8_unclear,R,720575941564715879,-9,-10,connectivity_candidate,False,0.251558127
720575941440418604,R8_unclear,R,720575941567723378,0,-8,connectivity_candidate,False,0.0275318444
720575941440428863,R8_unclear,R,720575941394040836,-1,-13,connectivity_candidate,False,0.1396439
720575941440933973,R8_unclear,R,720575941514086243,-5,6,connectivity_candidate,False,0.486873229
720575941441006933,R8_unclear,R,720575941525677337,-3,11,connectivity_candidate,False,0.0352441748
720575941441007445,R8_unclear,R,720575941592910550,-2,13,connectivity_candidate,False,0.0304943065
720575941441007701,R8_unclear,R,720575941526906969,-3,-7,connectivity_candidate,False,0.0321501896
720575941441010623,R8_unclear,R,720575941406691375,-9,8,connectivity_candidate,False,0.612934469
720575941441088085,R8_unclear,R,720575941451980922,-6,-3,connectivity_candidate,False,0.0421605189
720575941441212351,R8_unclear,R,720575941653479129,8,-5,connectivity_candidate,False,0.0438185831
720575941441871295,R8_unclear,R,720575941574611638,-2,-1,connectivity_candidate,False,0.0365024056
720575941441961407,R8_unclear,R,720575941472465015,12,1,connectivity_candidate,False,0.033630701
720575941442109631,R8_unclear,R,,,,unassigned,False,
720575941442291803,R8_unclear,R,720575941690137612,7,15,connectivity_candidate,False,0.0309184895
720575941442355547,R8_unclear,R,720575941505512471,9,12,connectivity_candidate,False,0.0335156669
720575941442676431,R8_unclear,R,720575941509572702,5,13,connectivity_candidate,False,0.0301970937
720575941444682922,R8_unclear,R,720575941460315792,-13,0,connectivity_candidate,True,1.12714627
720575941445672874,R8_unclear,R,720575941448457821,-12,-4,connectivity_candidate,True,0.536662795
720575941446722756,R8_unclear,R,720575941430873737,-4,0,connectivity_candidate,False,0.0394822793
720575941446777514,R8_unclear,R,,,,unassigned,False,
720575941447783956,R8_unclear,R,720575941543901532,-2,1,connectivity_candidate,False,0.0334846065
720575941448368324,R8_unclear,R,720575941403214115,-3,1,connectivity_candidate,False,0.0342128483
720575941448522516,R8_unclear,R,720575941521042611,2,6,connectivity_candidate,False,0.0317720492
720575941448578836,R8_unclear,R,720575941440279503,12,16,connectivity_candidate,False,0.0411372237
720575941449900125,R8_unclear,R,720575941454933485,-4,3,connectivity_candidate,False,0.0157959125
720575941450456757,R8_unclear,R,720575941618799487,5,1,connectivity_candidate,False,0.0344119066
720575941450512053,R8_unclear,R,720575941546953049,-4,-4,connectivity_candidate,False,0.0378178896
720575941450714717,R8_unclear,R,720575941615113113,-2,-16,connectivity_candidate,False,0.251684023
720575941451402062,R8_unclear,R,720575941436428332,12,14,connectivity_candidate,False,0.0378605871
720575941451967866,R8_unclear,R,720575941502712514,-6,8,connectivity_candidate,False,0.502448107
720575941452623943,R8_unclear,R,720575941626518073,0,-11,connectivity_candidate,False,0.0167497743
720575941452636794,R8_unclear,R,,,,unassigned,False,
720575941452675194,R8_unclear,R,720575941660471096,7,-8,connectivity_candidate,True,0.932360407
720575941452757882,R8_unclear,R,720575941627256475,-1,3,connectivity_candidate,False,0.0286202432
720575941452918855,R8_unclear,R,720575941660960568,-5,8,connectivity_candidate,False,0.496763252
720575941453465513,R8_unclear,R,720575941692184216,9,-4,connectivity_candidate,False,0.0443246678
720575941453476935,R8_unclear,R,720575941452073038,0,-9,connectivity_candidate,False,0.0242699593
720575941453507911,R8_unclear,R,720575941556821540,-5,10,connectivity_candidate,False,0.08962233
720575941453521735,R8_unclear,R,720575941409700526,11,13,connectivity_candidate,False,0.0301362066
720575941454068649,R8_unclear,R,,,,unassigned,False,
720575941454275241,R8_unclear,R,,,,unassigned,False,
720575941454883123,R8_unclear,R,720575941657951000,6,0,connectivity_candidate,False,0.0350253859
720575941455646003,R8_unclear,R,720575941721626170,-9,-4,connectivity_candidate,False,0.048639735
720575941455672627,R8_unclear,R,720575941566408295,-6,5,connectivity_candidate,False,0.490135216
720575941457559021,R8_unclear,R,720575941528110681,-5,-8,connectivity_candidate,False,0.0335861779
720575941459466195,R8_unclear,R,720575941484706626,7,9,connectivity_candidate,False,0.0320296611
720575941459548144,R8_unclear,R,720575941471891552,7,-4,connectivity_candidate,False,0.039648477
720575941459552496,R8_unclear,R,720575941557647070,-6,-9,connectivity_candidate,False,0.0334002515
720575941459556336,R8_unclear,R,720575941597095463,0,8,connectivity_candidate,False,0.0256877214
720575941459560432,R8_unclear,R,720575941505834546,-3,-6,connectivity_candidate,False,0.0333468418
720575941459600112,R8_unclear,R,720575941604166390,-2,6,connectivity_candidate,False,0.0172683482
720575941459824287,R8_unclear,R,720575941519515319,3,0,connectivity_candidate,False,0.034263281
720575941460689734,R8_unclear,R,720575941507639842,8,-2,connectivity_candidate,False,0.0380452212
720575941460750918,R8_unclear,R,720575941514086393,1,9,connectivity_candidate,False,0.0290843968
720575941460874310,R8_unclear,R,720575941479380643,-10,6,connectivity_candidate,False,0.526924831
720575941461401527,R8_unclear,R,,,,unassigned,False,
720575941461951955,R8_unclear,R,720575941521708279,-6,-2,connectivity_candidate,False,0.0425696643
720575941461960659,R8_unclear,R,720575941561391598,-6,-15,connectivity_candidate,True,0.835431434
720575941461990355,R8_unclear,R,720575941573039368,-10,-6,connectivity_candidate,False,0.0516566559
720575941462465476,R8_unclear,R,720575941597278144,13,-1,connectivity_candidate,True,0.545970099
720575941463161232,R8_unclear,R,720575941443056042,5,4,connectivity_candidate,False,0.0337205907
720575941463208080,R8_unclear,R,720575941416290844,-2,0,connectivity_candidate,False,0.0361491461
720575941463625485,R8_unclear,R,720575941468534358,-7,-5,connectivity_candidate,False,0.0425181138
720575941464321037,R8_unclear,R,720575941548441149,-7,7,connectivity_candidate,False,0.500934538
720575941464489741,R8_unclear,R,720575941425705812,3,-6,connectivity_candidate,False,0.0354907605
720575941467427926,R8_unclear,R,,,,unassigned,False,
720575941467439958,R8_unclear,R,720575941641668965,11,1,connectivity_candidate,False,0.0346243067
720575941467442006,R8_unclear,R,720575941602025769,4,10,connectivity_candidate,False,0.0297039771
720575941468283990,R8_unclear,R,,,,unassigned,False,
720575941468373014,R8_unclear,R,,,,unassigned,False,
720575941468394774,R8_unclear,R,720575941448601181,-8,6,connectivity_candidate,False,0.501253387
720575941468395286,R8_unclear,R,720575941578046033,-13,-7,connectivity_candidate,False,0.219349912
720575941468516374,R8_unclear,R,720575941503477131,8,0,connectivity_candidate,False,0.0360038615
720575941468544534,R8_unclear,R,720575941568391214,5,17,connectivity_candidate,True,0.830305285
720575941468554518,R8_unclear,R,720575941504728892,8,16,connectivity_candidate,False,0.406840539
720575941469615325,R8_unclear,R,720575941548439869,-11,2,connectivity_candidate,False,0.284713175
720575941470322653,R8_unclear,R,720575941627756070,-9,7,connectivity_candidate,False,0.506432641
720575941470414557,R8_unclear,R,720575941353990960,2,3,connectivity_candidate,False,0.033322301
720575941470429917,R8_unclear,R,720575941593317590,-6,-11,connectivity_candidate,False,0.0272314712
720575941470598621,R8_unclear,R,720575941439831503,-9,-9,connectivity_candidate,False,0.0480010493
720575941471036535,R8_unclear,R,720575941467371030,5,-2,connectivity_candidate,False,0.0354516474
720575941471909495,R8_unclear,R,720575941687282294,5,15,connectivity_candidate,False,0.414758824
720575941472151307,R8_unclear,R,720575941507086977,-5,-17,connectivity_candidate,True,0.855445351
720575941472447755,R8_unclear,R,720575941579855481,6,-1,connectivity_candidate,False,0.0354773796
720575941472555584,R8_unclear,R,720575941547880820,-11,-9,connectivity_candidate,False,0.270560904
720575941472566080,R8_unclear,R,720575941502324823,-7,-7,connectivity_candidate,False,0.0411690257
720575941472593472,R8_unclear,R,720575941584335326,8,4,connectivity_candidate,False,0.033760378
720575941472605760,R8_unclear,R,720575941520867767,5,11,connectivity_candidate,False,0.032751158
720575941472620352,R8_unclear,R,720575941469976587,-8,-6,connectivity_candidate,False,0.0439943312
720575941472633152,R8_unclear,R,720575941638886943,-8,-3,connectivity_candidate,False,0.0463705731
720575941472644416,R8_unclear,R,720575941664277304,-1,11,connectivity_candidate,False,0.0373384356
720575941473626720,R8_unclear,R,720575941510331265,0,1,connectivity_candidate,False,0.0342545076
720575941473705312,R8_unclear,R,720575941460445599,-5,3,connectivity_candidate,False,0.0189074074
720575941474413098,R8_unclear,R,720575941505556293,-9,-3,connectivity_candidate,False,0.0491065126
720575941474669920,R8_unclear,R,720575941611541478,14,4,connectivity_candidate,False,0.0328607272
720575941474680928,R8_unclear,R,,,,unassigned,False,
720575941474729824,R8_unclear,R,720575941640854629,1,-7,connectivity_candidate,False,0.0306709727
720575941474730848,R8_unclear,R,720575941479237711,6,-2,connectivity_candidate,False,0.0364098419
720575941474777952,R8_unclear,R,720575941624757642,-3,12,connectivity_candidate,False,0.0289406842
720575941475172667,R8_unclear,R,720575941577172879,2,-3,connectivity_candidate,False,0.0338940096
720575941475978043,R8_unclear,R,720575941517207443,9,1,connectivity_candidate,False,0.0358709167
720575941476474427,R8_unclear,R,720575941485989328,-4,-7,connectivity_candidate,False,0.0332565896
720575941476927262,R8_unclear,R,720575941533864114,-12,-7,connectivity_candidate,False,0.060747298
720575941477162804,R8_unclear,R,720575941500241633,5,10,connectivity_candidate,False,0.0347321927
720575941477587521,R8_unclear,R,720575941476533866,5,-6,connectivity_candidate,False,0.0398518134
720575941477693489,R8_unclear,R,,,,unassigned,False,
720575941477914398,R8_unclear,R,720575941643170209,-10,-9,connectivity_candidate,False,0.0467311055
720575941477944116,R8_unclear,R,,,,unassigned,False,
720575941477971742,R8_unclear,R,720575941493138407,2,1,connectivity_candidate,False,0.0343103328
720575941477974580,R8_unclear,R,,,,unassigned,False,
720575941477975070,R8_unclear,R,,,,unassigned,False,
720575941478054430,R8_unclear,R,720575941656961816,-15,-10,connectivity_candidate,False,0.285142123
720575941478108702,R8_unclear,R,720575941537923354,7,-9,connectivity_candidate,False,0.174738711
720575941478270273,R8_unclear,R,720575941558453805,-14,-13,connectivity_candidate,True,0.84005628
720575941478318401,R8_unclear,R,720575941562846888,-3,-15,connectivity_candidate,False,0.131999477
720575941478562078,R8_unclear,R,720575941593031308,9,17,connectivity_candidate,False,0.407433004
720575941479105386,R8_unclear,R,720575941630042604,1,-8,connectivity_candidate,False,0.0294767527
720575941479147370,R8_unclear,R,,,,unassigned,False,
720575941479158593,R8_unclear,R,720575941561374702,9,2,connectivity_candidate,False,0.0345482883
720575941480059616,R8_unclear,R,720575941538631373,3,6,connectivity_candidate,False,0.0350274239
720575941480828384,R8_unclear,R,720575941585656710,2,12,connectivity_candidate,False,0.0344650066
720575941481898063,R8_unclear,R,720575941631390917,11,14,connectivity_candidate,False,0.0347094565
720575941482885315,R8_unclear,R,720575941503372171,1,-1,connectivity_candidate,False,0.0344206411
720575941482929603,R8_unclear,R,720575941513643587,-3,5,connectivity_candidate,False,0.0164277933
720575941483017155,R8_unclear,R,720575941689155823,11,5,connectivity_candidate,False,0.0332388165
720575941483409405,R8_unclear,R,720575941461049811,-10,-2,connectivity_candidate,True,0.488726341
720575941483737286,R8_unclear,R,720575941456101535,7,7,connectivity_candidate,False,0.0343263325
720575941483750086,R8_unclear,R,720575941391433732,-7,-2,connectivity_candidate,False,0.0442874685
720575941483761350,R8_unclear,R,720575941517395449,3,3,connectivity_candidate,False,0.0335822276
720575941484213434,R8_unclear,R,720575941671606193,10,2,connectivity_candidate,False,0.0348514726
720575941484248762,R8_unclear,R,720575941538985187,7,2,connectivity_candidate,False,0.0343482257
720575941484313274,R8_unclear,R,720575941463417284,10,8,connectivity_candidate,False,0.0320968781
720575941484440317,R8_unclear,R,720575941576632463,0,3,connectivity_candidate,False,0.0308244143
720575941484878534,R8_unclear,R,720575941489482700,-3,-14,connectivity_candidate,False,0.129935343
720575941486532358,R8_unclear,R,720575941594915367,11,0,connectivity_candidate,False,0.0333476914
720575941487004813,R8_unclear,R,720575941527925688,-1,-5,connectivity_candidate,False,0.0330204043
720575941487169602,R8_unclear,R,720575941413727599,-14,-3,connectivity_candidate,False,0.394343149
720575941487225410,R8_unclear,R,720575941611320540,4,3,connectivity_candidate,False,0.033821737
720575941487226886,R8_unclear,R,720575941624060874,7,-1,connectivity_candidate,False,0.036209799
720575941487259398,R8_unclear,R,720575941561384942,13,5,connectivity_candidate,False,0.0329477386
720575941487261190,R8_unclear,R,,,,unassigned,False,
720575941487296834,R8_unclear,R,720575941558027791,7,-3,connectivity_candidate,False,0.0386428992
720575941487393542,R8_unclear,R,720575941555382611,-10,4,connectivity_candidate,False,0.495589799
720575941488574160,R8_unclear,R,720575941634143173,9,5,connectivity_candidate,False,0.0334625102
720575941488723152,R8_unclear,R,720575941552210750,-6,1,connectivity_candidate,False,0.0353826571
720575941489720528,R8_unclear,R,720575941572228091,2,-4,connectivity_candidate,False,0.0336921091
720575941490930894,R8_unclear,R,720575941534061322,-8,9,connectivity_candidate,False,0.505359933
720575941491122997,R8_unclear,R,720575941508217111,1,11,connectivity_candidate,False,0.0339108884
720575941491183413,R8_unclear,R,720575941498251426,2,5,connectivity_candidate,False,0.0323518925
720575941491192885,R8_unclear,R,720575941598922908,-8,7,connectivity_candidate,False,0.504283748
720575941491408585,R8_unclear,R,720575941641867807,-11,-10,connectivity_candidate,False,0.277043169
720575941491498185,R8_unclear,R,720575941554717668,1,-13,connectivity_candidate,False,0.154919474
720575941491656679,R8_unclear,R,720575941455158509,3,1,connectivity_candidate,False,0.0341832149
720575941492312039,R8_unclear,R,720575941412981931,0,2,connectivity_candidate,False,0.0327826938
720575941492392423,R8_unclear,R,720575941629967084,10,9,connectivity_candidate,False,0.0308639499
720575941492443623,R8_unclear,R,720575941484452674,4,-6,connectivity_candidate,False,0.0381789645
720575941492548302,R8_unclear,R,720575941592511528,-3,2,connectivity_candidate,False,0.025045396
720575941494021040,R8_unclear,R,720575941553699355,13,7,connectivity_candidate,False,0.0327339234
720575941495686782,R8_unclear,R,720575941489486796,5,-10,connectivity_candidate,True,0.980552529
720575941495725438,R8_unclear,R,720575941414206868,9,-3,connectivity_candidate,False,0.0424637911
720575941495820926,R8_unclear,R,720575941539529950,-1,0,connectivity_candidate,False,0.0350835068
720575941495821182,R8_unclear,R,720575941473378090,8,-4,connectivity_candidate,False,0.0417653075
720575941495829191,R8_unclear,R,720575941563178338,-12,-1,connectivity_candidate,False,0.500395464
720575941496695675,R8_unclear,R,720575941467830493,-1,-9,connectivity_candidate,False,0.0249614893
720575941496771527,R8_unclear,R,720575941559349293,6,4,connectivity_candidate,False,0.033916881
720575941497437568,R8_unclear,R,720575941527231654,3,-10,connectivity_candidate,False,0.0476164728
720575941497476480,R8_unclear,R,720575941561371118,9,10,connectivity_candidate,False,0.0362829557
720575941498704609,R8_unclear,R,720575941449501277,-1,-6,connectivity_candidate,False,0.031687171
720575941499208827,R8_unclear,R,,,,unassigned,False,
720575941499212155,R8_unclear,R,720575941624573339,13,14,connectivity_candidate,False,0.0374911473
720575941499653345,R8_unclear,R,720575941391584150,-1,13,connectivity_candidate,False,0.0349117215
720575941499735625,R8_unclear,R,720575941509188050,6,-3,connectivity_candidate,False,0.037134337
720575941499735881,R8_unclear,R,720575941721111354,-12,-12,connectivity_candidate,False,0.283076739
720575941499785289,R8_unclear,R,720575941540878834,10,17,connectivity_candidate,False,0.0356961895
720575941500593058,R8_unclear,R,,,,unassigned,False,
720575941500603042,R8_unclear,R,720575941487859206,-3,8,connectivity_candidate,False,0.0397396908
720575941500645538,R8_unclear,R,720575941518916012,-8,-4,connectivity_candidate,False,0.0457130226
720575941500655266,R8_unclear,R,720575941449093813,9,3,connectivity_candidate,False,0.0337970857
720575941500722338,R8_unclear,R,720575941592052587,-8,-16,connectivity_candidate,True,0.827066546
720575941502837131,R8_unclear,R,720575941569344626,12,11,connectivity_candidate,False,0.0329682921
720575941502854027,R8_unclear,R,720575941578154833,-6,-4,connectivity_candidate,False,0.0415831138
720575941502907275,R8_unclear,R,720575941624207980,8,-8,connectivity_candidate,False,0.0732429452
720575941503075723,R8_unclear,R,720575941502117719,6,10,connectivity_candidate,False,0.0337560648
720575941503116939,R8_unclear,R,720575941454343219,14,7,connectivity_candidate,False,0.0326063554
720575941503725655,R8_unclear,R,720575941554469092,-3,4,connectivity_candidate,False,0.0176711981
720575941504179947,R8_unclear,R,720575941576294248,11,7,connectivity_candidate,False,0.0329691129
720575941504261058,R8_unclear,R,720575941633218284,-12,2,connectivity_candidate,False,0.261362658
720575941504420439,R8_unclear,R,720575941506178213,-8,4,connectivity_candidate,False,0.495328863
720575941504803819,R8_unclear,R,720575941475815466,-8,1,connectivity_candidate,False,0.336171647
720575941505216706,R8_unclear,R,720575941577676470,4,-7,connectivity_candidate,False,0.0395396502
720575941505337906,R8_unclear,R,720575941497802658,3,2,connectivity_candidate,False,0.0340441711
720575941505580887,R8_unclear,R,720575941571042974,14,6,connectivity_candidate,False,0.0310801957
720575941506108220,R8_unclear,R,720575941496376443,-6,4,connectivity_candidate,False,0.490150397
720575941506972069,R8_unclear,R,720575941660942928,-2,9,connectivity_candidate,False,0.03416314
720575941506981436,R8_unclear,R,720575941526337958,-11,-6,connectivity_candidate,False,0.0584562324
720575941506988604,R8_unclear,R,720575941475538225,-8,-9,connectivity_candidate,False,0.0440403405
720575941507005093,R8_unclear,R,,,,unassigned,False,
720575941507115941,R8_unclear,R,,,,unassigned,False,
720575941507766551,R8_unclear,R,720575941522599243,-10,5,connectivity_candidate,False,0.495647828
720575941508123717,R8_unclear,R,720575941445851412,1,6,connectivity_candidate,False,0.0292230143
720575941508218462,R8_unclear,R,720575941489809358,-7,-4,connectivity_candidate,False,0.0431247168
720575941508907870,R8_unclear,R,720575941478225376,-9,-13,connectivity_candidate,True,0.805178341
720575941509025058,R8_unclear,R,720575941460129988,2,15,connectivity_candidate,False,0.0479802869
720575941509066530,R8_unclear,R,720575941600187945,8,7,connectivity_candidate,False,0.0347463044
720575941509085218,R8_unclear,R,720575941514712979,11,11,connectivity_candidate,False,0.0325702656
720575941509214593,R8_unclear,R,720575941556721956,-9,2,connectivity_candidate,False,0.489453108
720575941509409921,R8_unclear,R,,,,unassigned,False,
720575941511116498,R8_unclear,R,720575941412673428,-11,0,connectivity_candidate,True,0.675888736
720575941511310352,R8_unclear,R,720575941473329194,-5,-2,connectivity_candidate,False,0.0408378366
720575941511329552,R8_unclear,R,720575941584460934,5,-1,connectivity_candidate,False,0.0350855657
720575941511370256,R8_unclear,R,720575941553988414,0,5,connectivity_candidate,False,0.0271432309
720575941511383312,R8_unclear,R,720575941643394168,8,17,connectivity_candidate,False,0.40882507
720575941511430928,R8_unclear,R,720575941437574719,-7,4,connectivity_candidate,False,0.492907186
720575941511436560,R8_unclear,R,720575941451301447,-5,-1,connectivity_candidate,False,0.0407650234
720575941512005330,R8_unclear,R,,,,unassigned,False,
720575941512021458,R8_unclear,R,720575941589414028,4,2,connectivity_candidate,False,0.034077381
720575941512029650,R8_unclear,R,720575941459725267,3,14,connectivity_candidate,False,0.0663008527
720575941512037842,R8_unclear,R,720575941591041591,6,1,connectivity_candidate,False,0.0346380972
720575941512115154,R8_unclear,R,720575941481257952,6,3,connectivity_candidate,False,0.0340858477
720575941512131538,R8_unclear,R,720575941534756184,-4,-11,connectivity_candidate,False,0.0245598002
720575941513508049,R8_unclear,R,720575941704853722,12,0,connectivity_candidate,False,0.0330327176
720575941513594577,R8_unclear,R,720575941443050922,5,-4,connectivity_candidate,False,0.03693665
720575941514383825,R8_unclear,R,720575941570713082,-12,3,connectivity_candidate,True,1.06452994
720575941514403281,R8_unclear,R,720575941505591365,-4,-2,connectivity_candidate,False,0.0389768222
720575941514495953,R8_unclear,R,720575941629362233,2,-2,connectivity_candidate,False,0.034091952
720575941514660428,R8_unclear,R,,,,unassigned,False,
720575941515820099,R8_unclear,R,720575941533655218,3,13,connectivity_candidate,False,0.0340121737
720575941515824451,R8_unclear,R,720575941509499682,-4,8,connectivity_candidate,False,0.495795778
720575941516483075,R8_unclear,R,720575941557220353,-16,-10,connectivity_candidate,False,0.291787594
720575941516508771,R8_unclear,R,720575941432166615,5,-5,connectivity_candidate,False,0.0385446407
720575941516640602,R8_unclear,R,720575941535082522,1,7,connectivity_candidate,False,0.0276375195
720575941516644186,R8_unclear,R,720575941560626158,-4,2,connectivity_candidate,False,0.0141860304
720575941516646234,R8_unclear,R,720575941605268470,-2,12,connectivity_candidate,False,0.036369059
720575941516649306,R8_unclear,R,720575941544503581,-12,-2,connectivity_candidate,False,0.694133303
720575941516739833,R8_unclear,R,720575941514208515,3,10,connectivity_candidate,False,0.0308573534
720575941517476243,R8_unclear,R,720575941624509083,-5,11,connectivity_candidate,False,0.107852391
720575941517608851,R8_unclear,R,,,,unassigned,False,
720575941518964652,R8_unclear,R,720575941476051764,-9,0,connectivity_candidate,False,0.377035333
720575941519164782,R8_unclear,R,720575941665198716,-12,-15,connectivity_candidate,False,0.416487004
720575941519713708,R8_unclear,R,720575941412395179,5,8,connectivity_candidate,False,0.104714758
720575941520044248,R8_unclear,R,720575941437783007,-8,2,connectivity_candidate,False,0.15722166
720575941520073688,R8_unclear,R,720575941508670021,13,17,connectivity_candidate,False,0.0444951311
720575941520227950,R8_unclear,R,,,,unassigned,False,
720575941522146483,R8_unclear,R,720575941631387845,12,4,connectivity_candidate,False,0.0334320038
720575941522281907,R8_unclear,R,720575941494691527,4,11,connectivity_candidate,False,0.032247574
720575941522465975,R8_unclear,R,720575941597071911,13,12,connectivity_candidate,False,0.0337588032
720575941523839223,R8_unclear,R,720575941535047706,3,-12,connectivity_candidate,True,0.623795428
720575941523909111,R8_unclear,R,720575941606164589,-11,-17,connectivity_candidate,True,0.821420694
720575941524195583,R8_unclear,R,720575941634257568,-10,-14,connectivity_candidate,True,0.711095229
720575941524195839,R8_unclear,R,720575941482765391,-12,-13,connectivity_candidate,True,0.840409302
720575941524239359,R8_unclear,R,720575941544023581,-7,-14,connectivity_candidate,False,0.0258206922
720575941524242687,R8_unclear,R,,,,unassigned,False,
720575941524244223,R8_unclear,R,,,,unassigned,False,
720575941524655435,R8_unclear,R,720575941734098475,5,5,connectivity_candidate,False,0.033525996
720575941525024843,R8_unclear,R,,,,unassigned,False,
720575941525026635,R8_unclear,R,720575941610710118,-9,-15,connectivity_candidate,True,0.820181495
720575941525121881,R8_unclear,R,720575941469118583,-5,-16,connectivity_candidate,True,0.848785665
720575941525477977,R8_unclear,R,720575941493582974,-4,-15,connectivity_candidate,False,0.134888746
720575941525583961,R8_unclear,R,,,,unassigned,False,
720575941525685273,R8_unclear,R,720575941561564787,0,-1,connectivity_candidate,False,0.0351226296
720575941526297822,R8_unclear,R,720575941491435184,2,-11,connectivity_candidate,False,0.0530615449
720575941526298334,R8_unclear,R,720575941497512161,-1,-8,connectivity_candidate,False,0.0277704164
720575941526302430,R8_unclear,R,720575941552099355,7,-7,connectivity_candidate,False,0.0452710748
720575941526309342,R8_unclear,R,720575941476532074,6,-6,connectivity_candidate,False,0.0419614371
720575941526309598,R8_unclear,R,720575941503968962,7,-6,connectivity_candidate,False,0.0439410461
720575941526318302,R8_unclear,R,720575941556770817,4,-3,connectivity_candidate,False,0.0352443854
720575941526329054,R8_unclear,R,720575941494943664,1,3,connectivity_candidate,False,0.0325137023
720575941526354654,R8_unclear,R,720575941440821215,9,-1,connectivity_candidate,False,0.0373022447
720575941526410206,R8_unclear,R,720575941660131096,10,-5,connectivity_candidate,False,0.0495098015
720575941526411486,R8_unclear,R,720575941528138754,7,-2,connectivity_candidate,False,0.0371324826
720575941526492894,R8_unclear,R,720575941551102782,-6,10,connectivity_candidate,False,0.502518858
720575941526559966,R8_unclear,R,,,,unassigned,False,
720575941526758500,R8_unclear,R,720575941515708921,-3,-2,connectivity_candidate,False,0.0378700716
720575941526817049,R8_unclear,R,720575941469634167,-10,-8,connectivity_candidate,False,0.0448373319
720575941527338596,R8_unclear,R,720575941469797952,12,3,connectivity_candidate,False,0.0335409198
720575941527363149,R8_unclear,R,720575941479171151,1,-11,connectivity_candidate,False,0.0491240528
720575941527385346,R8_unclear,R,,,,unassigned,False,
720575941527396964,R8_unclear,R,,,,unassigned,False,
720575941527399757,R8_unclear,R,720575941592052075,-7,-1,connectivity_candidate,False,0.0456825956
720575941527413250,R8_unclear,R,720575941500492427,-8,-8,connectivity_candidate,False,0.0438798663
720575941527479810,R8_unclear,R,720575941597459569,2,4,connectivity_candidate,False,0.0325642977
720575941527504717,R8_unclear,R,720575941434529312,-6,-5,connectivity_candidate,False,0.0406947099
720575941527524633,R8_unclear,R,720575941562073234,7,6,connectivity_candidate,False,0.0341919565
720575941527563369,R8_unclear,R,720575941463048900,9,8,connectivity_candidate,False,0.0384083204
720575941527571300,R8_unclear,R,720575941454104233,14,2,connectivity_candidate,False,0.0312163169
720575941527656217,R8_unclear,R,720575941498994505,-13,-11,connectivity_candidate,False,0.280984312
720575941527763993,R8_unclear,R,,,,unassigned,False,
720575941528000793,R8_unclear,R,,,,unassigned,False,
720575941528133378,R8_unclear,R,720575941574913181,-7,10,connectivity_candidate,False,0.504676018
720575941528267097,R8_unclear,R,720575941685627887,-6,-17,connectivity_candidate,True,0.847366719
720575941528491430,R8_unclear,R,720575941609987817,0,10,connectivity_candidate,False,0.0332087408
720575941528497318,R8_unclear,R,720575941456842224,2,10,connectivity_candidate,False,0.0308837672
720575941529653944,R8_unclear,R,720575941533144042,-4,7,connectivity_candidate,False,0.489246633
720575941529713080,R8_unclear,R,720575941690745240,14,5,connectivity_candidate,False,0.0320307759
720575941529865348,R8_unclear,R,720575941484623682,8,15,connectivity_candidate,False,0.0377049539
720575941530543288,R8_unclear,R,720575941613063910,-7,-3,connectivity_candidate,False,0.0437867443
720575941530552248,R8_unclear,R,720575941413964692,12,6,connectivity_candidate,False,0.0330160027
720575941530900171,R8_unclear,R,720575941502372914,11,4,connectivity_candidate,False,0.0333792282
720575941531245504,R8_unclear,R,720575941533935626,-2,-15,connectivity_candidate,False,0.160128136
720575941531247040,R8_unclear,R,720575941517068378,0,-14,connectivity_candidate,True,0.510709864
720575941532052683,R8_unclear,R,720575941586249567,-9,1,connectivity_candidate,False,0.221649089
720575941533296259,R8_unclear,R,720575941490845132,-4,-12,connectivity_candidate,False,0.0221783604
720575941533336037,R8_unclear,R,720575941547774652,-15,-7,connectivity_candidate,False,0.149963676
720575941533478885,R8_unclear,R,720575941451887482,-6,-8,connectivity_candidate,False,0.0351997404
720575941533903070,R8_unclear,R,720575941533946890,0,-4,connectivity_candidate,False,0.0333471266
720575941533942245,R8_unclear,R,720575941627206299,-14,-1,connectivity_candidate,False,0.362104557
720575941534050435,R8_unclear,R,720575941400314659,1,12,connectivity_candidate,False,0.0357516645
720575941534175875,R8_unclear,R,720575941512072145,-3,6,connectivity_candidate,False,0.0128903403
720575941534318302,R8_unclear,R,720575941553027719,-1,-2,connectivity_candidate,False,0.0351873941
720575941534853098,R8_unclear,R,720575941494706814,-12,0,connectivity_candidate,False,0.455208191
720575941535402462,R8_unclear,R,720575941634168005,1,-2,connectivity_candidate,False,0.0341400623
720575941535665857,R8_unclear,R,720575941666769139,1,10,connectivity_candidate,False,0.0316450447
720575941535676248,R8_unclear,R,,,,unassigned,False,
720575941535682904,R8_unclear,R,720575941431583758,-1,9,connectivity_candidate,False,0.0297874615
720575941535684696,R8_unclear,R,720575941453047347,4,13,connectivity_candidate,False,0.0318645836
720575941535747416,R8_unclear,R,720575941409603243,-9,-6,connectivity_candidate,False,0.0479111255
720575941535948266,R8_unclear,R,720575941660054552,14,3,connectivity_candidate,False,0.0351580124
720575941536039914,R8_unclear,R,720575941611968489,13,8,connectivity_candidate,False,0.0329131833
720575941536289818,R8_unclear,R,720575941632918242,-10,0,connectivity_candidate,True,0.625607226
720575941536748224,R8_unclear,R,720575941525348429,0,13,connectivity_candidate,False,0.0431103135
720575941536855488,R8_unclear,R,720575941650648817,4,12,connectivity_candidate,False,0.0292570173
720575941537152794,R8_unclear,R,720575941505662021,6,6,connectivity_candidate,False,0.0339137597
720575941537910298,R8_unclear,R,,,,unassigned,False,
720575941538387171,R8_unclear,R,720575941575868573,5,-3,connectivity_candidate,False,0.0363138788
720575941538405859,R8_unclear,R,720575941579146741,7,4,connectivity_candidate,False,0.0339047826
720575941538416355,R8_unclear,R,720575941584527838,5,7,connectivity_candidate,False,0.0334950471
720575941538435811,R8_unclear,R,720575941451143751,-10,2,connectivity_candidate,False,0.292475292
720575941538911125,R8_unclear,R,720575941575841800,-13,1,connectivity_candidate,True,1.13281837
720575941539364323,R8_unclear,R,720575941524712439,13,6,connectivity_candidate,False,0.0327216143
720575941539777173,R8_unclear,R,720575941575831990,6,-7,connectivity_candidate,False,0.043487033
720575941539782898,R8_unclear,R,720575941486238349,-3,-5,connectivity_candidate,False,0.0351974585
720575941539796117,R8_unclear,R,720575941577692086,-2,2,connectivity_candidate,False,0.0292844421
720575941539803378,R8_unclear,R,720575941497811399,9,7,connectivity_candidate,False,0.0336684682
720575941539831957,R8_unclear,R,720575941443656874,-9,-5,connectivity_candidate,False,0.0489585023
720575941540164062,R8_unclear,R,,,,unassigned,False,
720575941540315481,R8_unclear,R,720575941538904701,-8,-7,connectivity_candidate,False,0.0438989917
720575941540434368,R8_unclear,R,720575941481773507,2,9,connectivity_candidate,False,0.0301585338
720575941540716766,R8_unclear,R,720575941453822633,-4,-14,connectivity_candidate,False,0.110815441
720575941540917746,R8_unclear,R,720575941595287079,12,9,connectivity_candidate,False,0.0326204162
720575941541010654,R8_unclear,R,720575941439177183,-6,-14,connectivity_candidate,True,0.829898796
720575941541015518,R8_unclear,R,720575941457317360,-6,-13,connectivity_candidate,False,0.0229977872
720575941541026253,R8_unclear,R,720575941468502358,3,7,connectivity_candidate,False,0.0352365255
720575941541134541,R8_unclear,R,720575941624209610,6,8,connectivity_candidate,False,0.0320668118
720575941541153917,R8_unclear,R,720575941612985318,-15,-9,connectivity_candidate,False,0.291236465
720575941541341794,R8_unclear,R,720575941604978105,-12,-6,connectivity_candidate,False,0.0640121652
720575941541343330,R8_unclear,R,720575941409775022,-13,-6,connectivity_candidate,False,0.21964102
720575941541355106,R8_unclear,R,,,,unassigned,False,
720575941541365602,R8_unclear,R,720575941494479047,-16,-7,connectivity_candidate,True,0.798195376
720575941541368162,R8_unclear,R,,,,unassigned,False,
720575941541380194,R8_unclear,R,720575941469982475,-14,-9,connectivity_candidate,False,0.226892041
720575941541621346,R8_unclear,R,,,,unassigned,False,
720575941541625954,R8_unclear,R,720575941536237539,-12,-17,connectivity_candidate,True,0.809595267
720575941542948441,R8_unclear,R,720575941405961584,-5,-11,connectivity_candidate,False,0.0266858973
720575941543198812,R8_unclear,R,720575941566547042,6,-9,connectivity_candidate,False,0.173918688
720575941543276636,R8_unclear,R,,,,unassigned,False,
720575941543884317,R8_unclear,R,720575941409703598,6,12,connectivity_candidate,False,0.0318443698
720575941543888413,R8_unclear,R,720575941516205459,-5,-10,connectivity_candidate,False,0.028457001
720575941543964761,R8_unclear,R,720575941488329734,8,5,connectivity_candidate,False,0.0337149039
720575941544903102,R8_unclear,R,720575941433767639,-1,7,connectivity_candidate,False,0.0217219257
720575941545039449,R8_unclear,R,720575941552500763,-3,-8,connectivity_candidate,False,0.0301838516
720575941545477381,R8_unclear,R,720575941470077451,13,9,connectivity_candidate,False,0.0325735568
720575941545482594,R8_unclear,R,720575941570642290,-13,-2,connectivity_candidate,False,0.446771051
720575941545570565,R8_unclear,R,720575941552095515,10,-1,connectivity_candidate,False,0.0382857152
720575941545830745,R8_unclear,R,720575941478851552,-10,7,connectivity_candidate,True,0.577029107
720575941545836642,R8_unclear,R,720575941657495888,-10,-17,connectivity_candidate,True,0.823171631
720575941545838690,R8_unclear,R,720575941549781620,-14,-12,connectivity_candidate,False,0.285649791
720575941545848418,R8_unclear,R,,,,unassigned,False,
720575941546194009,R8_unclear,R,720575941534580568,3,-1,connectivity_candidate,False,0.0342911692
720575941546307945,R8_unclear,R,720575941440417371,5,2,connectivity_candidate,False,0.0342435434
720575941546516313,R8_unclear,R,720575941633116832,0,-10,connectivity_candidate,False,0.0212338199
720575941546528601,R8_unclear,R,720575941479171407,1,-12,connectivity_candidate,False,0.160435002
720575941546531673,R8_unclear,R,720575941536250851,2,-13,connectivity_candidate,True,0.484617759
720575941546533721,R8_unclear,R,720575941533964993,-10,1,connectivity_candidate,True,0.626947807
720575941546567612,R8_unclear,R,,,,unassigned,False,
720575941546572377,R8_unclear,R,720575941528257720,-10,3,connectivity_candidate,False,0.289292249
720575941546713689,R8_unclear,R,720575941496367227,6,-10,connectivity_candidate,False,0.224637175
720575941546742105,R8_unclear,R,720575941630043628,1,-6,connectivity_candidate,False,0.0312414276
720575941546750041,R8_unclear,R,720575941508424464,2,-8,connectivity_candidate,False,0.0332202342
720575941546751833,R8_unclear,R,720575941631305510,0,-3,connectivity_candidate,False,0.0340169745
720575941546762585,R8_unclear,R,720575941516110739,3,-5,connectivity_candidate,False,0.0349916334
720575941546764377,R8_unclear,R,720575941494911358,-1,-4,connectivity_candidate,False,0.0339442138
720575941546873177,R8_unclear,R,720575941540122005,-4,-5,connectivity_candidate,False,0.0367141832
720575941546887769,R8_unclear,R,720575941478058545,-1,-7,connectivity_candidate,False,0.0298797504
720575941546889049,R8_unclear,R,720575941557017252,3,-11,connectivity_candidate,False,0.0497346097
720575941546963033,R8_unclear,R,720575941534548506,1,-9,connectivity_candidate,False,0.0256138479
720575941547098300,R8_unclear,R,,,,unassigned,False,
720575941547132860,R8_unclear,R,,,,unassigned,False,
720575941547134908,R8_unclear,R,720575941417731612,-3,-11,connectivity_candidate,False,0.0222381515
720575941547135932,R8_unclear,R,720575941394657174,-1,8,connectivity_candidate,False,0.0269141236
720575941547184316,R8_unclear,R,720575941418121244,12,13,connectivity_candidate,False,0.0348770892
720575941547202153,R8_unclear,R,,,,unassigned,False,
720575941547280233,R8_unclear,R,720575941653223701,4,6,connectivity_candidate,False,0.0335789484
720575941547311808,R8_unclear,R,720575941475276347,-11,5,connectivity_candidate,False,0.572233734
720575941547391420,R8_unclear,R,,,,unassigned,False,
720575941547773884,R8_unclear,R,720575941567990522,-8,-1,connectivity_candidate,False,0.0433178023
720575941548762722,R8_unclear,R,720575941448342197,-13,-12,connectivity_candidate,False,0.284715268
720575941549064116,R8_unclear,R,720575941627726886,-12,-9,connectivity_candidate,False,0.254933809
720575941549120354,R8_unclear,R,,,,unassigned,False,
720575941549725556,R8_unclear,R,720575941576140809,-7,-13,connectivity_candidate,False,0.0197884705
720575941550098209,R8_unclear,R,720575941507404348,9,4,connectivity_candidate,False,0.0335973794
720575941550734708,R8_unclear,R,720575941487329232,12,2,connectivity_candidate,False,0.033808038
720575941550784573,R8_unclear,R,,,,unassigned,False,
720575941550790717,R8_unclear,R,720575941533677400,-6,-1,connectivity_candidate,False,0.0425077687
720575941550855796,R8_unclear,R,720575941635133627,11,8,connectivity_candidate,False,0.0324672864
720575941551852799,R8_unclear,R,720575941568006710,-8,5,connectivity_candidate,False,0.496339304
720575941552311687,R8_unclear,R,720575941724485946,-13,-3,connectivity_candidate,False,0.347580531
720575941552665087,R8_unclear,R,720575941433303649,16,10,connectivity_candidate,False,0.385701269
720575941552690431,R8_unclear,R,720575941460073200,-2,-6,connectivity_candidate,False,0.0326871888
720575941552948479,R8_unclear,R,720575941536418058,10,-2,connectivity_candidate,False,0.0424016266
720575941554166663,R8_unclear,R,720575941479014465,-8,-11,connectivity_candidate,False,0.0414859657
720575941554216839,R8_unclear,R,720575941481651139,4,-11,connectivity_candidate,True,0.58785552
720575941554254727,R8_unclear,R,720575941503397099,-13,-4,connectivity_candidate,True,0.876110694
720575941554325182,R8_unclear,R,720575941701167578,-12,-8,connectivity_candidate,False,0.069122189
720575941554511070,R8_unclear,R,720575941433939744,-8,-5,connectivity_candidate,False,0.0448339924
720575941554677531,R8_unclear,R,720575941531508867,3,-8,connectivity_candidate,False,0.0402598676
720575941555237598,R8_unclear,R,720575941506798686,-9,-1,connectivity_candidate,True,0.577887826
720575941555313306,R8_unclear,R,720575941627340443,8,11,connectivity_candidate,False,0.0335218129
720575941556124929,R8_unclear,R,720575941479380131,-5,2,connectivity_candidate,False,0.0360359089
720575941556133889,R8_unclear,R,720575941646511560,-16,-11,connectivity_candidate,False,0.284591282
720575941556174337,R8_unclear,R,720575941577545064,-10,-3,connectivity_candidate,False,0.052839988
720575941556195073,R8_unclear,R,,,,unassigned,False,
720575941556306177,R8_unclear,R,720575941646621345,-2,-3,connectivity_candidate,False,0.0354532066
720575941556357092,R8_unclear,R,720575941633959611,1,1,connectivity_candidate,False,0.0344077695
720575941556411219,R8_unclear,R,720575941558033828,7,10,connectivity_candidate,False,0.0328981002
720575941556936676,R8_unclear,R,720575941479810154,3,-3,connectivity_candidate,False,0.0342891797
720575941556947428,R8_unclear,R,720575941556959059,-4,11,connectivity_candidate,False,0.0332824122
720575941557008356,R8_unclear,R,720575941478880321,7,8,connectivity_candidate,False,0.033636198
720575941557345237,R8_unclear,R,720575941486259778,10,1,connectivity_candidate,False,0.0351520397
720575941558002852,R8_unclear,R,720575941555872164,7,0,connectivity_candidate,False,0.0353624311
720575941558008996,R8_unclear,R,720575941574059592,-6,2,connectivity_candidate,False,0.027191575
720575941558016932,R8_unclear,R,720575941475215675,0,12,connectivity_candidate,False,0.0386668509
720575941558144164,R8_unclear,R,720575941394870422,-7,-16,connectivity_candidate,True,0.832873548
720575941559181092,R8_unclear,R,720575941479236943,9,-5,connectivity_candidate,False,0.0459781059
720575941559467989,R8_unclear,R,720575941567370343,-6,0,connectivity_candidate,False,0.0409406413
720575941560651502,R8_unclear,R,720575941429599625,-3,-3,connectivity_candidate,False,0.0370862723
720575941560793871,R8_unclear,R,,,,unassigned,False,
720575941561005427,R8_unclear,R,720575941412634769,-3,10,connectivity_candidate,False,0.0391189641
720575941561059187,R8_unclear,R,720575941619635071,13,13,connectivity_candidate,False,0.0349934811
720575941561062003,R8_unclear,R,720575941628460002,9,15,connectivity_candidate,False,0.0362244557
720575941561135475,R8_unclear,R,720575941538268392,14,13,connectivity_candidate,False,0.0337950971
720575941561198814,R8_unclear,R,720575941644280440,-5,-12,connectivity_candidate,False,0.0233340211
720575941561205363,R8_unclear,R,720575941458307056,2,-5,connectivity_candidate,False,0.0330221461
720575941561346270,R8_unclear,R,720575941479727840,-4,-10,connectivity_candidate,False,0.0271960634
720575941562171949,R8_unclear,R,720575941631094981,-6,7,connectivity_candidate,False,0.495763672
720575941562610901,R8_unclear,R,720575941525367140,4,0,connectivity_candidate,False,0.0344403457
720575941563921365,R8_unclear,R,720575941433996064,-2,-4,connectivity_candidate,False,0.034909232
720575941563987112,R8_unclear,R,720575941616107417,-9,3,connectivity_candidate,False,0.494080226
720575941564322194,R8_unclear,R,720575941439202322,-7,9,connectivity_candidate,False,0.505051437
720575941564899474,R8_unclear,R,720575941626057529,-3,-12,connectivity_candidate,False,0.0879760523
720575941564910994,R8_unclear,R,720575941527931012,4,-2,connectivity_candidate,False,0.0348186624
720575941564937362,R8_unclear,R,720575941494354558,5,3,connectivity_candidate,False,0.0339347851
720575941564940690,R8_unclear,R,,,,unassigned,False,
720575941565015559,R8_unclear,R,720575941609096010,-6,-7,connectivity_candidate,False,0.0380146485
720575941565032192,R8_unclear,R,720575941476567611,-14,-11,connectivity_candidate,False,0.283502352
720575941565076066,R8_unclear,R,,,,unassigned,False,
720575941565079040,R8_unclear,R,720575941653440729,5,14,connectivity_candidate,False,0.0286923441
720575941565080576,R8_unclear,R,720575941506946398,-11,-7,connectivity_candidate,False,0.0602215728
720575941565155328,R8_unclear,R,720575941539337049,-2,-7,connectivity_candidate,False,0.0308335089
720575941565648606,R8_unclear,R,720575941534689985,-9,-2,connectivity_candidate,False,0.0494929641
720575941565900854,R8_unclear,R,,,,unassigned,False,
720575941565946631,R8_unclear,R,720575941632083180,7,5,connectivity_candidate,False,0.0339017548
720575941565955335,R8_unclear,R,720575941601980406,0,-5,connectivity_candidate,False,0.0325046513
720575941566060898,R8_unclear,R,720575941478427444,5,-8,connectivity_candidate,False,0.0437900237
720575941566086498,R8_unclear,R,720575941429638904,-5,7,connectivity_candidate,False,0.492790996
720575941566287767,R8_unclear,R,720575941618628309,4,-9,connectivity_candidate,False,0.0452882441
720575941566811986,R8_unclear,R,720575941538908029,-7,5,connectivity_candidate,False,0.49453737
720575941566816338,R8_unclear,R,720575941584400094,-7,3,connectivity_candidate,False,0.494663451
720575941566989110,R8_unclear,R,720575941652155409,-15,-11,connectivity_candidate,False,0.283613995
720575941567034678,R8_unclear,R,720575941459586500,-7,0,connectivity_candidate,True,1.00550592
720575941567035446,R8_unclear,R,720575941561311603,-4,-8,connectivity_candidate,False,0.031649708
720575941567097142,R8_unclear,R,720575941612307274,10,-6,connectivity_candidate,False,0.053016136
720575941567134006,R8_unclear,R,720575941471509213,1,15,connectivity_candidate,False,0.037478919
720575941567141991,R8_unclear,R,720575941463572237,9,13,connectivity_candidate,False,0.0334139384
720575941567182183,R8_unclear,R,720575941491740366,0,0,connectivity_candidate,False,0.0357384969
720575941567213246,R8_unclear,R,720575941495316096,-9,-16,connectivity_candidate,True,0.824310086
720575941567220670,R8_unclear,R,,,,unassigned,False,
720575941569095470,R8_unclear,R,720575941541294109,0,11,connectivity_candidate,False,0.0353921869
720575941569488498,R8_unclear,R,720575941425703508,7,17,connectivity_candidate,False,0.438985743
720575941569662578,R8_unclear,R,720575941603733238,-1,-3,connectivity_candidate,False,0.0346430969
720575941570141298,R8_unclear,R,720575941425704276,-2,-14,connectivity_candidate,False,0.133870425
720575941570163194,R8_unclear,R,,,,unassigned,False,
720575941570164850,R8_unclear,R,720575941443679951,1,-10,connectivity_candidate,False,0.0220829753
720575941570204154,R8_unclear,R,720575941572830473,-6,-10,connectivity_candidate,False,0.0310975217
720575941570213114,R8_unclear,R,720575941535081498,7,11,connectivity_candidate,False,0.0332872087
720575941570229106,R8_unclear,R,,,,unassigned,False,
720575941570623732,R8_unclear,R,720575941462769860,12,5,connectivity_candidate,False,0.0331451879
720575941572435464,R8_unclear,R,720575941638544159,-11,-1,connectivity_candidate,True,0.632110573
720575941572898555,R8_unclear,R,720575941558535844,-15,-14,connectivity_candidate,False,0.331955548
720575941573236126,R8_unclear,R,720575941557605604,3,15,connectivity_candidate,False,0.0547285222
720575941573239454,R8_unclear,R,720575941701684186,10,12,connectivity_candidate,False,0.0331583443
720575941573252510,R8_unclear,R,720575941568781562,-6,-12,connectivity_candidate,False,0.0240561015
720575941574009928,R8_unclear,R,,,,unassigned,False,
720575941574043899,R8_unclear,R,720575941505278277,-9,4,connectivity_candidate,False,0.497829521
720575941574059848,R8_unclear,R,720575941517066083,4,-10,connectivity_candidate,False,0.0465816682
720575941574136648,R8_unclear,R,720575941412540564,2,-9,connectivity_candidate,False,0.580223991
720575941574139720,R8_unclear,R,720575941505691973,15,12,connectivity_candidate,False,0.0348697365
720575941574705565,R8_unclear,R,720575941546102617,2,2,connectivity_candidate,False,0.0338502601
720575941574980091,R8_unclear,R,720575941434349326,-13,-8,connectivity_candidate,False,0.226075811
720575941574994683,R8_unclear,R,720575941531745155,4,9,connectivity_candidate,False,0.030614676
720575941575040763,R8_unclear,R,720575941528484196,-2,7,connectivity_candidate,False,0.0171191861
720575941575077883,R8_unclear,R,720575941540332693,1,-5,connectivity_candidate,False,0.0323803916
720575941575321352,R8_unclear,R,720575941449465108,-8,-2,connectivity_candidate,False,0.0461804587
720575941575324061,R8_unclear,R,720575941479169871,-2,-13,connectivity_candidate,False,0.131724685
720575941575332104,R8_unclear,R,720575941448447822,-10,-7,connectivity_candidate,False,0.0499902947
720575941575333533,R8_unclear,R,720575941627910794,-8,-15,connectivity_candidate,True,0.825559696
720575941575420936,R8_unclear,R,720575941613897881,-1,5,connectivity_candidate,False,0.0241202132
720575941575459593,R8_unclear,R,720575941563672418,-5,1,connectivity_candidate,False,0.0407839234
720575941575513864,R8_unclear,R,720575941527686054,12,12,connectivity_candidate,False,0.0337850055
720575941575660553,R8_unclear,R,720575941634240197,13,11,connectivity_candidate,False,0.0331885882
720575941575996382,R8_unclear,R,720575941597049127,15,14,connectivity_candidate,False,0.053031991
720575941576138383,R8_unclear,R,720575941482200962,8,-1,connectivity_candidate,False,0.0367840731
720575941576177551,R8_unclear,R,720575941511229906,-2,-10,connectivity_candidate,False,0.0230800217
720575941576193935,R8_unclear,R,720575941507007036,-10,-4,connectivity_candidate,False,0.0534091226
720575941576322664,R8_unclear,R,,,,unassigned,False,
720575941576427624,R8_unclear,R,720575941443560106,-9,-8,connectivity_candidate,False,0.0453776419
720575941576817334,R8_unclear,R,720575941631973024,-11,-15,connectivity_candidate,True,0.821744546
720575941576839606,R8_unclear,R,720575941650365717,13,1,connectivity_candidate,False,0.0303592839
720575941576863158,R8_unclear,R,,,,unassigned,False,
720575941576864950,R8_unclear,R,720575941618370431,-8,-17,connectivity_candidate,True,0.833876957
720575941577108328,R8_unclear,R,720575941537455843,3,5,connectivity_candidate,False,0.0332906611
720575941577167208,R8_unclear,R,720575941493070567,-11,1,connectivity_candidate,False,0.259438734
720575941579223129,R8_unclear,R,720575941436543788,2,13,connectivity_candidate,False,0.0378435908
720575941579266905,R8_unclear,R,720575941414646044,8,-7,connectivity_candidate,False,0.0627845902
720575941579309145,R8_unclear,R,720575941489741262,13,15,connectivity_candidate,False,0.0388749272
720575941580381777,R8_unclear,R,720575941559332111,0,-7,connectivity_candidate,False,0.0296437729
720575941580415569,R8_unclear,R,720575941433938976,10,-3,connectivity_candidate,False,0.0449937341
720575941580527441,R8_unclear,R,720575941504436028,-7,6,connectivity_candidate,False,0.495571106
720575941580629493,R8_unclear,R,720575941644506488,10,3,connectivity_candidate,False,0.03325799
720575941580688629,R8_unclear,R,720575941597684357,-2,-11,connectivity_candidate,False,0.0154294044
720575941580689141,R8_unclear,R,720575941441128895,8,2,connectivity_candidate,False,0.0343378806
720575941580705525,R8_unclear,R,720575941542903301,-8,-13,connectivity_candidate,True,0.812737139
720575941581801849,R8_unclear,R,720575941465397005,-5,-3,connectivity_candidate,False,0.0406742113
720575941582263161,R8_unclear,R,720575941506684289,-6,6,connectivity_candidate,False,0.492313568
720575941582319481,R8_unclear,R,720575941555865764,7,18,connectivity_candidate,True,0.752583615
720575941582349177,R8_unclear,R,720575941562995810,11,-1,connectivity_candidate,False,0.0433570761
720575941582425209,R8_unclear,R,720575941451450793,-1,12,connectivity_candidate,False,0.0391392133
720575941582438265,R8_unclear,R,720575941612417299,2,-7,connectivity_candidate,False,0.0332274597
720575941584116870,R8_unclear,R,720575941438246188,-13,-5,connectivity_candidate,False,0.218754909
720575941584636629,R8_unclear,R,720575941550683425,0,-13,connectivity_candidate,False,0.151248246
720575941584675797,R8_unclear,R,720575941621403263,-3,-9,connectivity_candidate,False,0.027878265
720575941584691925,R8_unclear,R,720575941612416275,0,-12,connectivity_candidate,False,0.150855887
720575941585188447,R8_unclear,R,720575941513357379,11,12,connectivity_candidate,False,0.0329260581
720575941585190751,R8_unclear,R,720575941471853152,2,-6,connectivity_candidate,False,0.0337788226
720575941585238623,R8_unclear,R,720575941517264131,8,14,connectivity_candidate,False,0.0339827844
720575941585270111,R8_unclear,R,720575941514734915,8,-3,connectivity_candidate,False,0.0395051371
720575941585383125,R8_unclear,R,720575941660370256,-6,-6,connectivity_candidate,False,0.0396655061
720575941585494741,R8_unclear,R,720575941506292574,-5,-9,connectivity_candidate,False,0.0312826759
720575941585631701,R8_unclear,R,720575941479283395,-12,1,connectivity_candidate,True,0.809165171
720575941586702982,R8_unclear,R,720575941480342914,-5,-6,connectivity_candidate,False,0.0370528164
720575941588964420,R8_unclear,R,720575941497480417,-5,4,connectivity_candidate,False,0.00932430686
720575941589767479,R8_unclear,R,720575941434899086,-2,-12,connectivity_candidate,False,0.0947310233
720575941589939511,R8_unclear,R,,,,unassigned,False,
720575941590615607,R8_unclear,R,720575941522504627,-2,8,connectivity_candidate,False,0.0265082524
720575941590684926,R8_unclear,R,720575941541150300,5,12,connectivity_candidate,False,0.0296447496
720575941590918910,R8_unclear,R,720575941611517404,-2,3,connectivity_candidate,False,0.0249753224
720575941591049271,R8_unclear,R,,,,unassigned,False,
720575941591427838,R8_unclear,R,720575941563887767,-15,-12,connectivity_candidate,False,0.285114286
720575941591448574,R8_unclear,R,720575941579235061,-4,-16,connectivity_candidate,False,0.127473099
720575941591494910,R8_unclear,R,,,,unassigned,False,
720575941592123788,R8_unclear,R,,,,unassigned,False,
720575941593629221,R8_unclear,R,720575941450991797,-1,10,connectivity_candidate,False,0.0356016086
720575941593745448,R8_unclear,R,720575941734554667,-3,-4,connectivity_candidate,False,0.0362837315
720575941593794856,R8_unclear,R,720575941629225017,14,15,connectivity_candidate,True,0.970080449
720575941594268011,R8_unclear,R,720575941624351882,-3,7,connectivity_candidate,False,0.0137413915
720575941594285419,R8_unclear,R,720575941617948543,0,-2,connectivity_candidate,False,0.0343654957
720575941594299755,R8_unclear,R,720575941532348619,11,2,connectivity_candidate,False,0.0344335002
720575941595125029,R8_unclear,R,720575941528563801,-4,-9,connectivity_candidate,False,0.0295438984
720575941595134247,R8_unclear,R,720575941626068793,9,-6,connectivity_candidate,False,0.0539572491
720575941595523798,R8_unclear,R,720575941498492800,-5,-7,connectivity_candidate,False,0.0355787506
720575941595530198,R8_unclear,R,720575941596955292,-4,10,connectivity_candidate,False,0.0390809597
720575941595802405,R8_unclear,R,720575941661981052,-4,-13,connectivity_candidate,False,0.0990069919
720575941596023847,R8_unclear,R,720575941632265954,-11,3,connectivity_candidate,True,0.803958957
720575941596056615,R8_unclear,R,720575941468469014,13,4,connectivity_candidate,False,0.0333367956
720575941596112935,R8_unclear,R,720575941730515243,-8,-10,connectivity_candidate,False,0.0317154652
720575941596119591,R8_unclear,R,720575941457289968,14,12,connectivity_candidate,False,0.033743084
720575941596161063,R8_unclear,R,720575941469633911,2,-12,connectivity_candidate,True,0.668576923
720575941596259717,R8_unclear,R,720575941415051292,6,9,connectivity_candidate,False,0.0330847976
720575941596308519,R8_unclear,R,720575941581274613,6,13,connectivity_candidate,False,0.030915951
720575941597103493,R8_unclear,R,720575941639916149,9,-2,connectivity_candidate,False,0.0389700473
720575941598461376,R8_unclear,R,720575941545050217,9,6,connectivity_candidate,False,0.0332858181
720575941599035548,R8_unclear,R,720575941497810082,12,-1,connectivity_candidate,False,0.0462283629
720575941599589056,R8_unclear,R,,,,unassigned,False,
720575941604401849,R8_unclear,R,720575941621787263,15,7,connectivity_candidate,False,0.0316006488
720575941604434105,R8_unclear,R,720575941514151171,-7,-15,connectivity_candidate,True,0.828407644
720575941604608758,R8_unclear,R,,,,unassigned,False,
720575941604654009,R8_unclear,R,720575941432472751,-10,-12,connectivity_candidate,False,0.282805736
720575941604669686,R8_unclear,R,720575941612550633,4,-1,connectivity_candidate,False,0.0346484651
720575941605510078,R8_unclear,R,,,,unassigned,False,
720575941605601982,R8_unclear,R,720575941544402620,2,14,connectivity_candidate,False,0.0570321863
720575941607746335,R8_unclear,R,720575941629703906,2,8,connectivity_candidate,False,0.0290656914
720575941608384621,R8_unclear,R,720575941555607460,6,11,connectivity_candidate,False,0.0333869745
720575941609743391,R8_unclear,R,720575941527904612,8,8,connectivity_candidate,False,0.035258318
720575941609932831,R8_unclear,R,720575941443054506,10,7,connectivity_candidate,False,0.0328323584
720575941609968159,R8_unclear,R,720575941508670789,6,7,connectivity_candidate,False,0.0338354893
720575941609969951,R8_unclear,R,720575941643339464,10,6,connectivity_candidate,False,0.0330968769
720575941611762250,R8_unclear,R,720575941660421712,-15,-6,connectivity_candidate,False,0.158707653
720575941611766602,R8_unclear,R,720575941505806386,-7,-9,connectivity_candidate,False,0.0346172391
720575941611796810,R8_unclear,R,,,,unassigned,False,
720575941612046922,R8_unclear,R,,,,unassigned,False,
720575941612205741,R8_unclear,R,720575941491148341,7,1,connectivity_candidate,False,0.0347638337
720575941612628713,R8_unclear,R,720575941446769834,16,11,connectivity_candidate,False,0.399920407
720575941612744109,R8_unclear,R,720575941459726291,-17,-8,connectivity_candidate,True,0.628888474
720575941612758118,R8_unclear,R,720575941518578323,9,11,connectivity_candidate,False,0.0342894296
720575941612804966,R8_unclear,R,720575941484806662,3,-9,connectivity_candidate,False,0.044765413
720575941612896685,R8_unclear,R,720575941533099352,12,7,connectivity_candidate,False,0.0328904304
720575941612929453,R8_unclear,R,720575941479225423,-4,-6,connectivity_candidate,False,0.0356891409
720575941613127900,R8_unclear,R,,,,unassigned,False,
720575941613448806,R8_unclear,R,720575941606137709,-5,-13,connectivity_candidate,True,0.826931343
720575941614142428,R8_unclear,R,720575941546351465,-3,9,connectivity_candidate,False,0.0396847782
720575941614349532,R8_unclear,R,720575941583036793,7,16,connectivity_candidate,False,0.411624797
720575941615095827,R8_unclear,R,720575941595209579,14,10,connectivity_candidate,False,0.0341456924
720575941615910809,R8_unclear,R,720575941448602461,-1,6,connectivity_candidate,False,0.022953074
720575941615923097,R8_unclear,R,720575941430800087,15,11,connectivity_candidate,False,0.0352859756
720575941615968409,R8_unclear,R,720575941535778314,-10,-11,connectivity_candidate,False,0.278155199
720575941618115541,R8_unclear,R,720575941525815652,6,-4,connectivity_candidate,False,0.0385791841
720575941618118357,R8_unclear,R,720575941657153616,2,11,connectivity_candidate,False,0.0323550644
720575941618347208,R8_unclear,R,720575941493638526,4,17,connectivity_candidate,True,1.16734493
720575941618986939,R8_unclear,R,720575941411300719,4,5,connectivity_candidate,False,0.0333561092
720575941620054715,R8_unclear,R,720575941548094057,8,6,connectivity_candidate,False,0.0338901951
720575941620719743,R8_unclear,R,720575941505141015,1,13,connectivity_candidate,False,0.0408584203
720575941623989500,R8_unclear,R,720575941651625233,-10,-10,connectivity_candidate,True,0.942414257
720575941624797180,R8_unclear,R,720575941517507032,-7,2,connectivity_candidate,False,0.72874331
720575941624899580,R8_unclear,R,720575941426189908,11,16,connectivity_candidate,False,0.0374458335
720575941625680074,R8_unclear,R,720575941482199805,4,14,connectivity_candidate,False,0.437494638
720575941626055882,R8_unclear,R,720575941564413608,-2,5,connectivity_candidate,False,0.0201492695
720575941626663067,R8_unclear,R,720575941482094522,7,-5,connectivity_candidate,False,0.0419334014
720575941626669467,R8_unclear,R,720575941598171525,-13,-13,connectivity_candidate,True,0.842709318
720575941626689994,R8_unclear,R,720575941577715126,15,6,connectivity_candidate,False,0.0312743346
720575941626696859,R8_unclear,R,720575941547951165,6,-5,connectivity_candidate,False,0.0399986153
720575941626796908,R8_unclear,R,720575941475241568,4,1,connectivity_candidate,False,0.0342696956
720575941626915180,R8_unclear,R,720575941637710709,2,-1,connectivity_candidate,False,0.0342623876
720575941626944906,R8_unclear,R,720575941476531818,5,-7,connectivity_candidate,False,0.0421988764
720575941628680761,R8_unclear,R,720575941575252623,1,4,connectivity_candidate,False,0.0313771181
720575941628758585,R8_unclear,R,720575941630627052,-10,-1,connectivity_candidate,True,0.531393905
720575941630379302,R8_unclear,R,720575941519393203,9,14,connectivity_candidate,False,0.0343568367
720575941631745250,R8_unclear,R,720575941497486409,-12,-10,connectivity_candidate,False,0.275159678
720575941631758562,R8_unclear,R,720575941689896310,0,7,connectivity_candidate,False,0.0252156926
720575941631826402,R8_unclear,R,720575941408270383,-10,-5,connectivity_candidate,False,0.0517747626
720575941631829730,R8_unclear,R,720575941566509319,-7,-10,connectivity_candidate,False,0.0349023006
720575941631843042,R8_unclear,R,,,,unassigned,False,
720575941633003756,R8_unclear,R,720575941476828778,-8,0,connectivity_candidate,False,0.0610534687
720575941633391547,R8_unclear,R,720575941465488406,15,5,connectivity_candidate,False,0.0321437819
720575941633639365,R8_unclear,R,720575941624453484,-7,1,connectivity_candidate,False,0.0426084463
720575941633654469,R8_unclear,R,720575941539233768,0,6,connectivity_candidate,False,0.0258325859
720575941633747653,R8_unclear,R,720575941475226976,5,6,connectivity_candidate,False,0.0333338976
720575941633810336,R8_unclear,R,720575941591626859,-1,-11,connectivity_candidate,False,0.0152096191
720575941633810848,R8_unclear,R,720575941591828990,-2,-9,connectivity_candidate,False,0.0263367019
720575941633911968,R8_unclear,R,720575941512312017,-12,4,connectivity_candidate,False,0.569055916
720575941639097973,R8_unclear,R,720575941539187033,-3,-10,connectivity_candidate,False,0.0252710281
720575941639894133,R8_unclear,R,720575941469685312,-11,4,connectivity_candidate,True,1.09055081
720575941639922805,R8_unclear,R,720575941475633438,8,3,connectivity_candidate,False,0.0340194745
720575941639958389,R8_unclear,R,720575941479379619,4,8,connectivity_candidate,False,0.0368612447
720575941640278559,R8_unclear,R,,,,unassigned,False,
720575941641241631,R8_unclear,R,720575941532005763,9,0,connectivity_candidate,False,0.0361126933
720575941641289503,R8_unclear,R,720575941689192204,-14,-5,connectivity_candidate,True,0.781588701
720575941641309983,R8_unclear,R,720575941651072241,5,-9,connectivity_candidate,False,0.0449961744
720575941641367327,R8_unclear,R,720575941528316548,5,0,connectivity_candidate,False,0.0346612981
720575941644125285,R8_unclear,R,720575941453514803,2,7,connectivity_candidate,False,0.0314752599
720575941644153957,R8_unclear,R,720575941448506446,4,-5,connectivity_candidate,False,0.0363103083
720575941644215653,R8_unclear,R,720575941478882784,-4,9,connectivity_candidate,False,0.0417924997
720575941644221285,R8_unclear,R,720575941472912682,1,-3,connectivity_candidate,False,0.0338288094
720575941644896594,R8_unclear,R,720575941682429373,-14,0,connectivity_candidate,True,1.08000377
720575941644957522,R8_unclear,R,720575941515756634,13,10,connectivity_candidate,False,0.0330607916
720575941645676152,R8_unclear,R,720575941473907259,-5,5,connectivity_candidate,False,0.025175342
720575941645864865,R8_unclear,R,720575941480281027,11,15,connectivity_candidate,False,0.0337167209
720575941646048712,R8_unclear,R,,,,unassigned,False,
720575941646142920,R8_unclear,R,720575941482337359,-5,-4,connectivity_candidate,False,0.0397745319
720575941646161825,R8_unclear,R,720575941528484280,-4,-1,connectivity_candidate,False,0.0394524512
720575941646230216,R8_unclear,R,720575941475297054,8,13,connectivity_candidate,False,0.0331420326
720575941652453105,R8_unclear,R,,,,unassigned,False,
720575941652638741,R8_unclear,R,720575941551331956,0,-6,connectivity_candidate,False,0.0312249861
720575941652826645,R8_unclear,R,720575941554193982,0,4,connectivity_candidate,False,0.0290410871
720575941652861717,R8_unclear,R,720575941460473744,4,15,connectivity_candidate,False,0.0716058349
720575941653217777,R8_unclear,R,720575941463615888,-8,8,connectivity_candidate,False,0.504952752
720575941653263601,R8_unclear,R,720575941609450729,-9,-14,connectivity_candidate,True,0.811951016
720575941653267185,R8_unclear,R,720575941538876565,6,2,connectivity_candidate,False,0.0342421864
720575941654352401,R8_unclear,R,720575941578351185,14,11,connectivity_candidate,False,0.0339064559
720575941654352913,R8_unclear,R,720575941442585691,-3,13,connectivity_candidate,False,0.431304369
720575941655693785,R8_unclear,R,,,,unassigned,False,
720575941655694297,R8_unclear,R,720575941577626705,-12,-11,connectivity_candidate,False,0.280173196
720575941655705817,R8_unclear,R,,,,unassigned,False,
720575941655786969,R8_unclear,R,720575941454204999,-10,-16,connectivity_candidate,True,0.82107668
720575941655802073,R8_unclear,R,720575941527515268,-9,6,connectivity_candidate,False,0.505163525
720575941655837145,R8_unclear,R,720575941415753361,-10,-15,connectivity_candidate,True,0.816374887
720575941656211412,R8_unclear,R,720575941507180894,-1,1,connectivity_candidate,False,0.033194404
720575941656280788,R8_unclear,R,720575941482588611,-1,-12,connectivity_candidate,False,0.131650586
720575941656363732,R8_unclear,R,720575941618401919,-1,2,connectivity_candidate,False,0.0312479506
720575941656404186,R8_unclear,R,720575941576179464,-3,3,connectivity_candidate,False,0.0199258668
720575941656456148,R8_unclear,R,720575941613599718,15,8,connectivity_candidate,True,0.841287695
720575941657006298,R8_unclear,R,720575941489315273,-4,5,connectivity_candidate,False,0.00975209272
720575941657859290,R8_unclear,R,720575941548757364,-6,3,connectivity_candidate,False,0.484488916
720575941658800664,R8_unclear,R,720575941634984379,-2,-8,connectivity_candidate,False,0.0286602298
720575941659562008,R8_unclear,R,720575941609908457,8,10,connectivity_candidate,False,0.0320461574
720575941659687704,R8_unclear,R,,,,unassigned,False,
720575941659713872,R8_unclear,R,720575941613929881,-2,10,connectivity_candidate,False,0.0358440038
720575941659738960,R8_unclear,R,720575941497416009,4,-4,connectivity_candidate,False,0.0357548385
720575941659829328,R8_unclear,R,720575941439538523,1,5,connectivity_candidate,False,0.0302693572
720575941659858768,R8_unclear,R,,,,unassigned,False,
720575941659980112,R8_unclear,R,,,,unassigned,False,
720575941659997776,R8_unclear,R,720575941552298523,12,15,connectivity_candidate,False,0.035763957
720575941663152440,R8_unclear,R,720575941637710197,-2,-2,connectivity_candidate,False,0.0365996554
720575941663174200,R8_unclear,R,720575941509819777,6,15,connectivity_candidate,False,0.410825989
720575941663295544,R8_unclear,R,720575941588734974,1,-4,connectivity_candidate,False,0.0332866386
720575941663302968,R8_unclear,R,720575941541095260,14,8,connectivity_candidate,False,0.0323836943
720575941664068476,R8_unclear,R,720575941400313891,4,16,connectivity_candidate,True,0.821653428
720575941664083580,R8_unclear,R,720575941406001008,12,10,connectivity_candidate,False,0.0327072339
720575941664193148,R8_unclear,R,720575941568671220,1,0,connectivity_candidate,False,0.0347488799
720575941668105459,R8_unclear,R,720575941592927446,-1,-14,connectivity_candidate,False,0.156422065
720575941669145075,R8_unclear,R,720575941597393344,10,5,connectivity_candidate,False,0.0333261557
720575941669896113,R8_unclear,R,720575941592180843,-3,0,connectivity_candidate,False,0.0367315506
720575941670663601,R8_unclear,R,720575941480588995,14,14,connectivity_candidate,False,0.0356471355
720575941670807985,R8_unclear,R,,,,unassigned,False,
720575941681743037,R8_unclear,R,720575941577188534,-14,-7,connectivity_candidate,False,0.219472969
720575941681766589,R8_unclear,R,720575941505589669,8,1,connectivity_candidate,False,0.0349639475
720575941681949885,R8_unclear,R,720575941433734542,3,9,connectivity_candidate,False,0.0302880061
720575941688531062,R8_unclear,R,720575941578124789,-7,-6,connectivity_candidate,False,0.0421199436
720575941688664815,R8_unclear,R,720575941414421393,7,13,connectivity_candidate,False,0.0322934163
720575941690629595,R8_unclear,R,720575941533472088,-9,5,connectivity_candidate,False,0.500446219
720575941690640091,R8_unclear,R,720575941692102107,-5,0,connectivity_candidate,False,0.0411392139
720575941690854552,R8_unclear,R,720575941481180611,-1,-1,connectivity_candidate,False,0.0356977861
720575941691476699,R8_unclear,R,,,,unassigned,False,
720575941691512539,R8_unclear,R,720575941514175747,-13,-10,connectivity_candidate,False,0.28002066
720575941691529947,R8_unclear,R,720575941613749933,10,14,connectivity_candidate,False,0.0339054695
720575941691545051,R8_unclear,R,720575941584492510,10,15,connectivity_candidate,False,0.0346246973
720575941691557083,R8_unclear,R,720575941486453200,8,-6,connectivity_candidate,False,0.0464561735
720575941691765400,R8_unclear,R,720575941656316628,11,-2,connectivity_candidate,False,0.045953253
720575941691779224,R8_unclear,R,720575941542703645,7,12,connectivity_candidate,False,0.0329449187
720575941691812248,R8_unclear,R,720575941393983236,11,9,connectivity_candidate,False,0.0320279013
720575941691860888,R8_unclear,R,720575941654374673,10,16,connectivity_candidate,False,0.0364813779
720575941691862936,R8_unclear,R,720575941559579693,-2,11,connectivity_candidate,False,0.0403303485
720575941703844058,R8_unclear,R,720575941555093275,7,3,connectivity_candidate,False,0.0340611116
720575941723032634,R8_unclear,R,720575941558336238,-8,3,connectivity_candidate,False,0.494031485
720575941724021818,R8_unclear,R,720575941506538881,-5,-14,connectivity_candidate,True,0.835147773
720575941732494635,R8_unclear,R,720575941525139481,-5,-5,connectivity_candidate,False,0.0387945304
720575941733273899,R8_unclear,R,720575941639990047,-2,-5,connectivity_candidate,False,0.0336905444
720575941353761328,R7_unclear,R,720575941443656874,-9,-5,connectivity_candidate,False,0.0489585023
720575941353883184,R7_unclear,R,720575941502117719,6,10,connectivity_candidate,False,0.0337560648
720575941393544196,R7_unclear,R,720575941666651379,1,2,connectivity_candidate,False,0.0335966073
720575941394197654,R7_unclear,R,,,,unassigned,False,
720575941401485674,R7_unclear,R,720575941730515243,-8,-10,connectivity_candidate,False,0.0317154652
720575941402533155,R7_unclear,R,,,,unassigned,False,
720575941402542627,R7_unclear,R,720575941494911358,-1,-4,connectivity_candidate,False,0.0339442138
720575941402566435,R7_unclear,R,720575941613749933,10,14,connectivity_candidate,False,0.0339054695
720575941402608419,R7_unclear,R,720575941561384942,13,5,connectivity_candidate,False,0.0329477386
720575941402663971,R7_unclear,R,720575941518916012,-8,-4,connectivity_candidate,False,0.0457130226
720575941405383024,R7_unclear,R,720575941611968489,13,8,connectivity_candidate,False,0.0329131833
720575941408305199,R7_unclear,R,720575941448601181,-8,6,connectivity_candidate,False,0.501253387
720575941409325615,R7_unclear,R,720575941443054506,10,7,connectivity_candidate,False,0.0328323584
720575941409364271,R7_unclear,R,720575941634240197,13,11,connectivity_candidate,False,0.0331885882
720575941409374126,R7_unclear,R,720575941478851552,-10,7,connectivity_candidate,True,0.577029107
720575941411102891,R7_unclear,R,720575941482337359,-5,-4,connectivity_candidate,False,0.0397745319
720575941414683284,R7_unclear,R,720575941578154833,-6,-4,connectivity_candidate,False,0.0415831138
720575941414939281,R7_unclear,R,720575941554717668,1,-13,connectivity_candidate,False,0.154919474
720575941414948753,R7_unclear,R,720575941574913181,-7,10,connectivity_candidate,False,0.504676018
720575941414964369,R7_unclear,R,720575941690745240,14,5,connectivity_candidate,False,0.0320307759
720575941417273884,R7_unclear,R,720575941525677337,-3,11,connectivity_candidate,False,0.0352441748
720575941417283100,R7_unclear,R,720575941657951000,6,0,connectivity_candidate,False,0.0350253859
720575941417291804,R7_unclear,R,720575941577715126,15,6,connectivity_candidate,False,0.0312743346
720575941417323292,R7_unclear,R,720575941507639842,8,-2,connectivity_candidate,False,0.0380452212
720575941428464724,R7_unclear,R,720575941439177183,-6,-14,connectivity_candidate,True,0.829898796
720575941430933897,R7_unclear,R,720575941353990960,2,3,connectivity_candidate,False,0.033322301
720575941430961327,R7_unclear,R,720575941510331265,0,1,connectivity_candidate,False,0.0342545076
720575941431081720,R7_unclear,R,720575941460473744,4,15,connectivity_candidate,False,0.0716058349
720575941431841161,R7_unclear,R,720575941443056042,5,4,connectivity_candidate,False,0.0337205907
720575941431854255,R7_unclear,R,720575941538876565,6,2,connectivity_candidate,False,0.0342421864
720575941431875681,R7_unclear,R,720575941592511528,-3,2,connectivity_candidate,False,0.025045396
720575941431884169,R7_unclear,R,720575941489809358,-7,-4,connectivity_candidate,False,0.0431247168
720575941431941112,R7_unclear,R,,,,unassigned,False,
720575941431979768,R7_unclear,R,720575941514086393,1,9,connectivity_candidate,False,0.0290843968
720575941431990959,R7_unclear,R,,,,unassigned,False,
720575941432011479,R7_unclear,R,720575941497512161,-1,-8,connectivity_candidate,False,0.0277704164
720575941432906967,R7_unclear,R,720575941568391214,5,17,connectivity_candidate,True,0.830305285
720575941432937943,R7_unclear,R,720575941415753361,-10,-15,connectivity_candidate,True,0.816374887
720575941436095886,R7_unclear,R,720575941557647070,-6,-9,connectivity_candidate,False,0.0334002515
720575941436099214,R7_unclear,R,720575941522504627,-2,8,connectivity_candidate,False,0.0265082524
720575941436213024,R7_unclear,R,720575941601980406,0,-5,connectivity_candidate,False,0.0325046513
720575941436818976,R7_unclear,R,720575941484706626,7,9,connectivity_candidate,False,0.0320296611
720575941436819232,R7_unclear,R,720575941430800087,15,11,connectivity_candidate,False,0.0352859756
720575941436821792,R7_unclear,R,720575941553699355,13,7,connectivity_candidate,False,0.0327339234
720575941439219474,R7_unclear,R,720575941453822633,-4,-14,connectivity_candidate,False,0.110815441
720575941439345196,R7_unclear,R,,,,unassigned,False,
720575941439356460,R7_unclear,R,,,,unassigned,False,
720575941439454508,R7_unclear,R,,,,unassigned,False,
720575941440293599,R7_unclear,R,720575941409700526,11,13,connectivity_candidate,False,0.0301362066
720575941440350175,R7_unclear,R,720575941685627887,-6,-17,connectivity_candidate,True,0.847366719
720575941440999765,R7_unclear,R,,,,unassigned,False,
720575941441001045,R7_unclear,R,720575941412395179,5,8,connectivity_candidate,False,0.104714758
720575941441007189,R7_unclear,R,720575941451450793,-1,12,connectivity_candidate,False,0.0391392133
720575941441015637,R7_unclear,R,720575941456101535,7,7,connectivity_candidate,False,0.0343263325
720575941442071999,R7_unclear,R,720575941513357379,11,12,connectivity_candidate,False,0.0329260581
720575941442245723,R7_unclear,R,720575941471509213,1,15,connectivity_candidate,False,0.037478919
720575941442273115,R7_unclear,R,720575941552095515,10,-1,connectivity_candidate,False,0.0382857152
720575941442276699,R7_unclear,R,720575941528484280,-4,-1,connectivity_candidate,False,0.0394524512
720575941442280795,R7_unclear,R,720575941624060874,7,-1,connectivity_candidate,False,0.036209799
720575941442657231,R7_unclear,R,720575941559579693,-2,11,connectivity_candidate,False,0.0403303485
720575941442666703,R7_unclear,R,720575941509819777,6,15,connectivity_candidate,False,0.410825989
720575941442723791,R7_unclear,R,720575941400314659,1,12,connectivity_candidate,False,0.0357516645
720575941444620970,R7_unclear,R,720575941537923354,7,-9,connectivity_candidate,False,0.174738711
720575941445674410,R7_unclear,R,720575941489741262,13,15,connectivity_candidate,False,0.0388749272
720575941446828740,R7_unclear,R,720575941479380131,-5,2,connectivity_candidate,False,0.0360359089
720575941448578324,R7_unclear,R,720575941519515319,3,0,connectivity_candidate,False,0.034263281
720575941448665876,R7_unclear,R,720575941432472751,-10,-12,connectivity_candidate,False,0.282805736
720575941449448885,R7_unclear,R,720575941555607460,6,11,connectivity_candidate,False,0.0333869745
720575941449564597,R7_unclear,R,720575941460315792,-13,0,connectivity_candidate,True,1.12714627
720575941449584821,R7_unclear,R,720575941634168005,1,-2,connectivity_candidate,False,0.0341400623
720575941449721181,R7_unclear,R,720575941473378090,8,-4,connectivity_candidate,False,0.0417653075
720575941449810613,R7_unclear,R,720575941429638904,-5,7,connectivity_candidate,False,0.492790996
720575941450374069,R7_unclear,R,720575941627726886,-12,-9,connectivity_candidate,False,0.254933809
720575941450793821,R7_unclear,R,720575941461049811,-10,-2,connectivity_candidate,True,0.488726341
720575941451382350,R7_unclear,R,720575941602025769,4,10,connectivity_candidate,False,0.0297039771
720575941451449422,R7_unclear,R,,,,unassigned,False,
720575941451502414,R7_unclear,R,720575941515756634,13,10,connectivity_candidate,False,0.0330607916
720575941452760954,R7_unclear,R,720575941471853152,2,-6,connectivity_candidate,False,0.0337788226
720575941453944745,R7_unclear,R,,,,unassigned,False,
720575941454841139,R7_unclear,R,720575941558454031,6,-8,connectivity_candidate,False,0.0443337487
720575941455570483,R7_unclear,R,720575941657153616,2,11,connectivity_candidate,False,0.0323550644
720575941455572531,R7_unclear,R,720575941425704276,-2,-14,connectivity_candidate,False,0.133870425
720575941456402227,R7_unclear,R,,,,unassigned,False,
720575941457552109,R7_unclear,R,,,,unassigned,False,
720575941457971949,R7_unclear,R,720575941475815466,-8,1,connectivity_candidate,False,0.336171647
720575941458833567,R7_unclear,R,720575941660370256,-6,-6,connectivity_candidate,False,0.0396655061
720575941459735455,R7_unclear,R,720575941552500763,-3,-8,connectivity_candidate,False,0.0301838516
720575941459757215,R7_unclear,R,720575941443050922,5,-4,connectivity_candidate,False,0.03693665
720575941459777439,R7_unclear,R,720575941528316548,5,0,connectivity_candidate,False,0.0346612981
720575941459781023,R7_unclear,R,720575941602000569,12,-2,connectivity_candidate,False,0.052857621
720575941459894431,R7_unclear,R,720575941412392107,11,6,connectivity_candidate,False,0.0330976784
720575941460632902,R7_unclear,R,720575941437783007,-8,2,connectivity_candidate,False,0.15722166
720575941460692294,R7_unclear,R,720575941476532074,6,-6,connectivity_candidate,False,0.0419614371
720575941460713798,R7_unclear,R,720575941505589669,8,1,connectivity_candidate,False,0.0349639475
720575941460781638,R7_unclear,R,720575941633218284,-12,2,connectivity_candidate,False,0.261362658
720575941460800838,R7_unclear,R,720575941578351185,14,11,connectivity_candidate,False,0.0339064559
720575941460852806,R7_unclear,R,720575941534548506,1,-9,connectivity_candidate,False,0.0256138479
720575941461076435,R7_unclear,R,720575941456842224,2,10,connectivity_candidate,False,0.0308837672
720575941461124307,R7_unclear,R,720575941430873737,-4,0,connectivity_candidate,False,0.0394822793
720575941461670340,R7_unclear,R,720575941621794431,-1,-10,connectivity_candidate,False,0.0211916646
720575941461988563,R7_unclear,R,720575941559332111,0,-7,connectivity_candidate,False,0.0296437729
720575941461991379,R7_unclear,R,720575941547667644,-9,-11,connectivity_candidate,False,0.277746564
720575941462028755,R7_unclear,R,720575941487329232,12,2,connectivity_candidate,False,0.033808038
720575941462584260,R7_unclear,R,720575941505512471,9,12,connectivity_candidate,False,0.0335156669
720575941463357584,R7_unclear,R,720575941624209610,6,8,connectivity_candidate,False,0.0320668118
720575941464412429,R7_unclear,R,,,,unassigned,False,
720575941464510733,R7_unclear,R,720575941467830493,-1,-9,connectivity_candidate,False,0.0249614893
720575941467390806,R7_unclear,R,720575941621403263,-3,-9,connectivity_candidate,False,0.027878265
720575941467441750,R7_unclear,R,720575941468502358,3,7,connectivity_candidate,False,0.0352365255
720575941467572566,R7_unclear,R,720575941642378783,4,7,connectivity_candidate,False,0.0404079986
720575941468457238,R7_unclear,R,720575941506178213,-8,4,connectivity_candidate,False,0.495328863
720575941468472854,R7_unclear,R,,,,unassigned,False,
720575941468489302,R7_unclear,R,720575941577545064,-10,-3,connectivity_candidate,False,0.052839988
720575941468545558,R7_unclear,R,720575941527985592,3,16,connectivity_candidate,True,0.813540876
720575941469142493,R7_unclear,R,720575941481180611,-1,-1,connectivity_candidate,False,0.0356977861
720575941469165334,R7_unclear,R,720575941593031308,9,17,connectivity_candidate,False,0.407433004
720575941470434525,R7_unclear,R,720575941575868573,5,-3,connectivity_candidate,False,0.0363138788
720575941470539997,R7_unclear,R,720575941639990047,-2,-5,connectivity_candidate,False,0.0336905444
720575941471659072,R7_unclear,R,720575941563178338,-12,-1,connectivity_candidate,False,0.500395464
720575941471887223,R7_unclear,R,720575941577626705,-12,-11,connectivity_candidate,False,0.280173196
720575941471944567,R7_unclear,R,720575941494354558,5,3,connectivity_candidate,False,0.0339347851
720575941472129547,R7_unclear,R,720575941491148341,7,1,connectivity_candidate,False,0.0347638337
720575941472134923,R7_unclear,R,720575941526906969,-3,-7,connectivity_candidate,False,0.0321501896
720575941472155403,R7_unclear,R,720575941494479047,-16,-7,connectivity_candidate,True,0.798195376
720575941472254731,R7_unclear,R,720575941556959059,-4,11,connectivity_candidate,False,0.0332824122
720575941472524352,R7_unclear,R,720575941548441149,-7,7,connectivity_candidate,False,0.500934538
720575941472614720,R7_unclear,R,720575941482199805,4,14,connectivity_candidate,False,0.437494638
720575941472647488,R7_unclear,R,720575941431583758,-1,9,connectivity_candidate,False,0.0297874615
720575941473001847,R7_unclear,R,720575941609096010,-6,-7,connectivity_candidate,False,0.0380146485
720575941474419242,R7_unclear,R,720575941494706814,-12,0,connectivity_candidate,False,0.455208191
720575941474664032,R7_unclear,R,720575941555872164,7,0,connectivity_candidate,False,0.0353624311
720575941474680160,R7_unclear,R,720575941558453805,-14,-13,connectivity_candidate,True,0.84005628
720575941474730592,R7_unclear,R,720575941484452674,4,-6,connectivity_candidate,False,0.0381789645
720575941475044155,R7_unclear,R,720575941479171407,1,-12,connectivity_candidate,False,0.160435002
720575941475427114,R7_unclear,R,720575941584460934,5,-1,connectivity_candidate,False,0.0350855657
720575941475458846,R7_unclear,R,720575941724485946,-13,-3,connectivity_candidate,False,0.347580531
720575941475623466,R7_unclear,R,720575941463572237,9,13,connectivity_candidate,False,0.0334139384
720575941475991867,R7_unclear,R,720575941449093813,9,3,connectivity_candidate,False,0.0337970857
720575941476983838,R7_unclear,R,720575941506292574,-5,-9,connectivity_candidate,False,0.0312826759
720575941477479489,R7_unclear,R,720575941468534358,-7,-5,connectivity_candidate,False,0.0425181138
720575941477488193,R7_unclear,R,720575941498492800,-5,-7,connectivity_candidate,False,0.0355787506
720575941477642545,R7_unclear,R,720575941485989328,-4,-7,connectivity_candidate,False,0.0332565896
720575941477684785,R7_unclear,R,720575941469685312,-11,4,connectivity_candidate,True,1.09055081
720575941477974836,R7_unclear,R,720575941505141015,1,13,connectivity_candidate,False,0.0408584203
720575941477976116,R7_unclear,R,720575941526337958,-11,-6,connectivity_candidate,False,0.0584562324
720575941477979422,R7_unclear,R,720575941650648817,4,12,connectivity_candidate,False,0.0292570173
720575941478194497,R7_unclear,R,720575941631094981,-6,7,connectivity_candidate,False,0.495763672
720575941478250817,R7_unclear,R,720575941556821540,-5,10,connectivity_candidate,False,0.08962233
720575941478266177,R7_unclear,R,720575941660471096,7,-8,connectivity_candidate,True,0.932360407
720575941478271809,R7_unclear,R,720575941494691527,4,11,connectivity_candidate,False,0.032247574
720575941478316353,R7_unclear,R,,,,unassigned,False,
720575941479118442,R7_unclear,R,720575941487859206,-3,8,connectivity_candidate,False,0.0397396908
720575941479143018,R7_unclear,R,720575941532348619,11,2,connectivity_candidate,False,0.0344335002
720575941479984864,R7_unclear,R,720575941606137709,-5,-13,connectivity_candidate,True,0.826931343
720575941481134466,R7_unclear,R,720575941572830473,-6,-10,connectivity_candidate,False,0.0310975217
720575941481253762,R7_unclear,R,720575941539529950,-1,0,connectivity_candidate,False,0.0350835068
720575941481492419,R7_unclear,R,720575941484806662,3,-9,connectivity_candidate,False,0.044765413
720575941481500323,R7_unclear,R,,,,unassigned,False,
720575941481602723,R7_unclear,R,720575941509499682,-4,8,connectivity_candidate,False,0.495795778
720575941481686691,R7_unclear,R,720575941433303649,16,10,connectivity_candidate,False,0.385701269
720575941481770147,R7_unclear,R,720575941627478986,3,4,connectivity_candidate,False,0.0332480756
720575941482760271,R7_unclear,R,720575941665198716,-12,-15,connectivity_candidate,False,0.416487004
720575941482861251,R7_unclear,R,720575941555258276,-9,-12,connectivity_candidate,False,0.280775203
720575941482932675,R7_unclear,R,720575941508670789,6,7,connectivity_candidate,False,0.0338354893
720575941483048899,R7_unclear,R,720575941504728892,8,16,connectivity_candidate,False,0.406840539
720575941483590586,R7_unclear,R,720575941479171151,1,-11,connectivity_candidate,False,0.0491240528
720575941484239802,R7_unclear,R,720575941403214115,-3,1,connectivity_candidate,False,0.0342128483
720575941484399869,R7_unclear,R,720575941605268470,-2,12,connectivity_candidate,False,0.036369059
720575941484441853,R7_unclear,R,720575941517207443,9,1,connectivity_candidate,False,0.0358709167
720575941484443133,R7_unclear,R,720575941517264131,8,14,connectivity_candidate,False,0.0339827844
720575941486611266,R7_unclear,R,720575941465397005,-5,-3,connectivity_candidate,False,0.0406742113
720575941487022733,R7_unclear,R,720575941414421393,7,13,connectivity_candidate,False,0.0322934163
720575941487068045,R7_unclear,R,720575941463615888,-8,8,connectivity_candidate,False,0.504952752
720575941487109261,R7_unclear,R,720575941603733238,-1,-3,connectivity_candidate,False,0.0346430969
720575941487109773,R7_unclear,R,720575941562525842,-11,-11,connectivity_candidate,False,0.278041436
720575941487163533,R7_unclear,R,720575941592910550,-2,13,connectivity_candidate,False,0.0304943065
720575941487224205,R7_unclear,R,720575941475297054,8,13,connectivity_candidate,False,0.0331420326
720575941487256582,R7_unclear,R,720575941522740915,8,9,connectivity_candidate,False,0.0347919504
720575941487259142,R7_unclear,R,720575941562995810,11,-1,connectivity_candidate,False,0.0433570761
720575941487377986,R7_unclear,R,720575941406001008,12,10,connectivity_candidate,False,0.0327072339
720575941487710672,R7_unclear,R,720575941491740366,0,0,connectivity_candidate,False,0.0357384969
720575941488609232,R7_unclear,R,720575941576294248,11,7,connectivity_candidate,False,0.0329691129
720575941488644816,R7_unclear,R,720575941476533866,5,-6,connectivity_candidate,False,0.0398518134
720575941489733840,R7_unclear,R,720575941433938976,10,-3,connectivity_candidate,False,0.0449937341
720575941491117877,R7_unclear,R,,,,unassigned,False,
720575941491250741,R7_unclear,R,720575941701167578,-12,-8,connectivity_candidate,False,0.069122189
720575941491250997,R7_unclear,R,,,,unassigned,False,
720575941491401417,R7_unclear,R,720575941514151171,-7,-15,connectivity_candidate,True,0.828407644
720575941491402441,R7_unclear,R,720575941597049127,15,14,connectivity_candidate,False,0.053031991
720575941491532748,R7_unclear,R,,,,unassigned,False,
720575941491904718,R7_unclear,R,720575941540878834,10,17,connectivity_candidate,False,0.0356961895
720575941491971532,R7_unclear,R,720575941475276347,-11,5,connectivity_candidate,False,0.572233734
720575941492009420,R7_unclear,R,720575941443560106,-9,-8,connectivity_candidate,False,0.0453776419
720575941492056012,R7_unclear,R,,,,unassigned,False,
720575941492060364,R7_unclear,R,720575941503477131,8,0,connectivity_candidate,False,0.0360038615
720575941492115918,R7_unclear,R,720575941476567611,-14,-11,connectivity_candidate,False,0.283502352
720575941492397287,R7_unclear,R,720575941412540564,2,-9,connectivity_candidate,False,0.580223991
720575941492657639,R7_unclear,R,,,,unassigned,False,
720575941492902119,R7_unclear,R,720575941490845132,-4,-12,connectivity_candidate,False,0.0221783604
720575941494597552,R7_unclear,R,720575941555865764,7,18,connectivity_candidate,True,0.752583615
720575941495002238,R7_unclear,R,,,,unassigned,False,
720575941495630718,R7_unclear,R,720575941567370343,-6,0,connectivity_candidate,False,0.0409406413
720575941495798910,R7_unclear,R,720575941609908457,8,10,connectivity_candidate,False,0.0320461574
720575941497420160,R7_unclear,R,720575941592052075,-7,-1,connectivity_candidate,False,0.0456825956
720575941497520256,R7_unclear,R,720575941484623682,8,15,connectivity_candidate,False,0.0377049539
720575941498739681,R7_unclear,R,720575941502315095,-9,-7,connectivity_candidate,False,0.0463684642
720575941499116923,R7_unclear,R,720575941476531818,5,-7,connectivity_candidate,False,0.0421988764
720575941499159163,R7_unclear,R,720575941562073234,7,6,connectivity_candidate,False,0.0341919565
720575941499260283,R7_unclear,R,720575941516859139,3,-4,connectivity_candidate,False,0.0344735265
720575941499288699,R7_unclear,R,720575941598171525,-13,-13,connectivity_candidate,True,0.842709318
720575941499567522,R7_unclear,R,720575941394040836,-1,-13,connectivity_candidate,False,0.1396439
720575941499568865,R7_unclear,R,720575941432166615,5,-5,connectivity_candidate,False,0.0385446407
720575941499572961,R7_unclear,R,720575941508670021,13,17,connectivity_candidate,False,0.0444951311
720575941499633889,R7_unclear,R,720575941539233768,0,6,connectivity_candidate,False,0.0258325859
720575941499656673,R7_unclear,R,720575941666769139,1,10,connectivity_candidate,False,0.0316450447
720575941499699425,R7_unclear,R,720575941533677400,-6,-1,connectivity_candidate,False,0.0425077687
720575941499729889,R7_unclear,R,720575941434899086,-2,-12,connectivity_candidate,False,0.0947310233
720575941499798601,R7_unclear,R,720575941661981052,-4,-13,connectivity_candidate,False,0.0990069919
720575941500240865,R7_unclear,R,720575941557605604,3,15,connectivity_candidate,False,0.0547285222
720575941500534946,R7_unclear,R,720575941561371118,9,10,connectivity_candidate,False,0.0362829557
720575941500710818,R7_unclear,R,720575941557220353,-16,-10,connectivity_candidate,False,0.291787594
720575941502815371,R7_unclear,R,,,,unassigned,False,
720575941502854795,R7_unclear,R,720575941479283395,-12,1,connectivity_candidate,True,0.809165171
720575941502859659,R7_unclear,R,720575941638886943,-8,-3,connectivity_candidate,False,0.0463705731
720575941502864011,R7_unclear,R,720575941498251426,2,5,connectivity_candidate,False,0.0323518925
720575941504164843,R7_unclear,R,720575941516205459,-5,-10,connectivity_candidate,False,0.028457001
720575941504171755,R7_unclear,R,720575941577692086,-2,2,connectivity_candidate,False,0.0292844421
720575941504193003,R7_unclear,R,720575941475215675,0,12,connectivity_candidate,False,0.0386668509
720575941504331499,R7_unclear,R,720575941536418058,10,-2,connectivity_candidate,False,0.0424016266
720575941504444503,R7_unclear,R,,,,unassigned,False,
720575941504523607,R7_unclear,R,720575941400313891,4,16,connectivity_candidate,True,0.821653428
720575941505231298,R7_unclear,R,720575941701684186,10,12,connectivity_candidate,False,0.0331583443
720575941506917436,R7_unclear,R,720575941467371030,5,-2,connectivity_candidate,False,0.0354516474
720575941506919333,R7_unclear,R,720575941624553418,-14,-4,connectivity_candidate,True,0.785540768
720575941506975653,R7_unclear,R,720575941544402620,2,14,connectivity_candidate,False,0.0570321863
720575941506979644,R7_unclear,R,720575941556721956,-9,2,connectivity_candidate,False,0.489453108
720575941507129367,R7_unclear,R,720575941476051764,-9,0,connectivity_candidate,False,0.377035333
720575941507199036,R7_unclear,R,,,,unassigned,False,
720575941508030789,R7_unclear,R,720575941481651139,4,-11,connectivity_candidate,True,0.58785552
720575941508058437,R7_unclear,R,720575941591041591,6,1,connectivity_candidate,False,0.0346380972
720575941508059205,R7_unclear,R,720575941497810082,12,-1,connectivity_candidate,False,0.0462283629
720575941508068421,R7_unclear,R,720575941514208515,3,10,connectivity_candidate,False,0.0308573534
720575941508071493,R7_unclear,R,,,,unassigned,False,
720575941508249157,R7_unclear,R,,,,unassigned,False,
720575941508456065,R7_unclear,R,720575941577676470,4,-7,connectivity_candidate,False,0.0395396502
720575941509339777,R7_unclear,R,720575941453047347,4,13,connectivity_candidate,False,0.0318645836
720575941509441665,R7_unclear,R,720575941525139481,-5,-5,connectivity_candidate,False,0.0387945304
720575941510355216,R7_unclear,R,720575941457317360,-6,-13,connectivity_candidate,False,0.0229977872
720575941512109778,R7_unclear,R,720575941596955292,-4,10,connectivity_candidate,False,0.0390809597
720575941514543692,R7_unclear,R,720575941541294109,0,11,connectivity_candidate,False,0.0353921869
720575941514774348,R7_unclear,R,720575941552298523,12,15,connectivity_candidate,False,0.035763957
720575941514827587,R7_unclear,R,720575941576140809,-7,-13,connectivity_candidate,False,0.0197884705
720575941514868689,R7_unclear,R,720575941439202322,-7,9,connectivity_candidate,False,0.505051437
720575941515761987,R7_unclear,R,,,,unassigned,False,
720575941515882307,R7_unclear,R,,,,unassigned,False,
720575941515940698,R7_unclear,R,720575941502712514,-6,8,connectivity_candidate,False,0.502448107
720575941516469091,R7_unclear,R,720575941453514803,2,7,connectivity_candidate,False,0.0314752599
720575941516470019,R7_unclear,R,,,,unassigned,False,
720575941516502627,R7_unclear,R,720575941689192204,-14,-5,connectivity_candidate,True,0.781588701
720575941516517379,R7_unclear,R,720575941734556459,6,16,connectivity_candidate,False,0.425117988
720575941516550035,R7_unclear,R,720575941638544159,-11,-1,connectivity_candidate,True,0.632110573
720575941516555363,R7_unclear,R,720575941569344626,12,11,connectivity_candidate,False,0.0329682921
720575941516599699,R7_unclear,R,720575941448447822,-10,-7,connectivity_candidate,False,0.0499902947
720575941516604250,R7_unclear,R,720575941553988414,0,5,connectivity_candidate,False,0.0271432309
720575941516695289,R7_unclear,R,720575941514086243,-5,6,connectivity_candidate,False,0.486873229
720575941516696931,R7_unclear,R,720575941475226976,5,6,connectivity_candidate,False,0.0333338976
720575941516702042,R7_unclear,R,720575941546351465,-3,9,connectivity_candidate,False,0.0396847782
720575941516724729,R7_unclear,R,720575941624573339,13,14,connectivity_candidate,False,0.0374911473
720575941516835577,R7_unclear,R,,,,unassigned,False,
720575941517397139,R7_unclear,R,720575941509188050,6,-3,connectivity_candidate,False,0.037134337
720575941517483155,R7_unclear,R,720575941546102617,2,2,connectivity_candidate,False,0.0338502601
720575941519045292,R7_unclear,R,720575941568671220,1,0,connectivity_candidate,False,0.0347488799
720575941519311064,R7_unclear,R,720575941618370431,-8,-17,connectivity_candidate,True,0.833876957
720575941519487598,R7_unclear,R,720575941507180894,-1,1,connectivity_candidate,False,0.033194404
720575941520043992,R7_unclear,R,720575941457289968,14,12,connectivity_candidate,False,0.033743084
720575941520162158,R7_unclear,R,720575941591828990,-2,-9,connectivity_candidate,False,0.0263367019
720575941521752247,R7_unclear,R,720575941653479129,8,-5,connectivity_candidate,False,0.0438185831
720575941521819831,R7_unclear,R,720575941433939744,-8,-5,connectivity_candidate,False,0.0448339924
720575941521879991,R7_unclear,R,720575941472912682,1,-3,connectivity_candidate,False,0.0338288094
720575941522033331,R7_unclear,R,720575941579146741,7,4,connectivity_candidate,False,0.0339047826
720575941522166707,R7_unclear,R,720575941494943664,1,3,connectivity_candidate,False,0.0325137023
720575941522250931,R7_unclear,R,720575941506538881,-5,-14,connectivity_candidate,True,0.835147773
720575941523803127,R7_unclear,R,720575941536237539,-12,-17,connectivity_candidate,True,0.809595267
720575941523809783,R7_unclear,R,720575941468469014,13,4,connectivity_candidate,False,0.0333367956
720575941523832567,R7_unclear,R,720575941541150300,5,12,connectivity_candidate,False,0.0296447496
720575941524243967,R7_unclear,R,,,,unassigned,False,
720575941524251135,R7_unclear,R,720575941535778314,-10,-11,connectivity_candidate,False,0.278155199
720575941524324095,R7_unclear,R,720575941564715879,-9,-10,connectivity_candidate,False,0.251558127
720575941524324863,R7_unclear,R,720575941482765391,-12,-13,connectivity_candidate,True,0.840409302
720575941525028683,R7_unclear,R,720575941503397099,-13,-4,connectivity_candidate,True,0.876110694
720575941525030219,R7_unclear,R,720575941641867807,-11,-10,connectivity_candidate,False,0.277043169
720575941525037899,R7_unclear,R,,,,unassigned,False,
720575941526301662,R7_unclear,R,720575941629362233,2,-2,connectivity_candidate,False,0.034091952
720575941526303710,R7_unclear,R,720575941547951165,6,-5,connectivity_candidate,False,0.0399986153
720575941526310622,R7_unclear,R,720575941637710709,2,-1,connectivity_candidate,False,0.0342623876
720575941526330334,R7_unclear,R,720575941455158509,3,1,connectivity_candidate,False,0.0341832149
720575941526394701,R7_unclear,R,720575941497416009,4,-4,connectivity_candidate,False,0.0357548385
720575941526413790,R7_unclear,R,720575941527931012,4,-2,connectivity_candidate,False,0.0348186624
720575941526414558,R7_unclear,R,720575941514734915,8,-3,connectivity_candidate,False,0.0395051371
720575941526417886,R7_unclear,R,720575941612307274,10,-6,connectivity_candidate,False,0.053016136
720575941526430029,R7_unclear,R,720575941433767639,-1,7,connectivity_candidate,False,0.0217219257
720575941526470146,R7_unclear,R,720575941469976587,-8,-6,connectivity_candidate,False,0.0439943312
720575941526483678,R7_unclear,R,720575941641668965,11,1,connectivity_candidate,False,0.0346243067
720575941526484190,R7_unclear,R,720575941671606193,10,2,connectivity_candidate,False,0.0348514726
720575941526507998,R7_unclear,R,720575941538985187,7,2,connectivity_candidate,False,0.0343482257
720575941526618212,R7_unclear,R,720575941612416275,0,-12,connectivity_candidate,False,0.150855887
720575941526649602,R7_unclear,R,720575941497480417,-5,4,connectivity_candidate,False,0.00932430686
720575941526795289,R7_unclear,R,720575941656316628,11,-2,connectivity_candidate,False,0.045953253
720575941526876930,R7_unclear,R,720575941660960568,-5,8,connectivity_candidate,False,0.496763252
720575941527331405,R7_unclear,R,720575941452073038,0,-9,connectivity_candidate,False,0.0242699593
720575941527344642,R7_unclear,R,720575941507086977,-5,-17,connectivity_candidate,True,0.855445351
720575941527370317,R7_unclear,R,720575941473329194,-5,-2,connectivity_candidate,False,0.0408378366
720575941527416066,R7_unclear,R,720575941604978105,-12,-6,connectivity_candidate,False,0.0640121652
720575941527531545,R7_unclear,R,720575941532005763,9,0,connectivity_candidate,False,0.0361126933
720575941527550029,R7_unclear,R,720575941586249567,-9,1,connectivity_candidate,False,0.221649089
720575941527577625,R7_unclear,R,720575941549781620,-14,-12,connectivity_candidate,False,0.285649791
720575941527584025,R7_unclear,R,720575941651625233,-10,-10,connectivity_candidate,True,0.942414257
720575941527768486,R7_unclear,R,720575941493638526,4,17,connectivity_candidate,True,1.16734493
720575941528571046,R7_unclear,R,720575941558535844,-15,-14,connectivity_candidate,False,0.331955548
720575941528575910,R7_unclear,R,720575941533932554,2,-10,connectivity_candidate,False,0.0471728925
720575941529642168,R7_unclear,R,,,,unassigned,False,
720575941529652664,R7_unclear,R,720575941489482700,-3,-14,connectivity_candidate,False,0.129935343
720575941529809284,R7_unclear,R,720575941433734542,3,9,connectivity_candidate,False,0.0302880061
720575941529985156,R7_unclear,R,720575941393983236,11,9,connectivity_candidate,False,0.0320279013
720575941530552504,R7_unclear,R,720575941517395449,3,3,connectivity_candidate,False,0.0335822276
720575941531826379,R7_unclear,R,720575941644280440,-5,-12,connectivity_candidate,False,0.0233340211
720575941531890891,R7_unclear,R,,,,unassigned,False,
720575941531938763,R7_unclear,R,720575941439665938,-4,1,connectivity_candidate,False,0.0410258836
720575941531982795,R7_unclear,R,,,,unassigned,False,
720575941531985099,R7_unclear,R,720575941627756070,-9,7,connectivity_candidate,False,0.506432641
720575941532495333,R7_unclear,R,720575941527571588,-4,6,connectivity_candidate,False,0.00903661671
720575941533365477,R7_unclear,R,720575941624509083,-5,11,connectivity_candidate,False,0.107852391
720575941533399525,R7_unclear,R,720575941660054552,14,3,connectivity_candidate,False,0.0351580124
720575941534043267,R7_unclear,R,,,,unassigned,False,
720575941534547678,R7_unclear,R,720575941503372171,1,-1,connectivity_candidate,False,0.0344206411
720575941534786226,R7_unclear,R,720575941538904701,-8,-7,connectivity_candidate,False,0.0438989917
720575941535630168,R7_unclear,R,720575941589414028,4,2,connectivity_candidate,False,0.034077381
720575941535639384,R7_unclear,R,720575941624475274,-7,8,connectivity_candidate,False,0.504098325
720575941535658584,R7_unclear,R,720575941556770817,4,-3,connectivity_candidate,False,0.0352443854
720575941535682648,R7_unclear,R,720575941508217111,1,11,connectivity_candidate,False,0.0339108884
720575941535684289,R7_unclear,R,720575941460445599,-5,3,connectivity_candidate,False,0.0189074074
720575941535715672,R7_unclear,R,720575941439749676,9,9,connectivity_candidate,False,0.0372484048
720575941535814066,R7_unclear,R,720575941721111354,-12,-12,connectivity_candidate,False,0.283076739
720575941535843250,R7_unclear,R,720575941619635071,13,13,connectivity_candidate,False,0.0349934811
720575941536183018,R7_unclear,R,,,,unassigned,False,
720575941536554432,R7_unclear,R,720575941450991797,-1,10,connectivity_candidate,False,0.0356016086
720575941536658186,R7_unclear,R,720575941618628309,4,-9,connectivity_candidate,False,0.0452882441
720575941536741824,R7_unclear,R,,,,unassigned,False,
720575941536805898,R7_unclear,R,720575941476828778,-8,0,connectivity_candidate,False,0.0610534687
720575941536851648,R7_unclear,R,720575941562128755,3,12,connectivity_candidate,False,0.0327732559
720575941536863168,R7_unclear,R,720575941436543788,2,13,connectivity_candidate,False,0.0378435908
720575941537216538,R7_unclear,R,,,,unassigned,False,
720575941537279966,R7_unclear,R,720575941497802658,3,2,connectivity_candidate,False,0.0340441711
720575941537331226,R7_unclear,R,720575941632083180,7,5,connectivity_candidate,False,0.0339017548
720575941537501722,R7_unclear,R,,,,unassigned,False,
720575941538354408,R7_unclear,R,720575941551331956,0,-6,connectivity_candidate,False,0.0312249861
720575941538356707,R7_unclear,R,720575941610710118,-9,-15,connectivity_candidate,True,0.820181495
720575941538359016,R7_unclear,R,720575941551102782,-6,10,connectivity_candidate,False,0.502518858
720575941538393827,R7_unclear,R,720575941459725267,3,14,connectivity_candidate,False,0.0663008527
720575941538406115,R7_unclear,R,720575941643394168,8,17,connectivity_candidate,False,0.40882507
720575941538664931,R7_unclear,R,,,,unassigned,False,
720575941538707678,R7_unclear,R,720575941409603243,-9,-6,connectivity_candidate,False,0.0479111255
720575941539261160,R7_unclear,R,720575941595287079,12,9,connectivity_candidate,False,0.0326204162
720575941539327065,R7_unclear,R,720575941562846888,-3,-15,connectivity_candidate,False,0.131999477
720575941539335257,R7_unclear,R,720575941535047706,3,-12,connectivity_candidate,True,0.623795428
720575941539357411,R7_unclear,R,720575941465488406,15,5,connectivity_candidate,False,0.0321437819
720575941539561438,R7_unclear,R,720575941566408295,-6,5,connectivity_candidate,False,0.490135216
720575941539692510,R7_unclear,R,720575941553027719,-1,-2,connectivity_candidate,False,0.0351873941
720575941539768818,R7_unclear,R,720575941575252623,1,4,connectivity_candidate,False,0.0313771181
720575941539849621,R7_unclear,R,720575941471891552,7,-4,connectivity_candidate,False,0.039648477
720575941540026590,R7_unclear,R,,,,unassigned,False,
720575941540346866,R7_unclear,R,,,,unassigned,False,
720575941541025997,R7_unclear,R,720575941561374702,9,2,connectivity_candidate,False,0.0345482883
720575941541029837,R7_unclear,R,720575941561391598,-6,-15,connectivity_candidate,True,0.835431434
720575941541063373,R7_unclear,R,720575941439538523,1,5,connectivity_candidate,False,0.0302693572
720575941541120381,R7_unclear,R,720575941409703598,6,12,connectivity_candidate,False,0.0318443698
720575941541138813,R7_unclear,R,,,,unassigned,False,
720575941541161853,R7_unclear,R,,,,unassigned,False,
720575941541249405,R7_unclear,R,720575941418121244,12,13,connectivity_candidate,False,0.0348770892
720575941541351522,R7_unclear,R,720575941394870422,-7,-16,connectivity_candidate,True,0.832873548
720575941541360994,R7_unclear,R,720575941438246188,-13,-5,connectivity_candidate,False,0.218754909
720575941541364322,R7_unclear,R,720575941567677554,-11,-8,connectivity_candidate,False,0.116570801
720575941541366626,R7_unclear,R,720575941514175747,-13,-10,connectivity_candidate,False,0.28002066
720575941541375586,R7_unclear,R,720575941497486409,-12,-10,connectivity_candidate,False,0.275159678
720575941541397858,R7_unclear,R,,,,unassigned,False,
720575941542944601,R7_unclear,R,720575941417731612,-3,-11,connectivity_candidate,False,0.0222381515
720575941542948185,R7_unclear,R,720575941533935626,-2,-15,connectivity_candidate,False,0.160128136
720575941542948953,R7_unclear,R,720575941517068378,0,-14,connectivity_candidate,True,0.510709864
720575941543129436,R7_unclear,R,720575941525348429,0,13,connectivity_candidate,False,0.0431103135
720575941543880477,R7_unclear,R,720575941429599625,-3,-3,connectivity_candidate,False,0.0370862723
720575941543890717,R7_unclear,R,720575941411300719,4,5,connectivity_candidate,False,0.0333561092
720575941543896349,R7_unclear,R,720575941573204893,1,8,connectivity_candidate,False,0.0271609587
720575941544221538,R7_unclear,R,,,,unassigned,False,
720575941544399901,R7_unclear,R,720575941542703645,7,12,connectivity_candidate,False,0.0329449187
720575941544910014,R7_unclear,R,720575941556820772,-5,9,connectivity_candidate,False,0.505248314
720575941544911294,R7_unclear,R,720575941412634769,-3,10,connectivity_candidate,False,0.0391189641
720575941544920510,R7_unclear,R,720575941624351882,-3,7,connectivity_candidate,False,0.0137413915
720575941545015385,R7_unclear,R,720575941469633911,2,-12,connectivity_candidate,True,0.668576923
720575941545077081,R7_unclear,R,720575941493070567,-11,1,connectivity_candidate,False,0.259438734
720575941545480709,R7_unclear,R,720575941445851412,1,6,connectivity_candidate,False,0.0292230143
720575941545558533,R7_unclear,R,720575941585656710,2,12,connectivity_candidate,False,0.0344650066
720575941545577733,R7_unclear,R,720575941613599718,15,8,connectivity_candidate,True,0.841287695
720575941545634053,R7_unclear,R,720575941502324823,-7,-7,connectivity_candidate,False,0.0411690257
720575941545636101,R7_unclear,R,,,,unassigned,False,
720575941545699333,R7_unclear,R,720575941539337049,-2,-7,connectivity_candidate,False,0.0308335089
720575941545828962,R7_unclear,R,,,,unassigned,False,
720575941545840226,R7_unclear,R,,,,unassigned,False,
720575941545844578,R7_unclear,R,720575941652155409,-15,-11,connectivity_candidate,False,0.283613995
720575941545845602,R7_unclear,R,720575941631973024,-11,-15,connectivity_candidate,True,0.821744546
720575941545850466,R7_unclear,R,,,,unassigned,False,
720575941546037593,R7_unclear,R,720575941613897881,-1,5,connectivity_candidate,False,0.0241202132
720575941546090841,R7_unclear,R,720575941600187945,8,7,connectivity_candidate,False,0.0347463044
720575941546206809,R7_unclear,R,720575941486453200,8,-6,connectivity_candidate,False,0.0464561735
720575941546315097,R7_unclear,R,720575941440821215,9,-1,connectivity_candidate,False,0.0373022447
720575941546546265,R7_unclear,R,,,,unassigned,False,
720575941546565465,R7_unclear,R,720575941391433732,-7,-2,connectivity_candidate,False,0.0442874685
720575941546578777,R7_unclear,R,720575941527231654,3,-10,connectivity_candidate,False,0.0476164728
720575941546584409,R7_unclear,R,720575941489486796,5,-10,connectivity_candidate,True,0.980552529
720575941546592345,R7_unclear,R,720575941640854629,1,-7,connectivity_candidate,False,0.0306709727
720575941546634073,R7_unclear,R,720575941624207980,8,-8,connectivity_candidate,False,0.0732429452
720575941546641497,R7_unclear,R,720575941528257720,-10,3,connectivity_candidate,False,0.289292249
720575941546668121,R7_unclear,R,720575941575831990,6,-7,connectivity_candidate,False,0.043487033
720575941546670169,R7_unclear,R,720575941448506446,4,-5,connectivity_candidate,False,0.0363103083
720575941546713433,R7_unclear,R,720575941496367227,6,-10,connectivity_candidate,False,0.224637175
720575941546715993,R7_unclear,R,720575941531508867,3,-8,connectivity_candidate,False,0.0402598676
720575941546716249,R7_unclear,R,720575941612417299,2,-7,connectivity_candidate,False,0.0332274597
720575941546718553,R7_unclear,R,720575941630043628,1,-6,connectivity_candidate,False,0.0312414276
720575941546739545,R7_unclear,R,720575941517066083,4,-10,connectivity_candidate,False,0.0465816682
720575941546742617,R7_unclear,R,720575941533946890,0,-4,connectivity_candidate,False,0.0333471266
720575941546744921,R7_unclear,R,720575941433996064,-2,-4,connectivity_candidate,False,0.034909232
720575941546747225,R7_unclear,R,720575941527925688,-1,-5,connectivity_candidate,False,0.0330204043
720575941546750297,R7_unclear,R,720575941508424464,2,-8,connectivity_candidate,False,0.0332202342
720575941546752089,R7_unclear,R,720575941631305510,0,-3,connectivity_candidate,False,0.0340169745
720575941546768985,R7_unclear,R,720575941561564787,0,-1,connectivity_candidate,False,0.0351226296
720575941546872665,R7_unclear,R,720575941505834546,-3,-6,connectivity_candidate,False,0.0333468418
720575941546951513,R7_unclear,R,720575941443679951,1,-10,connectivity_candidate,False,0.0220829753
720575941547036092,R7_unclear,R,720575941637710197,-2,-2,connectivity_candidate,False,0.0365996554
720575941547041980,R7_unclear,R,720575941507404348,9,4,connectivity_candidate,False,0.0335973794
720575941547077052,R7_unclear,R,720575941450209914,9,16,connectivity_candidate,False,0.0377884014
720575941547115625,R7_unclear,R,,,,unassigned,False,
720575941547181673,R7_unclear,R,720575941535433394,-3,-13,connectivity_candidate,False,0.103099935
720575941547184745,R7_unclear,R,720575941507007036,-10,-4,connectivity_candidate,False,0.0534091226
720575941547257961,R7_unclear,R,720575941577188534,-14,-7,connectivity_candidate,False,0.219472969
720575941547311552,R7_unclear,R,720575941568006710,-8,5,connectivity_candidate,False,0.496339304
720575941547312064,R7_unclear,R,720575941555382611,-10,4,connectivity_candidate,False,0.495589799
720575941547313344,R7_unclear,R,720575941558336238,-8,3,connectivity_candidate,False,0.494031485
720575941547393468,R7_unclear,R,720575941446769834,16,11,connectivity_candidate,False,0.399920407
720575941547985588,R7_unclear,R,720575941538919139,-7,-11,connectivity_candidate,False,0.0299464116
720575941548121480,R7_unclear,R,720575941414646044,8,-7,connectivity_candidate,False,0.0627845902
720575941548144820,R7_unclear,R,,,,unassigned,False,
720575941548799112,R7_unclear,R,720575941653440729,5,14,connectivity_candidate,False,0.0286923441
720575941549782845,R7_unclear,R,,,,unassigned,False,
720575941549800509,R7_unclear,R,720575941528110681,-5,-8,connectivity_candidate,False,0.0335861779
720575941550130977,R7_unclear,R,,,,unassigned,False,
720575941550674237,R7_unclear,R,720575941633116832,0,-10,connectivity_candidate,False,0.0212338199
720575941550704756,R7_unclear,R,720575941391584150,-1,13,connectivity_candidate,False,0.0349117215
720575941550716733,R7_unclear,R,720575941624453484,-7,1,connectivity_candidate,False,0.0426084463
720575941550734141,R7_unclear,R,720575941479236943,9,-5,connectivity_candidate,False,0.0459781059
720575941550754420,R7_unclear,R,720575941528484196,-2,7,connectivity_candidate,False,0.0171191861
720575941550754932,R7_unclear,R,720575941640941429,0,9,connectivity_candidate,False,0.029233106
720575941550854772,R7_unclear,R,720575941533964993,-10,1,connectivity_candidate,True,0.626947807
720575941550856308,R7_unclear,R,720575941533864114,-12,-7,connectivity_candidate,False,0.060747298
720575941550904948,R7_unclear,R,720575941643170209,-10,-9,connectivity_candidate,False,0.0467311055
720575941550930238,R7_unclear,R,720575941535081498,7,11,connectivity_candidate,False,0.0332872087
720575941551744884,R7_unclear,R,720575941454104233,14,2,connectivity_candidate,False,0.0312163169
720575941552619775,R7_unclear,R,720575941630042604,1,-8,connectivity_candidate,False,0.0294767527
720575941552781567,R7_unclear,R,720575941597459569,2,4,connectivity_candidate,False,0.0325642977
720575941552853440,R7_unclear,R,720575941611660390,-8,-14,connectivity_candidate,True,0.820711304
720575941553285438,R7_unclear,R,720575941574611638,-2,-1,connectivity_candidate,False,0.0365024056
720575941553331006,R7_unclear,R,720575941505662021,6,6,connectivity_candidate,False,0.0339137597
720575941553361470,R7_unclear,R,,,,unassigned,False,
720575941553539902,R7_unclear,R,720575941571042974,14,6,connectivity_candidate,False,0.0310801957
720575941553794075,R7_unclear,R,720575941570642290,-13,-2,connectivity_candidate,False,0.446771051
720575941553941505,R7_unclear,R,720575941563887767,-15,-12,connectivity_candidate,False,0.285114286
720575941554677787,R7_unclear,R,720575941552210750,-6,1,connectivity_candidate,False,0.0353826571
720575941554744603,R7_unclear,R,720575941627206299,-14,-1,connectivity_candidate,False,0.362104557
720575941555169690,R7_unclear,R,720575941502303319,12,17,connectivity_candidate,False,0.0408595583
720575941555318170,R7_unclear,R,,,,unassigned,False,
720575941555320915,R7_unclear,R,720575941412673428,-11,0,connectivity_candidate,True,0.675888736
720575941556080217,R7_unclear,R,720575941632918242,-10,0,connectivity_candidate,True,0.625607226
720575941556096228,R7_unclear,R,720575941546953049,-4,-4,connectivity_candidate,False,0.0378178896
720575941556207105,R7_unclear,R,720575941460073200,-2,-6,connectivity_candidate,False,0.0326871888
720575941556228865,R7_unclear,R,,,,unassigned,False,
720575941556357348,R7_unclear,R,720575941633959611,1,1,connectivity_candidate,False,0.0344077695
720575941557194585,R7_unclear,R,720575941459586500,-7,0,connectivity_candidate,True,1.00550592
720575941557223844,R7_unclear,R,720575941548439869,-11,2,connectivity_candidate,False,0.284713175
720575941558009764,R7_unclear,R,720575941505278277,-9,4,connectivity_candidate,False,0.497829521
720575941558010276,R7_unclear,R,720575941563672418,-5,1,connectivity_candidate,False,0.0407839234
720575941558031524,R7_unclear,R,720575941469982475,-14,-9,connectivity_candidate,False,0.226892041
720575941558040740,R7_unclear,R,,,,unassigned,False,
720575941558223780,R7_unclear,R,720575941549060020,-7,-12,connectivity_candidate,False,0.0257608667
720575941559043364,R7_unclear,R,720575941686845964,-11,-3,connectivity_candidate,False,0.483768045
720575941559081182,R7_unclear,R,720575941606079678,-12,-5,connectivity_candidate,False,0.0673372411
720575941559131358,R7_unclear,R,720575941573039368,-10,-6,connectivity_candidate,False,0.0516566559
720575941559980047,R7_unclear,R,720575941554469092,-3,4,connectivity_candidate,False,0.0176711981
720575941560580590,R7_unclear,R,720575941412981931,0,2,connectivity_candidate,False,0.0327826938
720575941560607726,R7_unclear,R,,,,unassigned,False,
720575941560618255,R7_unclear,R,720575941650365717,13,1,connectivity_candidate,False,0.0303592839
720575941560626414,R7_unclear,R,720575941454933485,-4,3,connectivity_candidate,False,0.0157959125
720575941560647183,R7_unclear,R,720575941495316096,-9,-16,connectivity_candidate,True,0.824310086
720575941560649966,R7_unclear,R,720575941462769860,12,5,connectivity_candidate,False,0.0331451879
720575941560805358,R7_unclear,R,720575941512360268,9,18,connectivity_candidate,False,0.410094712
720575941560930163,R7_unclear,R,720575941506684289,-6,6,connectivity_candidate,False,0.492313568
720575941561063283,R7_unclear,R,720575941468238045,1,14,connectivity_candidate,False,0.0513659772
720575941561133683,R7_unclear,R,720575941478225376,-9,-13,connectivity_candidate,True,0.805178341
720575941561135731,R7_unclear,R,,,,unassigned,False,
720575941561195821,R7_unclear,R,720575941561311603,-4,-8,connectivity_candidate,False,0.031649708
720575941561532973,R7_unclear,R,720575941687021580,-4,-3,connectivity_candidate,False,0.0386801662
720575941562388013,R7_unclear,R,720575941479169871,-2,-13,connectivity_candidate,False,0.131724685
720575941562624725,R7_unclear,R,720575941525367140,4,0,connectivity_candidate,False,0.0344403457
720575941562930600,R7_unclear,R,720575941641866527,-5,-15,connectivity_candidate,True,0.840428567
720575941563551957,R7_unclear,R,720575941486238349,-3,-5,connectivity_candidate,False,0.0351974585
720575941563891624,R7_unclear,R,720575941547880820,-11,-9,connectivity_candidate,False,0.270560904
720575941563929000,R7_unclear,R,720575941533144042,-4,7,connectivity_candidate,False,0.489246633
720575941563938728,R7_unclear,R,720575941440450860,13,3,connectivity_candidate,False,0.0330499612
720575941563944360,R7_unclear,R,720575941518874540,2,0,connectivity_candidate,False,0.0343125339
720575941564082856,R7_unclear,R,720575941568781562,-6,-12,connectivity_candidate,False,0.0240561015
720575941564228608,R7_unclear,R,720575941534061322,-8,9,connectivity_candidate,False,0.505359933
720575941564690742,R7_unclear,R,720575941498994505,-13,-11,connectivity_candidate,False,0.280984312
720575941564940434,R7_unclear,R,720575941519393203,9,14,connectivity_candidate,False,0.0343568367
720575941565049088,R7_unclear,R,720575941692184216,9,-4,connectivity_candidate,False,0.0443246678
720575941565134848,R7_unclear,R,720575941660942928,-2,9,connectivity_candidate,False,0.03416314
720575941565645534,R7_unclear,R,720575941506798686,-9,-1,connectivity_candidate,True,0.577887826
720575941565648350,R7_unclear,R,720575941534689985,-9,-2,connectivity_candidate,False,0.0494929641
720575941565914119,R7_unclear,R,720575941525815652,6,-4,connectivity_candidate,False,0.0385791841
720575941566034486,R7_unclear,R,720575941660131096,10,-5,connectivity_candidate,False,0.0495098015
720575941566049122,R7_unclear,R,720575941557017252,3,-11,connectivity_candidate,False,0.0497346097
720575941566078562,R7_unclear,R,720575941721626170,-9,-4,connectivity_candidate,False,0.048639735
720575941566123415,R7_unclear,R,720575941480342914,-5,-6,connectivity_candidate,False,0.0370528164
720575941566141335,R7_unclear,R,720575941413727599,-14,-3,connectivity_candidate,False,0.394343149
720575941566234263,R7_unclear,R,720575941527904612,8,8,connectivity_candidate,False,0.035258318
720575941566442329,R7_unclear,R,720575941643339464,10,6,connectivity_candidate,False,0.0330968769
720575941566484066,R7_unclear,R,,,,unassigned,False,
720575941566495239,R7_unclear,R,720575941481257952,6,3,connectivity_candidate,False,0.0340858477
720575941566684514,R7_unclear,R,720575941540122005,-4,-5,connectivity_candidate,False,0.0367141832
720575941566812498,R7_unclear,R,720575941496376443,-6,4,connectivity_candidate,False,0.490150397
720575941566840374,R7_unclear,R,720575941479485263,5,9,connectivity_candidate,False,0.0348239361
720575941566924598,R7_unclear,R,720575941631390917,11,14,connectivity_candidate,False,0.0347094565
720575941567032886,R7_unclear,R,720575941618401919,-1,2,connectivity_candidate,False,0.0312479506
720575941567132263,R7_unclear,R,720575941454343219,14,7,connectivity_candidate,False,0.0326063554
720575941567202151,R7_unclear,R,720575941605566573,-8,-12,connectivity_candidate,True,0.808472758
720575941567214782,R7_unclear,R,720575941612985318,-15,-9,connectivity_candidate,False,0.291236465
720575941567215550,R7_unclear,R,720575941634257568,-10,-14,connectivity_candidate,True,0.711095229
720575941567603047,R7_unclear,R,,,,unassigned,False,
720575941567661671,R7_unclear,R,720575941527636902,3,8,connectivity_candidate,False,0.0326843467
720575941568820526,R7_unclear,R,720575941555093275,7,3,connectivity_candidate,False,0.0340611116
720575941569397106,R7_unclear,R,720575941408270383,-10,-5,connectivity_candidate,False,0.0517747626
720575941569692404,R7_unclear,R,720575941545050217,9,6,connectivity_candidate,False,0.0332858181
720575941569897204,R7_unclear,R,720575941515708921,-3,-2,connectivity_candidate,False,0.0378700716
720575941570183538,R7_unclear,R,720575941415051292,6,9,connectivity_candidate,False,0.0330847976
720575941570198130,R7_unclear,R,,,,unassigned,False,
720575941570203506,R7_unclear,R,720575941657495888,-10,-17,connectivity_candidate,True,0.823171631
720575941570229618,R7_unclear,R,720575941478880321,7,8,connectivity_candidate,False,0.033636198
720575941570639348,R7_unclear,R,,,,unassigned,False,
720575941572518558,R7_unclear,R,720575941514169347,-2,4,connectivity_candidate,False,0.0225413155
720575941573088926,R7_unclear,R,720575941528563801,-4,-9,connectivity_candidate,False,0.0295438984
720575941573136456,R7_unclear,R,720575941574059592,-6,2,connectivity_candidate,False,0.027191575
720575941573287070,R7_unclear,R,720575941475633438,8,3,connectivity_candidate,False,0.0340194745
720575941573748818,R7_unclear,R,,,,unassigned,False,
720575941574090312,R7_unclear,R,720575941552099355,7,-7,connectivity_candidate,False,0.0452710748
720575941574196040,R7_unclear,R,,,,unassigned,False,
720575941574222408,R7_unclear,R,720575941644506488,10,3,connectivity_candidate,False,0.03325799
720575941574311240,R7_unclear,R,720575941603173310,-3,14,connectivity_candidate,False,0.417844545
720575941574373883,R7_unclear,R,720575941554193982,0,4,connectivity_candidate,False,0.0290410871
720575941574960123,R7_unclear,R,720575941527686054,12,12,connectivity_candidate,False,0.0337850055
720575941575079931,R7_unclear,R,720575941425705812,3,-6,connectivity_candidate,False,0.0354907605
720575941575303176,R7_unclear,R,720575941493582974,-4,-15,connectivity_candidate,False,0.134888746
720575941575397384,R7_unclear,R,720575941479014465,-8,-11,connectivity_candidate,False,0.0414859657
720575941575430921,R7_unclear,R,,,,unassigned,False,
720575941575436553,R7_unclear,R,720575941651072241,5,-9,connectivity_candidate,False,0.0449961744
720575941576116367,R7_unclear,R,720575941405961584,-5,-11,connectivity_candidate,False,0.0266858973
720575941576179087,R7_unclear,R,720575941544503581,-12,-2,connectivity_candidate,False,0.694133303
720575941576717416,R7_unclear,R,720575941591626859,-1,-11,connectivity_candidate,False,0.0152096191
720575941576834742,R7_unclear,R,,,,unassigned,False,
720575941577166184,R7_unclear,R,720575941542903301,-8,-13,connectivity_candidate,True,0.812737139
720575941578228437,R7_unclear,R,720575941593317590,-6,-11,connectivity_candidate,False,0.0272314712
720575941578276697,R7_unclear,R,720575941475538225,-8,-9,connectivity_candidate,False,0.0440403405
720575941579367257,R7_unclear,R,720575941579235061,-4,-16,connectivity_candidate,False,0.127473099
720575941579432017,R7_unclear,R,720575941482094522,7,-5,connectivity_candidate,False,0.0419334014
720575941579513169,R7_unclear,R,720575941570713082,-12,3,connectivity_candidate,True,1.06452994
720575941579635445,R7_unclear,R,720575941578124789,-7,-6,connectivity_candidate,False,0.0421199436
720575941580389713,R7_unclear,R,720575941528138754,7,-2,connectivity_candidate,False,0.0371324826
720575941580500561,R7_unclear,R,720575941503968962,7,-6,connectivity_candidate,False,0.0439410461
720575941580503633,R7_unclear,R,720575941518578323,9,11,connectivity_candidate,False,0.0342894296
720575941580504145,R7_unclear,R,720575941538631373,3,6,connectivity_candidate,False,0.0350274239
720575941580723957,R7_unclear,R,,,,unassigned,False,
720575941580857845,R7_unclear,R,720575941581274613,6,13,connectivity_candidate,False,0.030915951
720575941580877557,R7_unclear,R,720575941440279503,12,16,connectivity_candidate,False,0.0411372237
720575941581549433,R7_unclear,R,720575941598922908,-8,7,connectivity_candidate,False,0.504283748
720575941584614869,R7_unclear,R,720575941539187033,-3,-10,connectivity_candidate,False,0.0252710281
720575941585121887,R7_unclear,R,,,,unassigned,False,
720575941585146463,R7_unclear,R,,,,unassigned,False,
720575941585184095,R7_unclear,R,720575941556774401,-16,-6,connectivity_candidate,True,0.797681783
720575941585269855,R7_unclear,R,720575941505806386,-7,-9,connectivity_candidate,False,0.0346172391
720575941585478357,R7_unclear,R,720575941451887482,-6,-8,connectivity_candidate,False,0.0351997404
720575941585774982,R7_unclear,R,720575941414206868,9,-3,connectivity_candidate,False,0.0424637911
720575941586648454,R7_unclear,R,720575941482588611,-1,-12,connectivity_candidate,False,0.131650586
720575941586652294,R7_unclear,R,720575941618799487,5,1,connectivity_candidate,False,0.0344119066
720575941586665606,R7_unclear,R,720575941660421712,-15,-6,connectivity_candidate,False,0.158707653
720575941586720390,R7_unclear,R,720575941629225017,14,15,connectivity_candidate,True,0.970080449
720575941587144926,R7_unclear,R,720575941566509319,-7,-10,connectivity_candidate,False,0.0349023006
720575941587219166,R7_unclear,R,720575941522599243,-10,5,connectivity_candidate,False,0.495647828
720575941587227870,R7_unclear,R,720575941613820333,-4,4,connectivity_candidate,False,0.0139327929
720575941587238366,R7_unclear,R,720575941629703906,2,8,connectivity_candidate,False,0.0290656914
720575941587594886,R7_unclear,R,720575941635133627,11,8,connectivity_candidate,False,0.0324672864
720575941588740164,R7_unclear,R,720575941733917739,12,18,connectivity_candidate,False,0.0371990167
720575941589793860,R7_unclear,R,,,,unassigned,False,
720575941589979703,R7_unclear,R,720575941626518073,0,-11,connectivity_candidate,False,0.0167497743
720575941590623031,R7_unclear,R,,,,unassigned,False,
720575941591356414,R7_unclear,R,720575941479225423,-4,-6,connectivity_candidate,False,0.0356891409
720575941591599870,R7_unclear,R,720575941630132165,4,-8,connectivity_candidate,False,0.0430696338
720575941592049036,R7_unclear,R,,,,unassigned,False,
720575941592123532,R7_unclear,R,720575941507636389,-6,-16,connectivity_candidate,True,0.842304416
720575941593392235,R7_unclear,R,720575941575841800,-13,1,connectivity_candidate,True,1.13281837
720575941593789480,R7_unclear,R,720575941439831503,-9,-9,connectivity_candidate,False,0.0480010493
720575941594299499,R7_unclear,R,720575941531745155,4,9,connectivity_candidate,False,0.030614676
720575941595245861,R7_unclear,R,720575941479718307,3,-2,connectivity_candidate,False,0.0342826721
720575941595477206,R7_unclear,R,720575941451143751,-10,2,connectivity_candidate,False,0.292475292
720575941595535830,R7_unclear,R,720575941441128895,8,2,connectivity_candidate,False,0.0343378806
720575941595596758,R7_unclear,R,720575941541095260,14,8,connectivity_candidate,False,0.0323836943
720575941595665110,R7_unclear,R,,,,unassigned,False,
720575941595803685,R7_unclear,R,,,,unassigned,False,
720575941595805477,R7_unclear,R,,,,unassigned,False,
720575941595815973,R7_unclear,R,720575941533472088,-9,5,connectivity_candidate,False,0.500446219
720575941595840113,R7_unclear,R,720575941434529312,-6,-5,connectivity_candidate,False,0.0406947099
720575941595978021,R7_unclear,R,720575941689926156,-7,-17,connectivity_candidate,True,0.84089863
720575941596057639,R7_unclear,R,720575941631387845,12,4,connectivity_candidate,False,0.0334320038
720575941596104999,R7_unclear,R,720575941592927446,-1,-14,connectivity_candidate,False,0.156422065
720575941596676721,R7_unclear,R,720575941486259778,10,1,connectivity_candidate,False,0.0351520397
720575941597131909,R7_unclear,R,720575941502372914,11,4,connectivity_candidate,False,0.0333792282
720575941597558940,R7_unclear,R,720575941634984379,-2,-8,connectivity_candidate,False,0.0286602298
720575941598939072,R7_unclear,R,720575941604166390,-2,6,connectivity_candidate,False,0.0172683482
720575941598999708,R7_unclear,R,720575941449465108,-8,-2,connectivity_candidate,False,0.0461804587
720575941599036828,R7_unclear,R,720575941611541478,14,4,connectivity_candidate,False,0.0328607272
720575941599496640,R7_unclear,R,720575941613063910,-7,-3,connectivity_candidate,False,0.0437867443
720575941599510720,R7_unclear,R,720575941565156455,3,-7,connectivity_candidate,False,0.0366414054
720575941601349929,R7_unclear,R,720575941584400094,-7,3,connectivity_candidate,False,0.494663451
720575941601364265,R7_unclear,R,720575941493138407,2,1,connectivity_candidate,False,0.0343103328
720575941602401577,R7_unclear,R,720575941567990522,-8,-1,connectivity_candidate,False,0.0433178023
720575941604361401,R7_unclear,R,,,,unassigned,False,
720575941604596982,R7_unclear,R,720575941425703508,7,17,connectivity_candidate,False,0.438985743
720575941604597494,R7_unclear,R,720575941704853722,12,0,connectivity_candidate,False,0.0330327176
720575941604709110,R7_unclear,R,720575941416290844,-2,0,connectivity_candidate,False,0.0361491461
720575941605507774,R7_unclear,R,720575941566547042,6,-9,connectivity_candidate,False,0.173918688
720575941605596094,R7_unclear,R,720575941576632463,0,3,connectivity_candidate,False,0.0308244143
720575941608434285,R7_unclear,R,720575941611517404,-2,3,connectivity_candidate,False,0.0249753224
720575941610892362,R7_unclear,R,720575941479810154,3,-3,connectivity_candidate,False,0.0342891797
720575941611914985,R7_unclear,R,,,,unassigned,False,
720575941612469734,R7_unclear,R,720575941516110739,3,-5,connectivity_candidate,False,0.0349916334
720575941612508902,R7_unclear,R,720575941609450729,-9,-14,connectivity_candidate,True,0.811951016
720575941612594406,R7_unclear,R,720575941584335326,8,4,connectivity_candidate,False,0.033760378
720575941612606182,R7_unclear,R,720575941478427444,5,-8,connectivity_candidate,False,0.0437900237
720575941612617446,R7_unclear,R,,,,unassigned,False,
720575941612618214,R7_unclear,R,720575941413964692,12,6,connectivity_candidate,False,0.0330160027
720575941612748973,R7_unclear,R,720575941488329734,8,5,connectivity_candidate,False,0.0337149039
720575941612756909,R7_unclear,R,720575941734554667,-3,-4,connectivity_candidate,False,0.0362837315
720575941612806502,R7_unclear,R,720575941605633782,-12,-3,connectivity_candidate,False,0.227832909
720575941612907693,R7_unclear,R,,,,unassigned,False,
720575941613050285,R7_unclear,R,720575941524712439,13,6,connectivity_candidate,False,0.0327216143
720575941613613276,R7_unclear,R,720575941513643587,-3,5,connectivity_candidate,False,0.0164277933
720575941614043868,R7_unclear,R,720575941584527838,5,7,connectivity_candidate,False,0.0334950471
720575941614085139,R7_unclear,R,720575941472465015,12,1,connectivity_candidate,False,0.033630701
720575941614097116,R7_unclear,R,720575941537455843,3,5,connectivity_candidate,False,0.0332906611
720575941614198492,R7_unclear,R,720575941550683425,0,-13,connectivity_candidate,False,0.151248246
720575941614200796,R7_unclear,R,720575941630627052,-10,-1,connectivity_candidate,True,0.531393905
720575941614209756,R7_unclear,R,720575941654374673,10,16,connectivity_candidate,False,0.0364813779
720575941614210012,R7_unclear,R,720575941625323772,13,2,connectivity_candidate,False,0.0332093547
720575941614939923,R7_unclear,R,720575941533099352,12,7,connectivity_candidate,False,0.0328904304
720575941614965011,R7_unclear,R,,,,unassigned,False,
720575941615029523,R7_unclear,R,720575941463417284,10,8,connectivity_candidate,False,0.0320968781
720575941615861913,R7_unclear,R,720575941627910794,-8,-15,connectivity_candidate,True,0.825559696
720575941615897241,R7_unclear,R,720575941592052587,-8,-16,connectivity_candidate,True,0.827066546
720575941615918233,R7_unclear,R,720575941584492510,10,15,connectivity_candidate,False,0.0346246973
720575941615974809,R7_unclear,R,720575941406691375,-9,8,connectivity_candidate,False,0.612934469
720575941616006809,R7_unclear,R,720575941687282294,5,15,connectivity_candidate,False,0.414758824
720575941616231577,R7_unclear,R,720575941470077451,13,9,connectivity_candidate,False,0.0325735568
720575941617485013,R7_unclear,R,,,,unassigned,False,
720575941618116053,R7_unclear,R,720575941548094057,8,6,connectivity_candidate,False,0.0338901951
720575941618905531,R7_unclear,R,720575941625453052,-1,4,connectivity_candidate,False,0.0267398005
720575941618914491,R7_unclear,R,720575941448602461,-1,6,connectivity_candidate,False,0.022953074
720575941618940603,R7_unclear,R,720575941564413608,-2,5,connectivity_candidate,False,0.0201492695
720575941618954683,R7_unclear,R,720575941506539137,4,4,connectivity_candidate,False,0.0335025594
720575941620740735,R7_unclear,R,720575941412540308,11,-3,connectivity_candidate,False,0.0485841516
720575941620751743,R7_unclear,R,720575941692102107,-5,0,connectivity_candidate,False,0.0411392139
720575941620756095,R7_unclear,R,720575941558027791,7,-3,connectivity_candidate,False,0.0386428992
720575941621308543,R7_unclear,R,720575941547774652,-15,-7,connectivity_candidate,False,0.149963676
720575941625473276,R7_unclear,R,720575941482200962,8,-1,connectivity_candidate,False,0.0367840731
720575941625700042,R7_unclear,R,,,,unassigned,False,
720575941625781706,R7_unclear,R,720575941479727840,-4,-10,connectivity_candidate,False,0.0271960634
720575941625914058,R7_unclear,R,720575941597684357,-2,-11,connectivity_candidate,False,0.0154294044
720575941626178250,R7_unclear,R,720575941451980922,-6,-3,connectivity_candidate,False,0.0421605189
720575941626636443,R7_unclear,R,720575941544023581,-7,-14,connectivity_candidate,False,0.0258206922
720575941626641307,R7_unclear,R,720575941448457821,-12,-4,connectivity_candidate,True,0.536662795
720575941626672842,R7_unclear,R,720575941627256475,-1,3,connectivity_candidate,False,0.0286202432
720575941626886282,R7_unclear,R,720575941597278144,13,-1,connectivity_candidate,True,0.545970099
720575941626912650,R7_unclear,R,720575941613929881,-2,10,connectivity_candidate,False,0.0358440038
720575941626936940,R7_unclear,R,720575941559349293,6,4,connectivity_candidate,False,0.033916881
720575941627548268,R7_unclear,R,720575941500241633,5,10,connectivity_candidate,False,0.0347321927
720575941628599865,R7_unclear,R,720575941506946398,-11,-7,connectivity_candidate,False,0.0602215728
720575941628627769,R7_unclear,R,720575941409775022,-13,-6,connectivity_candidate,False,0.21964102
720575941628770617,R7_unclear,R,720575941646511560,-16,-11,connectivity_candidate,False,0.284591282
720575941629318969,R7_unclear,R,720575941497811399,9,7,connectivity_candidate,False,0.0336684682
720575941630339110,R7_unclear,R,720575941653223701,4,6,connectivity_candidate,False,0.0335789484
720575941630433318,R7_unclear,R,,,,unassigned,False,
720575941631705570,R7_unclear,R,720575941479380643,-10,6,connectivity_candidate,False,0.526924831
720575941632878060,R7_unclear,R,720575941480281027,11,15,connectivity_candidate,False,0.0337167209
720575941633000608,R7_unclear,R,720575941615113113,-2,-16,connectivity_candidate,False,0.251684023
720575941633695648,R7_unclear,R,720575941578046033,-13,-7,connectivity_candidate,False,0.219349912
720575941633699232,R7_unclear,R,720575941394657174,-1,8,connectivity_candidate,False,0.0269141236
720575941633703072,R7_unclear,R,720575941656961816,-15,-10,connectivity_candidate,False,0.285142123
720575941633717957,R7_unclear,R,720575941534756184,-4,-11,connectivity_candidate,False,0.0245598002
720575941633748384,R7_unclear,R,720575941626057529,-3,-12,connectivity_candidate,False,0.0879760523
720575941639894389,R7_unclear,R,720575941521708279,-6,-2,connectivity_candidate,False,0.0425696643
720575941639921525,R7_unclear,R,720575941469118583,-5,-16,connectivity_candidate,True,0.848785665
720575941639922037,R7_unclear,R,720575941592180843,-3,0,connectivity_candidate,False,0.0367315506
720575941641291807,R7_unclear,R,720575941481773507,2,9,connectivity_candidate,False,0.0301585338
720575941641294367,R7_unclear,R,720575941479237711,6,-2,connectivity_candidate,False,0.0364098419
720575941644122981,R7_unclear,R,720575941533655218,3,13,connectivity_candidate,False,0.0340121737
720575941644124517,R7_unclear,R,720575941454204999,-10,-16,connectivity_candidate,True,0.82107668
720575941644849234,R7_unclear,R,720575941664277304,-1,11,connectivity_candidate,False,0.0373384356
720575941644946514,R7_unclear,R,720575941540332693,1,-5,connectivity_candidate,False,0.0323803916
720575941645818017,R7_unclear,R,720575941595209579,14,10,connectivity_candidate,False,0.0341456924
720575941645981640,R7_unclear,R,720575941576179464,-3,3,connectivity_candidate,False,0.0199258668
720575941646005704,R7_unclear,R,720575941628460002,9,15,connectivity_candidate,False,0.0362244557
720575941646093768,R7_unclear,R,720575941478882784,-4,9,connectivity_candidate,False,0.0417924997
720575941651689493,R7_unclear,R,720575941511229906,-2,-10,connectivity_candidate,False,0.0230800217
720575941653263857,R7_unclear,R,720575941611320540,4,3,connectivity_candidate,False,0.033821737
720575941653265393,R7_unclear,R,720575941520867767,5,11,connectivity_candidate,False,0.032751158
720575941653290769,R7_unclear,R,720575941517507032,-7,2,connectivity_candidate,False,0.72874331
720575941653384689,R7_unclear,R,720575941437574719,-7,4,connectivity_candidate,False,0.492907186
720575941654152945,R7_unclear,R,720575941442585691,-3,13,connectivity_candidate,False,0.431304369
720575941654250769,R7_unclear,R,,,,unassigned,False,
720575941654338577,R7_unclear,R,720575941572228091,2,-4,connectivity_candidate,False,0.0336921091
720575941654347537,R7_unclear,R,720575941480588995,14,14,connectivity_candidate,False,0.0356471355
720575941654721753,R7_unclear,R,720575941509572702,5,13,connectivity_candidate,False,0.0301970937
720575941654898649,R7_unclear,R,720575941588734974,1,-4,connectivity_candidate,False,0.0332866386
720575941655611097,R7_unclear,R,720575941617948543,0,-2,connectivity_candidate,False,0.0343654957
720575941655688153,R7_unclear,R,720575941597095463,0,8,connectivity_candidate,False,0.0256877214
720575941655715545,R7_unclear,R,720575941469634167,-10,-8,connectivity_candidate,False,0.0448373319
720575941655725273,R7_unclear,R,720575941627340443,8,11,connectivity_candidate,False,0.0335218129
720575941655765977,R7_unclear,R,720575941535082522,1,7,connectivity_candidate,False,0.0276375195
720575941656192212,R7_unclear,R,720575941577172879,2,-3,connectivity_candidate,False,0.0338940096
720575941656286164,R7_unclear,R,720575941690137612,7,15,connectivity_candidate,False,0.0309184895
720575941657059802,R7_unclear,R,720575941489315273,-4,5,connectivity_candidate,False,0.00975209272
720575941658396440,R7_unclear,R,720575941460129988,2,15,connectivity_candidate,False,0.0479802869
720575941658399512,R7_unclear,R,720575941505556293,-9,-3,connectivity_candidate,False,0.0491065126
720575941659407896,R7_unclear,R,720575941567723378,0,-8,connectivity_candidate,False,0.0275318444
720575941659459608,R7_unclear,R,720575941514712979,11,11,connectivity_candidate,False,0.0325702656
720575941659497496,R7_unclear,R,720575941626068793,9,-6,connectivity_candidate,False,0.0539572491
720575941659521560,R7_unclear,R,720575941463048900,9,8,connectivity_candidate,False,0.0384083204
720575941659537176,R7_unclear,R,720575941560626158,-4,2,connectivity_candidate,False,0.0141860304
720575941659545368,R7_unclear,R,720575941689155823,11,5,connectivity_candidate,False,0.0332388165
720575941659667792,R7_unclear,R,720575941639916149,9,-2,connectivity_candidate,False,0.0389700473
720575941659723600,R7_unclear,R,720575941621787263,15,7,connectivity_candidate,False,0.0316006488
720575941659859792,R7_unclear,R,720575941436428332,12,14,connectivity_candidate,False,0.0378605871
720575941659865424,R7_unclear,R,,,,unassigned,False,
720575941659877456,R7_unclear,R,720575941558033828,7,10,connectivity_candidate,False,0.0328981002
720575941663170360,R7_unclear,R,720575941606164589,-11,-17,connectivity_candidate,True,0.821420694
720575941663394428,R7_unclear,R,720575941504436028,-7,6,connectivity_candidate,False,0.495571106
720575941664073340,R7_unclear,R,720575941629967084,10,9,connectivity_candidate,False,0.0308639499
720575941664109692,R7_unclear,R,720575941451301447,-5,-1,connectivity_candidate,False,0.0407650234
720575941664898011,R7_unclear,R,720575941682429373,-14,0,connectivity_candidate,True,1.08000377
720575941669068787,R7_unclear,R,720575941612550633,4,-1,connectivity_candidate,False,0.0346484651
720575941669153523,R7_unclear,R,720575941624757642,-3,12,connectivity_candidate,False,0.0289406842
720575941669155571,R7_unclear,R,720575941634143173,9,5,connectivity_candidate,False,0.0334625102
720575941671174823,R7_unclear,R,720575941457994566,10,0,connectivity_candidate,False,0.0358821679
720575941671429031,R7_unclear,R,720575941543901532,-2,1,connectivity_candidate,False,0.0334846065
720575941672132007,R7_unclear,R,720575941478058545,-1,-7,connectivity_candidate,False,0.0298797504
720575941672141223,R7_unclear,R,720575941646621345,-2,-3,connectivity_candidate,False,0.0354532066
720575941681729981,R7_unclear,R,720575941429600393,10,-4,connectivity_candidate,False,0.0467484981
720575941681811389,R7_unclear,R,,,,unassigned,False,
720575941688520310,R7_unclear,R,720575941458307056,2,-5,connectivity_candidate,False,0.0330221461
720575941688708847,R7_unclear,R,720575941527515268,-9,6,connectivity_candidate,False,0.505163525
720575941689104908,R7_unclear,R,720575941512312017,-12,4,connectivity_candidate,False,0.569055916
720575941689382518,R7_unclear,R,720575941609987817,0,10,connectivity_candidate,False,0.0332087408
720575941689400694,R7_unclear,R,720575941479379619,4,8,connectivity_candidate,False,0.0368612447
720575941690910104,R7_unclear,R,720575941521042611,2,6,connectivity_candidate,False,0.0317720492
720575941691421659,R7_unclear,R,720575941548757364,-6,3,connectivity_candidate,False,0.484488916
720575941691448027,R7_unclear,R,720575941632265954,-11,3,connectivity_candidate,True,0.803958957
720575941691531227,R7_unclear,R,720575941538908029,-7,5,connectivity_candidate,False,0.49453737
720575941691532763,R7_unclear,R,720575941440417371,5,2,connectivity_candidate,False,0.0342435434
720575941691533019,R7_unclear,R,720575941491435184,2,-11,connectivity_candidate,False,0.0530615449
720575941691683803,R7_unclear,R,720575941597393344,10,5,connectivity_candidate,False,0.0333261557
720575941691716248,R7_unclear,R,720575941505591365,-4,-2,connectivity_candidate,False,0.0389768222
720575941691861144,R7_unclear,R,720575941538268392,14,13,connectivity_candidate,False,0.0337950971
720575941703035354,R7_unclear,R,720575941536250851,2,-13,connectivity_candidate,True,0.484617759
720575941703843546,R7_unclear,R,720575941734098475,5,5,connectivity_candidate,False,0.033525996
720575941723134778,R7_unclear,R,720575941517850072,-3,-1,connectivity_candidate,False,0.0376685339
720575941723934010,R7_unclear,R,720575941616107417,-9,3,connectivity_candidate,False,0.494080226
720575941724001082,R7_unclear,R,720575941475241568,4,1,connectivity_candidate,False,0.0342696956
720575941724171066,R7_unclear,R,720575941469797952,12,3,connectivity_candidate,False,0.0335409198
720575941732328491,R7_unclear,R,720575941449501277,-1,-6,connectivity_candidate,False,0.031687171
720575941732434219,R7_unclear,R,720575941500492427,-8,-8,connectivity_candidate,False,0.0438798663
720575941732720939,R7_unclear,R,720575941512072145,-3,6,connectivity_candidate,False,0.0128903403
720575941733259563,R7_unclear,R,720575941579855481,6,-1,connectivity_candidate,False,0.0354773796
720575941733262891,R7_unclear,R,720575941426189908,11,16,connectivity_candidate,False,0.0374458335
720575941733322795,R7_unclear,R,720575941689896310,0,7,connectivity_candidate,False,0.0252156926
720575941733328427,R7_unclear,R,720575941534580568,3,-1,connectivity_candidate,False,0.0342911692
720575941733600811,R7_unclear,R,720575941563032488,17,9,connectivity_candidate,True,1.00005373
720575941351369520,T4a,R,720575941514175747,-13,-10,connectivity_candidate,False,0.28002066
720575941351394096,T4a,R,720575941502117719,6,10,connectivity_candidate,False,0.0337560648
720575941351711280,T4a,R,720575941525675289,-6,9,connectivity_candidate,False,0.50526016
720575941391416726,T4a,R,720575941450991797,-1,10,connectivity_candidate,False,0.0356016086
720575941391476118,T4a,R,720575941576140809,-7,-13,connectivity_candidate,False,0.0197884705
720575941391531670,T4a,R,720575941575841800,-13,1,connectivity_candidate,True,1.13281837
720575941391679236,T4a,R,720575941476532074,6,-6,connectivity_candidate,False,0.0419614371
720575941392306582,T4a,R,720575941627908234,17,12,connectivity_candidate,True,0.593269081
720575941392523780,T4a,R,720575941448504654,15,3,connectivity_candidate,False,0.0312561628
720575941399965987,T4a,R,720575941412392107,11,6,connectivity_candidate,False,0.0330976784
720575941400101155,T4a,R,720575941497486409,-12,-10,connectivity_candidate,False,0.275159678
720575941400395299,T4a,R,720575941603733238,-1,-3,connectivity_candidate,False,0.0346430969
720575941400475683,T4a,R,720575941502712514,-6,8,connectivity_candidate,False,0.502448107
720575941402436899,T4a,R,720575941612985318,-15,-9,connectivity_candidate,False,0.291236465
720575941402944368,T4a,R,720575941540122005,-4,-5,connectivity_candidate,False,0.0367141832
720575941403069808,T4a,R,720575941643728328,6,17,connectivity_candidate,False,0.706663857
720575941403410467,T4a,R,720575941535047706,3,-12,connectivity_candidate,True,0.623795428
720575941403520368,T4a,R,720575941635133627,11,8,connectivity_candidate,False,0.0324672864
720575941403522160,T4a,R,720575941525815652,6,-4,connectivity_candidate,False,0.0385791841
720575941406534959,T4a,R,720575941475633438,8,3,connectivity_candidate,False,0.0340194745
720575941406547247,T4a,R,720575941597459569,2,4,connectivity_candidate,False,0.0325642977
720575941406794031,T4a,R,720575941570713082,-12,3,connectivity_candidate,True,1.06452994
720575941407161262,T4a,R,720575941541150300,5,12,connectivity_candidate,False,0.0296447496
720575941407259566,T4a,R,720575941643339464,10,6,connectivity_candidate,False,0.0330968769
720575941408281003,T4a,R,720575941484806662,3,-9,connectivity_candidate,False,0.044765413
720575941409312683,T4a,R,720575941598922908,-8,7,connectivity_candidate,False,0.504283748
720575941409344939,T4a,R,720575941456842224,2,10,connectivity_candidate,False,0.0308837672
720575941409751723,T4a,R,720575941591828990,-2,-9,connectivity_candidate,False,0.0263367019
720575941409927851,T4a,R,720575941562995810,11,-1,connectivity_candidate,False,0.0433570761
720575941410075822,T4a,R,720575941554651364,-11,6,connectivity_candidate,False,0.572872621
720575941410757487,T4a,R,720575941414533268,-13,-9,connectivity_candidate,False,0.284531131
720575941410940843,T4a,R,720575941574059592,-6,2,connectivity_candidate,False,0.027191575
720575941410991471,T4a,R,720575941487859206,-3,8,connectivity_candidate,False,0.0397396908
720575941411445615,T4a,R,720575941579855481,6,-1,connectivity_candidate,False,0.0354773796
720575941412421265,T4a,R,720575941551331956,0,-6,connectivity_candidate,False,0.0312249861
720575941412440977,T4a,R,720575941567990522,-8,-1,connectivity_candidate,False,0.0433178023
720575941412456849,T4a,R,720575941434529312,-6,-5,connectivity_candidate,False,0.0406947099
720575941412568724,T4a,R,720575941643170209,-10,-9,connectivity_candidate,False,0.0467311055
720575941412605841,T4a,R,720575941475226976,5,6,connectivity_candidate,False,0.0333338976
720575941413097361,T4a,R,720575941429600393,10,-4,connectivity_candidate,False,0.0467484981
720575941413108369,T4a,R,720575941412540564,2,-9,connectivity_candidate,False,0.580223991
720575941414677276,T4a,R,720575941502315095,-9,-7,connectivity_candidate,False,0.0463684642
720575941414682652,T4a,R,720575941469976587,-8,-6,connectivity_candidate,False,0.0439943312
720575941414862364,T4a,R,720575941527636902,3,8,connectivity_candidate,False,0.0326843467
720575941414897180,T4a,R,720575941654374673,10,16,connectivity_candidate,False,0.0364813779
720575941415270172,T4a,R,720575941451450793,-1,12,connectivity_candidate,False,0.0391392133
720575941418332188,T4a,R,720575941434349326,-13,-8,connectivity_candidate,False,0.226075811
720575941425753684,T4a,R,720575941440417371,5,2,connectivity_candidate,False,0.0342435434
720575941425780052,T4a,R,720575941633959611,1,1,connectivity_candidate,False,0.0344077695
720575941426024532,T4a,R,720575941568391214,5,17,connectivity_candidate,True,0.830305285
720575941428326793,T4a,R,720575941497416009,4,-4,connectivity_candidate,False,0.0357548385
720575941429175800,T4a,R,720575941568671220,1,0,connectivity_candidate,False,0.0347488799
720575941429225208,T4a,R,720575941479380131,-5,2,connectivity_candidate,False,0.0360359089
720575941429268105,T4a,R,720575941496376443,-6,4,connectivity_candidate,False,0.490150397
720575941429318392,T4a,R,720575941611517404,-2,3,connectivity_candidate,False,0.0249753224
720575941429417135,T4a,R,720575941560626158,-4,2,connectivity_candidate,False,0.0141860304
720575941429779192,T4a,R,720575941525348429,0,13,connectivity_candidate,False,0.0431103135
720575941430343895,T4a,R,720575941430800087,15,11,connectivity_candidate,False,0.0352859756
720575941430514135,T4a,R,720575941505556293,-9,-3,connectivity_candidate,False,0.0491065126
720575941430610273,T4a,R,720575941629703906,2,8,connectivity_candidate,False,0.0290656914
720575941430708321,T4a,R,720575941508217111,1,11,connectivity_candidate,False,0.0339108884
720575941431299598,T4a,R,720575941494943664,1,3,connectivity_candidate,False,0.0325137023
720575941431415310,T4a,R,720575941481544134,-16,-14,connectivity_candidate,False,0.326895913
720575941431428622,T4a,R,720575941570642290,-13,-2,connectivity_candidate,False,0.446771051
720575941431856087,T4a,R,720575941514151171,-7,-15,connectivity_candidate,True,0.828407644
720575941433234464,T4a,R,720575941506946398,-11,-7,connectivity_candidate,False,0.0602215728
720575941433489294,T4a,R,720575941639990047,-2,-5,connectivity_candidate,False,0.0336905444
720575941433510542,T4a,R,720575941610710118,-9,-15,connectivity_candidate,True,0.820181495
720575941433644174,T4a,R,720575941618727893,15,10,connectivity_candidate,True,0.960726553
720575941433735054,T4a,R,720575941574913181,-7,10,connectivity_candidate,False,0.504676018
720575941434054688,T4a,R,720575941505834546,-3,-6,connectivity_candidate,False,0.0333468418
720575941434061198,T4a,R,720575941489482700,-3,-14,connectivity_candidate,False,0.129935343
720575941434062222,T4a,R,720575941509819777,6,15,connectivity_candidate,False,0.410825989
720575941434322062,T4a,R,720575941559332111,0,-7,connectivity_candidate,False,0.0296437729
720575941435578656,T4a,R,720575941434899086,-2,-12,connectivity_candidate,False,0.0947310233
720575941436407340,T4a,R,720575941592180843,-3,0,connectivity_candidate,False,0.0367315506
720575941436425614,T4a,R,720575941612307274,10,-6,connectivity_candidate,False,0.053016136
720575941437075244,T4a,R,720575941441128895,8,2,connectivity_candidate,False,0.0343378806
720575941437272338,T4a,R,720575941457994566,10,0,connectivity_candidate,False,0.0358821679
720575941437463359,T4a,R,720575941624453484,-7,1,connectivity_candidate,False,0.0426084463
720575941437514047,T4a,R,720575941631390917,11,14,connectivity_candidate,False,0.0347094565
720575941437631455,T4a,R,720575941734554667,-3,-4,connectivity_candidate,False,0.0362837315
720575941437641439,T4a,R,720575941547774652,-15,-7,connectivity_candidate,False,0.149963676
720575941437674303,T4a,R,720575941643973576,16,12,connectivity_candidate,False,0.104518835
720575941437689663,T4a,R,720575941505428503,14,19,connectivity_candidate,False,0.0510177605
720575941437761503,T4a,R,720575941682429373,-14,0,connectivity_candidate,True,1.08000377
720575941437906464,T4a,R,720575941476531818,5,-7,connectivity_candidate,False,0.0421988764
720575941438847317,T4a,R,,,,unassigned,False,
720575941439451327,T4a,R,720575941482337359,-5,-4,connectivity_candidate,False,0.0397745319
720575941439724123,T4a,R,720575941660960568,-5,8,connectivity_candidate,False,0.496763252
720575941440050623,T4a,R,720575941533935626,-2,-15,connectivity_candidate,False,0.160128136
720575941440063951,T4a,R,720575941666769139,1,10,connectivity_candidate,False,0.0316450447
720575941440107199,T4a,R,720575941577715126,15,6,connectivity_candidate,False,0.0312743346
720575941440499919,T4a,R,720575941471853152,2,-6,connectivity_candidate,False,0.0337788226
720575941442507455,T4a,R,720575941502519383,-8,-18,connectivity_candidate,True,0.892458254
720575941442619087,T4a,R,720575941625453052,-1,4,connectivity_candidate,False,0.0267398005
720575941443042730,T4a,R,720575941443656874,-9,-5,connectivity_candidate,False,0.0489585023
720575941443083434,T4a,R,720575941526906969,-3,-7,connectivity_candidate,False,0.0321501896
720575941443197866,T4a,R,720575941615357660,-9,-18,connectivity_candidate,True,0.916504693
720575941443526607,T4a,R,720575941612416275,0,-12,connectivity_candidate,False,0.150855887
720575941443616426,T4a,R,720575941596664945,-16,-13,connectivity_candidate,True,0.842185165
720575941446252308,T4a,R,720575941484706626,7,9,connectivity_candidate,False,0.0320296611
720575941446311956,T4a,R,720575941577545064,-10,-3,connectivity_candidate,False,0.052839988
720575941446512148,T4a,R,720575941481180611,-1,-1,connectivity_candidate,False,0.0356977861
720575941447692981,T4a,R,720575941534689985,-9,-2,connectivity_candidate,False,0.0494929641
720575941447755189,T4a,R,720575941553675777,16,9,connectivity_candidate,False,0.0221246844
720575941448003253,T4a,R,720575941627726886,-12,-9,connectivity_candidate,False,0.254933809
720575941448142173,T4a,R,720575941437574719,-7,4,connectivity_candidate,False,0.492907186
720575941448308661,T4a,R,720575941412540308,11,-3,connectivity_candidate,False,0.0485841516
720575941448580174,T4a,R,720575941412673428,-11,0,connectivity_candidate,True,0.675888736
720575941448633949,T4a,R,720575941413964692,12,6,connectivity_candidate,False,0.0330160027
720575941448695886,T4a,R,720575941439538523,1,5,connectivity_candidate,False,0.0302693572
720575941449028686,T4a,R,720575941553027719,-1,-2,connectivity_candidate,False,0.0351873941
720575941449207886,T4a,R,720575941733917739,12,18,connectivity_candidate,False,0.0371990167
720575941449218382,T4a,R,720575941394040836,-1,-13,connectivity_candidate,False,0.1396439
720575941449303118,T4a,R,720575941454843373,6,14,connectivity_candidate,False,0.0306648089
720575941449927290,T4a,R,720575941505806386,-7,-9,connectivity_candidate,False,0.0346172391
720575941449944954,T4a,R,720575941534548506,1,-9,connectivity_candidate,False,0.0256138479
720575941449965434,T4a,R,720575941493138407,2,1,connectivity_candidate,False,0.0343103328
720575941449975930,T4a,R,720575941429599625,-3,-3,connectivity_candidate,False,0.0370862723
720575941450071930,T4a,R,720575941519515319,3,0,connectivity_candidate,False,0.034263281
720575941450208634,T4a,R,720575941592052587,-8,-16,connectivity_candidate,True,0.827066546
720575941450575482,T4a,R,720575941482094522,7,-5,connectivity_candidate,False,0.0419334014
720575941450803527,T4a,R,720575941519393203,9,14,connectivity_candidate,False,0.0343568367
720575941450925895,T4a,R,720575941502303319,12,17,connectivity_candidate,False,0.0408595583
720575941450987079,T4a,R,720575941734098475,5,5,connectivity_candidate,False,0.033525996
720575941451307847,T4a,R,720575941449465108,-8,-2,connectivity_candidate,False,0.0461804587
720575941451327657,T4a,R,720575941652155409,-15,-11,connectivity_candidate,False,0.283613995
720575941451362473,T4a,R,720575941479225423,-4,-6,connectivity_candidate,False,0.0356891409
720575941451369385,T4a,R,720575941430873737,-4,0,connectivity_candidate,False,0.0394822793
720575941451673257,T4a,R,720575941408270383,-10,-5,connectivity_candidate,False,0.0517747626
720575941452018601,T4a,R,720575941544023581,-7,-14,connectivity_candidate,False,0.0258206922
720575941452061353,T4a,R,720575941704853722,12,0,connectivity_candidate,False,0.0330327176
720575941452133545,T4a,R,720575941572228091,2,-4,connectivity_candidate,False,0.0336921091
720575941452659527,T4a,R,720575941482765391,-12,-13,connectivity_candidate,True,0.840409302
720575941452968243,T4a,R,720575941561391598,-6,-15,connectivity_candidate,True,0.835431434
720575941453190963,T4a,R,720575941514086243,-5,6,connectivity_candidate,False,0.486873229
720575941453556275,T4a,R,720575941591041591,6,1,connectivity_candidate,False,0.0346380972
720575941454742765,T4a,R,720575941414421393,7,13,connectivity_candidate,False,0.0322934163
720575941455867120,T4a,R,720575941640854629,1,-7,connectivity_candidate,False,0.0306709727
720575941456354029,T4a,R,720575941493582974,-4,-15,connectivity_candidate,False,0.134888746
720575941456797168,T4a,R,720575941536942834,-7,-8,connectivity_candidate,False,0.0388252642
720575941457760927,T4a,R,720575941671606193,10,2,connectivity_candidate,False,0.0348514726
720575941457839263,T4a,R,,,,unassigned,False,
720575941458027078,T4a,R,720575941497811399,9,7,connectivity_candidate,False,0.0336684682
720575941458096710,T4a,R,720575941660421712,-15,-6,connectivity_candidate,False,0.158707653
720575941458116422,T4a,R,,,,unassigned,False,
720575941458444870,T4a,R,720575941465397005,-5,-3,connectivity_candidate,False,0.0406742113
720575941458523462,T4a,R,720575941482200962,8,-1,connectivity_candidate,False,0.0367840731
720575941459279315,T4a,R,720575941460315792,-13,0,connectivity_candidate,True,1.12714627
720575941459467219,T4a,R,720575941478880321,7,8,connectivity_candidate,False,0.033636198
720575941459751108,T4a,R,720575941516110739,3,-5,connectivity_candidate,False,0.0349916334
720575941459776964,T4a,R,720575941656961816,-15,-10,connectivity_candidate,False,0.285142123
720575941459786963,T4a,R,720575941482588611,-1,-12,connectivity_candidate,False,0.131650586
720575941459865503,T4a,R,720575941535081498,7,11,connectivity_candidate,False,0.0332872087
720575941459923396,T4a,R,720575941439177183,-6,-14,connectivity_candidate,True,0.829898796
720575941459936240,T4a,R,,,,unassigned,False,
720575941459945412,T4a,R,720575941602025769,4,10,connectivity_candidate,False,0.0297039771
720575941459986160,T4a,R,720575941692184216,9,-4,connectivity_candidate,False,0.0443246678
720575941460048083,T4a,R,720575941479718307,3,-2,connectivity_candidate,False,0.0342826721
720575941460362896,T4a,R,720575941525367140,4,0,connectivity_candidate,False,0.0344403457
720575941460415632,T4a,R,720575941394870422,-7,-16,connectivity_candidate,True,0.832873548
720575941460449732,T4a,R,,,,unassigned,False,
720575941460453060,T4a,R,720575941507639842,8,-2,connectivity_candidate,False,0.0380452212
720575941460568464,T4a,R,720575941400314659,1,12,connectivity_candidate,False,0.0357516645
720575941460598160,T4a,R,720575941535082522,1,7,connectivity_candidate,False,0.0276375195
720575941460814803,T4a,R,720575941507636389,-6,-16,connectivity_candidate,True,0.842304416
720575941461163664,T4a,R,720575941545101673,15,1,connectivity_candidate,False,0.0207773034
720575941461991181,T4a,R,720575941512072145,-3,6,connectivity_candidate,False,0.0128903403
720575941462617357,T4a,R,720575941472465015,12,1,connectivity_candidate,False,0.033630701
720575941463127236,T4a,R,720575941411300719,4,5,connectivity_candidate,False,0.0333561092
720575941465215574,T4a,R,720575941494911358,-1,-4,connectivity_candidate,False,0.0339442138
720575941465248086,T4a,R,720575941538908029,-7,5,connectivity_candidate,False,0.49453737
720575941465555798,T4a,R,720575941585656710,2,12,connectivity_candidate,False,0.0344650066
720575941465675542,T4a,R,720575941460129988,2,15,connectivity_candidate,False,0.0479802869
720575941465792534,T4a,R,720575941533655218,3,13,connectivity_candidate,False,0.0340121737
720575941466096662,T4a,R,720575941597278144,13,-1,connectivity_candidate,True,0.545970099
720575941467876061,T4a,R,720575941507086977,-5,-17,connectivity_candidate,True,0.855445351
720575941468567517,T4a,R,720575941599531420,11,3,connectivity_candidate,False,0.0339818053
720575941469208183,T4a,R,720575941514088547,10,11,connectivity_candidate,False,0.0325151992
720575941469344375,T4a,R,720575941446769834,16,11,connectivity_candidate,False,0.399920407
720575941469357943,T4a,R,720575941546351465,-3,9,connectivity_candidate,False,0.0396847782
720575941469402231,T4a,R,720575941412634769,-3,10,connectivity_candidate,False,0.0391189641
720575941469475703,T4a,R,720575941497480417,-5,4,connectivity_candidate,False,0.00932430686
720575941469630219,T4a,R,720575941563883318,-17,-12,connectivity_candidate,True,0.4863545
720575941469803072,T4a,R,720575941538631373,3,6,connectivity_candidate,False,0.0350274239
720575941469833024,T4a,R,720575941433938976,10,-3,connectivity_candidate,False,0.0449937341
720575941469983607,T4a,R,720575941634143173,9,5,connectivity_candidate,False,0.0334625102
720575941470015552,T4a,R,720575941514169347,-2,4,connectivity_candidate,False,0.0225413155
720575941470120203,T4a,R,720575941660054552,14,3,connectivity_candidate,False,0.0351580124
720575941470151435,T4a,R,720575941513723139,-16,-8,connectivity_candidate,False,0.0953146271
720575941471913056,T4a,R,720575941563178338,-12,-1,connectivity_candidate,False,0.500395464
720575941471987040,T4a,R,720575941468502358,3,7,connectivity_candidate,False,0.0352365255
720575941472110944,T4a,R,720575941551102782,-6,10,connectivity_candidate,False,0.502518858
720575941472485216,T4a,R,720575941491740366,0,0,connectivity_candidate,False,0.0357384969
720575941472904234,T4a,R,720575941546953049,-4,-4,connectivity_candidate,False,0.0378178896
720575941472912938,T4a,R,720575941476051764,-9,0,connectivity_candidate,False,0.377035333
720575941473078826,T4a,R,720575941412981931,0,2,connectivity_candidate,False,0.0327826938
720575941473483067,T4a,R,720575941502324823,-7,-7,connectivity_candidate,False,0.0411690257
720575941473560635,T4a,R,720575941481743546,-16,-12,connectivity_candidate,False,0.280456926
720575941473764667,T4a,R,720575941518916012,-8,-4,connectivity_candidate,False,0.0457130226
720575941475153969,T4a,R,720575941505591365,-4,-2,connectivity_candidate,False,0.0389768222
720575941475363358,T4a,R,720575941645335201,5,16,connectivity_candidate,False,0.381326173
720575941475525662,T4a,R,720575941503397099,-13,-4,connectivity_candidate,True,0.876110694
720575941475770976,T4a,R,720575941634257568,-10,-14,connectivity_candidate,True,0.711095229
720575941475860020,T4a,R,720575941538904701,-8,-7,connectivity_candidate,False,0.0438989917
720575941475878708,T4a,R,720575941459586500,-7,0,connectivity_candidate,True,1.00550592
720575941475896641,T4a,R,720575941666782707,14,18,connectivity_candidate,False,0.0579458977
720575941476235316,T4a,R,720575941495316096,-9,-16,connectivity_candidate,True,0.824310086
720575941476720955,T4a,R,,,,unassigned,False,
720575941477239402,T4a,R,720575941612550633,4,-1,connectivity_candidate,False,0.0346484651
720575941477240426,T4a,R,720575941484452674,4,-6,connectivity_candidate,False,0.0381789645
720575941477250154,T4a,R,720575941473378090,8,-4,connectivity_candidate,False,0.0417653075
720575941478563552,T4a,R,720575941637710197,-2,-2,connectivity_candidate,False,0.0365996554
720575941478859585,T4a,R,720575941686845964,-11,-3,connectivity_candidate,False,0.483768045
720575941478910371,T4a,R,720575941521708279,-6,-2,connectivity_candidate,False,0.0425696643
720575941478966836,T4a,R,720575941508424464,2,-8,connectivity_candidate,False,0.0332202342
720575941479262287,T4a,R,720575941626068793,9,-6,connectivity_candidate,False,0.0539572491
720575941479853647,T4a,R,720575941657153616,2,11,connectivity_candidate,False,0.0323550644
720575941479974735,T4a,R,720575941584460934,5,-1,connectivity_candidate,False,0.0350855657
720575941480046531,T4a,R,720575941527925688,-1,-5,connectivity_candidate,False,0.0330204043
720575941480242627,T4a,R,720575941543901532,-2,1,connectivity_candidate,False,0.0334846065
720575941481177798,T4a,R,720575941469982475,-14,-9,connectivity_candidate,False,0.226892041
720575941481293510,T4a,R,720575941666651379,1,2,connectivity_candidate,False,0.0335966073
720575941481345478,T4a,R,,,,unassigned,False,
720575941481681350,T4a,R,720575941557017252,3,-11,connectivity_candidate,False,0.0497346097
720575941481710790,T4a,R,720575941478882784,-4,9,connectivity_candidate,False,0.0417924997
720575941481754298,T4a,R,720575941701684186,10,12,connectivity_candidate,False,0.0331583443
720575941481763069,T4a,R,720575941478058545,-1,-7,connectivity_candidate,False,0.0298797504
720575941481899261,T4a,R,720575941484623682,8,15,connectivity_candidate,False,0.0377049539
720575941481922490,T4a,R,720575941480281027,11,15,connectivity_candidate,False,0.0337167209
720575941481948925,T4a,R,,,,unassigned,False,
720575941482001850,T4a,R,720575941451190109,16,7,connectivity_candidate,False,0.029389334
720575941482038781,T4a,R,720575941500241633,5,10,connectivity_candidate,False,0.0347321927
720575941482170810,T4a,R,720575941409612715,-11,-5,connectivity_candidate,False,0.0597508149
720575941482387965,T4a,R,720575941505512471,9,12,connectivity_candidate,False,0.0335156669
720575941483718029,T4a,R,720575941425705812,3,-6,connectivity_candidate,False,0.0354907605
720575941483733314,T4a,R,720575941489315273,-4,5,connectivity_candidate,False,0.00975209272
720575941484416454,T4a,R,720575941505141015,1,13,connectivity_candidate,False,0.0408584203
720575941484505666,T4a,R,720575941479171407,1,-12,connectivity_candidate,False,0.160435002
720575941484511298,T4a,R,720575941692102107,-5,0,connectivity_candidate,False,0.0411392139
720575941484602946,T4a,R,720575941592511528,-3,2,connectivity_candidate,False,0.025045396
720575941484605762,T4a,R,720575941557605604,3,15,connectivity_candidate,False,0.0547285222
720575941484770114,T4a,R,720575941609908457,8,10,connectivity_candidate,False,0.0320461574
720575941485135501,T4a,R,720575941496367227,6,-10,connectivity_candidate,False,0.224637175
720575941485432838,T4a,R,720575941468469014,13,4,connectivity_candidate,False,0.0333367956
720575941486024656,T4a,R,720575941439831503,-9,-9,connectivity_candidate,False,0.0480010493
720575941486252496,T4a,R,720575941493638526,4,17,connectivity_candidate,True,1.16734493
720575941486634448,T4a,R,720575941406691375,-9,8,connectivity_candidate,False,0.612934469
720575941488135821,T4a,R,720575941572094536,16,8,connectivity_candidate,False,0.0266089814
720575941488824009,T4a,R,720575941533932554,2,-10,connectivity_candidate,False,0.0471728925
720575941488876489,T4a,R,720575941553699355,13,7,connectivity_candidate,False,0.0327339234
720575941488878025,T4a,R,720575941611660390,-8,-14,connectivity_candidate,True,0.820711304
720575941488905417,T4a,R,720575941595287079,12,9,connectivity_candidate,False,0.0326204162
720575941489067977,T4a,R,720575941502111575,16,13,connectivity_candidate,True,0.991874363
720575941489465550,T4a,R,720575941581274613,6,13,connectivity_candidate,False,0.030915951
720575941489557705,T4a,R,720575941561374702,9,2,connectivity_candidate,False,0.0345482883
720575941489857255,T4a,R,720575941440450860,13,3,connectivity_candidate,False,0.0330499612
720575941489900519,T4a,R,720575941536250851,2,-13,connectivity_candidate,True,0.484617759
720575941490114791,T4a,R,720575941548439869,-11,2,connectivity_candidate,False,0.284713175
720575941490317365,T4a,R,720575941433767639,-1,7,connectivity_candidate,False,0.0217219257
720575941490552807,T4a,R,720575941481651139,4,-11,connectivity_candidate,True,0.58785552
720575941491446837,T4a,R,720575941689155823,11,5,connectivity_candidate,False,0.0332388165
720575941491465392,T4a,R,720575941639916149,9,-2,connectivity_candidate,False,0.0389700473
720575941491494576,T4a,R,720575941475538225,-8,-9,connectivity_candidate,False,0.0440403405
720575941491541936,T4a,R,720575941724485946,-13,-3,connectivity_candidate,False,0.347580531
720575941492151216,T4a,R,,,,unassigned,False,
720575941493292670,T4a,R,720575941436543788,2,13,connectivity_candidate,False,0.0378435908
720575941493343102,T4a,R,720575941440279503,12,16,connectivity_candidate,False,0.0411372237
720575941493543143,T4a,R,720575941528110681,-5,-8,connectivity_candidate,False,0.0335861779
720575941494716359,T4a,R,720575941660473144,5,-11,connectivity_candidate,False,0.297756381
720575941494857927,T4a,R,720575941618370431,-8,-17,connectivity_candidate,True,0.833876957
720575941495012224,T4a,R,720575941480585155,13,16,connectivity_candidate,False,0.0470423773
720575941495493319,T4a,R,720575941626057529,-3,-12,connectivity_candidate,False,0.0879760523
720575941496127305,T4a,R,720575941473329194,-5,-2,connectivity_candidate,False,0.0408378366
720575941496536699,T4a,R,720575941554193982,0,4,connectivity_candidate,False,0.0290410871
720575941496553339,T4a,R,720575941448602461,-1,6,connectivity_candidate,False,0.022953074
720575941496662907,T4a,R,720575941523141043,-1,15,connectivity_candidate,False,0.318519918
720575941497088993,T4a,R,720575941509572702,5,13,connectivity_candidate,False,0.0301970937
720575941497118793,T4a,R,720575941463572237,9,13,connectivity_candidate,False,0.0334139384
720575941497262153,T4a,R,720575941629225017,14,15,connectivity_candidate,True,0.970080449
720575941497287367,T4a,R,720575941571042974,14,6,connectivity_candidate,False,0.0310801957
720575941497638881,T4a,R,720575941448601181,-8,6,connectivity_candidate,False,0.501253387
720575941497841377,T4a,R,720575941494844848,17,16,connectivity_candidate,True,1.02612296
720575941497884578,T4a,R,,,,unassigned,False,
720575941497942434,T4a,R,720575941507180894,-1,1,connectivity_candidate,False,0.033194404
720575941500369547,T4a,R,720575941494706814,-12,0,connectivity_candidate,False,0.455208191
720575941500371339,T4a,R,720575941633218284,-12,2,connectivity_candidate,False,0.261362658
720575941500648075,T4a,R,720575941630042604,1,-8,connectivity_candidate,False,0.0294767527
720575941500832395,T4a,R,720575941660131096,10,-5,connectivity_candidate,False,0.0495098015
720575941500925931,T4a,R,720575941557220353,-16,-10,connectivity_candidate,False,0.291787594
720575941501691883,T4a,R,,,,unassigned,False,
720575941501890539,T4a,R,720575941587555652,16,15,connectivity_candidate,True,1.02373564
720575941501924331,T4a,R,720575941576294248,11,7,connectivity_candidate,False,0.0329691129
720575941501944919,T4a,R,720575941565156455,3,-7,connectivity_candidate,False,0.0366414054
720575941501951575,T4a,R,720575941563887767,-15,-12,connectivity_candidate,False,0.285114286
720575941501958743,T4a,R,720575941609450729,-9,-14,connectivity_candidate,True,0.811951016
720575941501965911,T4a,R,720575941468534358,-7,-5,connectivity_candidate,False,0.0425181138
720575941502638642,T4a,R,720575941598171525,-13,-13,connectivity_candidate,True,0.842709318
720575941502854194,T4a,R,720575941460473744,4,15,connectivity_candidate,False,0.0716058349
720575941502874818,T4a,R,720575941568006710,-8,5,connectivity_candidate,False,0.496339304
720575941502908466,T4a,R,720575941578154833,-6,-4,connectivity_candidate,False,0.0415831138
720575941503467058,T4a,R,720575941510331265,0,1,connectivity_candidate,False,0.0342545076
720575941504339109,T4a,R,720575941576179464,-3,3,connectivity_candidate,False,0.0199258668
720575941504456252,T4a,R,720575941540878834,10,17,connectivity_candidate,False,0.0356961895
720575941504503356,T4a,R,720575941592623400,8,18,connectivity_candidate,True,0.750423311
720575941504579388,T4a,R,720575941583036793,7,16,connectivity_candidate,False,0.411624797
720575941504806204,T4a,R,720575941558535844,-15,-14,connectivity_candidate,False,0.331955548
720575941504841020,T4a,R,720575941535433394,-3,-13,connectivity_candidate,False,0.103099935
720575941504871228,T4a,R,720575941490845132,-4,-12,connectivity_candidate,False,0.0221783604
720575941504964261,T4a,R,720575941552298523,12,15,connectivity_candidate,False,0.035763957
720575941505085207,T4a,R,720575941394657174,-1,8,connectivity_candidate,False,0.0269141236
720575941505142295,T4a,R,720575941563672418,-5,1,connectivity_candidate,False,0.0407839234
720575941505239621,T4a,R,720575941646511560,-16,-11,connectivity_candidate,False,0.284591282
720575941505302085,T4a,R,720575941457289968,14,12,connectivity_candidate,False,0.033743084
720575941505438789,T4a,R,720575941494533319,11,17,connectivity_candidate,False,0.0365973488
720575941505498181,T4a,R,720575941606079678,-12,-5,connectivity_candidate,False,0.0673372411
720575941505764119,T4a,R,720575941577626705,-12,-11,connectivity_candidate,False,0.280173196
720575941506643806,T4a,R,720575941671203761,-11,-14,connectivity_candidate,False,0.374805575
720575941506698334,T4a,R,720575941548757364,-6,3,connectivity_candidate,False,0.484488916
720575941506815105,T4a,R,,,,unassigned,False,
720575941506860161,T4a,R,720575941531745155,4,9,connectivity_candidate,False,0.030614676
720575941506893441,T4a,R,720575941513053251,-11,-2,connectivity_candidate,True,0.525899024
720575941506899550,T4a,R,720575941418121244,12,13,connectivity_candidate,False,0.0348770892
720575941506899806,T4a,R,720575941625608394,7,-10,connectivity_candidate,False,0.427626336
720575941506901342,T4a,R,720575941528138754,7,-2,connectivity_candidate,False,0.0371324826
720575941508313810,T4a,R,720575941476533866,5,-6,connectivity_candidate,False,0.0398518134
720575941509033488,T4a,R,720575941443050922,5,-4,connectivity_candidate,False,0.03693665
720575941509179152,T4a,R,720575941556770817,4,-3,connectivity_candidate,False,0.0352443854
720575941509267410,T4a,R,720575941641668965,11,1,connectivity_candidate,False,0.0346243067
720575941509275998,T4a,R,720575941439202322,-7,9,connectivity_candidate,False,0.505051437
720575941509422430,T4a,R,720575941514208515,3,10,connectivity_candidate,False,0.0308573534
720575941509447634,T4a,R,720575941496161918,6,5,connectivity_candidate,False,0.0338877567
720575941509507874,T4a,R,720575941478225376,-9,-13,connectivity_candidate,True,0.805178341
720575941510097874,T4a,R,720575941414206868,9,-3,connectivity_candidate,False,0.0424637911
720575941511894604,T4a,R,720575941549060020,-7,-12,connectivity_candidate,False,0.0257608667
720575941511991761,T4a,R,720575941488329734,8,5,connectivity_candidate,False,0.0337149039
720575941512167377,T4a,R,720575941507980604,15,16,connectivity_candidate,True,1.02186396
720575941512209617,T4a,R,720575941470077451,13,9,connectivity_candidate,False,0.0325735568
720575941512457292,T4a,R,720575941562128755,3,12,connectivity_candidate,False,0.0327732559
720575941512462412,T4a,R,720575941506292574,-5,-9,connectivity_candidate,False,0.0312826759
720575941512545612,T4a,R,720575941464858381,10,-7,connectivity_candidate,False,0.0552292536
720575941513450563,T4a,R,720575941592049259,-9,-17,connectivity_candidate,True,0.826510163
720575941513709923,T4a,R,720575941730515243,-8,-10,connectivity_candidate,False,0.0317154652
720575941513717603,T4a,R,720575941557647070,-6,-9,connectivity_candidate,False,0.0334002515
720575941513960953,T4a,R,720575941528484280,-4,-1,connectivity_candidate,False,0.0394524512
720575941513978202,T4a,R,720575941613063910,-7,-3,connectivity_candidate,False,0.0437867443
720575941514118915,T4a,R,720575941457317360,-6,-13,connectivity_candidate,False,0.0229977872
720575941514268419,T4a,R,720575941439697964,-10,-13,connectivity_candidate,True,0.687632277
720575941514437267,T4a,R,720575941514086393,1,9,connectivity_candidate,False,0.0290843968
720575941514675546,T4a,R,720575941439735503,-17,-6,connectivity_candidate,True,0.774604354
720575941514744410,T4a,R,720575941462769860,12,5,connectivity_candidate,False,0.0331451879
720575941514751123,T4a,R,720575941476567611,-14,-11,connectivity_candidate,False,0.283502352
720575941514761209,T4a,R,720575941469797952,12,3,connectivity_candidate,False,0.0335409198
720575941515275667,T4a,R,720575941479171151,1,-11,connectivity_candidate,False,0.0491240528
720575941516922028,T4a,R,720575941528257720,-10,3,connectivity_candidate,False,0.289292249
720575941517075546,T4a,R,720575941627206299,-14,-1,connectivity_candidate,False,0.362104557
720575941517126828,T4a,R,720575941556821540,-5,10,connectivity_candidate,False,0.08962233
720575941517156524,T4a,R,720575941531646339,8,12,connectivity_candidate,False,0.0332758273
720575941517359609,T4a,R,720575941443560106,-9,-8,connectivity_candidate,False,0.0453776419
720575941517708398,T4a,R,720575941494479047,-16,-7,connectivity_candidate,True,0.798195376
720575941517962456,T4a,R,720575941570996126,14,-1,connectivity_candidate,True,0.824333875
720575941519057006,T4a,R,720575941562846888,-3,-15,connectivity_candidate,False,0.131999477
720575941519208883,T4a,R,720575941461049811,-10,-2,connectivity_candidate,True,0.488726341
720575941519307959,T4a,R,720575941566044679,17,11,connectivity_candidate,True,0.591341963
720575941519340471,T4a,R,720575941542903301,-8,-13,connectivity_candidate,True,0.812737139
720575941519371187,T4a,R,720575941597095463,0,8,connectivity_candidate,False,0.0256877214
720575941519635639,T4a,R,720575941498251426,2,5,connectivity_candidate,False,0.0323518925
720575941520565720,T4a,R,720575941626518073,0,-11,connectivity_candidate,False,0.0167497743
720575941521204440,T4a,R,720575941527985592,3,16,connectivity_candidate,True,0.813540876
720575941521245687,T4a,R,720575941592052075,-7,-1,connectivity_candidate,False,0.0456825956
720575941522600371,T4a,R,720575941426189908,11,16,connectivity_candidate,False,0.0374458335
720575941524887908,T4a,R,720575941690745240,14,5,connectivity_candidate,False,0.0320307759
720575941524897124,T4a,R,720575941526337958,-11,-6,connectivity_candidate,False,0.0584562324
720575941524912205,T4a,R,720575941558027791,7,-3,connectivity_candidate,False,0.0386428992
720575941524945922,T4a,R,,,,unassigned,False,
720575941525145700,T4a,R,720575941734556459,6,16,connectivity_candidate,False,0.425117988
720575941525148004,T4a,R,720575941542703645,7,12,connectivity_candidate,False,0.0329449187
720575941525330969,T4a,R,720575941505691973,15,12,connectivity_candidate,False,0.0348697365
720575941525333250,T4a,R,720575941432166615,5,-5,connectivity_candidate,False,0.0385446407
720575941525433956,T4a,R,720575941493771390,-14,-16,connectivity_candidate,False,0.323907701
720575941525654116,T4a,R,720575941463417284,10,8,connectivity_candidate,False,0.0320968781
720575941526180006,T4a,R,720575941475215675,0,12,connectivity_candidate,False,0.0386668509
720575941526265254,T4a,R,720575941689192204,-14,-5,connectivity_candidate,True,0.781588701
720575941527153540,T4a,R,720575941630627052,-10,-1,connectivity_candidate,True,0.531393905
720575941527291780,T4a,R,720575941576632463,0,3,connectivity_candidate,False,0.0308244143
720575941527369348,T4a,R,720575941447834549,-2,15,connectivity_candidate,False,0.412008215
720575941527945400,T4a,R,720575941577676470,4,-7,connectivity_candidate,False,0.0395396502
720575941528144568,T4a,R,720575941391584150,-1,13,connectivity_candidate,False,0.0349117215
720575941528460472,T4a,R,720575941552095515,10,-1,connectivity_candidate,False,0.0382857152
720575941529499064,T4a,R,720575941409703598,6,12,connectivity_candidate,False,0.0318443698
720575941529535691,T4a,R,720575941665198716,-12,-15,connectivity_candidate,False,0.416487004
720575941530066379,T4a,R,720575941631387845,12,4,connectivity_candidate,False,0.0334320038
720575941530836709,T4a,R,720575941609987817,0,10,connectivity_candidate,False,0.0332087408
720575941531183333,T4a,R,720575941545862580,3,11,connectivity_candidate,False,0.0312125261
720575941531285477,T4a,R,720575941548094057,8,6,connectivity_candidate,False,0.0338901951
720575941531346917,T4a,R,720575941409478447,-3,-16,connectivity_candidate,False,0.23889945
720575941532170371,T4a,R,720575941541152973,15,17,connectivity_candidate,True,0.972771314
720575941533171800,T4a,R,720575941487329232,12,2,connectivity_candidate,False,0.033808038
720575941533219506,T4a,R,720575941537455843,3,5,connectivity_candidate,False,0.0332906611
720575941533371736,T4a,R,720575941429638904,-5,7,connectivity_candidate,False,0.492790996
720575941533413810,T4a,R,720575941559579693,-2,11,connectivity_candidate,False,0.0403303485
720575941533437930,T4a,R,720575941557879567,-16,-5,connectivity_candidate,True,0.771469008
720575941533667672,T4a,R,720575941479237711,6,-2,connectivity_candidate,False,0.0364098419
720575941533709290,T4a,R,720575941615113113,-2,-16,connectivity_candidate,False,0.251684023
720575941533757272,T4a,R,720575941453047347,4,13,connectivity_candidate,False,0.0318645836
720575941533761458,T4a,R,720575941505589669,8,1,connectivity_candidate,False,0.0349639475
720575941533784754,T4a,R,720575941628254758,15,13,connectivity_candidate,False,0.0335188156
720575941533796184,T4a,R,720575941524712439,13,6,connectivity_candidate,False,0.0327216143
720575941533983425,T4a,R,720575941548121889,11,10,connectivity_candidate,False,0.0318415242
720575941534102977,T4a,R,720575941445851412,1,6,connectivity_candidate,False,0.0292230143
720575941534110730,T4a,R,720575941505624389,-17,-7,connectivity_candidate,True,0.876067941
720575941534150154,T4a,R,720575941503372171,1,-1,connectivity_candidate,False,0.0344206411
720575941534269633,T4a,R,720575941632265954,-11,3,connectivity_candidate,True,0.803958957
720575941534378506,T4a,R,720575941577188534,-14,-7,connectivity_candidate,False,0.219472969
720575941534584586,T4a,R,720575941516859139,3,-4,connectivity_candidate,False,0.0344735265
720575941534599194,T4a,R,720575941513357379,11,12,connectivity_candidate,False,0.0329260581
720575941534698778,T4a,R,720575941613897881,-1,5,connectivity_candidate,False,0.0241202132
720575941534747011,T4a,R,720575941533864114,-12,-7,connectivity_candidate,False,0.060747298
720575941534759690,T4a,R,720575941426422356,-10,-18,connectivity_candidate,True,0.972965188
720575941534786842,T4a,R,720575941522504627,-2,8,connectivity_candidate,False,0.0265082524
720575941534806042,T4a,R,720575941521042611,2,6,connectivity_candidate,False,0.0317720492
720575941535856104,T4a,R,720575941586249567,-9,1,connectivity_candidate,False,0.221649089
720575941535856611,T4a,R,720575941556789796,7,14,connectivity_candidate,False,0.0313318805
720575941535928547,T4a,R,720575941482128058,-13,2,connectivity_candidate,False,0.160832968
720575941536003555,T4a,R,720575941569359918,10,13,connectivity_candidate,False,0.033149092
720575941537147797,T4a,R,720575941416290844,-2,0,connectivity_candidate,False,0.0361491461
720575941537162389,T4a,R,720575941613749933,10,14,connectivity_candidate,False,0.0339054695
720575941537319154,T4a,R,720575941512360268,9,18,connectivity_candidate,False,0.410094712
720575941537637013,T4a,R,720575941531508867,3,-8,connectivity_candidate,False,0.0402598676
720575941537755029,T4a,R,720575941547951165,6,-5,connectivity_candidate,False,0.0399986153
720575941538357530,T4a,R,720575941522599243,-10,5,connectivity_candidate,False,0.495647828
720575941538401507,T4a,R,720575941611968489,13,8,connectivity_candidate,False,0.0329131833
720575941538587005,T4a,R,720575941604166390,-2,6,connectivity_candidate,False,0.0172683482
720575941538727373,T4a,R,720575941436428332,12,14,connectivity_candidate,False,0.0378605871
720575941539058813,T4a,R,720575941550683425,0,-13,connectivity_candidate,False,0.151248246
720575941539172557,T4a,R,720575941566540130,-4,-17,connectivity_candidate,False,0.274200145
720575941539568220,T4a,R,720575941618628309,4,-9,connectivity_candidate,False,0.0452882441
720575941540154866,T4a,R,720575941478427444,5,-8,connectivity_candidate,False,0.0437900237
720575941540551154,T4a,R,720575941651625233,-10,-10,connectivity_candidate,True,0.942414257
720575941540595292,T4a,R,720575941432472751,-10,-12,connectivity_candidate,False,0.282805736
720575941540854301,T4a,R,720575941448447822,-10,-7,connectivity_candidate,False,0.0499902947
720575941540893981,T4a,R,720575941627478986,3,4,connectivity_candidate,False,0.0332480756
720575941541112412,T4a,R,720575941448506446,4,-5,connectivity_candidate,False,0.0363103083
720575941541297500,T4a,R,720575941516476995,-1,-17,connectivity_candidate,False,0.253388155
720575941541607197,T4a,R,720575941545050217,9,6,connectivity_candidate,False,0.0332858181
720575941542953477,T4a,R,720575941494354558,5,3,connectivity_candidate,False,0.0339347851
720575941543004933,T4a,R,720575941563032488,17,9,connectivity_candidate,True,1.00005373
720575941543052037,T4a,R,720575941588734974,1,-4,connectivity_candidate,False,0.0332866386
720575941543133957,T4a,R,720575941505278277,-9,4,connectivity_candidate,False,0.497829521
720575941543171333,T4a,R,720575941410754415,-15,-13,connectivity_candidate,True,0.841198543
720575941543430661,T4a,R,720575941624207980,8,-8,connectivity_candidate,False,0.0732429452
720575941543501061,T4a,R,720575941573624207,-18,-8,connectivity_candidate,True,0.744226677
720575941544366780,T4a,R,720575941617948543,0,-2,connectivity_candidate,False,0.0343654957
720575941544409788,T4a,R,720575941506539137,4,4,connectivity_candidate,False,0.0335025594
720575941544438889,T4a,R,720575941489809358,-7,-4,connectivity_candidate,False,0.0431247168
720575941544476777,T4a,R,720575941559349293,6,4,connectivity_candidate,False,0.033916881
720575941544480700,T4a,R,720575941515756634,13,10,connectivity_candidate,False,0.0330607916
720575941544669033,T4a,R,,,,unassigned,False,
720575941545055081,T4a,R,720575941640941429,0,9,connectivity_candidate,False,0.029233106
720575941545121385,T4a,R,720575941425704276,-2,-14,connectivity_candidate,False,0.133870425
720575941545127017,T4a,R,720575941554717668,1,-13,connectivity_candidate,False,0.154919474
720575941545324649,T4a,R,720575941454343219,14,7,connectivity_candidate,False,0.0326063554
720575941545370804,T4a,R,720575941627340443,8,11,connectivity_candidate,False,0.0335218129
720575941545408180,T4a,R,720575941460445599,-5,3,connectivity_candidate,False,0.0189074074
720575941545599924,T4a,R,720575941544402620,2,14,connectivity_candidate,False,0.0570321863
720575941546242440,T4a,R,720575941517395449,3,3,connectivity_candidate,False,0.0335822276
720575941546442376,T4a,R,720575941624757642,-3,12,connectivity_candidate,False,0.0289406842
720575941546549128,T4a,R,720575941548441149,-7,7,connectivity_candidate,False,0.500934538
720575941546665608,T4a,R,720575941440390444,16,14,connectivity_candidate,False,0.064793369
720575941547828769,T4a,R,720575941475276347,-11,5,connectivity_candidate,False,0.572233734
720575941548139124,T4a,R,720575941433939744,-8,-5,connectivity_candidate,False,0.0448339924
720575941548274548,T4a,R,720575941489741262,13,15,connectivity_candidate,False,0.0388749272
720575941548572276,T4a,R,720575941469634167,-10,-8,connectivity_candidate,False,0.0448373319
720575941548580468,T4a,R,720575941555382611,-10,4,connectivity_candidate,False,0.495589799
720575941548773492,T4a,R,,,,unassigned,False,
720575941548900129,T4a,R,720575941561311603,-4,-8,connectivity_candidate,False,0.031649708
720575941550179839,T4a,R,720575941467830493,-1,-9,connectivity_candidate,False,0.0249614893
720575941550183167,T4a,R,720575941562525842,-11,-11,connectivity_candidate,False,0.278041436
720575941550666302,T4a,R,720575941539337049,-2,-7,connectivity_candidate,False,0.0308335089
720575941551746676,T4a,R,720575941594915367,11,0,connectivity_candidate,False,0.0333476914
720575941552032391,T4a,R,720575941653440729,5,14,connectivity_candidate,False,0.0286923441
720575941552142107,T4a,R,720575941597393344,10,5,connectivity_candidate,False,0.0333261557
720575941552383130,T4a,R,720575941479810154,3,-3,connectivity_candidate,False,0.0342891797
720575941552457626,T4a,R,720575941624553418,-14,-4,connectivity_candidate,True,0.785540768
720575941552459674,T4a,R,720575941506684289,-6,6,connectivity_candidate,False,0.492313568
720575941552591131,T4a,R,720575941449093813,9,3,connectivity_candidate,False,0.0337970857
720575941552652606,T4a,R,720575941592910550,-2,13,connectivity_candidate,False,0.0304943065
720575941553096346,T4a,R,720575941653479129,8,-5,connectivity_candidate,False,0.0438185831
720575941553125889,T4a,R,720575941575252623,1,4,connectivity_candidate,False,0.0313771181
720575941553368833,T4a,R,720575941494691527,4,11,connectivity_candidate,False,0.032247574
720575941553567059,T4a,R,720575941513643587,-3,5,connectivity_candidate,False,0.0164277933
720575941553577299,T4a,R,720575941528563801,-4,-9,connectivity_candidate,False,0.0295438984
720575941553586003,T4a,R,720575941452073038,0,-9,connectivity_candidate,False,0.0242699593
720575941553800961,T4a,R,720575941517066083,4,-10,connectivity_candidate,False,0.0465816682
720575941553870419,T4a,R,720575941593031308,9,17,connectivity_candidate,False,0.407433004
720575941554206803,T4a,R,720575941597684357,-2,-11,connectivity_candidate,False,0.0154294044
720575941554273508,T4a,R,720575941568024110,-17,-13,connectivity_candidate,True,0.844531764
720575941554307155,T4a,R,720575941657951000,6,0,connectivity_candidate,False,0.0350253859
720575941556125860,T4a,R,720575941532005763,9,0,connectivity_candidate,False,0.0361126933
720575941556349732,T4a,R,720575941564413608,-2,5,connectivity_candidate,False,0.0201492695
720575941556537124,T4a,R,720575941606083949,-16,-15,connectivity_candidate,True,1.32321485
720575941556559908,T4a,R,720575941508670789,6,7,connectivity_candidate,False,0.0338354893
720575941556590628,T4a,R,720575941547880820,-11,-9,connectivity_candidate,False,0.270560904
720575941557049508,T4a,R,,,,unassigned,False,
720575941558074383,T4a,R,720575941391433732,-7,-2,connectivity_candidate,False,0.0442874685
720575941558277135,T4a,R,720575941505662021,6,6,connectivity_candidate,False,0.0339137597
720575941558382195,T4a,R,720575941497512161,-1,-8,connectivity_candidate,False,0.0277704164
720575941558420083,T4a,R,720575941463048900,9,8,connectivity_candidate,False,0.0384083204
720575941558423534,T4a,R,720575941541294109,0,11,connectivity_candidate,False,0.0353921869
720575941558452462,T4a,R,720575941650648817,4,12,connectivity_candidate,False,0.0292570173
720575941558715118,T4a,R,720575941479169871,-2,-13,connectivity_candidate,False,0.131724685
720575941558719470,T4a,R,720575941486259778,10,1,connectivity_candidate,False,0.0351520397
720575941559006835,T4a,R,720575941540868125,-14,-14,connectivity_candidate,False,0.335376271
720575941559457837,T4a,R,720575941621403263,-3,-9,connectivity_candidate,False,0.027878265
720575941559951149,T4a,R,720575941486453200,8,-6,connectivity_candidate,False,0.0464561735
720575941561520296,T4a,R,720575941482199805,4,14,connectivity_candidate,False,0.437494638
720575941561915816,T4a,R,720575941624060874,7,-1,connectivity_candidate,False,0.036209799
720575941562348434,T4a,R,720575941597049127,15,14,connectivity_candidate,False,0.053031991
720575941562384018,T4a,R,720575941479485263,5,9,connectivity_candidate,False,0.0348239361
720575941562419346,T4a,R,720575941448457821,-12,-4,connectivity_candidate,True,0.536662795
720575941562714413,T4a,R,720575941509188050,6,-3,connectivity_candidate,False,0.037134337
720575941562771602,T4a,R,720575941597071911,13,12,connectivity_candidate,False,0.0337588032
720575941562817792,T4a,R,720575941630043628,1,-6,connectivity_candidate,False,0.0312414276
720575941562915730,T4a,R,720575941644506488,10,3,connectivity_candidate,False,0.03325799
720575941563048704,T4a,R,720575941613929881,-2,10,connectivity_candidate,False,0.0358440038
720575941563204359,T4a,R,720575941621794431,-1,-10,connectivity_candidate,False,0.0211916646
720575941563366912,T4a,R,720575941479236943,9,-5,connectivity_candidate,False,0.0459781059
720575941563490146,T4a,R,720575941533097394,-12,-16,connectivity_candidate,True,0.822360715
720575941563632903,T4a,R,720575941547667644,-9,-11,connectivity_candidate,False,0.277746564
720575941563773543,T4a,R,720575941525677337,-3,11,connectivity_candidate,False,0.0352441748
720575941563845127,T4a,R,720575941517068378,0,-14,connectivity_candidate,True,0.510709864
720575941564075362,T4a,R,720575941539529950,-1,0,connectivity_candidate,False,0.0350835068
720575941564757863,T4a,R,720575941631045573,12,-4,connectivity_candidate,True,0.623667097
720575941564870663,T4a,R,720575941438128684,-1,-15,connectivity_candidate,True,0.752330359
720575941565016679,T4a,R,720575941631094981,-6,7,connectivity_candidate,False,0.495763672
720575941565017447,T4a,R,720575941556820772,-5,9,connectivity_candidate,False,0.505248314
720575941565279335,T4a,R,720575941579146741,7,4,connectivity_candidate,False,0.0339047826
720575941565300583,T4a,R,720575941562073234,7,6,connectivity_candidate,False,0.0341919565
720575941566183982,T4a,R,720575941637710709,2,-1,connectivity_candidate,False,0.0342623876
720575941566184750,T4a,R,720575941458307056,2,-5,connectivity_candidate,False,0.0330221461
720575941567732218,T4a,R,720575941475297054,8,13,connectivity_candidate,False,0.0331420326
720575941567777394,T4a,R,720575941552500763,-3,-8,connectivity_candidate,False,0.0301838516
720575941567986034,T4a,R,720575941480588995,14,14,connectivity_candidate,False,0.0356471355
720575941568239730,T4a,R,720575941482276943,5,-12,connectivity_candidate,True,0.899174603
720575941568432242,T4a,R,720575941567723378,0,-8,connectivity_candidate,False,0.0275318444
720575941570765982,T4a,R,720575941558336238,-8,3,connectivity_candidate,False,0.494031485
720575941571191454,T4a,R,720575941574438409,0,-15,connectivity_candidate,True,0.505982837
720575941571526472,T4a,R,720575941612791114,-15,-2,connectivity_candidate,True,1.12683013
720575941571712072,T4a,R,720575941448342197,-13,-12,connectivity_candidate,False,0.284715268
720575941571782984,T4a,R,720575941632918242,-10,0,connectivity_candidate,True,0.625607226
720575941572045321,T4a,R,720575941527904612,8,8,connectivity_candidate,False,0.035258318
720575941572046345,T4a,R,720575941439749676,9,9,connectivity_candidate,False,0.0372484048
720575941572359176,T4a,R,720575941618406101,-14,1,connectivity_candidate,True,1.0870455
720575941572403976,T4a,R,720575941527931012,4,-2,connectivity_candidate,False,0.0348186624
720575941572710408,T4a,R,720575941655705049,-11,-4,connectivity_candidate,False,0.0615953064
720575941572825339,T4a,R,720575941497810082,12,-1,connectivity_candidate,False,0.0462283629
720575941572879113,T4a,R,720575941561574771,10,4,connectivity_candidate,False,0.0334820868
720575941572997883,T4a,R,720575941514734915,8,-3,connectivity_candidate,False,0.0395051371
720575941572999163,T4a,R,720575941555093275,7,3,connectivity_candidate,False,0.0340611116
720575941573055240,T4a,R,720575941414646044,8,-7,connectivity_candidate,False,0.0627845902
720575941573080328,T4a,R,720575941503968962,7,-6,connectivity_candidate,False,0.0439410461
720575941573556879,T4a,R,720575941497802658,3,2,connectivity_candidate,False,0.0340441711
720575941573563145,T4a,R,720575941559641359,13,0,connectivity_candidate,False,0.0273726972
720575941574220175,T4a,R,,,,unassigned,False,
720575941574420662,T4a,R,720575941554140755,14,9,connectivity_candidate,True,0.742237906
720575941574650472,T4a,R,720575941544503581,-12,-2,connectivity_candidate,False,0.694133303
720575941574673512,T4a,R,720575941409775022,-13,-6,connectivity_candidate,False,0.21964102
720575941574692534,T4a,R,720575941685627887,-6,-17,connectivity_candidate,True,0.847366719
720575941574711144,T4a,R,720575941455158509,3,1,connectivity_candidate,False,0.0341832149
720575941574839222,T4a,R,720575941425703508,7,17,connectivity_candidate,False,0.438985743
720575941574924904,T4a,R,720575941597070119,18,9,connectivity_candidate,True,1.00489097
720575941574967990,T4a,R,720575941503323698,-13,-17,connectivity_candidate,True,1.07656058
720575941575254941,T4a,R,720575941413727599,-14,-3,connectivity_candidate,False,0.394343149
720575941575358056,T4a,R,,,,unassigned,False,
720575941575981064,T4a,R,720575941533677400,-6,-1,connectivity_candidate,False,0.0425077687
720575941576740697,T4a,R,720575941479727840,-4,-10,connectivity_candidate,False,0.0271960634
720575941577753937,T4a,R,720575941463615888,-8,8,connectivity_candidate,False,0.504952752
720575941577821429,T4a,R,720575941618401919,-1,2,connectivity_candidate,False,0.0312479506
720575941577830993,T4a,R,720575941403214115,-3,1,connectivity_candidate,False,0.0342128483
720575941578038517,T4a,R,720575941566509319,-7,-10,connectivity_candidate,False,0.0349023006
720575941578110801,T4a,R,720575941479014465,-8,-11,connectivity_candidate,False,0.0414859657
720575941578288721,T4a,R,720575941602000569,12,-2,connectivity_candidate,False,0.052857621
720575941578315089,T4a,R,720575941451301447,-5,-1,connectivity_candidate,False,0.0407650234
720575941578315601,T4a,R,720575941611320540,4,3,connectivity_candidate,False,0.033821737
720575941578534645,T4a,R,720575941611541478,14,4,connectivity_candidate,False,0.0328607272
720575941579886457,T4a,R,720575941443056042,5,4,connectivity_candidate,False,0.0337205907
720575941580078201,T4a,R,720575941518578323,9,11,connectivity_candidate,False,0.0342894296
720575941580352633,T4a,R,720575941552099355,7,-7,connectivity_candidate,False,0.0452710748
720575941582419295,T4a,R,720575941541095260,14,8,connectivity_candidate,False,0.0323836943
720575941582431839,T4a,R,720575941568781562,-6,-12,connectivity_candidate,False,0.0240561015
720575941582551391,T4a,R,720575941618799487,5,1,connectivity_candidate,False,0.0344119066
720575941582604383,T4a,R,720575941517727960,11,18,connectivity_candidate,False,0.0354193036
720575941582770783,T4a,R,720575941573039368,-10,-6,connectivity_candidate,False,0.0516566559
720575941584111494,T4a,R,720575941549781620,-14,-12,connectivity_candidate,False,0.285649791
720575941584129670,T4a,R,720575941534756184,-4,-11,connectivity_candidate,False,0.0245598002
720575941584215686,T4a,R,720575941353990960,2,3,connectivity_candidate,False,0.033322301
720575941584286686,T4a,R,720575941469685312,-11,4,connectivity_candidate,True,1.09055081
720575941584387550,T4a,R,720575941451887482,-6,-8,connectivity_candidate,False,0.0351997404
720575941584391646,T4a,R,,,,unassigned,False,
720575941584553606,T4a,R,720575941589414028,4,2,connectivity_candidate,False,0.034077381
720575941584553862,T4a,R,720575941609096010,-6,-7,connectivity_candidate,False,0.0380146485
720575941584578182,T4a,R,720575941443679951,1,-10,connectivity_candidate,False,0.0220829753
720575941584677854,T4a,R,720575941555258276,-9,-12,connectivity_candidate,False,0.280775203
720575941584955870,T4a,R,720575941440821215,9,-1,connectivity_candidate,False,0.0373022447
720575941585110494,T4a,R,720575941491148341,7,1,connectivity_candidate,False,0.0347638337
720575941587753284,T4a,R,720575941467371030,5,-2,connectivity_candidate,False,0.0354516474
720575941587875396,T4a,R,720575941502372914,11,4,connectivity_candidate,False,0.0333792282
720575941588200247,T4a,R,720575941634240197,13,11,connectivity_candidate,False,0.0331885882
720575941589050878,T4a,R,720575941517850072,-3,-1,connectivity_candidate,False,0.0376685339
720575941589382398,T4a,R,720575941566547042,6,-9,connectivity_candidate,False,0.173918688
720575941589480844,T4a,R,720575941555607460,6,11,connectivity_candidate,False,0.0333869745
720575941589842316,T4a,R,720575941500492427,-8,-8,connectivity_candidate,False,0.0438798663
720575941590020492,T4a,R,720575941629362233,2,-2,connectivity_candidate,False,0.034091952
720575941590020748,T4a,R,720575941577172879,2,-3,connectivity_candidate,False,0.0338940096
720575941590403639,T4a,R,720575941417731612,-3,-11,connectivity_candidate,False,0.0222381515
720575941590469118,T4a,R,720575941405961584,-5,-11,connectivity_candidate,False,0.0266858973
720575941590961448,T4a,R,720575941605633782,-12,-3,connectivity_candidate,False,0.227832909
720575941591057975,T4a,R,720575941552210750,-6,1,connectivity_candidate,False,0.0353826571
720575941591176744,T4a,R,720575941569344626,12,11,connectivity_candidate,False,0.0329682921
720575941591183656,T4a,R,720575941538268392,14,13,connectivity_candidate,False,0.0337950971
720575941591807339,T4a,R,720575941555865764,7,18,connectivity_candidate,True,0.752583615
720575941591839595,T4a,R,720575941443054506,10,7,connectivity_candidate,False,0.0328323584
720575941591921771,T4a,R,720575941517507032,-7,2,connectivity_candidate,False,0.72874331
720575941592249707,T4a,R,720575941624351882,-3,7,connectivity_candidate,False,0.0137413915
720575941592943062,T4a,R,720575941451143751,-10,2,connectivity_candidate,False,0.292475292
720575941592987862,T4a,R,720575941638886943,-8,-3,connectivity_candidate,False,0.0463705731
720575941593178326,T4a,R,720575941393983236,11,9,connectivity_candidate,False,0.0320279013
720575941593309479,T4a,R,720575941601980406,0,-5,connectivity_candidate,False,0.0325046513
720575941593364261,T4a,R,720575941485989328,-4,-7,connectivity_candidate,False,0.0332565896
720575941593383463,T4a,R,720575941644280440,-5,-12,connectivity_candidate,False,0.0233340211
720575941593392679,T4a,R,720575941534580568,3,-1,connectivity_candidate,False,0.0342911692
720575941593411365,T4a,R,720575941587606084,-13,-1,connectivity_candidate,False,0.455345766
720575941593533989,T4a,R,720575941566408295,-6,5,connectivity_candidate,False,0.490135216
720575941593570597,T4a,R,720575941600187945,8,7,connectivity_candidate,False,0.0347463044
720575941593615574,T4a,R,720575941497786018,-11,-16,connectivity_candidate,True,0.821587751
720575941593997095,T4a,R,720575941459726291,-17,-8,connectivity_candidate,True,0.628888474
720575941594061352,T4a,R,,,,unassigned,False,
720575941594094119,T4a,R,720575941536418058,10,-2,connectivity_candidate,False,0.0424016266
720575941594205297,T4a,R,720575941628460002,9,15,connectivity_candidate,False,0.0362244557
720575941594209905,T4a,R,720575941504728892,8,16,connectivity_candidate,False,0.406840539
720575941594627624,T4a,R,720575941450209914,9,16,connectivity_candidate,False,0.0377884014
720575941595685312,T4a,R,720575941520867767,5,11,connectivity_candidate,False,0.032751158
720575941596495260,T4a,R,720575941491435184,2,-11,connectivity_candidate,False,0.0530615449
720575941596499612,T4a,R,720575941528316548,5,0,connectivity_candidate,False,0.0346612981
720575941596537500,T4a,R,720575941538876565,6,2,connectivity_candidate,False,0.0342421864
720575941596581020,T4a,R,720575941584492510,10,15,connectivity_candidate,False,0.0346246973
720575941596731036,T4a,R,720575941624209610,6,8,connectivity_candidate,False,0.0320668118
720575941598922537,T4a,R,720575941469685771,-17,-9,connectivity_candidate,True,0.698582881
720575941599008809,T4a,R,720575941400313891,4,16,connectivity_candidate,True,0.821653428
720575941599219497,T4a,R,720575941414646812,9,-7,connectivity_candidate,False,0.0566849353
720575941600414912,T4a,R,720575941546102617,2,2,connectivity_candidate,False,0.0338502601
720575941601953014,T4a,R,720575941506178213,-8,4,connectivity_candidate,False,0.495328863
720575941601971190,T4a,R,720575941627436682,10,18,connectivity_candidate,False,0.419907886
720575941601976310,T4a,R,720575941518874540,2,0,connectivity_candidate,False,0.0343125339
720575941601980601,T4a,R,720575941409603243,-9,-6,connectivity_candidate,False,0.0479111255
720575941602008310,T4a,R,720575941558453805,-14,-13,connectivity_candidate,True,0.84005628
720575941602477241,T4a,R,720575941612417299,2,-7,connectivity_candidate,False,0.0332274597
720575941602764278,T4a,R,,,,unassigned,False,
720575941603158462,T4a,R,720575941578124789,-7,-6,connectivity_candidate,False,0.0421199436
720575941603197886,T4a,R,720575941515284115,-13,-15,connectivity_candidate,False,0.343491278
720575941603332542,T4a,R,720575941627910794,-8,-15,connectivity_candidate,True,0.825559696
720575941603826110,T4a,R,720575941503477131,8,0,connectivity_candidate,False,0.0360038615
720575941605834605,T4a,R,720575941528484196,-2,7,connectivity_candidate,False,0.0171191861
720575941609129802,T4a,R,720575941553988414,0,5,connectivity_candidate,False,0.0271432309
720575941609177162,T4a,R,720575941515021132,-17,-10,connectivity_candidate,True,0.660332764
720575941609665769,T4a,R,720575941522790839,-15,-5,connectivity_candidate,True,1.04173204
720575941609921513,T4a,R,720575941475434289,13,19,connectivity_candidate,False,0.0455080837
720575941610183085,T4a,R,720575941478314602,-11,-12,connectivity_candidate,False,0.281799467
720575941610191021,T4a,R,720575941595209579,14,10,connectivity_candidate,False,0.0341456924
720575941610197222,T4a,R,720575941656316628,11,-2,connectivity_candidate,False,0.045953253
720575941610207974,T4a,R,720575941577692086,-2,2,connectivity_candidate,False,0.0292844421
720575941610665389,T4a,R,720575941605268470,-2,12,connectivity_candidate,False,0.036369059
720575941610692781,T4a,R,,,,unassigned,False,
720575941610728550,T4a,R,720575941527661444,11,-4,connectivity_candidate,False,0.0512909505
720575941611594972,T4a,R,720575941733844779,15,15,connectivity_candidate,False,0.0533715573
720575941611609820,T4a,R,720575941522740915,8,9,connectivity_candidate,False,0.0347919504
720575941612127452,T4a,R,720575941485989840,4,-12,connectivity_candidate,False,0.345467511
720575941612444435,T4a,R,720575941634168005,1,-2,connectivity_candidate,False,0.0341400623
720575941612545811,T4a,R,720575941539233768,0,6,connectivity_candidate,False,0.0258325859
720575941612632595,T4a,R,720575941558033828,7,10,connectivity_candidate,False,0.0328981002
720575941612776723,T4a,R,720575941403213936,0,16,connectivity_candidate,True,0.897806734
720575941613439897,T4a,R,720575941433996064,-2,-4,connectivity_candidate,False,0.034909232
720575941613443481,T4a,R,720575941483405821,1,-15,connectivity_candidate,True,0.481842747
720575941613833645,T4a,R,720575941541570941,-14,-15,connectivity_candidate,False,0.340375578
720575941615306709,T4a,R,720575941660942928,-2,9,connectivity_candidate,False,0.03416314
720575941615836629,T4a,R,720575941459725267,3,14,connectivity_candidate,False,0.0663008527
720575941615874517,T4a,R,720575941479379619,4,8,connectivity_candidate,False,0.0368612447
720575941618019199,T4a,R,720575941631305510,0,-3,connectivity_candidate,False,0.0340169745
720575941618727039,T4a,R,720575941641866527,-5,-15,connectivity_candidate,True,0.840428567
720575941622879484,T4a,R,720575941480342914,-5,-6,connectivity_candidate,False,0.0370528164
720575941623252332,T4a,R,720575941471891552,7,-4,connectivity_candidate,False,0.039648477
720575941624086218,T4a,R,720575941606137709,-5,-13,connectivity_candidate,True,0.826931343
720575941624117962,T4a,R,720575941429210799,-14,-2,connectivity_candidate,False,0.395172365
720575941624248940,T4a,R,720575941584527838,5,7,connectivity_candidate,False,0.0334950471
720575941624578698,T4a,R,720575941664277304,-1,11,connectivity_candidate,False,0.0373384356
720575941624609226,T4a,R,720575941561384942,13,5,connectivity_candidate,False,0.0329477386
720575941624670666,T4a,R,720575941575868573,5,-3,connectivity_candidate,False,0.0363138788
720575941624699291,T4a,R,720575941465488406,15,5,connectivity_candidate,False,0.0321437819
720575941624981642,T4a,R,720575941498492800,-5,-7,connectivity_candidate,False,0.0355787506
720575941626067257,T4a,R,720575941438246188,-13,-5,connectivity_candidate,False,0.218754909
720575941626814265,T4a,R,720575941508670021,13,17,connectivity_candidate,False,0.0444951311
720575941626853945,T4a,R,,,,unassigned,False,
720575941626864697,T4a,R,720575941579235061,-4,-16,connectivity_candidate,False,0.127473099
720575941627855654,T4a,R,720575941499847035,15,9,connectivity_candidate,True,0.739283945
720575941628000806,T4a,R,720575941632083180,7,5,connectivity_candidate,False,0.0339017548
720575941629300706,T4a,R,720575941533946890,0,-4,connectivity_candidate,False,0.0333471266
720575941629320930,T4a,R,720575941721626170,-9,-4,connectivity_candidate,False,0.048639735
720575941629322210,T4a,R,720575941511229906,-2,-10,connectivity_candidate,False,0.0230800217
720575941629341154,T4a,R,720575941525139481,-5,-5,connectivity_candidate,False,0.0387945304
720575941629374434,T4a,R,720575941512312017,-12,4,connectivity_candidate,False,0.569055916
720575941630345196,T4a,R,720575941533099352,12,7,connectivity_candidate,False,0.0328904304
720575941630780908,T4a,R,720575941471509213,1,15,connectivity_candidate,False,0.037478919
720575941630798316,T4a,R,720575941627788070,-6,11,connectivity_candidate,False,0.506292986
720575941631239328,T4a,R,720575941431583758,-1,9,connectivity_candidate,False,0.0297874615
720575941631252640,T4a,R,720575941437783007,-8,2,connectivity_candidate,False,0.15722166
720575941631273120,T4a,R,720575941646621345,-2,-3,connectivity_candidate,False,0.0354532066
720575941631489696,T4a,R,720575941561371118,9,10,connectivity_candidate,False,0.0362829557
720575941631727008,T4a,R,720575941634984379,-2,-8,connectivity_candidate,False,0.0286602298
720575941631830715,T4a,R,720575941535778314,-10,-11,connectivity_candidate,False,0.278155199
720575941631841696,T4a,R,720575941454104233,14,2,connectivity_candidate,False,0.0312163169
720575941631972795,T4a,R,720575941454204999,-10,-16,connectivity_candidate,True,0.82107668
720575941632089019,T4a,R,720575941631973024,-11,-15,connectivity_candidate,True,0.821744546
720575941633279724,T4a,R,720575941453822633,-4,-14,connectivity_candidate,False,0.110815441
720575941634244549,T4a,R,720575941506538881,-5,-14,connectivity_candidate,True,0.835147773
720575941637255797,T4a,R,720575941633116832,0,-10,connectivity_candidate,False,0.0212338199
720575941637983861,T4a,R,720575941517207443,9,1,connectivity_candidate,False,0.0358709167
720575941637995381,T4a,R,720575941469118583,-5,-16,connectivity_candidate,True,0.848785665
720575941637998709,T4a,R,720575941592927446,-1,-14,connectivity_candidate,False,0.156422065
720575941638696223,T4a,R,720575941613820333,-4,4,connectivity_candidate,False,0.0139327929
720575941638922783,T4a,R,720575941604978105,-12,-6,connectivity_candidate,False,0.0640121652
720575941639280415,T4a,R,720575941558545935,10,19,connectivity_candidate,False,0.110841436
720575941639319583,T4a,R,,,,unassigned,False,
720575941641675877,T4a,R,720575941476828778,-8,0,connectivity_candidate,False,0.0610534687
720575941642289490,T4a,R,720575941515708921,-3,-2,connectivity_candidate,False,0.0378700716
720575941642296146,T4a,R,720575941460073200,-2,-6,connectivity_candidate,False,0.0326871888
720575941642966136,T4a,R,720575941556721956,-9,2,connectivity_candidate,False,0.489453108
720575941643000184,T4a,R,720575941439665938,-4,1,connectivity_candidate,False,0.0410258836
720575941643006840,T4a,R,720575941406001008,12,10,connectivity_candidate,False,0.0327072339
720575941643010936,T4a,R,720575941409700526,11,13,connectivity_candidate,False,0.0301362066
720575941643406024,T4a,R,720575941453514803,2,7,connectivity_candidate,False,0.0314752599
720575941643514312,T4a,R,,,,unassigned,False,
720575941643521185,T4a,R,720575941584335326,8,4,connectivity_candidate,False,0.033760378
720575941643566968,T4a,R,720575941537923354,7,-9,connectivity_candidate,False,0.174738711
720575941643572129,T4a,R,720575941449103438,-13,-16,connectivity_candidate,False,0.414255069
720575941643590561,T4a,R,720575941507007036,-10,-4,connectivity_candidate,False,0.0534091226
720575941643620513,T4a,R,720575941643394168,8,17,connectivity_candidate,False,0.40882507
720575941644059592,T4a,R,720575941584552926,16,16,connectivity_candidate,False,0.0540370409
720575941646681720,T4a,R,720575941687021580,-4,-3,connectivity_candidate,False,0.0386801662
720575941650243861,T4a,R,720575941701167578,-12,-8,connectivity_candidate,False,0.069122189
720575941650260757,T4a,R,720575941517264131,8,14,connectivity_candidate,False,0.0339827844
720575941650574869,T4a,R,720575941690137612,7,15,connectivity_candidate,False,0.0309184895
720575941650608113,T4a,R,,,,unassigned,False,
720575941651511317,T4a,R,,,,unassigned,False,
720575941651758353,T4a,R,720575941641867807,-11,-10,connectivity_candidate,False,0.277043169
720575941652176345,T4a,R,720575941540332693,1,-5,connectivity_candidate,False,0.0323803916
720575941652242705,T4a,R,720575941479283395,-12,1,connectivity_candidate,True,0.809165171
720575941653539033,T4a,R,720575941657495888,-10,-17,connectivity_candidate,True,0.823171631
720575941653663700,T4a,R,720575941493070567,-11,1,connectivity_candidate,False,0.259438734
720575941653717972,T4a,R,720575941627256475,-1,3,connectivity_candidate,False,0.0286202432
720575941653824724,T4a,R,720575941567370343,-6,0,connectivity_candidate,False,0.0409406413
720575941653945812,T4a,R,720575941624573339,13,14,connectivity_candidate,False,0.0374911473
720575941654262740,T4a,R,720575941625323772,13,2,connectivity_candidate,False,0.0332093547
720575941656906776,T4a,R,720575941556959059,-4,11,connectivity_candidate,False,0.0332824122
720575941656933400,T4a,R,720575941415051292,6,9,connectivity_candidate,False,0.0330847976
720575941657077840,T4a,R,720575941642378783,4,7,connectivity_candidate,False,0.0404079986
720575941657316120,T4a,R,720575941574611638,-2,-1,connectivity_candidate,False,0.0365024056
720575941657389080,T4a,R,720575941563768071,14,17,connectivity_candidate,True,0.971340227
720575941657624656,T4a,R,720575941481773507,2,9,connectivity_candidate,False,0.0301585338
720575941657651280,T4a,R,720575941630132165,4,-8,connectivity_candidate,False,0.0430696338
720575941658234904,T4a,R,720575941661981052,-4,-13,connectivity_candidate,False,0.0990069919
720575941660514872,T4a,R,720575941449501277,-1,-6,connectivity_candidate,False,0.031687171
720575941660556600,T4a,R,720575941527686054,12,12,connectivity_candidate,False,0.0337850055
720575941660564536,T4a,R,720575941534061322,-8,9,connectivity_candidate,False,0.505359933
720575941660595000,T4a,R,720575941527515268,-9,6,connectivity_candidate,False,0.505163525
720575941661114424,T4a,R,720575941486238349,-3,-5,connectivity_candidate,False,0.0351974585
720575941661562492,T4a,R,720575941653223701,4,6,connectivity_candidate,False,0.0335789484
720575941661573500,T4a,R,720575941539187033,-3,-10,connectivity_candidate,False,0.0252710281
720575941662260092,T4a,R,720575941543311109,14,1,connectivity_candidate,False,0.023321006
720575941662313852,T4a,R,720575941527231654,3,-10,connectivity_candidate,False,0.0476164728
720575941666319859,T4a,R,720575941687282294,5,15,connectivity_candidate,False,0.414758824
720575941666485235,T4a,R,720575941573204893,1,8,connectivity_candidate,False,0.0271609587
720575941667202291,T4a,R,720575941629967084,10,9,connectivity_candidate,False,0.0308639499
720575941668065969,T4a,R,720575941412395179,5,8,connectivity_candidate,False,0.104714758
720575941668427185,T4a,R,720575941489486796,5,-10,connectivity_candidate,True,0.980552529
720575941669659047,T4a,R,720575941415753361,-10,-15,connectivity_candidate,True,0.816374887
720575941669685159,T4a,R,720575941533964993,-10,1,connectivity_candidate,True,0.626947807
720575941670097063,T4a,R,720575941651072241,5,-9,connectivity_candidate,False,0.0449961744
720575941670264999,T4a,R,720575941481257952,6,3,connectivity_candidate,False,0.0340858477
720575941679186109,T4a,R,720575941606164589,-11,-17,connectivity_candidate,True,0.821420694
720575941679311037,T4a,R,720575941561564787,0,-1,connectivity_candidate,False,0.0351226296
720575941685864687,T4a,R,720575941555872164,7,0,connectivity_candidate,False,0.0353624311
720575941685883119,T4a,R,720575941596522533,12,8,connectivity_candidate,False,0.0326631653
720575941686739724,T4a,R,720575941578351185,14,11,connectivity_candidate,False,0.0339064559
720575941686801270,T4a,R,720575941584400094,-7,3,connectivity_candidate,False,0.494663451
720575941686814838,T4a,R,720575941619635071,13,13,connectivity_candidate,False,0.0349934811
720575941686956150,T4a,R,720575941600258345,0,14,connectivity_candidate,False,0.0379167919
720575941687043702,T4a,R,720575941689896310,0,7,connectivity_candidate,False,0.0252156926
720575941688165900,T4a,R,720575941591626859,-1,-11,connectivity_candidate,False,0.0152096191
720575941688687067,T4a,R,720575941605566573,-8,-12,connectivity_candidate,True,0.808472758
720575941688773083,T4a,R,720575941514712979,11,11,connectivity_candidate,False,0.0325702656
720575941688896219,T4a,R,720575941533472088,-9,5,connectivity_candidate,False,0.500446219
720575941689383643,T4a,R,720575941554469092,-3,4,connectivity_candidate,False,0.0176711981
720575941701243354,T4a,R,720575941650365717,13,1,connectivity_candidate,False,0.0303592839
720575941701257946,T4a,R,720575941558454031,6,-8,connectivity_candidate,False,0.0443337487
720575941701290458,T4a,R,720575941451980922,-6,-3,connectivity_candidate,False,0.0421605189
720575941701311962,T4a,R,720575941475815466,-8,1,connectivity_candidate,False,0.336171647
720575941701367258,T4a,R,720575941468238045,1,14,connectivity_candidate,False,0.0513659772
720575941721467194,T4a,R,720575941509499682,-4,8,connectivity_candidate,False,0.495795778
720575941724484154,T4a,R,720575941572830473,-6,-10,connectivity_candidate,False,0.0310975217
720575941731226411,T4a,R,720575941660471096,7,-8,connectivity_candidate,True,0.932360407
720575941351325232,T4b,R,720575941438246188,-13,-5,connectivity_candidate,False,0.218754909
720575941351392048,T4b,R,720575941456842224,2,10,connectivity_candidate,False,0.0308837672
720575941351399728,T4b,R,720575941481773507,2,9,connectivity_candidate,False,0.0301585338
720575941351438384,T4b,R,720575941592623400,8,18,connectivity_candidate,True,0.750423311
720575941351655984,T4b,R,720575941627436682,10,18,connectivity_candidate,False,0.419907886
720575941353709360,T4b,R,720575941631973024,-11,-15,connectivity_candidate,True,0.821744546
720575941391154436,T4b,R,720575941627256475,-1,3,connectivity_candidate,False,0.0286202432
720575941391244548,T4b,R,720575941522740915,8,9,connectivity_candidate,False,0.0347919504
720575941391275780,T4b,R,720575941522599243,-10,5,connectivity_candidate,False,0.495647828
720575941391385750,T4b,R,720575941520867767,5,11,connectivity_candidate,False,0.032751158
720575941391608580,T4b,R,720575941502166507,-14,-10,connectivity_candidate,False,0.283551316
720575941393105302,T4b,R,720575941433938976,10,-3,connectivity_candidate,False,0.0449937341
720575941393173910,T4b,R,720575941440450860,13,3,connectivity_candidate,False,0.0330499612
720575941399948067,T4b,R,720575941638886943,-8,-3,connectivity_candidate,False,0.0463705731
720575941400183075,T4b,R,720575941643394168,8,17,connectivity_candidate,False,0.40882507
720575941403002224,T4b,R,720575941547880820,-11,-9,connectivity_candidate,False,0.270560904
720575941403317360,T4b,R,720575941593317590,-6,-11,connectivity_candidate,False,0.0272314712
720575941403381283,T4b,R,720575941454204999,-10,-16,connectivity_candidate,True,0.82107668
720575941403519856,T4b,R,720575941516859139,3,-4,connectivity_candidate,False,0.0344735265
720575941403626864,T4b,R,720575941504728892,8,16,connectivity_candidate,False,0.406840539
720575941406650798,T4b,R,720575941508670021,13,17,connectivity_candidate,False,0.0444951311
720575941406669486,T4b,R,720575941638544159,-11,-1,connectivity_candidate,True,0.632110573
720575941406704558,T4b,R,720575941459726291,-17,-8,connectivity_candidate,True,0.628888474
720575941408364971,T4b,R,720575941513723139,-16,-8,connectivity_candidate,False,0.0953146271
720575941409746603,T4b,R,720575941467371030,5,-2,connectivity_candidate,False,0.0354516474
720575941410795631,T4b,R,720575941460073200,-2,-6,connectivity_candidate,False,0.0326871888
720575941412575889,T4b,R,720575941733844779,15,15,connectivity_candidate,False,0.0533715573
720575941412585643,T4b,R,720575941456101535,7,7,connectivity_candidate,False,0.0343263325
720575941412708719,T4b,R,720575941686845964,-11,-3,connectivity_candidate,False,0.483768045
720575941412925073,T4b,R,720575941641668965,11,1,connectivity_candidate,False,0.0346243067
720575941412962452,T4b,R,720575941482337359,-5,-4,connectivity_candidate,False,0.0397745319
720575941413070737,T4b,R,720575941479171407,1,-12,connectivity_candidate,False,0.160435002
720575941426287188,T4b,R,720575941594915367,11,0,connectivity_candidate,False,0.0333476914
720575941426380372,T4b,R,720575941535778314,-10,-11,connectivity_candidate,False,0.278155199
720575941426487380,T4b,R,720575941507639842,8,-2,connectivity_candidate,False,0.0380452212
720575941426488148,T4b,R,720575941562073234,7,6,connectivity_candidate,False,0.0341919565
720575941428279177,T4b,R,720575941561371118,9,10,connectivity_candidate,False,0.0362829557
720575941429174665,T4b,R,720575941567370343,-6,0,connectivity_candidate,False,0.0409406413
720575941429673720,T4b,R,720575941552500763,-3,-8,connectivity_candidate,False,0.0301838516
720575941429774328,T4b,R,720575941479810154,3,-3,connectivity_candidate,False,0.0342891797
720575941429787017,T4b,R,720575941462769860,12,5,connectivity_candidate,False,0.0331451879
720575941429792687,T4b,R,720575941484452674,4,-6,connectivity_candidate,False,0.0381789645
720575941429954697,T4b,R,720575941593790065,18,10,connectivity_candidate,True,0.595688714
720575941430031969,T4b,R,720575941500492427,-8,-8,connectivity_candidate,False,0.0438798663
720575941430734433,T4b,R,,,,unassigned,False,
720575941430797409,T4b,R,720575941650648817,4,12,connectivity_candidate,False,0.0292570173
720575941430840791,T4b,R,720575941612307274,10,-6,connectivity_candidate,False,0.053016136
720575941431148814,T4b,R,720575941578154833,-6,-4,connectivity_candidate,False,0.0415831138
720575941431418638,T4b,R,720575941513053251,-11,-2,connectivity_candidate,True,0.525899024
720575941434052896,T4b,R,720575941525139481,-5,-5,connectivity_candidate,False,0.0387945304
720575941434338062,T4b,R,720575941533655218,3,13,connectivity_candidate,False,0.0340121737
720575941434721312,T4b,R,720575941579855481,6,-1,connectivity_candidate,False,0.0354773796
720575941435633170,T4b,R,720575941629362233,2,-2,connectivity_candidate,False,0.034091952
720575941436360492,T4b,R,720575941634984379,-2,-8,connectivity_candidate,False,0.0286602298
720575941436361772,T4b,R,720575941528110681,-5,-8,connectivity_candidate,False,0.0335861779
720575941436395820,T4b,R,720575941560626158,-4,2,connectivity_candidate,False,0.0141860304
720575941436429868,T4b,R,720575941514712979,11,11,connectivity_candidate,False,0.0325702656
720575941436714770,T4b,R,720575941443054506,10,7,connectivity_candidate,False,0.0328323584
720575941437046290,T4b,R,720575941505278277,-9,4,connectivity_candidate,False,0.497829521
720575941437299730,T4b,R,720575941631094981,-6,7,connectivity_candidate,False,0.495763672
720575941437506623,T4b,R,720575941429599625,-3,-3,connectivity_candidate,False,0.0370862723
720575941437819711,T4b,R,720575941502324823,-7,-7,connectivity_candidate,False,0.0411690257
720575941437883103,T4b,R,720575941627910794,-8,-15,connectivity_candidate,True,0.825559696
720575941437924319,T4b,R,720575941671203761,-11,-14,connectivity_candidate,False,0.374805575
720575941438279999,T4b,R,720575941517395449,3,3,connectivity_candidate,False,0.0335822276
720575941438312927,T4b,R,720575941528316548,5,0,connectivity_candidate,False,0.0346612981
720575941438341343,T4b,R,720575941592927446,-1,-14,connectivity_candidate,False,0.156422065
720575941438355797,T4b,R,720575941533144042,-4,7,connectivity_candidate,False,0.489246633
720575941438546773,T4b,R,720575941502117719,6,10,connectivity_candidate,False,0.0337560648
720575941438908757,T4b,R,720575941503968962,7,-6,connectivity_candidate,False,0.0439410461
720575941439058005,T4b,R,720575941455158509,3,1,connectivity_candidate,False,0.0341832149
720575941439141439,T4b,R,720575941538268392,14,13,connectivity_candidate,False,0.0337950971
720575941439436991,T4b,R,720575941518578323,9,11,connectivity_candidate,False,0.0342894296
720575941439718235,T4b,R,720575941434529312,-6,-5,connectivity_candidate,False,0.0406947099
720575941439853503,T4b,R,720575941562995810,11,-1,connectivity_candidate,False,0.0433570761
720575941439866459,T4b,R,720575941556820772,-5,9,connectivity_candidate,False,0.505248314
720575941439894991,T4b,R,720575941562525842,-11,-11,connectivity_candidate,False,0.278041436
720575941440107967,T4b,R,,,,unassigned,False,
720575941440420815,T4b,R,,,,unassigned,False,
720575941440457935,T4b,R,720575941617948543,0,-2,connectivity_candidate,False,0.0343654957
720575941440630079,T4b,R,720575941595233925,15,4,connectivity_candidate,False,0.033106036
720575941440979263,T4b,R,720575941651072241,5,-9,connectivity_candidate,False,0.0449961744
720575941442751935,T4b,R,720575941595287079,12,9,connectivity_candidate,False,0.0326204162
720575941443599786,T4b,R,720575941481257952,6,3,connectivity_candidate,False,0.0340858477
720575941443610794,T4b,R,720575941417731612,-3,-11,connectivity_candidate,False,0.0222381515
720575941446238996,T4b,R,720575941640941429,0,9,connectivity_candidate,False,0.029233106
720575941446259988,T4b,R,720575941566540130,-4,-17,connectivity_candidate,False,0.274200145
720575941447874229,T4b,R,720575941554193982,0,4,connectivity_candidate,False,0.0290410871
720575941447895989,T4b,R,720575941577188534,-14,-7,connectivity_candidate,False,0.219472969
720575941448021173,T4b,R,720575941493070567,-11,1,connectivity_candidate,False,0.259438734
720575941448128861,T4b,R,720575941533677400,-6,-1,connectivity_candidate,False,0.0425077687
720575941448189021,T4b,R,720575941592511528,-3,2,connectivity_candidate,False,0.025045396
720575941448289885,T4b,R,720575941606164589,-11,-17,connectivity_candidate,True,0.821420694
720575941448382645,T4b,R,720575941475276347,-11,5,connectivity_candidate,False,0.572233734
720575941448577614,T4b,R,720575941569359918,10,13,connectivity_candidate,False,0.033149092
720575941448633693,T4b,R,720575941486453200,8,-6,connectivity_candidate,False,0.0464561735
720575941448830645,T4b,R,720575941475633438,8,3,connectivity_candidate,False,0.0340194745
720575941449014548,T4b,R,720575941630132165,4,-8,connectivity_candidate,False,0.0430696338
720575941449978183,T4b,R,720575941471853152,2,-6,connectivity_candidate,False,0.0337788226
720575941450634106,T4b,R,720575941545101673,15,1,connectivity_candidate,False,0.0207773034
720575941451491753,T4b,R,720575941597095463,0,8,connectivity_candidate,False,0.0256877214
720575941451607674,T4b,R,720575941641866527,-5,-15,connectivity_candidate,True,0.840428567
720575941453230899,T4b,R,720575941609908457,8,10,connectivity_candidate,False,0.0320461574
720575941454736109,T4b,R,720575941564413608,-2,5,connectivity_candidate,False,0.0201492695
720575941457429407,T4b,R,720575941724485946,-13,-3,connectivity_candidate,False,0.347580531
720575941457434783,T4b,R,720575941568006710,-8,5,connectivity_candidate,False,0.496339304
720575941457697183,T4b,R,720575941599531420,11,3,connectivity_candidate,False,0.0339818053
720575941458046534,T4b,R,720575941692102107,-5,0,connectivity_candidate,False,0.0411392139
720575941458157894,T4b,R,720575941517727960,11,18,connectivity_candidate,False,0.0354193036
720575941459209427,T4b,R,720575941626518073,0,-11,connectivity_candidate,False,0.0167497743
720575941459210707,T4b,R,720575941540332693,1,-5,connectivity_candidate,False,0.0323803916
720575941459801796,T4b,R,720575941475815466,-8,1,connectivity_candidate,False,0.336171647
720575941459838404,T4b,R,720575941608830317,-13,-14,connectivity_candidate,False,0.342391255
720575941459927492,T4b,R,720575941412392107,11,6,connectivity_candidate,False,0.0330976784
720575941460420752,T4b,R,720575941578124789,-7,-6,connectivity_candidate,False,0.0421199436
720575941460509124,T4b,R,720575941410156591,16,6,connectivity_candidate,False,0.0310300974
720575941460696464,T4b,R,720575941514208515,3,10,connectivity_candidate,False,0.0308573534
720575941460702096,T4b,R,720575941612985318,-15,-9,connectivity_candidate,False,0.291236465
720575941460729488,T4b,R,720575941533964993,-10,1,connectivity_candidate,True,0.626947807
720575941461022675,T4b,R,720575941660473144,5,-11,connectivity_candidate,False,0.297756381
720575941461916685,T4b,R,720575941630042604,1,-8,connectivity_candidate,False,0.0294767527
720575941461961485,T4b,R,,,,unassigned,False,
720575941462430221,T4b,R,720575941414646812,9,-7,connectivity_candidate,False,0.0566849353
720575941462442253,T4b,R,720575941509488674,1,-14,connectivity_candidate,True,0.502783312
720575941462497549,T4b,R,720575941519393203,9,14,connectivity_candidate,False,0.0343568367
720575941462527501,T4b,R,720575941555258276,-9,-12,connectivity_candidate,False,0.280775203
720575941462544909,T4b,R,720575941571042974,14,6,connectivity_candidate,False,0.0310801957
720575941464973142,T4b,R,720575941514086393,1,9,connectivity_candidate,False,0.0290843968
720575941465465430,T4b,R,720575941517068378,0,-14,connectivity_candidate,True,0.510709864
720575941465596438,T4b,R,720575941489741262,13,15,connectivity_candidate,False,0.0388749272
720575941465845782,T4b,R,720575941409612715,-11,-5,connectivity_candidate,False,0.0597508149
720575941466209814,T4b,R,720575941502712514,-6,8,connectivity_candidate,False,0.502448107
720575941467873245,T4b,R,720575941629967084,10,9,connectivity_candidate,False,0.0308639499
720575941469140599,T4b,R,720575941640854629,1,-7,connectivity_candidate,False,0.0306709727
720575941469166967,T4b,R,720575941449465108,-8,-2,connectivity_candidate,False,0.0461804587
720575941469218423,T4b,R,720575941563178338,-12,-1,connectivity_candidate,False,0.500395464
720575941469231479,T4b,R,720575941518874540,2,0,connectivity_candidate,False,0.0343125339
720575941469297015,T4b,R,,,,unassigned,False,
720575941469344631,T4b,R,720575941440390444,16,14,connectivity_candidate,False,0.064793369
720575941469690891,T4b,R,,,,unassigned,False,
720575941469780343,T4b,R,720575941498994505,-13,-11,connectivity_candidate,False,0.280984312
720575941469828160,T4b,R,720575941579146741,7,4,connectivity_candidate,False,0.0339047826
720575941470243083,T4b,R,,,,unassigned,False,
720575941470647104,T4b,R,720575941562128755,3,12,connectivity_candidate,False,0.0327732559
720575941471650112,T4b,R,720575941497786018,-11,-16,connectivity_candidate,True,0.821587751
720575941472039008,T4b,R,720575941576632463,0,3,connectivity_candidate,False,0.0308244143
720575941472101472,T4b,R,720575941597049127,15,14,connectivity_candidate,False,0.053031991
720575941472294496,T4b,R,720575941391584150,-1,13,connectivity_candidate,False,0.0349117215
720575941472743947,T4b,R,720575941734556459,6,16,connectivity_candidate,False,0.425117988
720575941472954666,T4b,R,720575941538919139,-7,-11,connectivity_candidate,False,0.0299464116
720575941473205802,T4b,R,720575941484623682,8,15,connectivity_candidate,False,0.0377049539
720575941473518634,T4b,R,,,,unassigned,False,
720575941474065467,T4b,R,720575941414646044,8,-7,connectivity_candidate,False,0.0627845902
720575941474098491,T4b,R,720575941503477131,8,0,connectivity_candidate,False,0.0360038615
720575941474784049,T4b,R,720575941482094522,7,-5,connectivity_candidate,False,0.0419334014
720575941475272734,T4b,R,720575941549781620,-14,-12,connectivity_candidate,False,0.285649791
720575941475366430,T4b,R,720575941556721956,-9,2,connectivity_candidate,False,0.489453108
720575941475931678,T4b,R,720575941561384942,13,5,connectivity_candidate,False,0.0329477386
720575941475934238,T4b,R,720575941575868573,5,-3,connectivity_candidate,False,0.0363138788
720575941475934494,T4b,R,720575941468469014,13,4,connectivity_candidate,False,0.0333367956
720575941476032321,T4b,R,720575941528257720,-10,3,connectivity_candidate,False,0.289292249
720575941476048426,T4b,R,720575941570713082,-12,3,connectivity_candidate,True,1.06452994
720575941476572010,T4b,R,720575941568124263,-14,-8,connectivity_candidate,False,0.219776281
720575941476810858,T4b,R,720575941611660390,-8,-14,connectivity_candidate,True,0.820711304
720575941476818794,T4b,R,720575941547951165,6,-5,connectivity_candidate,False,0.0399986153
720575941477149290,T4b,R,720575941443679951,1,-10,connectivity_candidate,False,0.0220829753
720575941477248106,T4b,R,720575941657951000,6,0,connectivity_candidate,False,0.0350253859
720575941477323073,T4b,R,,,,unassigned,False,
720575941478438368,T4b,R,720575941496367227,6,-10,connectivity_candidate,False,0.224637175
720575941478637792,T4b,R,720575941527636902,3,8,connectivity_candidate,False,0.0326843467
720575941478639746,T4b,R,720575941535081498,7,11,connectivity_candidate,False,0.0332872087
720575941478789344,T4b,R,720575941448504654,15,3,connectivity_candidate,False,0.0312561628
720575941478810498,T4b,R,720575941657153616,2,11,connectivity_candidate,False,0.0323550644
720575941478871715,T4b,R,720575941498251426,2,5,connectivity_candidate,False,0.0323518925
720575941478900387,T4b,R,720575941566509319,-7,-10,connectivity_candidate,False,0.0349023006
720575941478905763,T4b,R,720575941437574719,-7,4,connectivity_candidate,False,0.492907186
720575941479008931,T4b,R,720575941445851412,1,6,connectivity_candidate,False,0.0292230143
720575941479127971,T4b,R,720575941685627887,-6,-17,connectivity_candidate,True,0.847366719
720575941479234946,T4b,R,720575941451980922,-6,-3,connectivity_candidate,False,0.0421605189
720575941479299458,T4b,R,720575941575252623,1,4,connectivity_candidate,False,0.0313771181
720575941479317583,T4b,R,720575941454343219,14,7,connectivity_candidate,False,0.0326063554
720575941480027587,T4b,R,720575941476828778,-8,0,connectivity_candidate,False,0.0610534687
720575941480044739,T4b,R,720575941653223701,4,6,connectivity_candidate,False,0.0335789484
720575941480053443,T4b,R,720575941468502358,3,7,connectivity_candidate,False,0.0352365255
720575941480283843,T4b,R,720575941575841800,-13,1,connectivity_candidate,True,1.13281837
720575941481202118,T4b,R,720575941563672418,-5,1,connectivity_candidate,False,0.0407839234
720575941481771005,T4b,R,720575941577676470,4,-7,connectivity_candidate,False,0.0395396502
720575941481862842,T4b,R,720575941553027719,-1,-2,connectivity_candidate,False,0.0351873941
720575941481912829,T4b,R,720575941353990960,2,3,connectivity_candidate,False,0.033322301
720575941481942525,T4b,R,720575941660960568,-5,8,connectivity_candidate,False,0.496763252
720575941482035197,T4b,R,720575941479485263,5,9,connectivity_candidate,False,0.0348239361
720575941482087421,T4b,R,720575941554651364,-11,6,connectivity_candidate,False,0.572872621
720575941482094077,T4b,R,720575941586249567,-9,1,connectivity_candidate,False,0.221649089
720575941482202042,T4b,R,720575941563768071,14,17,connectivity_candidate,True,0.971340227
720575941482420221,T4b,R,720575941493582974,-4,-15,connectivity_candidate,False,0.134888746
720575941482448893,T4b,R,720575941605268470,-2,12,connectivity_candidate,False,0.036369059
720575941482506493,T4b,R,720575941591041591,6,1,connectivity_candidate,False,0.0346380972
720575941484535874,T4b,R,720575941556821540,-5,10,connectivity_candidate,False,0.08962233
720575941484541250,T4b,R,720575941584492510,10,15,connectivity_candidate,False,0.0346246973
720575941484544653,T4b,R,720575941491148341,7,1,connectivity_candidate,False,0.0347638337
720575941484553538,T4b,R,720575941592052587,-8,-16,connectivity_candidate,True,0.827066546
720575941484783245,T4b,R,720575941515708921,-3,-2,connectivity_candidate,False,0.0378700716
720575941485113154,T4b,R,720575941489486796,5,-10,connectivity_candidate,True,0.980552529
720575941485915458,T4b,R,720575941533946890,0,-4,connectivity_candidate,False,0.0333471266
720575941485982470,T4b,R,720575941480342914,-5,-6,connectivity_candidate,False,0.0370528164
720575941486021584,T4b,R,720575941533097394,-12,-16,connectivity_candidate,True,0.822360715
720575941486566096,T4b,R,720575941425704276,-2,-14,connectivity_candidate,False,0.133870425
720575941488514101,T4b,R,720575941439697964,-10,-13,connectivity_candidate,True,0.687632277
720575941488653365,T4b,R,720575941587555652,16,15,connectivity_candidate,True,1.02373564
720575941488825545,T4b,R,720575941510331265,0,1,connectivity_candidate,False,0.0342545076
720575941489065673,T4b,R,720575941629225017,14,15,connectivity_candidate,True,0.970080449
720575941489247797,T4b,R,720575941451887482,-6,-8,connectivity_candidate,False,0.0351997404
720575941489319374,T4b,R,720575941612791114,-15,-2,connectivity_candidate,True,1.12683013
720575941489434574,T4b,R,720575941660942928,-2,9,connectivity_candidate,False,0.03416314
720575941489441742,T4b,R,720575941641867807,-11,-10,connectivity_candidate,False,0.277043169
720575941489642444,T4b,R,720575941628254758,15,13,connectivity_candidate,False,0.0335188156
720575941489783502,T4b,R,720575941505512471,9,12,connectivity_candidate,False,0.0335156669
720575941489892071,T4b,R,720575941433996064,-2,-4,connectivity_candidate,False,0.034909232
720575941489972430,T4b,R,720575941476532074,6,-6,connectivity_candidate,False,0.0419614371
720575941490147276,T4b,R,720575941584460934,5,-1,connectivity_candidate,False,0.0350855657
720575941490154444,T4b,R,720575941689155823,11,5,connectivity_candidate,False,0.0332388165
720575941490387175,T4b,R,720575941576294248,11,7,connectivity_candidate,False,0.0329691129
720575941491063271,T4b,R,720575941479727840,-4,-10,connectivity_candidate,False,0.0271960634
720575941491477680,T4b,R,720575941639990047,-2,-5,connectivity_candidate,False,0.0336905444
720575941491650224,T4b,R,720575941448342197,-13,-12,connectivity_candidate,False,0.284715268
720575941491654064,T4b,R,720575941414533268,-13,-9,connectivity_candidate,False,0.284531131
720575941493209982,T4b,R,720575941403214115,-3,1,connectivity_candidate,False,0.0342128483
720575941493457534,T4b,R,,,,unassigned,False,
720575941493659006,T4b,R,720575941414206868,9,-3,connectivity_candidate,False,0.0424637911
720575941493692542,T4b,R,720575941463048900,9,8,connectivity_candidate,False,0.0384083204
720575941494278855,T4b,R,720575941478314602,-11,-12,connectivity_candidate,False,0.281799467
720575941494371527,T4b,R,720575941666651379,1,2,connectivity_candidate,False,0.0335966073
720575941495341184,T4b,R,720575941555093275,7,3,connectivity_candidate,False,0.0340611116
720575941496389243,T4b,R,720575941460315792,-13,0,connectivity_candidate,True,1.12714627
720575941497137225,T4b,R,720575941643170209,-10,-9,connectivity_candidate,False,0.0467311055
720575941497142857,T4b,R,720575941536942834,-7,-8,connectivity_candidate,False,0.0388252642
720575941497227849,T4b,R,720575941734098475,5,5,connectivity_candidate,False,0.033525996
720575941497238241,T4b,R,720575941418121244,12,13,connectivity_candidate,False,0.0348770892
720575941497768673,T4b,R,720575941514734915,8,-3,connectivity_candidate,False,0.0395051371
720575941497907328,T4b,R,720575941624553418,-14,-4,connectivity_candidate,True,0.785540768
720575941498132642,T4b,R,720575941468534358,-7,-5,connectivity_candidate,False,0.0425181138
720575941498441953,T4b,R,720575941561391598,-6,-15,connectivity_candidate,True,0.835431434
720575941498519458,T4b,R,720575941597393344,10,5,connectivity_candidate,False,0.0333261557
720575941498800865,T4b,R,720575941514151171,-7,-15,connectivity_candidate,True,0.828407644
720575941499722875,T4b,R,720575941536251619,-15,-16,connectivity_candidate,True,1.30446756
720575941500126603,T4b,R,720575941540878834,10,17,connectivity_candidate,False,0.0356961895
720575941500229243,T4b,R,720575941525348429,0,13,connectivity_candidate,False,0.0431103135
720575941500754315,T4b,R,720575941563032488,17,9,connectivity_candidate,True,1.00005373
720575941501325986,T4b,R,720575941432166615,5,-5,connectivity_candidate,False,0.0385446407
720575941501670891,T4b,R,720575941538904701,-8,-7,connectivity_candidate,False,0.0438989917
720575941501891211,T4b,R,720575941624509083,-5,11,connectivity_candidate,False,0.107852391
720575941501938007,T4b,R,720575941566547042,6,-9,connectivity_candidate,False,0.173918688
720575941502369259,T4b,R,,,,unassigned,False,
720575941502473559,T4b,R,720575941592910550,-2,13,connectivity_candidate,False,0.0304943065
720575941502707650,T4b,R,720575941514169347,-2,4,connectivity_candidate,False,0.0225413155
720575941502866626,T4b,R,720575941690137612,7,15,connectivity_candidate,False,0.0309184895
720575941503368508,T4b,R,720575941609450729,-9,-14,connectivity_candidate,True,0.811951016
720575941503921090,T4b,R,720575941453822633,-4,-14,connectivity_candidate,False,0.110815441
720575941503946123,T4b,R,720575941413727599,-14,-3,connectivity_candidate,False,0.394343149
720575941504341669,T4b,R,720575941503372171,1,-1,connectivity_candidate,False,0.0344206411
720575941504360613,T4b,R,720575941406001008,12,10,connectivity_candidate,False,0.0327072339
720575941504484261,T4b,R,720575941489315273,-4,5,connectivity_candidate,False,0.00975209272
720575941504493884,T4b,R,720575941574913181,-7,10,connectivity_candidate,False,0.504676018
720575941504519077,T4b,R,720575941503117618,-18,-9,connectivity_candidate,True,0.583518277
720575941504871740,T4b,R,720575941644280440,-5,-12,connectivity_candidate,False,0.0233340211
720575941504890940,T4b,R,720575941471891552,7,-4,connectivity_candidate,False,0.039648477
720575941505066007,T4b,R,720575941533864114,-12,-7,connectivity_candidate,False,0.060747298
720575941505078551,T4b,R,720575941527925688,-1,-5,connectivity_candidate,False,0.0330204043
720575941505095703,T4b,R,720575941665198716,-12,-15,connectivity_candidate,False,0.416487004
720575941505110551,T4b,R,720575941721111354,-12,-12,connectivity_candidate,False,0.283076739
720575941505177378,T4b,R,720575941546102617,2,2,connectivity_candidate,False,0.0338502601
720575941505209687,T4b,R,720575941634240197,13,11,connectivity_candidate,False,0.0331885882
720575941505216069,T4b,R,720575941482765391,-12,-13,connectivity_candidate,True,0.840409302
720575941505740357,T4b,R,720575941544402620,2,14,connectivity_candidate,False,0.0570321863
720575941505743685,T4b,R,720575941633218284,-12,2,connectivity_candidate,False,0.261362658
720575941506424610,T4b,R,720575941505589669,8,1,connectivity_candidate,False,0.0349639475
720575941506640162,T4b,R,720575941508217111,1,11,connectivity_candidate,False,0.0339108884
720575941506887809,T4b,R,720575941655705049,-11,-4,connectivity_candidate,False,0.0615953064
720575941507014309,T4b,R,720575941442585691,-3,13,connectivity_candidate,False,0.431304369
720575941508480016,T4b,R,720575941532005763,9,0,connectivity_candidate,False,0.0361126933
720575941508503312,T4b,R,720575941555607460,6,11,connectivity_candidate,False,0.0333869745
720575941508618512,T4b,R,720575941624573339,13,14,connectivity_candidate,False,0.0374911473
720575941508692496,T4b,R,720575941463615888,-8,8,connectivity_candidate,False,0.504952752
720575941508792080,T4b,R,720575941598922908,-8,7,connectivity_candidate,False,0.504283748
720575941509201680,T4b,R,720575941618799487,5,1,connectivity_candidate,False,0.0344119066
720575941509238226,T4b,R,720575941592052075,-7,-1,connectivity_candidate,False,0.0456825956
720575941509288658,T4b,R,720575941588734974,1,-4,connectivity_candidate,False,0.0332866386
720575941509530322,T4b,R,720575941459725267,3,14,connectivity_candidate,False,0.0663008527
720575941510019282,T4b,R,720575941494706814,-12,0,connectivity_candidate,False,0.455208191
720575941510356752,T4b,R,720575941570642290,-13,-2,connectivity_candidate,False,0.446771051
720575941512011473,T4b,R,720575941587606084,-13,-1,connectivity_candidate,False,0.455345766
720575941512088529,T4b,R,720575941682429373,-14,0,connectivity_candidate,True,1.08000377
720575941512104012,T4b,R,720575941584527838,5,7,connectivity_candidate,False,0.0334950471
720575941512480977,T4b,R,720575941576179464,-3,3,connectivity_candidate,False,0.0199258668
720575941512481745,T4b,R,,,,unassigned,False,
720575941512646988,T4b,R,720575941556770817,4,-3,connectivity_candidate,False,0.0352443854
720575941513172803,T4b,R,720575941521042611,2,6,connectivity_candidate,False,0.0317720492
720575941513722435,T4b,R,720575941479169871,-2,-13,connectivity_candidate,False,0.131724685
720575941513739363,T4b,R,720575941624453484,-7,1,connectivity_candidate,False,0.0426084463
720575941513742947,T4b,R,720575941613749933,10,14,connectivity_candidate,False,0.0339054695
720575941513764419,T4b,R,720575941486432006,10,10,connectivity_candidate,False,0.0301926046
720575941513973241,T4b,R,720575941478439220,-12,-14,connectivity_candidate,False,0.345755744
720575941513975811,T4b,R,720575941651625233,-10,-10,connectivity_candidate,True,0.942414257
720575941513977849,T4b,R,720575941443056042,5,4,connectivity_candidate,False,0.0337205907
720575941513997891,T4b,R,720575941412540308,11,-3,connectivity_candidate,False,0.0485841516
720575941514023683,T4b,R,720575941557605604,3,15,connectivity_candidate,False,0.0547285222
720575941514039299,T4b,R,720575941548439869,-11,2,connectivity_candidate,False,0.284713175
720575941514099705,T4b,R,720575941494943664,1,3,connectivity_candidate,False,0.0325137023
720575941514239331,T4b,R,720575941646511560,-16,-11,connectivity_candidate,False,0.284591282
720575941514311683,T4b,R,720575941660471096,7,-8,connectivity_candidate,True,0.932360407
720575941514396259,T4b,R,720575941552095515,10,-1,connectivity_candidate,False,0.0382857152
720575941514536195,T4b,R,720575941502372914,11,4,connectivity_candidate,False,0.0333792282
720575941514583801,T4b,R,720575941497416009,4,-4,connectivity_candidate,False,0.0357548385
720575941514709497,T4b,R,720575941548094057,8,6,connectivity_candidate,False,0.0338901951
720575941514790490,T4b,R,720575941541095260,14,8,connectivity_candidate,False,0.0323836943
720575941514992275,T4b,R,720575941596522533,12,8,connectivity_candidate,False,0.0326631653
720575941515291283,T4b,R,720575941497512161,-1,-8,connectivity_candidate,False,0.0277704164
720575941515626828,T4b,R,720575941577545064,-10,-3,connectivity_candidate,False,0.052839988
720575941516332691,T4b,R,720575941591828990,-2,-9,connectivity_candidate,False,0.0263367019
720575941516551022,T4b,R,720575941437783007,-8,2,connectivity_candidate,False,0.15722166
720575941516690835,T4b,R,720575941453047347,4,13,connectivity_candidate,False,0.0318645836
720575941516934572,T4b,R,720575941631390917,11,14,connectivity_candidate,False,0.0347094565
720575941517339096,T4b,R,720575941481544134,-16,-14,connectivity_candidate,False,0.326895913
720575941517392556,T4b,R,720575941632083180,7,5,connectivity_candidate,False,0.0339017548
720575941517708142,T4b,R,720575941513357379,11,12,connectivity_candidate,False,0.0329260581
720575941517818584,T4b,R,720575941552099355,7,-7,connectivity_candidate,False,0.0452710748
720575941517819608,T4b,R,720575941532348619,11,2,connectivity_candidate,False,0.0344335002
720575941518290286,T4b,R,720575941612550633,4,-1,connectivity_candidate,False,0.0346484651
720575941519210163,T4b,R,720575941553988414,0,5,connectivity_candidate,False,0.0271432309
720575941519382199,T4b,R,720575941553497427,6,18,connectivity_candidate,True,1.1857591
720575941519969971,T4b,R,720575941513643587,-3,5,connectivity_candidate,False,0.0164277933
720575941521455095,T4b,R,720575941689926156,-7,-17,connectivity_candidate,True,0.84089863
720575941524833538,T4b,R,720575941613063910,-7,-3,connectivity_candidate,False,0.0437867443
720575941524872194,T4b,R,720575941578351185,14,11,connectivity_candidate,False,0.0339064559
720575941524885069,T4b,R,720575941544503581,-12,-2,connectivity_candidate,False,0.694133303
720575941525004290,T4b,R,,,,unassigned,False,
720575941525059842,T4b,R,720575941499847035,15,9,connectivity_candidate,True,0.739283945
720575941525087821,T4b,R,720575941541152973,15,17,connectivity_candidate,True,0.972771314
720575941525110884,T4b,R,720575941468238045,1,14,connectivity_candidate,False,0.0513659772
720575941525148749,T4b,R,720575941645335201,5,16,connectivity_candidate,False,0.381326173
720575941525190937,T4b,R,720575941609096010,-6,-7,connectivity_candidate,False,0.0380146485
720575941525224217,T4b,R,720575941522790839,-15,-5,connectivity_candidate,True,1.04173204
720575941525488461,T4b,R,720575941537923354,7,-9,connectivity_candidate,False,0.174738711
720575941525502797,T4b,R,720575941457994566,10,0,connectivity_candidate,False,0.0358821679
720575941525708388,T4b,R,720575941535047706,3,-12,connectivity_candidate,True,0.623795428
720575941525724185,T4b,R,720575941653479129,8,-5,connectivity_candidate,False,0.0438185831
720575941525943718,T4b,R,720575941448447822,-10,-7,connectivity_candidate,False,0.0499902947
720575941526479204,T4b,R,720575941625453052,-1,4,connectivity_candidate,False,0.0267398005
720575941527232132,T4b,R,720575941627206299,-14,-1,connectivity_candidate,False,0.362104557
720575941527351428,T4b,R,720575941440279503,12,16,connectivity_candidate,False,0.0411372237
720575941527485517,T4b,R,720575941627322476,1,16,connectivity_candidate,True,0.896523389
720575941527966136,T4b,R,720575941496161918,6,5,connectivity_candidate,False,0.0338877567
720575941527967160,T4b,R,720575941633959611,1,1,connectivity_candidate,False,0.0344077695
720575941527995320,T4b,R,720575941597071911,13,12,connectivity_candidate,False,0.0337588032
720575941528402104,T4b,R,720575941613820333,-4,4,connectivity_candidate,False,0.0139327929
720575941529353675,T4b,R,720575941449501277,-1,-6,connectivity_candidate,False,0.031687171
720575941529529547,T4b,R,720575941594234737,11,19,connectivity_candidate,False,0.0875857077
720575941529912267,T4b,R,720575941478427444,5,-8,connectivity_candidate,False,0.0437900237
720575941530612965,T4b,R,720575941528484280,-4,-1,connectivity_candidate,False,0.0394524512
720575941530618597,T4b,R,720575941469797952,12,3,connectivity_candidate,False,0.0335409198
720575941530675429,T4b,R,720575941405961584,-5,-11,connectivity_candidate,False,0.0266858973
720575941531588483,T4b,R,720575941559332111,0,-7,connectivity_candidate,False,0.0296437729
720575941531627139,T4b,R,720575941439665938,-4,1,connectivity_candidate,False,0.0410258836
720575941533165802,T4b,R,720575941611819740,-13,3,connectivity_candidate,True,0.658901844
720575941533167850,T4b,R,720575941557879567,-16,-5,connectivity_candidate,True,0.771469008
720575941533202520,T4b,R,720575941509188050,6,-3,connectivity_candidate,False,0.037134337
720575941533268056,T4b,R,720575941627726886,-12,-9,connectivity_candidate,False,0.254933809
720575941533351658,T4b,R,720575941689383832,-15,-4,connectivity_candidate,True,0.733563675
720575941533376600,T4b,R,720575941541294109,0,11,connectivity_candidate,False,0.0353921869
720575941533840216,T4b,R,720575941488329734,8,5,connectivity_candidate,False,0.0337149039
720575941533842008,T4b,R,720575941469634167,-10,-8,connectivity_candidate,False,0.0448373319
720575941534341554,T4b,R,720575941507404348,9,4,connectivity_candidate,False,0.0335973794
720575941534579226,T4b,R,720575941537455843,3,5,connectivity_candidate,False,0.0332906611
720575941534598938,T4b,R,720575941507007036,-10,-4,connectivity_candidate,False,0.0534091226
720575941534628874,T4b,R,720575941480585155,13,16,connectivity_candidate,False,0.0470423773
720575941534871986,T4b,R,720575941415051292,6,9,connectivity_candidate,False,0.0330847976
720575941534934450,T4b,R,,,,unassigned,False,
720575941535709416,T4b,R,720575941481180611,-1,-1,connectivity_candidate,False,0.0356977861
720575941536074467,T4b,R,720575941632918242,-10,0,connectivity_candidate,True,0.625607226
720575941536109027,T4b,R,720575941627756070,-9,7,connectivity_candidate,False,0.506432641
720575941536395496,T4b,R,720575941508424464,2,-8,connectivity_candidate,False,0.0332202342
720575941536428008,T4b,R,720575941534756184,-4,-11,connectivity_candidate,False,0.0245598002
720575941537146005,T4b,R,720575941436428332,12,14,connectivity_candidate,False,0.0378605871
720575941537149938,T4b,R,720575941558027791,7,-3,connectivity_candidate,False,0.0386428992
720575941537284850,T4b,R,720575941509499682,-4,8,connectivity_candidate,False,0.495795778
720575941537366165,T4b,R,720575941660370256,-6,-6,connectivity_candidate,False,0.0396655061
720575941537372402,T4b,R,720575941527985592,3,16,connectivity_candidate,True,0.813540876
720575941537374706,T4b,R,720575941585656710,2,12,connectivity_candidate,False,0.0344650066
720575941537675762,T4b,R,720575941479718307,3,-2,connectivity_candidate,False,0.0342826721
720575941537771250,T4b,R,720575941544023581,-7,-14,connectivity_candidate,False,0.0258206922
720575941538479821,T4b,R,720575941549060020,-7,-12,connectivity_candidate,False,0.0257608667
720575941538483917,T4b,R,720575941434899086,-2,-12,connectivity_candidate,False,0.0947310233
720575941538494925,T4b,R,720575941526906969,-3,-7,connectivity_candidate,False,0.0321501896
720575941538502605,T4b,R,720575941551331956,0,-6,connectivity_candidate,False,0.0312249861
720575941538518733,T4b,R,720575941489809358,-7,-4,connectivity_candidate,False,0.0431247168
720575941538530509,T4b,R,720575941557220353,-16,-10,connectivity_candidate,False,0.291787594
720575941538609277,T4b,R,720575941635133627,11,8,connectivity_candidate,False,0.0324672864
720575941538643405,T4b,R,,,,unassigned,False,
720575941538747773,T4b,R,720575941624351882,-3,7,connectivity_candidate,False,0.0137413915
720575941538787304,T4b,R,720575941575831990,6,-7,connectivity_candidate,False,0.043487033
720575941538811880,T4b,R,720575941557647070,-6,-9,connectivity_candidate,False,0.0334002515
720575941538892949,T4b,R,720575941439177183,-6,-14,connectivity_candidate,True,0.829898796
720575941538993789,T4b,R,720575941497480417,-5,4,connectivity_candidate,False,0.00932430686
720575941539138173,T4b,R,720575941553699355,13,7,connectivity_candidate,False,0.0327339234
720575941539138429,T4b,R,720575941460473744,4,15,connectivity_candidate,False,0.0716058349
720575941539611228,T4b,R,720575941531508867,3,-8,connectivity_candidate,False,0.0402598676
720575941540162253,T4b,R,720575941490845132,-4,-12,connectivity_candidate,False,0.0221783604
720575941540629852,T4b,R,720575941482128058,-13,2,connectivity_candidate,False,0.160832968
720575941540774748,T4b,R,720575941552298523,12,15,connectivity_candidate,False,0.035763957
720575941540846684,T4b,R,720575941476051764,-9,0,connectivity_candidate,False,0.377035333
720575941540947292,T4b,R,720575941433939744,-8,-5,connectivity_candidate,False,0.0448339924
720575941541162076,T4b,R,,,,unassigned,False,
720575941541296732,T4b,R,,,,unassigned,False,
720575941541534493,T4b,R,720575941451450793,-1,12,connectivity_candidate,False,0.0391392133
720575941542226268,T4b,R,720575941479380643,-10,6,connectivity_candidate,False,0.526924831
720575941542951685,T4b,R,720575941581274613,6,13,connectivity_candidate,False,0.030915951
720575941543118597,T4b,R,720575941573204893,1,8,connectivity_candidate,False,0.0271609587
720575941543362153,T4b,R,720575941515756634,13,10,connectivity_candidate,False,0.0330607916
720575941543384325,T4b,R,720575941493771390,-14,-16,connectivity_candidate,False,0.323907701
720575941543394309,T4b,R,720575941730515243,-8,-10,connectivity_candidate,False,0.0317154652
720575941544369852,T4b,R,720575941515284115,-13,-15,connectivity_candidate,False,0.343491278
720575941544564412,T4b,R,720575941538908029,-7,5,connectivity_candidate,False,0.49453737
720575941545156488,T4b,R,720575941542703645,7,12,connectivity_candidate,False,0.0329449187
720575941545234793,T4b,R,720575941400314659,1,12,connectivity_candidate,False,0.0357516645
720575941545340852,T4b,R,720575941671606193,10,2,connectivity_candidate,False,0.0348514726
720575941545567412,T4b,R,720575941453514803,2,7,connectivity_candidate,False,0.0314752599
720575941545962601,T4b,R,720575941475215675,0,12,connectivity_candidate,False,0.0386668509
720575941545969084,T4b,R,720575941533932554,2,-10,connectivity_candidate,False,0.0471728925
720575941546199176,T4b,R,720575941494533319,11,17,connectivity_candidate,False,0.0365973488
720575941546255496,T4b,R,720575941506292574,-5,-9,connectivity_candidate,False,0.0312826759
720575941546410376,T4b,R,720575941733917739,12,18,connectivity_candidate,False,0.0371990167
720575941546801288,T4b,R,720575941448602461,-1,6,connectivity_candidate,False,0.022953074
720575941546975668,T4b,R,,,,unassigned,False,
720575941547807265,T4b,R,720575941577715126,15,6,connectivity_candidate,False,0.0312743346
720575941547845665,T4b,R,720575941629703906,2,8,connectivity_candidate,False,0.0290656914
720575941547957565,T4b,R,720575941502315095,-9,-7,connectivity_candidate,False,0.0463684642
720575941547984929,T4b,R,720575941471167243,12,-3,connectivity_candidate,False,0.121993656
720575941548145213,T4b,R,720575941478882784,-4,9,connectivity_candidate,False,0.0417924997
720575941548317556,T4b,R,720575941546351465,-3,9,connectivity_candidate,False,0.0396847782
720575941548367220,T4b,R,720575941602025769,4,10,connectivity_candidate,False,0.0297039771
720575941548740413,T4b,R,720575941517207443,9,1,connectivity_candidate,False,0.0358709167
720575941550170623,T4b,R,,,,unassigned,False,
720575941550688830,T4b,R,720575941478058545,-1,-7,connectivity_candidate,False,0.0298797504
720575941550893630,T4b,R,720575941548441149,-7,7,connectivity_candidate,False,0.500934538
720575941551308606,T4b,R,720575941559641359,13,0,connectivity_candidate,False,0.0273726972
720575941551319358,T4b,R,720575941604166390,-2,6,connectivity_candidate,False,0.0172683482
720575941551770759,T4b,R,720575941539337049,-2,-7,connectivity_candidate,False,0.0308335089
720575941552032135,T4b,R,720575941460129988,2,15,connectivity_candidate,False,0.0479802869
720575941552402433,T4b,R,720575941440417371,5,2,connectivity_candidate,False,0.0342435434
720575941552404737,T4b,R,720575941494911358,-1,-4,connectivity_candidate,False,0.0339442138
720575941552407687,T4b,R,720575941491435184,2,-11,connectivity_candidate,False,0.0530615449
720575941552478087,T4b,R,720575941597278144,13,-1,connectivity_candidate,True,0.545970099
720575941552481415,T4b,R,720575941440821215,9,-1,connectivity_candidate,False,0.0373022447
720575941552620827,T4b,R,720575941496376443,-6,4,connectivity_candidate,False,0.490150397
720575941552790043,T4b,R,720575941563810962,-1,-16,connectivity_candidate,False,0.252622849
720575941553135617,T4b,R,720575941429600393,10,-4,connectivity_candidate,False,0.0467484981
720575941553147393,T4b,R,720575941475538225,-8,-9,connectivity_candidate,False,0.0440403405
720575941553210522,T4b,R,720575941656316628,11,-2,connectivity_candidate,False,0.045953253
720575941553244673,T4b,R,720575941505691973,15,12,connectivity_candidate,False,0.0348697365
720575941553358398,T4b,R,720575941630043628,1,-6,connectivity_candidate,False,0.0312414276
720575941554277092,T4b,R,720575941493138407,2,1,connectivity_candidate,False,0.0343103328
720575941554494948,T4b,R,720575941551102782,-6,10,connectivity_candidate,False,0.502518858
720575941554516708,T4b,R,720575941556959059,-4,11,connectivity_candidate,False,0.0332824122
720575941555689380,T4b,R,720575941563883318,-17,-12,connectivity_candidate,True,0.4863545
720575941555948772,T4b,R,720575941504436028,-7,6,connectivity_candidate,False,0.495571106
720575941556541988,T4b,R,720575941525677337,-3,11,connectivity_candidate,False,0.0352441748
720575941556562980,T4b,R,720575941508670789,6,7,connectivity_candidate,False,0.0338354893
720575941556568612,T4b,R,720575941540927773,2,16,connectivity_candidate,False,0.368560906
720575941556885028,T4b,R,720575941394870422,-7,-16,connectivity_candidate,True,0.832873548
720575941556923940,T4b,R,,,,unassigned,False,
720575941557052068,T4b,R,720575941454104233,14,2,connectivity_candidate,False,0.0312163169
720575941558029583,T4b,R,720575941734554667,-3,-4,connectivity_candidate,False,0.0362837315
720575941558144783,T4b,R,720575941627788070,-6,11,connectivity_candidate,False,0.506292986
720575941558252782,T4b,R,720575941547774652,-15,-7,connectivity_candidate,False,0.149963676
720575941558316559,T4b,R,720575941408270383,-10,-5,connectivity_candidate,False,0.0517747626
720575941558585359,T4b,R,720575941511229906,-2,-10,connectivity_candidate,False,0.0230800217
720575941558904046,T4b,R,720575941482588611,-1,-12,connectivity_candidate,False,0.131650586
720575941559064947,T4b,R,720575941459586500,-7,0,connectivity_candidate,True,1.00550592
720575941559450639,T4b,R,720575941457317360,-6,-13,connectivity_candidate,False,0.0229977872
720575941559475245,T4b,R,720575941543901532,-2,1,connectivity_candidate,False,0.0334846065
720575941559475757,T4b,R,720575941687021580,-4,-3,connectivity_candidate,False,0.0386801662
720575941561346984,T4b,R,720575941505591365,-4,-2,connectivity_candidate,False,0.0389768222
720575941561736360,T4b,R,720575941637710709,2,-1,connectivity_candidate,False,0.0342623876
720575941562250386,T4b,R,720575941628460002,9,15,connectivity_candidate,False,0.0362244557
720575941562910354,T4b,R,,,,unassigned,False,
720575941562921984,T4b,R,720575941652155409,-15,-11,connectivity_candidate,False,0.283613995
720575941563059200,T4b,R,720575941642378783,4,7,connectivity_candidate,False,0.0404079986
720575941563079680,T4b,R,720575941461049811,-10,-2,connectivity_candidate,True,0.488726341
720575941563084800,T4b,R,720575941632265954,-11,3,connectivity_candidate,True,0.803958957
720575941563087360,T4b,R,720575941506178213,-8,4,connectivity_candidate,False,0.495328863
720575941563278855,T4b,R,720575941497486409,-12,-10,connectivity_candidate,False,0.275159678
720575941563318114,T4b,R,720575941606083949,-16,-15,connectivity_candidate,True,1.32321485
720575941563405154,T4b,R,720575941613897881,-1,5,connectivity_candidate,False,0.0241202132
720575941563497314,T4b,R,720575941524033099,-1,14,connectivity_candidate,True,0.683419654
720575941563540487,T4b,R,720575941566408295,-6,5,connectivity_candidate,False,0.490135216
720575941563554567,T4b,R,,,,unassigned,False,
720575941563571607,T4b,R,720575941593031308,9,17,connectivity_candidate,False,0.407433004
720575941563610978,T4b,R,720575941469976587,-8,-6,connectivity_candidate,False,0.0439943312
720575941563633303,T4b,R,720575941439831503,-9,-9,connectivity_candidate,False,0.0480010493
720575941563670935,T4b,R,720575941410754415,-15,-13,connectivity_candidate,True,0.841198543
720575941563864471,T4b,R,720575941505141015,1,13,connectivity_candidate,False,0.0408584203
720575941564175670,T4b,R,720575941567990522,-8,-1,connectivity_candidate,False,0.0433178023
720575941564243351,T4b,R,720575941494354558,5,3,connectivity_candidate,False,0.0339347851
720575941564363574,T4b,R,720575941616107417,-9,3,connectivity_candidate,False,0.494080226
720575941564736566,T4b,R,720575941605633782,-12,-3,connectivity_candidate,False,0.227832909
720575941564738919,T4b,R,720575941637710197,-2,-2,connectivity_candidate,False,0.0365996554
720575941564746343,T4b,R,720575941646621345,-2,-3,connectivity_candidate,False,0.0354532066
720575941564780086,T4b,R,720575941479236943,9,-5,connectivity_candidate,False,0.0459781059
720575941564974434,T4b,R,720575941604978105,-12,-6,connectivity_candidate,False,0.0640121652
720575941565277031,T4b,R,720575941572830473,-6,-10,connectivity_candidate,False,0.0310975217
720575941566169902,T4b,R,720575941514088547,10,11,connectivity_candidate,False,0.0325151992
720575941566200878,T4b,R,720575941558453805,-14,-13,connectivity_candidate,True,0.84005628
720575941567020334,T4b,R,720575941472465015,12,1,connectivity_candidate,False,0.033630701
720575941567743994,T4b,R,720575941425703508,7,17,connectivity_candidate,False,0.438985743
720575941567771506,T4b,R,720575941413964692,12,6,connectivity_candidate,False,0.0330160027
720575941567784442,T4b,R,720575941624475274,-7,8,connectivity_candidate,False,0.504098325
720575941567843828,T4b,R,720575941639916149,9,-2,connectivity_candidate,False,0.0389700473
720575941567999602,T4b,R,,,,unassigned,False,
720575941568010996,T4b,R,720575941559579693,-2,11,connectivity_candidate,False,0.0403303485
720575941568014836,T4b,R,720575941439538523,1,5,connectivity_candidate,False,0.0302693572
720575941568043122,T4b,R,720575941495316096,-9,-16,connectivity_candidate,True,0.824310086
720575941568236146,T4b,R,720575941527231654,3,-10,connectivity_candidate,False,0.0476164728
720575941568431730,T4b,R,720575941643339464,10,6,connectivity_candidate,False,0.0330968769
720575941568434290,T4b,R,720575941517066083,4,-10,connectivity_candidate,False,0.0465816682
720575941569219954,T4b,R,720575941498492800,-5,-7,connectivity_candidate,False,0.0355787506
720575941569311858,T4b,R,720575941394040836,-1,-13,connectivity_candidate,False,0.1396439
720575941570618014,T4b,R,720575941539233768,0,6,connectivity_candidate,False,0.0258325859
720575941570681758,T4b,R,720575941634257568,-10,-14,connectivity_candidate,True,0.711095229
720575941570737992,T4b,R,720575941469982475,-14,-9,connectivity_candidate,False,0.226892041
720575941571262366,T4b,R,720575941479225423,-4,-6,connectivity_candidate,False,0.0356891409
720575941571479624,T4b,R,720575941573039368,-10,-6,connectivity_candidate,False,0.0516566559
720575941571656264,T4b,R,720575941657495888,-10,-17,connectivity_candidate,True,0.823171631
720575941572070984,T4b,R,720575941689192204,-14,-5,connectivity_candidate,True,0.781588701
720575941572249851,T4b,R,720575941561574771,10,4,connectivity_candidate,False,0.0334820868
720575941572470523,T4b,R,720575941527904612,8,8,connectivity_candidate,False,0.035258318
720575941572603656,T4b,R,720575941619635071,13,13,connectivity_candidate,False,0.0349934811
720575941572659464,T4b,R,720575941526337958,-11,-6,connectivity_candidate,False,0.0584562324
720575941572712349,T4b,R,720575941412673428,-11,0,connectivity_candidate,True,0.675888736
720575941572724637,T4b,R,720575941506684289,-6,6,connectivity_candidate,False,0.492313568
720575941572743581,T4b,R,720575941443656874,-9,-5,connectivity_candidate,False,0.0489585023
720575941572888585,T4b,R,720575941425705812,3,-6,connectivity_candidate,False,0.0354907605
720575941573013755,T4b,R,720575941584335326,8,4,connectivity_candidate,False,0.033760378
720575941573041929,T4b,R,720575941660421712,-15,-6,connectivity_candidate,False,0.158707653
720575941573055496,T4b,R,720575941559349293,6,4,connectivity_candidate,False,0.033916881
720575941573142537,T4b,R,720575941574611638,-2,-1,connectivity_candidate,False,0.0365024056
720575941573274120,T4b,R,720575941584552926,16,16,connectivity_candidate,False,0.0540370409
720575941573367561,T4b,R,720575941479171151,1,-11,connectivity_candidate,False,0.0491240528
720575941573455113,T4b,R,720575941611541478,14,4,connectivity_candidate,False,0.0328607272
720575941573508495,T4b,R,720575941562846888,-3,-15,connectivity_candidate,False,0.131999477
720575941573513871,T4b,R,720575941486238349,-3,-5,connectivity_candidate,False,0.0351974585
720575941573564169,T4b,R,720575941631387845,12,4,connectivity_candidate,False,0.0334320038
720575941573567753,T4b,R,720575941650365717,13,1,connectivity_candidate,False,0.0303592839
720575941573704335,T4b,R,720575941480281027,11,15,connectivity_candidate,False,0.0337167209
720575941574069903,T4b,R,720575941534580568,3,-1,connectivity_candidate,False,0.0342911692
720575941574084239,T4b,R,720575941634168005,1,-2,connectivity_candidate,False,0.0341400623
720575941574358927,T4b,R,720575941485989328,-4,-7,connectivity_candidate,False,0.0332565896
720575941574394294,T4b,R,720575941624757642,-3,12,connectivity_candidate,False,0.0289406842
720575941574686134,T4b,R,720575941476531818,5,-7,connectivity_candidate,False,0.0421988764
720575941574705000,T4b,R,720575941463572237,9,13,connectivity_candidate,False,0.0334139384
720575941574734991,T4b,R,720575941555872164,7,0,connectivity_candidate,False,0.0353624311
720575941574875240,T4b,R,720575941627908234,17,12,connectivity_candidate,True,0.593269081
720575941575168072,T4b,R,720575941627478986,3,4,connectivity_candidate,False,0.0332480756
720575941575417960,T4b,R,720575941543311109,14,1,connectivity_candidate,False,0.023321006
720575941576900697,T4b,R,720575941433303649,16,10,connectivity_candidate,False,0.385701269
720575941576984409,T4b,R,720575941476567611,-14,-11,connectivity_candidate,False,0.283502352
720575941577674321,T4b,R,720575941603733238,-1,-3,connectivity_candidate,False,0.0346430969
720575941577699573,T4b,R,720575941519515319,3,0,connectivity_candidate,False,0.034263281
720575941577756405,T4b,R,720575941577692086,-2,2,connectivity_candidate,False,0.0292844421
720575941578043473,T4b,R,720575941606079678,-12,-5,connectivity_candidate,False,0.0673372411
720575941578311761,T4b,R,720575941548757364,-6,3,connectivity_candidate,False,0.484488916
720575941578549749,T4b,R,720575941626057529,-3,-12,connectivity_candidate,False,0.0879760523
720575941579874169,T4b,R,720575941567723378,0,-8,connectivity_candidate,False,0.0275318444
720575941579895673,T4b,R,720575941509572702,5,13,connectivity_candidate,False,0.0301970937
720575941579905913,T4b,R,720575941478225376,-9,-13,connectivity_candidate,True,0.805178341
720575941580037753,T4b,R,720575941475226976,5,6,connectivity_candidate,False,0.0333338976
720575941580066169,T4b,R,720575941574059592,-6,2,connectivity_candidate,False,0.027191575
720575941580081017,T4b,R,720575941592049259,-9,-17,connectivity_candidate,True,0.826510163
720575941580440441,T4b,R,720575941634143173,9,5,connectivity_candidate,False,0.0334625102
720575941580578937,T4b,R,720575941568671220,1,0,connectivity_candidate,False,0.0347488799
720575941581003765,T4b,R,720575941546953049,-4,-4,connectivity_candidate,False,0.0378178896
720575941582765407,T4b,R,720575941517850072,-3,-1,connectivity_candidate,False,0.0376685339
720575941582767967,T4b,R,720575941643728328,6,17,connectivity_candidate,False,0.706663857
720575941582776159,T4b,R,720575941473907259,-5,5,connectivity_candidate,False,0.025175342
720575941583279967,T4b,R,720575941472912682,1,-3,connectivity_candidate,False,0.0338288094
720575941584103046,T4b,R,720575941430873737,-4,0,connectivity_candidate,False,0.0394822793
720575941584371934,T4b,R,720575941545050217,9,6,connectivity_candidate,False,0.0332858181
720575941584383198,T4b,R,720575941577626705,-12,-11,connectivity_candidate,False,0.280173196
720575941584692446,T4b,R,720575941533099352,12,7,connectivity_candidate,False,0.0328904304
720575941586004702,T4b,R,720575941528563801,-4,-9,connectivity_candidate,False,0.0295438984
720575941587159174,T4b,R,,,,unassigned,False,
720575941587280196,T4b,R,720575941598171525,-13,-13,connectivity_candidate,True,0.842709318
720575941587319108,T4b,R,,,,unassigned,False,
720575941587856964,T4b,R,720575941479283395,-12,1,connectivity_candidate,True,0.809165171
720575941587870276,T4b,R,720575941606137709,-5,-13,connectivity_candidate,True,0.826931343
720575941587883332,T4b,R,720575941579235061,-4,-16,connectivity_candidate,False,0.127473099
720575941588247607,T4b,R,720575941411300719,4,5,connectivity_candidate,False,0.0333561092
720575941588951550,T4b,R,720575941514175747,-13,-10,connectivity_candidate,False,0.28002066
720575941589412606,T4b,R,720575941476533866,5,-6,connectivity_candidate,False,0.0398518134
720575941589696652,T4b,R,720575941502303319,12,17,connectivity_candidate,False,0.0408595583
720575941590065804,T4b,R,720575941464858381,10,-7,connectivity_candidate,False,0.0552292536
720575941591661931,T4b,R,720575941538876565,6,2,connectivity_candidate,False,0.0342421864
720575941591693352,T4b,R,720575941550683425,0,-13,connectivity_candidate,False,0.151248246
720575941591772523,T4b,R,720575941475434289,13,19,connectivity_candidate,False,0.0455080837
720575941591784043,T4b,R,,,,unassigned,False,
720575941591819371,T4b,R,720575941621787263,15,7,connectivity_candidate,False,0.0316006488
720575941591846763,T4b,R,720575941558033828,7,10,connectivity_candidate,False,0.0328981002
720575941591918443,T4b,R,720575941506798686,-9,-1,connectivity_candidate,True,0.577887826
720575941592051819,T4b,R,720575941448601181,-8,6,connectivity_candidate,False,0.501253387
720575941592986070,T4b,R,720575941631305510,0,-3,connectivity_candidate,False,0.0340169745
720575941592991190,T4b,R,720575941547667644,-9,-11,connectivity_candidate,False,0.277746564
720575941593182422,T4b,R,720575941545862580,3,11,connectivity_candidate,False,0.0312125261
720575941593354535,T4b,R,720575941503397099,-13,-4,connectivity_candidate,True,0.876110694
720575941593356325,T4b,R,720575941475241568,4,1,connectivity_candidate,False,0.0342696956
720575941593428694,T4b,R,,,,unassigned,False,
720575941593489957,T4b,R,720575941431583758,-1,9,connectivity_candidate,False,0.0297874615
720575941593611557,T4b,R,720575941531646339,8,12,connectivity_candidate,False,0.0332758273
720575941593627687,T4b,R,720575941624209610,6,8,connectivity_candidate,False,0.0320668118
720575941593640485,T4b,R,720575941555865764,7,18,connectivity_candidate,True,0.752583615
720575941593647653,T4b,R,720575941481743546,-16,-12,connectivity_candidate,False,0.280456926
720575941593901681,T4b,R,720575941452073038,0,-9,connectivity_candidate,False,0.0242699593
720575941594006311,T4b,R,720575941602000569,12,-2,connectivity_candidate,False,0.052857621
720575941594106407,T4b,R,720575941704853722,12,0,connectivity_candidate,False,0.0330327176
720575941594575318,T4b,R,720575941512072145,-3,6,connectivity_candidate,False,0.0128903403
720575941594625393,T4b,R,720575941539187033,-3,-10,connectivity_candidate,False,0.0252710281
720575941594726021,T4b,R,720575941721626170,-9,-4,connectivity_candidate,False,0.048639735
720575941594876037,T4b,R,720575941618727893,15,10,connectivity_candidate,True,0.960726553
720575941595207019,T4b,R,720575941644506488,10,3,connectivity_candidate,False,0.03325799
720575941595444337,T4b,R,720575941469118583,-5,-16,connectivity_candidate,True,0.848785665
720575941595675292,T4b,R,720575941516110739,3,-5,connectivity_candidate,False,0.0349916334
720575941596483740,T4b,R,720575941540122005,-4,-5,connectivity_candidate,False,0.0367141832
720575941596541852,T4b,R,720575941473378090,8,-4,connectivity_candidate,False,0.0417653075
720575941596556700,T4b,R,720575941542903301,-8,-13,connectivity_candidate,True,0.812737139
720575941596654492,T4b,R,720575941491740366,0,0,connectivity_candidate,False,0.0357384969
720575941596711207,T4b,R,720575941540868125,-14,-14,connectivity_candidate,False,0.335376271
720575941596756160,T4b,R,720575941393983236,11,9,connectivity_candidate,False,0.0320279013
720575941597017244,T4b,R,720575941493638526,4,17,connectivity_candidate,True,1.16734493
720575941597027996,T4b,R,720575941482199805,4,14,connectivity_candidate,False,0.437494638
720575941598013340,T4b,R,720575941574438409,0,-15,connectivity_candidate,True,0.505982837
720575941598714048,T4b,R,720575941633116832,0,-10,connectivity_candidate,False,0.0212338199
720575941598731305,T4b,R,720575941451301447,-5,-1,connectivity_candidate,False,0.0407650234
720575941598769961,T4b,R,720575941612417299,2,-7,connectivity_candidate,False,0.0332274597
720575941598933289,T4b,R,720575941439202322,-7,9,connectivity_candidate,False,0.505051437
720575941599018537,T4b,R,720575941701167578,-12,-8,connectivity_candidate,False,0.069122189
720575941599341609,T4b,R,720575941660131096,10,-5,connectivity_candidate,False,0.0495098015
720575941601688105,T4b,R,720575941509819777,6,15,connectivity_candidate,False,0.410825989
720575941601989817,T4b,R,720575941548121889,11,10,connectivity_candidate,False,0.0318415242
720575941602018294,T4b,R,720575941627340443,8,11,connectivity_candidate,False,0.0335218129
720575941602050294,T4b,R,720575941592180843,-3,0,connectivity_candidate,False,0.0367315506
720575941602114294,T4b,R,720575941527686054,12,12,connectivity_candidate,False,0.0337850055
720575941602230774,T4b,R,720575941478880321,7,8,connectivity_candidate,False,0.033636198
720575941602618297,T4b,R,720575941486259778,10,1,connectivity_candidate,False,0.0351520397
720575941603131070,T4b,R,720575941558454031,6,-8,connectivity_candidate,False,0.0443337487
720575941603924158,T4b,R,720575941661981052,-4,-13,connectivity_candidate,False,0.0990069919
720575941605158646,T4b,R,720575941433767639,-1,7,connectivity_candidate,False,0.0217219257
720575941605690221,T4b,R,720575941538985187,7,2,connectivity_candidate,False,0.0343482257
720575941606054509,T4b,R,720575941508908560,-10,8,connectivity_candidate,False,0.614755639
720575941606222957,T4b,R,720575941518916012,-8,-4,connectivity_candidate,False,0.0457130226
720575941606415725,T4b,R,720575941625323772,13,2,connectivity_candidate,False,0.0332093547
720575941609097034,T4b,R,720575941558336238,-8,3,connectivity_candidate,False,0.494031485
720575941609340234,T4b,R,720575941613929881,-2,10,connectivity_candidate,False,0.0358440038
720575941609423690,T4b,R,720575941527515268,-9,6,connectivity_candidate,False,0.505163525
720575941609585129,T4b,R,720575941426189908,11,16,connectivity_candidate,False,0.0374458335
720575941609723466,T4b,R,720575941626068793,9,-6,connectivity_candidate,False,0.0539572491
720575941610160045,T4b,R,720575941618370431,-8,-17,connectivity_candidate,True,0.833876957
720575941610171053,T4b,R,720575941463417284,10,8,connectivity_candidate,False,0.0320968781
720575941610307430,T4b,R,720575941561564787,0,-1,connectivity_candidate,False,0.0351226296
720575941610344678,T4b,R,720575941412395179,5,8,connectivity_candidate,False,0.104714758
720575941610386662,T4b,R,,,,unassigned,False,
720575941610668262,T4b,R,720575941534548506,1,-9,connectivity_candidate,False,0.0256138479
720575941610798054,T4b,R,720575941479237711,6,-2,connectivity_candidate,False,0.0364098419
720575941611356892,T4b,R,720575941557017252,3,-11,connectivity_candidate,False,0.0497346097
720575941611378652,T4b,R,720575941572228091,2,-4,connectivity_candidate,False,0.0336921091
720575941611549404,T4b,R,720575941451190109,16,7,connectivity_candidate,False,0.029389334
720575941611633628,T4b,R,720575941506946398,-11,-7,connectivity_candidate,False,0.0602215728
720575941611724902,T4b,R,720575941505806386,-7,-9,connectivity_candidate,False,0.0346172391
720575941611954908,T4b,R,720575941584400094,-7,3,connectivity_candidate,False,0.494663451
720575941612601107,T4b,R,720575941450991797,-1,10,connectivity_candidate,False,0.0356016086
720575941612683241,T4b,R,720575941569344626,12,11,connectivity_candidate,False,0.0329682921
720575941613695385,T4b,R,720575941643973576,16,12,connectivity_candidate,False,0.104518835
720575941613721753,T4b,R,720575941500241633,5,10,connectivity_candidate,False,0.0347321927
720575941613723801,T4b,R,720575941414421393,7,13,connectivity_candidate,False,0.0322934163
720575941614832348,T4b,R,720575941394657174,-1,8,connectivity_candidate,False,0.0269141236
720575941615675349,T4b,R,720575941409700526,11,13,connectivity_candidate,False,0.0301362066
720575941615930581,T4b,R,720575941451143751,-10,2,connectivity_candidate,False,0.292475292
720575941616314325,T4b,R,720575941409603243,-9,-6,connectivity_candidate,False,0.0479111255
720575941617170389,T4b,R,720575941467830493,-1,-9,connectivity_candidate,False,0.0249614893
720575941618034047,T4b,R,720575941479380131,-5,2,connectivity_candidate,False,0.0360359089
720575941618229631,T4b,R,720575941475297054,8,13,connectivity_candidate,False,0.0331420326
720575941618231167,T4b,R,720575941596955292,-4,10,connectivity_candidate,False,0.0390809597
720575941618233215,T4b,R,720575941436543788,2,13,connectivity_candidate,False,0.0378435908
720575941618598015,T4b,R,720575941458307056,2,-5,connectivity_candidate,False,0.0330221461
720575941618704255,T4b,R,720575941561374702,9,2,connectivity_candidate,False,0.0345482883
720575941618719871,T4b,R,720575941591626859,-1,-11,connectivity_candidate,False,0.0152096191
720575941618720213,T4b,R,720575941528138754,7,-2,connectivity_candidate,False,0.0371324826
720575941618770047,T4b,R,720575941577172879,2,-3,connectivity_candidate,False,0.0338940096
720575941622490876,T4b,R,720575941469685312,-11,4,connectivity_candidate,True,1.09055081
720575941622572540,T4b,R,720575941522504627,-2,8,connectivity_candidate,False,0.0265082524
720575941622648316,T4b,R,720575941687282294,5,15,connectivity_candidate,False,0.414758824
720575941622879228,T4b,R,720575941497802658,3,2,connectivity_candidate,False,0.0340441711
720575941622982652,T4b,R,720575941596664945,-16,-13,connectivity_candidate,True,0.842185165
720575941624049610,T4b,R,720575941521708279,-6,-2,connectivity_candidate,False,0.0425696643
720575941624104091,T4b,R,720575941412634769,-3,10,connectivity_candidate,False,0.0391189641
720575941624107978,T4b,R,720575941403213936,0,16,connectivity_candidate,True,0.897806734
720575941624238188,T4b,R,720575941666769139,1,10,connectivity_candidate,False,0.0316450447
720575941624242796,T4b,R,720575941443050922,5,-4,connectivity_candidate,False,0.03693665
720575941624286922,T4b,R,720575941653440729,5,14,connectivity_candidate,False,0.0286923441
720575941624350875,T4b,R,720575941409775022,-13,-6,connectivity_candidate,False,0.21964102
720575941624484746,T4b,R,720575941457289968,14,12,connectivity_candidate,False,0.033743084
720575941624833644,T4b,R,,,,unassigned,False,
720575941624873610,T4b,R,720575941507636389,-6,-16,connectivity_candidate,True,0.842304416
720575941624917612,T4b,R,720575941536418058,10,-2,connectivity_candidate,False,0.0424016266
720575941626202169,T4b,R,720575941533472088,-9,5,connectivity_candidate,False,0.500446219
720575941626342457,T4b,R,720575941568391214,5,17,connectivity_candidate,True,0.830305285
720575941626747686,T4b,R,720575941565156455,3,-7,connectivity_candidate,False,0.0366414054
720575941626884810,T4b,R,720575941583036793,7,16,connectivity_candidate,False,0.411624797
720575941627775882,T4b,R,720575941553675777,16,9,connectivity_candidate,False,0.0221246844
720575941628282406,T4b,R,720575941448506446,4,-5,connectivity_candidate,False,0.0363103083
720575941629298146,T4b,R,720575941601980406,0,-5,connectivity_candidate,False,0.0325046513
720575941629365817,T4b,R,,,,unassigned,False,
720575941629366754,T4b,R,720575941429210799,-14,-2,connectivity_candidate,False,0.395172365
720575941629458914,T4b,R,720575941610710118,-9,-15,connectivity_candidate,True,0.820181495
720575941629490658,T4b,R,720575941409703598,6,12,connectivity_candidate,False,0.0318443698
720575941629493986,T4b,R,720575941701684186,10,12,connectivity_candidate,False,0.0331583443
720575941629772857,T4b,R,720575941507086977,-5,-17,connectivity_candidate,True,0.855445351
720575941630286316,T4b,R,720575941512360268,9,18,connectivity_candidate,False,0.410094712
720575941630753772,T4b,R,720575941409478447,-3,-16,connectivity_candidate,False,0.23889945
720575941631208389,T4b,R,720575941531745155,4,9,connectivity_candidate,False,0.030614676
720575941631294758,T4b,R,720575941512359500,-8,10,connectivity_candidate,True,1.11539783
720575941631554757,T4b,R,720575941535433394,-3,-13,connectivity_candidate,False,0.103099935
720575941631760315,T4b,R,720575941689896310,0,7,connectivity_candidate,False,0.0252156926
720575941631992763,T4b,R,720575941654374673,10,16,connectivity_candidate,False,0.0364813779
720575941632302523,T4b,R,720575941441128895,8,2,connectivity_candidate,False,0.0343378806
720575941632367291,T4b,R,720575941534061322,-8,9,connectivity_candidate,False,0.505359933
720575941636294261,T4b,R,720575941497810082,12,-1,connectivity_candidate,False,0.0462283629
720575941637231221,T4b,R,720575941561311603,-4,-8,connectivity_candidate,False,0.031649708
720575941637263989,T4b,R,720575941618628309,4,-9,connectivity_candidate,False,0.0452882441
720575941637270133,T4b,R,720575941525815652,6,-4,connectivity_candidate,False,0.0385791841
720575941637307253,T4b,R,720575941528484196,-2,7,connectivity_candidate,False,0.0171191861
720575941637319029,T4b,R,720575941400313891,4,16,connectivity_candidate,True,0.821653428
720575941637963637,T4b,R,720575941611968489,13,8,connectivity_candidate,False,0.0329131833
720575941637984629,T4b,R,720575941624060874,7,-1,connectivity_candidate,False,0.036209799
720575941637992821,T4b,R,720575941469633911,2,-12,connectivity_candidate,True,0.668576923
720575941638679327,T4b,R,720575941443560106,-9,-8,connectivity_candidate,False,0.0453776419
720575941638713887,T4b,R,720575941473329194,-5,-2,connectivity_candidate,False,0.0408378366
720575941638721567,T4b,R,720575941605566573,-8,-12,connectivity_candidate,True,0.808472758
720575941639019807,T4b,R,720575941505725490,14,16,connectivity_candidate,False,0.0390355563
720575941641843045,T4b,R,720575941433734542,3,9,connectivity_candidate,False,0.0302880061
720575941642941816,T4b,R,720575941434349326,-13,-8,connectivity_candidate,False,0.226075811
720575941643003000,T4b,R,720575941552210750,-6,1,connectivity_candidate,False,0.0353826571
720575941643352737,T4b,R,720575941554469092,-3,4,connectivity_candidate,False,0.0176711981
720575941643440033,T4b,R,720575941589414028,4,2,connectivity_candidate,False,0.034077381
720575941643569057,T4b,R,720575941656961816,-15,-10,connectivity_candidate,False,0.285142123
720575941644926113,T4b,R,720575941471509213,1,15,connectivity_candidate,False,0.037478919
720575941646198689,T4b,R,720575941533935626,-2,-15,connectivity_candidate,False,0.160128136
720575941646801569,T4b,R,720575941415753361,-10,-15,connectivity_candidate,True,0.816374887
720575941650253845,T4b,R,720575941448457821,-12,-4,connectivity_candidate,True,0.536662795
720575941650569457,T4b,R,720575941507180894,-1,1,connectivity_candidate,False,0.033194404
720575941650571505,T4b,R,720575941555382611,-10,4,connectivity_candidate,False,0.495589799
720575941650625265,T4b,R,720575941568781562,-6,-12,connectivity_candidate,False,0.0240561015
720575941650658069,T4b,R,720575941692184216,9,-4,connectivity_candidate,False,0.0443246678
720575941650851313,T4b,R,720575941538631373,3,6,connectivity_candidate,False,0.0350274239
720575941651230193,T4b,R,720575941600187945,8,7,connectivity_candidate,False,0.0347463044
720575941652317969,T4b,R,720575941536250851,2,-13,connectivity_candidate,True,0.484617759
720575941652463889,T4b,R,720575941465488406,15,5,connectivity_candidate,False,0.0321437819
720575941653237465,T4b,R,720575941439735503,-17,-6,connectivity_candidate,True,0.774604354
720575941653238745,T4b,R,720575941494691527,4,11,connectivity_candidate,False,0.032247574
720575941653577172,T4b,R,720575941578046033,-13,-7,connectivity_candidate,False,0.219349912
720575941656981016,T4b,R,720575941454843373,6,14,connectivity_candidate,False,0.0306648089
720575941657113424,T4b,R,720575941597459569,2,4,connectivity_candidate,False,0.0325642977
720575941657120080,T4b,R,720575941391433732,-7,-2,connectivity_candidate,False,0.0442874685
720575941657318168,T4b,R,720575941611517404,-2,3,connectivity_candidate,False,0.0249753224
720575941660520760,T4b,R,720575941454933485,-4,3,connectivity_candidate,False,0.0157959125
720575941660629560,T4b,R,720575941412981931,0,2,connectivity_candidate,False,0.0327826938
720575941660769336,T4b,R,720575941595209579,14,10,connectivity_candidate,False,0.0341456924
720575941661589628,T4b,R,720575941432472751,-10,-12,connectivity_candidate,False,0.282805736
720575941661849980,T4b,R,720575941478851552,-10,7,connectivity_candidate,True,0.577029107
720575941661857660,T4b,R,720575941494479047,-16,-7,connectivity_candidate,True,0.798195376
720575941666273267,T4b,R,720575941541150300,5,12,connectivity_candidate,False,0.0296447496
720575941668214449,T4b,R,720575941516205459,-5,-10,connectivity_candidate,False,0.028457001
720575941668382385,T4b,R,720575941514086243,-5,6,connectivity_candidate,False,0.486873229
720575941668612529,T4b,R,720575941484806662,3,-9,connectivity_candidate,False,0.044765413
720575941669416871,T4b,R,720575941621403263,-3,-9,connectivity_candidate,False,0.027878265
720575941670033831,T4b,R,720575941479379619,4,8,connectivity_candidate,False,0.0368612447
720575941679151805,T4b,R,720575941535082522,1,7,connectivity_candidate,False,0.0276375195
720575941679263677,T4b,R,720575941666768371,-15,-1,connectivity_candidate,True,1.16477525
720575941679823037,T4b,R,720575941621794431,-1,-10,connectivity_candidate,False,0.0211916646
720575941679824573,T4b,R,720575941481651139,4,-11,connectivity_candidate,True,0.58785552
720575941684727791,T4b,R,720575941450209914,9,16,connectivity_candidate,False,0.0377884014
720575941685845622,T4b,R,720575941439749676,9,9,connectivity_candidate,False,0.0372484048
720575941686032111,T4b,R,720575941487859206,-3,8,connectivity_candidate,False,0.0397396908
720575941686087407,T4b,R,720575941480588995,14,14,connectivity_candidate,False,0.0356471355
720575941686099439,T4b,R,720575941664277304,-1,11,connectivity_candidate,False,0.0373384356
720575941686130927,T4b,R,720575941517507032,-7,2,connectivity_candidate,False,0.72874331
720575941686803062,T4b,R,720575941597684357,-2,-11,connectivity_candidate,False,0.0154294044
720575941686958710,T4b,R,720575941527571588,-4,6,connectivity_candidate,False,0.00903661671
720575941686969100,T4b,R,720575941567677554,-11,-8,connectivity_candidate,False,0.116570801
720575941687065718,T4b,R,720575941497811399,9,7,connectivity_candidate,False,0.0336684682
720575941687228172,T4b,R,720575941612416275,0,-12,connectivity_candidate,False,0.150855887
720575941687342454,T4b,R,720575941412540564,2,-9,connectivity_candidate,False,0.580223991
720575941688443254,T4b,R,720575941527931012,4,-2,connectivity_candidate,False,0.0348186624
720575941688653019,T4b,R,720575941465397005,-5,-3,connectivity_candidate,False,0.0406742113
720575941689089944,T4b,R,720575941429638904,-5,7,connectivity_candidate,False,0.492790996
720575941689293208,T4b,R,720575941564715879,-9,-10,connectivity_candidate,False,0.251558127
720575941689346779,T4b,R,720575941611320540,4,3,connectivity_candidate,False,0.033821737
720575941701263578,T4b,R,720575941482200962,8,-1,connectivity_candidate,False,0.0367840731
720575941701468122,T4b,R,720575941470077451,13,9,connectivity_candidate,False,0.0325735568
720575941701586138,T4b,R,720575941534689985,-9,-2,connectivity_candidate,False,0.0494929641
720575941701946842,T4b,R,720575941505662021,6,6,connectivity_candidate,False,0.0339137597
720575941703021530,T4b,R,720575941630627052,-10,-1,connectivity_candidate,True,0.531393905
720575941721310266,T4b,R,720575941505834546,-3,-6,connectivity_candidate,False,0.0333468418
720575941721326650,T4b,R,720575941505556293,-9,-3,connectivity_candidate,False,0.0491065126
720575941721929530,T4b,R,720575941506538881,-5,-14,connectivity_candidate,True,0.835147773
720575941721933882,T4b,R,720575941554717668,1,-13,connectivity_candidate,False,0.154919474
720575941722739514,T4b,R,720575941479014465,-8,-11,connectivity_candidate,False,0.0414859657
720575941729875243,T4b,R,720575941556789796,7,14,connectivity_candidate,False,0.0313318805
720575941731385643,T4b,R,720575941449093813,9,3,connectivity_candidate,False,0.0337970857
720575941351178288,T4c,R,720575941505834546,-3,-6,connectivity_candidate,False,0.0333468418
720575941351191344,T4c,R,720575941451887482,-6,-8,connectivity_candidate,False,0.0351997404
720575941351390512,T4c,R,720575941541294109,0,11,connectivity_candidate,False,0.0353921869
720575941354179376,T4c,R,720575941540927773,2,16,connectivity_candidate,False,0.368560906
720575941391210756,T4c,R,720575941627788070,-6,11,connectivity_candidate,False,0.506292986
720575941391233284,T4c,R,720575941613929881,-2,10,connectivity_candidate,False,0.0358440038
720575941391444886,T4c,R,720575941597459569,2,4,connectivity_candidate,False,0.0325642977
720575941391445910,T4c,R,720575941660471096,7,-8,connectivity_candidate,True,0.932360407
720575941391485078,T4c,R,720575941576632463,0,3,connectivity_candidate,False,0.0308244143
720575941391537668,T4c,R,720575941414646044,8,-7,connectivity_candidate,False,0.0627845902
720575941393847812,T4c,R,720575941592623400,8,18,connectivity_candidate,True,0.750423311
720575941399994915,T4c,R,720575941641867807,-11,-10,connectivity_candidate,False,0.277043169
720575941403219824,T4c,R,720575941506798686,-9,-1,connectivity_candidate,True,0.577887826
720575941406661038,T4c,R,720575941479485263,5,9,connectivity_candidate,False,0.0348239361
720575941406809391,T4c,R,720575941505278277,-9,4,connectivity_candidate,False,0.497829521
720575941407164590,T4c,R,720575941476531818,5,-7,connectivity_candidate,False,0.0421988764
720575941407283118,T4c,R,720575941413302164,-7,-18,connectivity_candidate,True,0.847257559
720575941408387119,T4c,R,,,,unassigned,False,
720575941408682799,T4c,R,,,,unassigned,False,
720575941409438891,T4c,R,720575941575841800,-13,1,connectivity_candidate,True,1.13281837
720575941409717931,T4c,R,720575941631045573,12,-4,connectivity_candidate,True,0.623667097
720575941409878702,T4c,R,720575941597393344,10,5,connectivity_candidate,False,0.0333261557
720575941410795375,T4c,R,720575941634984379,-2,-8,connectivity_candidate,False,0.0286602298
720575941411034991,T4c,R,720575941615357660,-9,-18,connectivity_candidate,True,0.916504693
720575941411322479,T4c,R,720575941491435184,2,-11,connectivity_candidate,False,0.0530615449
720575941412587156,T4c,R,720575941540332693,1,-5,connectivity_candidate,False,0.0323803916
720575941412773291,T4c,R,720575941509499682,-4,8,connectivity_candidate,False,0.495795778
720575941412894356,T4c,R,720575941631094981,-6,7,connectivity_candidate,False,0.495763672
720575941412957588,T4c,R,720575941469976587,-8,-6,connectivity_candidate,False,0.0439943312
720575941413021841,T4c,R,720575941630042604,1,-8,connectivity_candidate,False,0.0294767527
720575941414625564,T4c,R,720575941627726886,-12,-9,connectivity_candidate,False,0.254933809
720575941414656284,T4c,R,720575941646621345,-2,-3,connectivity_candidate,False,0.0354532066
720575941415179036,T4c,R,720575941555382611,-10,4,connectivity_candidate,False,0.495589799
720575941415640977,T4c,R,720575941469685312,-11,4,connectivity_candidate,True,1.09055081
720575941425780308,T4c,R,720575941629967084,10,9,connectivity_candidate,False,0.0308639499
720575941426487892,T4c,R,720575941441128895,8,2,connectivity_candidate,False,0.0343378806
720575941429204655,T4c,R,720575941638886943,-8,-3,connectivity_candidate,False,0.0463705731
720575941429218145,T4c,R,720575941482337359,-5,-4,connectivity_candidate,False,0.0397745319
720575941429296303,T4c,R,720575941613897881,-1,5,connectivity_candidate,False,0.0241202132
720575941429439480,T4c,R,720575941515284115,-13,-15,connectivity_candidate,False,0.343491278
720575941429687544,T4c,R,720575941502372914,11,4,connectivity_candidate,False,0.0333792282
720575941429791329,T4c,R,720575941448457821,-12,-4,connectivity_candidate,True,0.536662795
720575941430068833,T4c,R,,,,unassigned,False,
720575941430182241,T4c,R,720575941503372171,1,-1,connectivity_candidate,False,0.0344206411
720575941430347361,T4c,R,720575941505556293,-9,-3,connectivity_candidate,False,0.0491065126
720575941430657377,T4c,R,720575941469633911,2,-12,connectivity_candidate,True,0.668576923
720575941431145230,T4c,R,720575941451980922,-6,-3,connectivity_candidate,False,0.0421605189
720575941431153678,T4c,R,720575941568124263,-14,-8,connectivity_candidate,False,0.219776281
720575941431219982,T4c,R,720575941605566573,-8,-12,connectivity_candidate,True,0.808472758
720575941431787790,T4c,R,720575941470077451,13,9,connectivity_candidate,False,0.0325735568
720575941431805710,T4c,R,720575941553699355,13,7,connectivity_candidate,False,0.0327339234
720575941431832590,T4c,R,720575941559641359,13,0,connectivity_candidate,False,0.0273726972
720575941432331951,T4c,R,720575941533336152,-15,-15,connectivity_candidate,False,0.334115488
720575941432980577,T4c,R,720575941611660390,-8,-14,connectivity_candidate,True,0.820711304
720575941433745806,T4c,R,720575941502111575,16,13,connectivity_candidate,True,0.991874363
720575941434273056,T4c,R,720575941457289968,14,12,connectivity_candidate,False,0.033743084
720575941434714912,T4c,R,720575941464858381,10,-7,connectivity_candidate,False,0.0552292536
720575941436645006,T4c,R,720575941656316628,11,-2,connectivity_candidate,False,0.045953253
720575941437096466,T4c,R,720575941472912682,1,-3,connectivity_candidate,False,0.0338288094
720575941437134354,T4c,R,720575941569359918,10,13,connectivity_candidate,False,0.033149092
720575941437481535,T4c,R,720575941661981052,-4,-13,connectivity_candidate,False,0.0990069919
720575941437507647,T4c,R,720575941489809358,-7,-4,connectivity_candidate,False,0.0431247168
720575941437921503,T4c,R,720575941689192204,-14,-5,connectivity_candidate,True,0.781588701
720575941438055999,T4c,R,720575941479171151,1,-11,connectivity_candidate,False,0.0491240528
720575941438164703,T4c,R,720575941412540308,11,-3,connectivity_candidate,False,0.0485841516
720575941438323167,T4c,R,720575941543311109,14,1,connectivity_candidate,False,0.023321006
720575941438346837,T4c,R,720575941641668965,11,1,connectivity_candidate,False,0.0346243067
720575941439060821,T4c,R,720575941653479129,8,-5,connectivity_candidate,False,0.0438185831
720575941439473855,T4c,R,720575941568024110,-17,-13,connectivity_candidate,True,0.844531764
720575941439701595,T4c,R,720575941577626705,-12,-11,connectivity_candidate,False,0.280173196
720575941439709019,T4c,R,720575941558453805,-14,-13,connectivity_candidate,True,0.84005628
720575941439756891,T4c,R,720575941613063910,-7,-3,connectivity_candidate,False,0.0437867443
720575941439780187,T4c,R,720575941473907259,-5,5,connectivity_candidate,False,0.025175342
720575941439806555,T4c,R,720575941493070567,-11,1,connectivity_candidate,False,0.259438734
720575941439927387,T4c,R,720575941412395179,5,8,connectivity_candidate,False,0.104714758
720575941439965275,T4c,R,,,,unassigned,False,
720575941440520143,T4c,R,720575941497802658,3,2,connectivity_candidate,False,0.0340441711
720575941440803039,T4c,R,720575941525677337,-3,11,connectivity_candidate,False,0.0352441748
720575941442354779,T4c,R,720575941730515243,-8,-10,connectivity_candidate,False,0.0317154652
720575941443335850,T4c,R,720575941652155409,-15,-11,connectivity_candidate,False,0.283613995
720575941443352746,T4c,R,720575941548757364,-6,3,connectivity_candidate,False,0.484488916
720575941443361962,T4c,R,720575941564910183,-11,7,connectivity_candidate,False,0.568386835
720575941443679402,T4c,R,720575941611541478,14,4,connectivity_candidate,False,0.0328607272
720575941446313748,T4c,R,720575941612791114,-15,-2,connectivity_candidate,True,1.12683013
720575941446612244,T4c,R,720575941626057529,-3,-12,connectivity_candidate,False,0.0879760523
720575941447815861,T4c,R,720575941611968489,13,8,connectivity_candidate,False,0.0329131833
720575941448289373,T4c,R,720575941533097394,-12,-16,connectivity_candidate,True,0.822360715
720575941448537934,T4c,R,720575941538631373,3,6,connectivity_candidate,False,0.0350274239
720575941448541262,T4c,R,720575941518874540,2,0,connectivity_candidate,False,0.0343125339
720575941448643165,T4c,R,,,,unassigned,False,
720575941448767822,T4c,R,,,,unassigned,False,
720575941448810318,T4c,R,720575941517264131,8,14,connectivity_candidate,False,0.0339827844
720575941449953658,T4c,R,720575941537455843,3,5,connectivity_candidate,False,0.0332906611
720575941449956218,T4c,R,720575941656961816,-15,-10,connectivity_candidate,False,0.285142123
720575941450208890,T4c,R,720575941660421712,-15,-6,connectivity_candidate,False,0.158707653
720575941450574970,T4c,R,720575941511229906,-2,-10,connectivity_candidate,False,0.0230800217
720575941450656122,T4c,R,720575941556774401,-16,-6,connectivity_candidate,True,0.797681783
720575941450694010,T4c,R,720575941535047706,3,-12,connectivity_candidate,True,0.623795428
720575941450727034,T4c,R,720575941561574771,10,4,connectivity_candidate,False,0.0334820868
720575941450754375,T4c,R,720575941497512161,-1,-8,connectivity_candidate,False,0.0277704164
720575941450769991,T4c,R,720575941478225376,-9,-13,connectivity_candidate,True,0.805178341
720575941450884679,T4c,R,720575941539233768,0,6,connectivity_candidate,False,0.0258325859
720575941450914631,T4c,R,720575941517395449,3,3,connectivity_candidate,False,0.0335822276
720575941451324073,T4c,R,720575941512072145,-3,6,connectivity_candidate,False,0.0128903403
720575941451379015,T4c,R,720575941503117618,-18,-9,connectivity_candidate,True,0.583518277
720575941451639465,T4c,R,720575941547774652,-15,-7,connectivity_candidate,False,0.149963676
720575941452978483,T4c,R,720575941429638904,-5,7,connectivity_candidate,False,0.492790996
720575941453155891,T4c,R,720575941475434289,13,19,connectivity_candidate,False,0.0455080837
720575941453222195,T4c,R,720575941456842224,2,10,connectivity_candidate,False,0.0308837672
720575941453255475,T4c,R,720575941606079678,-12,-5,connectivity_candidate,False,0.0673372411
720575941453400698,T4c,R,720575941409775022,-13,-6,connectivity_candidate,False,0.21964102
720575941453556531,T4c,R,720575941538876565,6,2,connectivity_candidate,False,0.0342421864
720575941454739437,T4c,R,720575941527904612,8,8,connectivity_candidate,False,0.035258318
720575941454764525,T4c,R,720575941489315273,-4,5,connectivity_candidate,False,0.00975209272
720575941454956781,T4c,R,720575941412634769,-3,10,connectivity_candidate,False,0.0391189641
720575941456852976,T4c,R,720575941393983236,11,9,connectivity_candidate,False,0.0320279013
720575941457424368,T4c,R,720575941563810962,-1,-16,connectivity_candidate,False,0.252622849
720575941457854879,T4c,R,720575941592927446,-1,-14,connectivity_candidate,False,0.156422065
720575941458131270,T4c,R,720575941554193982,0,4,connectivity_candidate,False,0.0290410871
720575941458545133,T4c,R,720575941690137612,7,15,connectivity_candidate,False,0.0309184895
720575941459413971,T4c,R,720575941619635071,13,13,connectivity_candidate,False,0.0349934811
720575941459748051,T4c,R,720575941561374702,9,2,connectivity_candidate,False,0.0345482883
720575941459770564,T4c,R,720575941525139481,-5,-5,connectivity_candidate,False,0.0387945304
720575941460360080,T4c,R,720575941528316548,5,0,connectivity_candidate,False,0.0346612981
720575941460414879,T4c,R,720575941476533866,5,-6,connectivity_candidate,False,0.0398518134
720575941460452804,T4c,R,720575941479236943,9,-5,connectivity_candidate,False,0.0459781059
720575941460647312,T4c,R,720575941644001224,17,6,connectivity_candidate,False,0.0310300969
720575941461967629,T4c,R,720575941573624207,-18,-8,connectivity_candidate,True,0.744226677
720575941465198166,T4c,R,720575941557605604,3,15,connectivity_candidate,False,0.0547285222
720575941465594646,T4c,R,720575941626518073,0,-11,connectivity_candidate,False,0.0167497743
720575941465841174,T4c,R,720575941502166507,-14,-10,connectivity_candidate,False,0.283551316
720575941466104086,T4c,R,720575941666769139,1,10,connectivity_candidate,False,0.0316450447
720575941467870941,T4c,R,720575941439697964,-10,-13,connectivity_candidate,True,0.687632277
720575941468382429,T4c,R,720575941624475274,-7,8,connectivity_candidate,False,0.504098325
720575941469000726,T4c,R,720575941655705049,-11,-4,connectivity_candidate,False,0.0615953064
720575941469203063,T4c,R,720575941503323698,-13,-17,connectivity_candidate,True,1.07656058
720575941469472887,T4c,R,720575941478439220,-12,-14,connectivity_candidate,False,0.345755744
720575941469493367,T4c,R,720575941624528236,9,19,connectivity_candidate,False,0.44517509
720575941469768459,T4c,R,720575941525675289,-6,9,connectivity_candidate,False,0.50526016
720575941469883712,T4c,R,,,,unassigned,False,
720575941470001984,T4c,R,720575941634168005,1,-2,connectivity_candidate,False,0.0341400623
720575941470002807,T4c,R,720575941618799487,5,1,connectivity_candidate,False,0.0344119066
720575941470011712,T4c,R,720575941601796905,17,8,connectivity_candidate,False,0.026693969
720575941470040843,T4c,R,720575941443679951,1,-10,connectivity_candidate,False,0.0220829753
720575941470097472,T4c,R,720575941443054506,10,7,connectivity_candidate,False,0.0328323584
720575941471937120,T4c,R,,,,unassigned,False,
720575941472420727,T4c,R,720575941471509213,1,15,connectivity_candidate,False,0.037478919
720575941472983594,T4c,R,720575941572830473,-6,-10,connectivity_candidate,False,0.0310975217
720575941473027882,T4c,R,,,,unassigned,False,
720575941473072704,T4c,R,720575941587606084,-13,-1,connectivity_candidate,False,0.455345766
720575941473118506,T4c,R,720575941515756634,13,10,connectivity_candidate,False,0.0330607916
720575941473432362,T4c,R,720575941454104233,14,2,connectivity_candidate,False,0.0312163169
720575941473509984,T4c,R,720575941650365717,13,1,connectivity_candidate,False,0.0303592839
720575941473573435,T4c,R,720575941627478986,3,4,connectivity_candidate,False,0.0332480756
720575941473685563,T4c,R,720575941507980604,15,16,connectivity_candidate,True,1.02186396
720575941474605108,T4c,R,720575941514712979,11,11,connectivity_candidate,False,0.0325702656
720575941474761537,T4c,R,720575941439749676,9,9,connectivity_candidate,False,0.0372484048
720575941475128635,T4c,R,720575941528257720,-10,3,connectivity_candidate,False,0.289292249
720575941475362590,T4c,R,720575941637710197,-2,-2,connectivity_candidate,False,0.0365996554
720575941475375409,T4c,R,720575941520867767,5,11,connectivity_candidate,False,0.032751158
720575941475469873,T4c,R,720575941432472751,-10,-12,connectivity_candidate,False,0.282805736
720575941475476510,T4c,R,720575941476051764,-9,0,connectivity_candidate,False,0.377035333
720575941475575604,T4c,R,720575941651625233,-10,-10,connectivity_candidate,True,0.942414257
720575941475700785,T4c,R,720575941621787263,15,7,connectivity_candidate,False,0.0316006488
720575941475742238,T4c,R,720575941574438409,0,-15,connectivity_candidate,True,0.505982837
720575941475752990,T4c,R,720575941613820333,-4,4,connectivity_candidate,False,0.0139327929
720575941475945258,T4c,R,720575941414646812,9,-7,connectivity_candidate,False,0.0566849353
720575941475949377,T4c,R,720575941523141043,-1,15,connectivity_candidate,False,0.318519918
720575941475955777,T4c,R,720575941585656710,2,12,connectivity_candidate,False,0.0344650066
720575941476334132,T4c,R,720575941577172879,2,-3,connectivity_candidate,False,0.0338940096
720575941476414529,T4c,R,720575941486259778,10,1,connectivity_candidate,False,0.0351520397
720575941476702314,T4c,R,720575941624351882,-3,7,connectivity_candidate,False,0.0137413915
720575941477171050,T4c,R,720575941594234737,11,19,connectivity_candidate,False,0.0875857077
720575941477234794,T4c,R,720575941575831990,6,-7,connectivity_candidate,False,0.043487033
720575941478696160,T4c,R,720575941613749933,10,14,connectivity_candidate,False,0.0339054695
720575941478818434,T4c,R,720575941606164589,-11,-17,connectivity_candidate,True,0.821420694
720575941478986464,T4c,R,720575941633116832,0,-10,connectivity_candidate,False,0.0212338199
720575941479046307,T4c,R,720575941629225017,14,15,connectivity_candidate,True,0.970080449
720575941479091363,T4c,R,720575941613599718,15,8,connectivity_candidate,True,0.841287695
720575941479351170,T4c,R,720575941472465015,12,1,connectivity_candidate,False,0.033630701
720575941479513423,T4c,R,720575941481743546,-16,-12,connectivity_candidate,False,0.280456926
720575941479635619,T4c,R,720575941644506488,10,3,connectivity_candidate,False,0.03325799
720575941479637667,T4c,R,720575941625323772,13,2,connectivity_candidate,False,0.0332093547
720575941479918186,T4c,R,720575941414206868,9,-3,connectivity_candidate,False,0.0424637911
720575941480129219,T4c,R,720575941595209579,14,10,connectivity_candidate,False,0.0341456924
720575941481657030,T4c,R,720575941525348429,0,13,connectivity_candidate,False,0.0431103135
720575941481740162,T4c,R,720575941624553418,-14,-4,connectivity_candidate,True,0.785540768
720575941481762557,T4c,R,720575941405961584,-5,-11,connectivity_candidate,False,0.0266858973
720575941481771261,T4c,R,720575941443050922,5,-4,connectivity_candidate,False,0.03693665
720575941481928701,T4c,R,720575941575252623,1,4,connectivity_candidate,False,0.0313771181
720575941482046973,T4c,R,720575941437783007,-8,2,connectivity_candidate,False,0.15722166
720575941482656253,T4c,R,720575941517207443,9,1,connectivity_candidate,False,0.0358709167
720575941483249594,T4c,R,,,,unassigned,False,
720575941483584195,T4c,R,720575941413964692,12,6,connectivity_candidate,False,0.0330160027
720575941484568386,T4c,R,720575941439177183,-6,-14,connectivity_candidate,True,0.829898796
720575941484789389,T4c,R,720575941533864114,-12,-7,connectivity_candidate,False,0.060747298
720575941484833286,T4c,R,720575941439831503,-9,-9,connectivity_candidate,False,0.0480010493
720575941484882886,T4c,R,720575941651072241,5,-9,connectivity_candidate,False,0.0449961744
720575941484919738,T4c,R,720575941476532074,6,-6,connectivity_candidate,False,0.0419614371
720575941485117190,T4c,R,720575941410754415,-15,-13,connectivity_candidate,True,0.841198543
720575941485127686,T4c,R,720575941494706814,-12,0,connectivity_candidate,False,0.455208191
720575941485243789,T4c,R,,,,unassigned,False,
720575941485423366,T4c,R,720575941497416009,4,-4,connectivity_candidate,False,0.0357548385
720575941486016322,T4c,R,720575941469118583,-5,-16,connectivity_candidate,True,0.848785665
720575941486036432,T4c,R,720575941548441149,-7,7,connectivity_candidate,False,0.500934538
720575941486234064,T4c,R,720575941459725267,3,14,connectivity_candidate,False,0.0663008527
720575941486558416,T4c,R,720575941538268392,14,13,connectivity_candidate,False,0.0337950971
720575941486641616,T4c,R,720575941533099352,12,7,connectivity_candidate,False,0.0328904304
720575941486642128,T4c,R,720575941540598108,3,17,connectivity_candidate,True,1.16456226
720575941488540469,T4c,R,720575941478058545,-1,-7,connectivity_candidate,False,0.0298797504
720575941488683829,T4c,R,720575941734098475,5,5,connectivity_candidate,False,0.033525996
720575941488724021,T4c,R,720575941456101535,7,7,connectivity_candidate,False,0.0343263325
720575941488835785,T4c,R,720575941516110739,3,-5,connectivity_candidate,False,0.0349916334
720575941488876233,T4c,R,720575941644280440,-5,-12,connectivity_candidate,False,0.0233340211
720575941489503438,T4c,R,,,,unassigned,False,
720575941489524428,T4c,R,720575941544503581,-12,-2,connectivity_candidate,False,0.694133303
720575941489561545,T4c,R,720575941579855481,6,-1,connectivity_candidate,False,0.0354773796
720575941489803982,T4c,R,720575941517727960,11,18,connectivity_candidate,False,0.0354193036
720575941489860558,T4c,R,,,,unassigned,False,
720575941489966311,T4c,R,720575941549781620,-14,-12,connectivity_candidate,False,0.285649791
720575941490047180,T4c,R,720575941433303649,16,10,connectivity_candidate,False,0.385701269
720575941491472048,T4c,R,720575941589414028,4,2,connectivity_candidate,False,0.034077381
720575941491592398,T4c,R,,,,unassigned,False,
720575941491648053,T4c,R,720575941505591365,-4,-2,connectivity_candidate,False,0.0389768222
720575941491712821,T4c,R,720575941475297054,8,13,connectivity_candidate,False,0.0331420326
720575941491882160,T4c,R,720575941612307274,10,-6,connectivity_candidate,False,0.053016136
720575941491902128,T4c,R,720575941507404348,9,4,connectivity_candidate,False,0.0335973794
720575941492047536,T4c,R,720575941559349293,6,4,connectivity_candidate,False,0.033916881
720575941493838462,T4c,R,720575941534580568,3,-1,connectivity_candidate,False,0.0342911692
720575941493935998,T4c,R,720575941526906969,-3,-7,connectivity_candidate,False,0.0321501896
720575941494390983,T4c,R,720575941514169347,-2,4,connectivity_candidate,False,0.0225413155
720575941494743495,T4c,R,720575941556770817,4,-3,connectivity_candidate,False,0.0352443854
720575941494772167,T4c,R,,,,unassigned,False,
720575941494883527,T4c,R,720575941482588611,-1,-12,connectivity_candidate,False,0.131650586
720575941495443584,T4c,R,720575941503968962,7,-6,connectivity_candidate,False,0.0439410461
720575941496122752,T4c,R,720575941394870422,-7,-16,connectivity_candidate,True,0.832873548
720575941496371579,T4c,R,720575941439538523,1,5,connectivity_candidate,False,0.0302693572
720575941496470139,T4c,R,720575941459726291,-17,-8,connectivity_candidate,True,0.628888474
720575941496850594,T4c,R,720575941526337958,-11,-6,connectivity_candidate,False,0.0584562324
720575941496983675,T4c,R,720575941527636902,3,8,connectivity_candidate,False,0.0326843467
720575941497147977,T4c,R,720575941635133627,11,8,connectivity_candidate,False,0.0324672864
720575941497165129,T4c,R,720575941689383832,-15,-4,connectivity_candidate,True,0.733563675
720575941497592905,T4c,R,720575941554717668,1,-13,connectivity_candidate,False,0.154919474
720575941497681633,T4c,R,,,,unassigned,False,
720575941497885090,T4c,R,,,,unassigned,False,
720575941498404258,T4c,R,720575941481651139,4,-11,connectivity_candidate,True,0.58785552
720575941498440098,T4c,R,720575941505512471,9,12,connectivity_candidate,False,0.0335156669
720575941498449280,T4c,R,720575941554140755,14,9,connectivity_candidate,True,0.742237906
720575941498486144,T4c,R,720575941574913181,-7,10,connectivity_candidate,False,0.504676018
720575941499820923,T4c,R,720575941508908560,-10,8,connectivity_candidate,False,0.614755639
720575941499852155,T4c,R,720575941502315095,-9,-7,connectivity_candidate,False,0.0463684642
720575941500153483,T4c,R,720575941479014465,-8,-11,connectivity_candidate,False,0.0414859657
720575941500180363,T4c,R,720575941542703645,7,12,connectivity_candidate,False,0.0329449187
720575941500182923,T4c,R,720575941497811399,9,7,connectivity_candidate,False,0.0336684682
720575941500889483,T4c,R,720575941496367227,6,-10,connectivity_candidate,False,0.224637175
720575941500919787,T4c,R,720575941414533268,-13,-9,connectivity_candidate,False,0.284531131
720575941501888855,T4c,R,,,,unassigned,False,
720575941501959767,T4c,R,720575941561384942,13,5,connectivity_candidate,False,0.0329477386
720575941502293483,T4c,R,,,,unassigned,False,
720575941502466903,T4c,R,720575941559332111,0,-7,connectivity_candidate,False,0.0296437729
720575941502654002,T4c,R,720575941542903301,-8,-13,connectivity_candidate,True,0.812737139
720575941502674994,T4c,R,720575941514088547,10,11,connectivity_candidate,False,0.0325151992
720575941502680514,T4c,R,720575941535778314,-10,-11,connectivity_candidate,False,0.278155199
720575941502717122,T4c,R,720575941682429373,-14,0,connectivity_candidate,True,1.08000377
720575941502865202,T4c,R,720575941548094057,8,6,connectivity_candidate,False,0.0338901951
720575941503357527,T4c,R,720575941507086977,-5,-17,connectivity_candidate,True,0.855445351
720575941504384677,T4c,R,720575941687021580,-4,-3,connectivity_candidate,False,0.0386801662
720575941504497980,T4c,R,720575941574059592,-6,2,connectivity_candidate,False,0.027191575
720575941504568380,T4c,R,,,,unassigned,False,
720575941504576828,T4c,R,720575941453047347,4,13,connectivity_candidate,False,0.0318645836
720575941504592549,T4c,R,720575941600258345,0,14,connectivity_candidate,False,0.0379167919
720575941504622245,T4c,R,720575941503397099,-13,-4,connectivity_candidate,True,0.876110694
720575941505120535,T4c,R,720575941538919139,-7,-11,connectivity_candidate,False,0.0299464116
720575941505209157,T4c,R,720575941547951165,6,-5,connectivity_candidate,False,0.0399986153
720575941505241669,T4c,R,,,,unassigned,False,
720575941505401323,T4c,R,720575941577715126,15,6,connectivity_candidate,False,0.0312743346
720575941505650711,T4c,R,720575941475815466,-8,1,connectivity_candidate,False,0.336171647
720575941505743383,T4c,R,,,,unassigned,False,
720575941505756695,T4c,R,720575941538985187,7,2,connectivity_candidate,False,0.0343482257
720575941505770565,T4c,R,720575941425705812,3,-6,connectivity_candidate,False,0.0354907605
720575941506429730,T4c,R,720575941547880820,-11,-9,connectivity_candidate,False,0.270560904
720575941506458462,T4c,R,720575941650648817,4,12,connectivity_candidate,False,0.0292570173
720575941506640001,T4c,R,720575941666651379,1,2,connectivity_candidate,False,0.0335966073
720575941506642466,T4c,R,720575941394657174,-1,8,connectivity_candidate,False,0.0269141236
720575941506654814,T4c,R,720575941496161918,6,5,connectivity_candidate,False,0.0338877567
720575941506668894,T4c,R,720575941514208515,3,10,connectivity_candidate,False,0.0308573534
720575941506670209,T4c,R,720575941436428332,12,14,connectivity_candidate,False,0.0378605871
720575941506817409,T4c,R,720575941508670021,13,17,connectivity_candidate,False,0.0444951311
720575941506894721,T4c,R,720575941548439869,-11,2,connectivity_candidate,False,0.284713175
720575941506895710,T4c,R,720575941452073038,0,-9,connectivity_candidate,False,0.0242699593
720575941507104350,T4c,R,720575941479237711,6,-2,connectivity_candidate,False,0.0364098419
720575941507214721,T4c,R,720575941609450729,-9,-14,connectivity_candidate,True,0.811951016
720575941507223937,T4c,R,720575941527231654,3,-10,connectivity_candidate,False,0.0476164728
720575941508499728,T4c,R,720575941569344626,12,11,connectivity_candidate,False,0.0329682921
720575941508503056,T4c,R,720575941479169871,-2,-13,connectivity_candidate,False,0.131724685
720575941508563525,T4c,R,720575941570713082,-12,3,connectivity_candidate,True,1.06452994
720575941508687632,T4c,R,720575941430800087,15,11,connectivity_candidate,False,0.0352859756
720575941508695568,T4c,R,720575941505691973,15,12,connectivity_candidate,False,0.0348697365
720575941508788752,T4c,R,720575941570642290,-13,-2,connectivity_candidate,False,0.446771051
720575941509441630,T4c,R,720575941409612715,-11,-5,connectivity_candidate,False,0.0597508149
720575941509458978,T4c,R,720575941479810154,3,-3,connectivity_candidate,False,0.0342891797
720575941509519058,T4c,R,720575941609908457,8,10,connectivity_candidate,False,0.0320461574
720575941510121938,T4c,R,720575941554692999,-3,-18,connectivity_candidate,False,0.279644334
720575941511985617,T4c,R,720575941460073200,-2,-6,connectivity_candidate,False,0.0326871888
720575941512027089,T4c,R,720575941568671220,1,0,connectivity_candidate,False,0.0347488799
720575941512154444,T4c,R,720575941657495888,-10,-17,connectivity_candidate,True,0.823171631
720575941512208593,T4c,R,720575941462769860,12,5,connectivity_candidate,False,0.0331451879
720575941512402704,T4c,R,720575941509572702,5,13,connectivity_candidate,False,0.0301970937
720575941512445772,T4c,R,720575941488329734,8,5,connectivity_candidate,False,0.0337149039
720575941512554961,T4c,R,,,,unassigned,False,
720575941513159235,T4c,R,720575941479718307,3,-2,connectivity_candidate,False,0.0342826721
720575941513432529,T4c,R,720575941532348619,11,2,connectivity_candidate,False,0.0344335002
720575941513693795,T4c,R,720575941591626859,-1,-11,connectivity_candidate,False,0.0152096191
720575941513778179,T4c,R,720575941543901532,-2,1,connectivity_candidate,False,0.0334846065
720575941513936963,T4c,R,720575941394040836,-1,-13,connectivity_candidate,False,0.1396439
720575941513940835,T4c,R,720575941454843373,6,14,connectivity_candidate,False,0.0306648089
720575941513942874,T4c,R,720575941414421393,7,13,connectivity_candidate,False,0.0322934163
720575941513988698,T4c,R,720575941546953049,-4,-4,connectivity_candidate,False,0.0378178896
720575941513996122,T4c,R,720575941451301447,-5,-1,connectivity_candidate,False,0.0407650234
720575941514100058,T4c,R,720575941353990960,2,3,connectivity_candidate,False,0.033322301
720575941514958227,T4c,R,720575941602025769,4,10,connectivity_candidate,False,0.0297039771
720575941514975123,T4c,R,720575941513723139,-16,-8,connectivity_candidate,False,0.0953146271
720575941515839555,T4c,R,720575941550683425,0,-13,connectivity_candidate,False,0.151248246
720575941516147779,T4c,R,720575941497786018,-11,-16,connectivity_candidate,True,0.821587751
720575941516732307,T4c,R,720575941618370431,-8,-17,connectivity_candidate,True,0.833876957
720575941517016492,T4c,R,720575941418121244,12,13,connectivity_candidate,False,0.0348770892
720575941517415340,T4c,R,720575941529782987,2,-14,connectivity_candidate,True,0.483617583
720575941517453016,T4c,R,720575941453514803,2,7,connectivity_candidate,False,0.0314752599
720575941517524952,T4c,R,720575941469982475,-14,-9,connectivity_candidate,False,0.226892041
720575941517637230,T4c,R,720575941516476995,-1,-17,connectivity_candidate,False,0.253388155
720575941517841754,T4c,R,720575941400314659,1,12,connectivity_candidate,False,0.0357516645
720575941518159982,T4c,R,720575941724485946,-13,-3,connectivity_candidate,False,0.347580531
720575941518485651,T4c,R,720575941482276943,5,-12,connectivity_candidate,True,0.899174603
720575941519305651,T4c,R,720575941553027719,-1,-2,connectivity_candidate,False,0.0351873941
720575941519372979,T4c,R,720575941689896310,0,7,connectivity_candidate,False,0.0252156926
720575941519392695,T4c,R,,,,unassigned,False,
720575941519822263,T4c,R,720575941557647070,-6,-9,connectivity_candidate,False,0.0334002515
720575941519940019,T4c,R,720575941533935626,-2,-15,connectivity_candidate,False,0.160128136
720575941521204215,T4c,R,720575941612985318,-15,-9,connectivity_candidate,False,0.291236465
720575941521218807,T4c,R,720575941597095463,0,8,connectivity_candidate,False,0.0256877214
720575941521265143,T4c,R,720575941468534358,-7,-5,connectivity_candidate,False,0.0425181138
720575941522572979,T4c,R,720575941554469092,-3,4,connectivity_candidate,False,0.0176711981
720575941522812491,T4c,R,720575941476828778,-8,0,connectivity_candidate,False,0.0610534687
720575941522862923,T4c,R,720575941572228091,2,-4,connectivity_candidate,False,0.0336921091
720575941522883403,T4c,R,720575941468469014,13,4,connectivity_candidate,False,0.0333367956
720575941522950731,T4c,R,720575941457994566,10,0,connectivity_candidate,False,0.0358821679
720575941524277239,T4c,R,720575941627756070,-9,7,connectivity_candidate,False,0.506432641
720575941524834562,T4c,R,720575941608830317,-13,-14,connectivity_candidate,False,0.342391255
720575941524915970,T4c,R,720575941625453052,-1,4,connectivity_candidate,False,0.0267398005
720575941525009508,T4c,R,720575941468238045,1,14,connectivity_candidate,False,0.0513659772
720575941525151053,T4c,R,720575941686845964,-11,-3,connectivity_candidate,False,0.483768045
720575941525338626,T4c,R,720575941485989840,4,-12,connectivity_candidate,False,0.345467511
720575941525458507,T4c,R,720575941692102107,-5,0,connectivity_candidate,False,0.0411392139
720575941525487693,T4c,R,720575941471563584,6,-11,connectivity_candidate,False,0.423697904
720575941525998502,T4c,R,720575941479283395,-12,1,connectivity_candidate,True,0.809165171
720575941526003787,T4c,R,720575941440450860,13,3,connectivity_candidate,False,0.0330499612
720575941526109606,T4c,R,720575941489741262,13,15,connectivity_candidate,False,0.0388749272
720575941526267558,T4c,R,,,,unassigned,False,
720575941526641318,T4c,R,720575941563887767,-15,-12,connectivity_candidate,False,0.285114286
720575941526687654,T4c,R,720575941475633438,8,3,connectivity_candidate,False,0.0340194745
720575941527723140,T4c,R,720575941552095515,10,-1,connectivity_candidate,False,0.0382857152
720575941527990200,T4c,R,720575941473329194,-5,-2,connectivity_candidate,False,0.0408378366
720575941528034232,T4c,R,720575941548121889,11,10,connectivity_candidate,False,0.0318415242
720575941528736900,T4c,R,720575941502324823,-7,-7,connectivity_candidate,False,0.0411690257
720575941529586123,T4c,R,720575941671203761,-11,-14,connectivity_candidate,False,0.374805575
720575941530271364,T4c,R,720575941524712439,13,6,connectivity_candidate,False,0.0327216143
720575941530825445,T4c,R,720575941660960568,-5,8,connectivity_candidate,False,0.496763252
720575941531175864,T4c,R,720575941653440729,5,14,connectivity_candidate,False,0.0286923441
720575941531404747,T4c,R,,,,unassigned,False,
720575941531584899,T4c,R,720575941629362233,2,-2,connectivity_candidate,False,0.034091952
720575941533124842,T4c,R,720575941482765391,-12,-13,connectivity_candidate,True,0.840409302
720575941533138410,T4c,R,720575941521708279,-6,-2,connectivity_candidate,False,0.0425696643
720575941533288682,T4c,R,720575941527686054,12,12,connectivity_candidate,False,0.0337850055
720575941533401578,T4c,R,720575941535081498,7,11,connectivity_candidate,False,0.0332872087
720575941533477464,T4c,R,720575941507180894,-1,1,connectivity_candidate,False,0.033194404
720575941533821016,T4c,R,720575941486453200,8,-6,connectivity_candidate,False,0.0464561735
720575941533885418,T4c,R,720575941460473744,4,15,connectivity_candidate,False,0.0716058349
720575941533895256,T4c,R,720575941479170639,15,2,connectivity_candidate,False,0.0210998272
720575941533981194,T4c,R,720575941631390917,11,14,connectivity_candidate,False,0.0347094565
720575941533986314,T4c,R,720575941450209914,9,16,connectivity_candidate,False,0.0377884014
720575941534008842,T4c,R,720575941417731612,-3,-11,connectivity_candidate,False,0.0222381515
720575941534066149,T4c,R,720575941507967548,-10,-19,connectivity_candidate,True,0.972282918
720575941534361688,T4c,R,720575941463615888,-8,8,connectivity_candidate,False,0.504952752
720575941534504385,T4c,R,720575941626068793,9,-6,connectivity_candidate,False,0.0539572491
720575941534621706,T4c,R,720575941544023581,-7,-14,connectivity_candidate,False,0.0258206922
720575941534743683,T4c,R,720575941627256475,-1,3,connectivity_candidate,False,0.0286202432
720575941534756634,T4c,R,720575941587555652,16,15,connectivity_candidate,True,1.02373564
720575941534855962,T4c,R,720575941514086243,-5,6,connectivity_candidate,False,0.486873229
720575941534861082,T4c,R,720575941568006710,-8,5,connectivity_candidate,False,0.496339304
720575941535591400,T4c,R,720575941555872164,7,0,connectivity_candidate,False,0.0353624311
720575941535798248,T4c,R,720575941508217111,1,11,connectivity_candidate,False,0.0339108884
720575941535801320,T4c,R,720575941481773507,2,9,connectivity_candidate,False,0.0301585338
720575941535829480,T4c,R,720575941610710118,-9,-15,connectivity_candidate,True,0.820181495
720575941535846115,T4c,R,720575941579146741,7,4,connectivity_candidate,False,0.0339047826
720575941535858147,T4c,R,720575941588734974,1,-4,connectivity_candidate,False,0.0332866386
720575941536123368,T4c,R,720575941561311603,-4,-8,connectivity_candidate,False,0.031649708
720575941537019634,T4c,R,720575941534548506,1,-9,connectivity_candidate,False,0.0256138479
720575941537098645,T4c,R,720575941552500763,-3,-8,connectivity_candidate,False,0.0301838516
720575941537133205,T4c,R,720575941500241633,5,10,connectivity_candidate,False,0.0347321927
720575941537185778,T4c,R,720575941606137709,-5,-13,connectivity_candidate,True,0.826931343
720575941537208050,T4c,R,720575941507637413,-11,-13,connectivity_candidate,False,0.376159537
720575941537274098,T4c,R,720575941403214115,-3,1,connectivity_candidate,False,0.0342128483
720575941537308097,T4c,R,720575941660370256,-6,-6,connectivity_candidate,False,0.0396655061
720575941537645554,T4c,R,720575941704853722,12,0,connectivity_candidate,False,0.0330327176
720575941537757889,T4c,R,720575941734554667,-3,-4,connectivity_candidate,False,0.0362837315
720575941537806322,T4c,R,720575941639916149,9,-2,connectivity_candidate,False,0.0389700473
720575941538479053,T4c,R,720575941533144042,-4,7,connectivity_candidate,False,0.489246633
720575941538606541,T4c,R,720575941513643587,-3,5,connectivity_candidate,False,0.0164277933
720575941538626429,T4c,R,720575941429599625,-3,-3,connectivity_candidate,False,0.0370862723
720575941538787197,T4c,R,720575941507636389,-6,-16,connectivity_candidate,True,0.842304416
720575941540567900,T4c,R,720575941567370343,-6,0,connectivity_candidate,False,0.0409406413
720575941540818674,T4c,R,720575941497810082,12,-1,connectivity_candidate,False,0.0462283629
720575941540855388,T4c,R,720575941632918242,-10,0,connectivity_candidate,True,0.625607226
720575941540926749,T4c,R,720575941459586500,-7,0,connectivity_candidate,True,1.00550592
720575941541096733,T4c,R,720575941415964564,-14,-6,connectivity_candidate,False,0.179706192
720575941541112924,T4c,R,720575941533932554,2,-10,connectivity_candidate,False,0.0471728925
720575941541292380,T4c,R,720575941568781562,-6,-12,connectivity_candidate,False,0.0240561015
720575941541903708,T4c,R,,,,unassigned,False,
720575941542123013,T4c,R,720575941593317590,-6,-11,connectivity_candidate,False,0.0272314712
720575941542153677,T4c,R,720575941517066083,4,-10,connectivity_candidate,False,0.0465816682
720575941543361641,T4c,R,720575941557017252,3,-11,connectivity_candidate,False,0.0497346097
720575941543534341,T4c,R,720575941527661444,11,-4,connectivity_candidate,False,0.0512909505
720575941544234757,T4c,R,720575941440390444,16,14,connectivity_candidate,False,0.064793369
720575941544370876,T4c,R,,,,unassigned,False,
720575941544452457,T4c,R,720575941555258276,-9,-12,connectivity_candidate,False,0.280775203
720575941544462441,T4c,R,720575941500715081,-15,-8,connectivity_candidate,False,0.213638038
720575941544567740,T4c,R,720575941468502358,3,7,connectivity_candidate,False,0.0352365255
720575941545366708,T4c,R,720575941448506446,4,-5,connectivity_candidate,False,0.0363103083
720575941545597876,T4c,R,720575941524033099,-1,14,connectivity_candidate,True,0.683419654
720575941546200200,T4c,R,720575941449093813,9,3,connectivity_candidate,False,0.0337970857
720575941546204552,T4c,R,720575941467371030,5,-2,connectivity_candidate,False,0.0354516474
720575941546205576,T4c,R,,,,unassigned,False,
720575941546529313,T4c,R,720575941630043628,1,-6,connectivity_candidate,False,0.0312414276
720575941546531208,T4c,R,720575941628460002,9,15,connectivity_candidate,False,0.0362244557
720575941546826376,T4c,R,720575941657951000,6,0,connectivity_candidate,False,0.0350253859
720575941547542817,T4c,R,720575941443560106,-9,-8,connectivity_candidate,False,0.0453776419
720575941547988541,T4c,R,720575941604978105,-12,-6,connectivity_candidate,False,0.0640121652
720575941547994429,T4c,R,720575941506292574,-5,-9,connectivity_candidate,False,0.0312826759
720575941548088180,T4c,R,720575941491148341,7,1,connectivity_candidate,False,0.0347638337
720575941548088865,T4c,R,720575941409703598,6,12,connectivity_candidate,False,0.0318443698
720575941548093473,T4c,R,,,,unassigned,False,
720575941548105844,T4c,R,720575941617948543,0,-2,connectivity_candidate,False,0.0343654957
720575941548233021,T4c,R,720575941605633782,-12,-3,connectivity_candidate,False,0.227832909
720575941548396660,T4c,R,720575941631973024,-11,-15,connectivity_candidate,True,0.821744546
720575941548643444,T4c,R,720575941581274613,6,13,connectivity_candidate,False,0.030915951
720575941550832702,T4c,R,720575941482199805,4,14,connectivity_candidate,False,0.437494638
720575941550877502,T4c,R,720575941630627052,-10,-1,connectivity_candidate,True,0.531393905
720575941551716669,T4c,R,720575941536942834,-7,-8,connectivity_candidate,False,0.0388252642
720575941551747188,T4c,R,720575941618406101,-14,1,connectivity_candidate,True,1.0870455
720575941551832199,T4c,R,720575941522790839,-15,-5,connectivity_candidate,True,1.04173204
720575941552325255,T4c,R,,,,unassigned,False,
720575941552326279,T4c,R,720575941531508867,3,-8,connectivity_candidate,False,0.0402598676
720575941552380058,T4c,R,720575941624210028,11,-5,connectivity_candidate,True,1.02153682
720575941552401562,T4c,R,720575941579235061,-4,-16,connectivity_candidate,False,0.127473099
720575941552512391,T4c,R,720575941506946398,-11,-7,connectivity_candidate,False,0.0602215728
720575941552580762,T4c,R,720575941480588995,14,14,connectivity_candidate,False,0.0356471355
720575941553376257,T4c,R,,,,unassigned,False,
720575941553545043,T4c,R,720575941535433394,-3,-13,connectivity_candidate,False,0.103099935
720575941553548883,T4c,R,720575941502117719,6,10,connectivity_candidate,False,0.0337560648
720575941553612371,T4c,R,720575941574611638,-2,-1,connectivity_candidate,False,0.0365024056
720575941553732691,T4c,R,720575941556820772,-5,9,connectivity_candidate,False,0.505248314
720575941553838849,T4c,R,720575941458307056,2,-5,connectivity_candidate,False,0.0330221461
720575941554132563,T4c,R,720575941562525842,-11,-11,connectivity_candidate,False,0.278041436
720575941554278372,T4c,R,720575941641866527,-5,-15,connectivity_candidate,True,0.840428567
720575941554313555,T4c,R,720575941433767639,-1,7,connectivity_candidate,False,0.0217219257
720575941554534116,T4c,R,720575941541152973,15,17,connectivity_candidate,True,0.972771314
720575941554567140,T4c,R,720575941478314602,-11,-12,connectivity_candidate,False,0.281799467
720575941555166491,T4c,R,720575941460445599,-5,3,connectivity_candidate,False,0.0189074074
720575941555308801,T4c,R,720575941478882784,-4,9,connectivity_candidate,False,0.0417924997
720575941555365796,T4c,R,720575941412981931,0,2,connectivity_candidate,False,0.0327826938
720575941555524516,T4c,R,720575941533964993,-10,1,connectivity_candidate,True,0.626947807
720575941555684004,T4c,R,720575941584335326,8,4,connectivity_candidate,False,0.033760378
720575941556073380,T4c,R,720575941539187033,-3,-10,connectivity_candidate,False,0.0252710281
720575941556859219,T4c,R,720575941448447822,-10,-7,connectivity_candidate,False,0.0499902947
720575941557097764,T4c,R,720575941482200962,8,-1,connectivity_candidate,False,0.0367840731
720575941557974543,T4c,R,720575941564715879,-9,-10,connectivity_candidate,False,0.251558127
720575941557993487,T4c,R,720575941597278144,13,-1,connectivity_candidate,True,0.545970099
720575941558007055,T4c,R,720575941539337049,-2,-7,connectivity_candidate,False,0.0308335089
720575941558010127,T4c,R,720575941527925688,-1,-5,connectivity_candidate,False,0.0330204043
720575941558053647,T4c,R,720575941489482700,-3,-14,connectivity_candidate,False,0.129935343
720575941558381294,T4c,R,720575941611320540,4,3,connectivity_candidate,False,0.033821737
720575941558394350,T4c,R,720575941525815652,6,-4,connectivity_candidate,False,0.0385791841
720575941558396531,T4c,R,720575941643170209,-10,-9,connectivity_candidate,False,0.0467311055
720575941558419827,T4c,R,720575941538904701,-8,-7,connectivity_candidate,False,0.0438989917
720575941558440174,T4c,R,720575941689155823,11,5,connectivity_candidate,False,0.0332388165
720575941558479854,T4c,R,720575941556789796,7,14,connectivity_candidate,False,0.0313318805
720575941558538867,T4c,R,720575941611517404,-2,3,connectivity_candidate,False,0.0249753224
720575941558823406,T4c,R,720575941592049259,-9,-17,connectivity_candidate,True,0.826510163
720575941559434285,T4c,R,720575941624209610,6,8,connectivity_candidate,False,0.0320668118
720575941559964205,T4c,R,720575941615113113,-2,-16,connectivity_candidate,False,0.251684023
720575941561394191,T4c,R,,,,unassigned,False,
720575941561419944,T4c,R,720575941618401919,-1,2,connectivity_candidate,False,0.0312479506
720575941561490344,T4c,R,720575941484706626,7,9,connectivity_candidate,False,0.0320296611
720575941561789864,T4c,R,720575941627340443,8,11,connectivity_candidate,False,0.0335218129
720575941562284178,T4c,R,720575941627322476,1,16,connectivity_candidate,True,0.896523389
720575941562424210,T4c,R,,,,unassigned,False,
720575941562658962,T4c,R,720575941660473144,5,-11,connectivity_candidate,False,0.297756381
720575941562869760,T4c,R,720575941566509319,-7,-10,connectivity_candidate,False,0.0349023006
720575941562918034,T4c,R,720575941562995810,11,-1,connectivity_candidate,False,0.0433570761
720575941563085312,T4c,R,720575941734556459,6,16,connectivity_candidate,False,0.425117988
720575941563086336,T4c,R,720575941504436028,-7,6,connectivity_candidate,False,0.495571106
720575941563205639,T4c,R,720575941509188050,6,-3,connectivity_candidate,False,0.037134337
720575941563217159,T4c,R,720575941471891552,7,-4,connectivity_candidate,False,0.039648477
720575941563247623,T4c,R,720575941578154833,-6,-4,connectivity_candidate,False,0.0415831138
720575941563308386,T4c,R,720575941434529312,-6,-5,connectivity_candidate,False,0.0406947099
720575941563799047,T4c,R,720575941517850072,-3,-1,connectivity_candidate,False,0.0376685339
720575941563848599,T4c,R,720575941584527838,5,7,connectivity_candidate,False,0.0334950471
720575941564694582,T4c,R,720575941438128684,-1,-15,connectivity_candidate,True,0.752330359
720575941564741174,T4c,R,720575941484452674,4,-6,connectivity_candidate,False,0.0381789645
720575941564753767,T4c,R,720575941489486796,5,-10,connectivity_candidate,True,0.980552529
720575941564986215,T4c,R,720575941558336238,-8,3,connectivity_candidate,False,0.494031485
720575941566207534,T4c,R,720575941480342914,-5,-6,connectivity_candidate,False,0.0370528164
720575941566252590,T4c,R,720575941486432006,10,10,connectivity_candidate,False,0.0301926046
720575941566351150,T4c,R,720575941522504627,-2,8,connectivity_candidate,False,0.0265082524
720575941566670074,T4c,R,,,,unassigned,False,
720575941566847790,T4c,R,720575941484806662,3,-9,connectivity_candidate,False,0.044765413
720575941566953262,T4c,R,720575941531745155,4,9,connectivity_candidate,False,0.030614676
720575941567524602,T4c,R,720575941433938976,10,-3,connectivity_candidate,False,0.0449937341
720575941567555066,T4c,R,720575941540122005,-4,-5,connectivity_candidate,False,0.0367141832
720575941567559418,T4c,R,720575941567990522,-8,-1,connectivity_candidate,False,0.0433178023
720575941567623418,T4c,R,720575941576179464,-3,3,connectivity_candidate,False,0.0199258668
720575941567672679,T4c,R,720575941563672418,-5,1,connectivity_candidate,False,0.0407839234
720575941567770994,T4c,R,720575941634257568,-10,-14,connectivity_candidate,True,0.711095229
720575941567841780,T4c,R,720575941565156455,3,-7,connectivity_candidate,False,0.0366414054
720575941567902964,T4c,R,720575941578351185,14,11,connectivity_candidate,False,0.0339064559
720575941568235378,T4c,R,720575941562128755,3,12,connectivity_candidate,False,0.0327732559
720575941568236914,T4c,R,720575941437574719,-7,4,connectivity_candidate,False,0.492907186
720575941568240242,T4c,R,720575941536418058,10,-2,connectivity_candidate,False,0.0424016266
720575941568440178,T4c,R,,,,unassigned,False,
720575941569492212,T4c,R,720575941457317360,-6,-13,connectivity_candidate,False,0.0229977872
720575941571788872,T4c,R,720575941506684289,-6,6,connectivity_candidate,False,0.492313568
720575941572038664,T4c,R,720575941547969313,-7,11,connectivity_candidate,False,0.508204607
720575941572121928,T4c,R,720575941471853152,2,-6,connectivity_candidate,False,0.0337788226
720575941572132680,T4c,R,720575941577676470,4,-7,connectivity_candidate,False,0.0395396502
720575941572148040,T4c,R,720575941505141015,1,13,connectivity_candidate,False,0.0408584203
720575941572253179,T4c,R,720575941558033828,7,10,connectivity_candidate,False,0.0328981002
720575941572272635,T4c,R,720575941549060020,-7,-12,connectivity_candidate,False,0.0257608667
720575941572382472,T4c,R,720575941545862580,3,11,connectivity_candidate,False,0.0312125261
720575941572494843,T4c,R,720575941497486409,-12,-10,connectivity_candidate,False,0.275159678
720575941572686088,T4c,R,720575941533655218,3,13,connectivity_candidate,False,0.0340121737
720575941572712861,T4c,R,720575941479225423,-4,-6,connectivity_candidate,False,0.0356891409
720575941572761864,T4c,R,720575941485989328,-4,-7,connectivity_candidate,False,0.0332565896
720575941572921609,T4c,R,720575941597684357,-2,-11,connectivity_candidate,False,0.0154294044
720575941573068701,T4c,R,720575941496376443,-6,4,connectivity_candidate,False,0.490150397
720575941573351837,T4c,R,720575941592511528,-3,2,connectivity_candidate,False,0.025045396
720575941573366281,T4c,R,720575941469797952,12,3,connectivity_candidate,False,0.0335409198
720575941573565961,T4c,R,720575941591041591,6,1,connectivity_candidate,False,0.0346380972
720575941573749903,T4c,R,720575941469685771,-17,-9,connectivity_candidate,True,0.698582881
720575941574139535,T4c,R,,,,unassigned,False,
720575941574240438,T4c,R,720575941627910794,-8,-15,connectivity_candidate,True,0.825559696
720575941574281615,T4c,R,,,,unassigned,False,
720575941574411702,T4c,R,720575941451143751,-10,2,connectivity_candidate,False,0.292475292
720575941574608649,T4c,R,720575941502712514,-6,8,connectivity_candidate,False,0.502448107
720575941574687592,T4c,R,720575941639990047,-2,-5,connectivity_candidate,False,0.0336905444
720575941574699112,T4c,R,,,,unassigned,False,
720575941574739304,T4c,R,720575941592052075,-7,-1,connectivity_candidate,False,0.0456825956
720575941574759094,T4c,R,720575941510331265,0,1,connectivity_candidate,False,0.0342545076
720575941574912438,T4c,R,,,,unassigned,False,
720575941575282536,T4c,R,720575941487859206,-3,8,connectivity_candidate,False,0.0397396908
720575941575409512,T4c,R,720575941552099355,7,-7,connectivity_candidate,False,0.0452710748
720575941575414120,T4c,R,720575941602000569,12,-2,connectivity_candidate,False,0.052857621
720575941575440635,T4c,R,720575941506538881,-5,-14,connectivity_candidate,True,0.835147773
720575941575657398,T4c,R,720575941479380643,-10,6,connectivity_candidate,False,0.526924831
720575941576461832,T4c,R,,,,unassigned,False,
720575941576669017,T4c,R,720575941612550633,4,-1,connectivity_candidate,False,0.0346484651
720575941576753753,T4c,R,720575941449465108,-8,-2,connectivity_candidate,False,0.0461804587
720575941577156239,T4c,R,720575941555093275,7,3,connectivity_candidate,False,0.0340611116
720575941577931509,T4c,R,720575941643728328,6,17,connectivity_candidate,False,0.706663857
720575941578269685,T4c,R,720575941685627887,-6,-17,connectivity_candidate,True,0.847366719
720575941578314321,T4c,R,720575941599531420,11,3,connectivity_candidate,False,0.0339818053
720575941578386165,T4c,R,720575941473378090,8,-4,connectivity_candidate,False,0.0417653075
720575941578484213,T4c,R,720575941643339464,10,6,connectivity_candidate,False,0.0330968769
720575941578669301,T4c,R,720575941527931012,4,-2,connectivity_candidate,False,0.0348186624
720575941579131001,T4c,R,,,,unassigned,False,
720575941579886713,T4c,R,720575941494911358,-1,-4,connectivity_candidate,False,0.0339442138
720575941579972729,T4c,R,720575941493771390,-14,-16,connectivity_candidate,False,0.323907701
720575941581287925,T4c,R,720575941445851412,1,6,connectivity_candidate,False,0.0292230143
720575941582656607,T4c,R,720575941448342197,-13,-12,connectivity_candidate,False,0.284715268
720575941582670687,T4c,R,720575941443056042,5,4,connectivity_candidate,False,0.0337205907
720575941582729567,T4c,R,720575941494691527,4,11,connectivity_candidate,False,0.032247574
720575941584155270,T4c,R,720575941560626158,-4,2,connectivity_candidate,False,0.0141860304
720575941584325598,T4c,R,720575941467830493,-1,-9,connectivity_candidate,False,0.0249614893
720575941584350686,T4c,R,720575941551331956,0,-6,connectivity_candidate,False,0.0312249861
720575941584453854,T4c,R,720575941536251619,-15,-16,connectivity_candidate,True,1.30446756
720575941584675718,T4c,R,720575941598171525,-13,-13,connectivity_candidate,True,0.842709318
720575941584699102,T4c,R,720575941391584150,-1,13,connectivity_candidate,False,0.0349117215
720575941584745606,T4c,R,720575941482094522,7,-5,connectivity_candidate,False,0.0419334014
720575941585085662,T4c,R,720575941733917739,12,18,connectivity_candidate,False,0.0371990167
720575941585617247,T4c,R,720575941600187945,8,7,connectivity_candidate,False,0.0347463044
720575941587029189,T4c,R,720575941475276347,-11,5,connectivity_candidate,False,0.572233734
720575941588277303,T4c,R,720575941494943664,1,3,connectivity_candidate,False,0.0325137023
720575941588595255,T4c,R,720575941515708921,-3,-2,connectivity_candidate,False,0.0378700716
720575941588779518,T4c,R,720575941567723378,0,-8,connectivity_candidate,False,0.0275318444
720575941588842295,T4c,R,720575941660131096,10,-5,connectivity_candidate,False,0.0495098015
720575941588975614,T4c,R,720575941624509083,-5,11,connectivity_candidate,False,0.107852391
720575941589374718,T4c,R,720575941556721956,-9,2,connectivity_candidate,False,0.489453108
720575941589447166,T4c,R,720575941643394168,8,17,connectivity_candidate,False,0.40882507
720575941589762444,T4c,R,720575941577188534,-14,-7,connectivity_candidate,False,0.219472969
720575941589762700,T4c,R,720575941514175747,-13,-10,connectivity_candidate,False,0.28002066
720575941589910583,T4c,R,720575941449103438,-13,-16,connectivity_candidate,False,0.414255069
720575941590021516,T4c,R,720575941558454031,6,-8,connectivity_candidate,False,0.0443337487
720575941590078860,T4c,R,720575941431583758,-1,9,connectivity_candidate,False,0.0297874615
720575941590930728,T4c,R,720575941440417371,5,2,connectivity_candidate,False,0.0342435434
720575941590973480,T4c,R,720575941566547042,6,-9,connectivity_candidate,False,0.173918688
720575941591018792,T4c,R,720575941609096010,-6,-7,connectivity_candidate,False,0.0380146485
720575941591164158,T4c,R,720575941573039368,-10,-6,connectivity_candidate,False,0.0516566559
720575941591210536,T4c,R,720575941493638526,4,17,connectivity_candidate,True,1.16734493
720575941591232040,T4c,R,720575941578124789,-7,-6,connectivity_candidate,False,0.0421199436
720575941591250728,T4c,R,720575941577545064,-10,-3,connectivity_candidate,False,0.052839988
720575941591680296,T4c,R,720575941570996126,14,-1,connectivity_candidate,True,0.824333875
720575941591923051,T4c,R,720575941481544134,-16,-14,connectivity_candidate,False,0.326895913
720575941592164566,T4c,R,720575941701167578,-12,-8,connectivity_candidate,False,0.069122189
720575941593291222,T4c,R,720575941679587261,-15,-3,connectivity_candidate,True,0.761418533
720575941593395239,T4c,R,720575941454204999,-10,-16,connectivity_candidate,True,0.82107668
720575941593608743,T4c,R,720575941632083180,7,5,connectivity_candidate,False,0.0339017548
720575941593622823,T4c,R,720575941642378783,4,7,connectivity_candidate,False,0.0404079986
720575941593886501,T4c,R,720575941425704276,-2,-14,connectivity_candidate,False,0.133870425
720575941593894769,T4c,R,720575941507007036,-10,-4,connectivity_candidate,False,0.0534091226
720575941594159473,T4c,R,,,,unassigned,False,
720575941594596822,T4c,R,720575941479171407,1,-12,connectivity_candidate,False,0.160435002
720575941595211115,T4c,R,720575941514151171,-7,-15,connectivity_candidate,True,0.828407644
720575941595343237,T4c,R,720575941429600393,10,-4,connectivity_candidate,False,0.0467484981
720575941596546204,T4c,R,720575941567677554,-11,-8,connectivity_candidate,False,0.116570801
720575941596555164,T4c,R,720575941469634167,-10,-8,connectivity_candidate,False,0.0448373319
720575941596850880,T4c,R,720575941584492510,10,15,connectivity_candidate,False,0.0346246973
720575941596851648,T4c,R,720575941502303319,12,17,connectivity_candidate,False,0.0408595583
720575941599276585,T4c,R,720575941478427444,5,-8,connectivity_candidate,False,0.0437900237
720575941599343657,T4c,R,720575941634143173,9,5,connectivity_candidate,False,0.0334625102
720575941601966070,T4c,R,720575941481257952,6,3,connectivity_candidate,False,0.0340858477
720575941602076150,T4c,R,720575941475215675,0,12,connectivity_candidate,False,0.0386668509
720575941602133494,T4c,R,720575941564413608,-2,5,connectivity_candidate,False,0.0201492695
720575941602167993,T4c,R,720575941605268470,-2,12,connectivity_candidate,False,0.036369059
720575941602181049,T4c,R,720575941541150300,5,12,connectivity_candidate,False,0.0296447496
720575941602204662,T4c,R,720575941540878834,10,17,connectivity_candidate,False,0.0356961895
720575941602298614,T4c,R,720575941533472088,-9,5,connectivity_candidate,False,0.500446219
720575941603363518,T4c,R,720575941598922908,-8,7,connectivity_candidate,False,0.504283748
720575941605933677,T4c,R,720575941518578323,9,11,connectivity_candidate,False,0.0342894296
720575941605967981,T4c,R,720575941578046033,-13,-7,connectivity_candidate,False,0.219349912
720575941606240877,T4c,R,720575941503477131,8,0,connectivity_candidate,False,0.0360038615
720575941606338157,T4c,R,720575941596955292,-4,10,connectivity_candidate,False,0.0390809597
720575941606407789,T4c,R,,,,unassigned,False,
720575941609325386,T4c,R,720575941426189908,11,16,connectivity_candidate,False,0.0374458335
720575941609349450,T4c,R,720575941640941429,0,9,connectivity_candidate,False,0.029233106
720575941609417069,T4c,R,720575941624207980,8,-8,connectivity_candidate,False,0.0732429452
720575941609572841,T4c,R,720575941449501277,-1,-6,connectivity_candidate,False,0.031687171
720575941609808873,T4c,R,720575941555607460,6,11,connectivity_candidate,False,0.0333869745
720575941610172905,T4c,R,720575941490845132,-4,-12,connectivity_candidate,False,0.0221783604
720575941610255974,T4c,R,720575941411300719,4,5,connectivity_candidate,False,0.0333561092
720575941610284774,T4c,R,720575941633959611,1,1,connectivity_candidate,False,0.0344077695
720575941610398694,T4c,R,720575941654374673,10,16,connectivity_candidate,False,0.0364813779
720575941610959206,T4c,R,720575941660054552,14,3,connectivity_candidate,False,0.0351580124
720575941612072412,T4c,R,720575941535082522,1,7,connectivity_candidate,False,0.0276375195
720575941612139693,T4c,R,720575941561564787,0,-1,connectivity_candidate,False,0.0351226296
720575941612595219,T4c,R,,,,unassigned,False,
720575941612675859,T4c,R,720575941495316096,-9,-16,connectivity_candidate,True,0.824310086
720575941612935187,T4c,R,720575941505589669,8,1,connectivity_candidate,False,0.0349639475
720575941613050342,T4c,R,720575941517507032,-7,2,connectivity_candidate,False,0.72874331
720575941613057555,T4c,R,720575941599932869,-16,-4,connectivity_candidate,True,0.762646569
720575941613439206,T4c,R,,,,unassigned,False,
720575941613461657,T4c,R,720575941584460934,5,-1,connectivity_candidate,False,0.0350855657
720575941613526169,T4c,R,720575941476567611,-14,-11,connectivity_candidate,False,0.283502352
720575941613709465,T4c,R,720575941657153616,2,11,connectivity_candidate,False,0.0323550644
720575941613994905,T4c,R,,,,unassigned,False,
720575941614009497,T4c,R,720575941621794431,-1,-10,connectivity_candidate,False,0.0211916646
720575941615742421,T4c,R,720575941481180611,-1,-1,connectivity_candidate,False,0.0356977861
720575941615902933,T4c,R,720575941460129988,2,15,connectivity_candidate,False,0.0479802869
720575941615904469,T4c,R,720575941634240197,13,11,connectivity_candidate,False,0.0331885882
720575941616131797,T4c,R,720575941631387845,12,4,connectivity_candidate,False,0.0334320038
720575941616144853,T4c,R,,,,unassigned,False,
720575941616200661,T4c,R,720575941516859139,3,-4,connectivity_candidate,False,0.0344735265
720575941616203221,T4c,R,720575941601980406,0,-5,connectivity_candidate,False,0.0325046513
720575941618198143,T4c,R,720575941597049127,15,14,connectivity_candidate,False,0.053031991
720575941618271615,T4c,R,720575941538908029,-7,5,connectivity_candidate,False,0.49453737
720575941621341311,T4c,R,720575941624573339,13,14,connectivity_candidate,False,0.0374911473
720575941622572796,T4c,R,720575941546102617,2,2,connectivity_candidate,False,0.0338502601
720575941623070716,T4c,R,720575941671606193,10,2,connectivity_candidate,False,0.0348514726
720575941623277211,T4c,R,720575941499847803,8,-9,connectivity_candidate,False,0.423976009
720575941624049098,T4c,R,720575941624060874,7,-1,connectivity_candidate,False,0.036209799
720575941624084682,T4c,R,,,,unassigned,False,
720575941624122267,T4c,R,720575941455158509,3,1,connectivity_candidate,False,0.0341832149
720575941624165019,T4c,R,720575941645335201,5,16,connectivity_candidate,False,0.381326173
720575941624215707,T4c,R,720575941434349326,-13,-8,connectivity_candidate,False,0.226075811
720575941624259948,T4c,R,,,,unassigned,False,
720575941624268652,T4c,R,720575941433939744,-8,-5,connectivity_candidate,False,0.0448339924
720575941624421996,T4c,R,720575941629703906,2,8,connectivity_candidate,False,0.0290656914
720575941624542858,T4c,R,720575941551102782,-6,10,connectivity_candidate,False,0.502518858
720575941624606410,T4c,R,720575941612417299,2,-7,connectivity_candidate,False,0.0332274597
720575941624927114,T4c,R,720575941575868573,5,-3,connectivity_candidate,False,0.0363138788
720575941624932490,T4c,R,720575941508424464,2,-8,connectivity_candidate,False,0.0332202342
720575941626070329,T4c,R,,,,unassigned,False,
720575941626081593,T4c,R,720575941415753361,-10,-15,connectivity_candidate,True,0.816374887
720575941627490442,T4c,R,720575941576140809,-7,-13,connectivity_candidate,False,0.0197884705
720575941628462630,T4c,R,720575941612416275,0,-12,connectivity_candidate,False,0.150855887
720575941629167929,T4c,R,,,,unassigned,False,
720575941629274338,T4c,R,720575941653223701,4,6,connectivity_candidate,False,0.0335789484
720575941629279458,T4c,R,720575941434899086,-2,-12,connectivity_candidate,False,0.0947310233
720575941629301986,T4c,R,720575941721111354,-12,-12,connectivity_candidate,False,0.283076739
720575941629365049,T4c,R,720575941603173310,-3,14,connectivity_candidate,False,0.417844545
720575941629537250,T4c,R,,,,unassigned,False,
720575941629904610,T4c,R,720575941692184216,9,-4,connectivity_candidate,False,0.0443246678
720575941629910242,T4c,R,720575941566540130,-4,-17,connectivity_candidate,False,0.274200145
720575941630101740,T4c,R,720575941558535844,-15,-14,connectivity_candidate,False,0.331955548
720575941630128364,T4c,R,720575941540868125,-14,-14,connectivity_candidate,False,0.335376271
720575941630203333,T4c,R,720575941630132165,4,-8,connectivity_candidate,False,0.0430696338
720575941631251872,T4c,R,720575941409700526,11,13,connectivity_candidate,False,0.0301362066
720575941631258821,T4c,R,720575941606083949,-16,-15,connectivity_candidate,True,1.32321485
720575941631263392,T4c,R,720575941519515319,3,0,connectivity_candidate,False,0.034263281
720575941631510432,T4c,R,720575941412673428,-11,0,connectivity_candidate,True,0.675888736
720575941631773115,T4c,R,720575941665198716,-12,-15,connectivity_candidate,False,0.416487004
720575941631780539,T4c,R,720575941443656874,-9,-5,connectivity_candidate,False,0.0489585023
720575941631980704,T4c,R,720575941561391598,-6,-15,connectivity_candidate,True,0.835431434
720575941632026555,T4c,R,720575941433734542,3,9,connectivity_candidate,False,0.0302880061
720575941633231291,T4c,R,720575941479727840,-4,-10,connectivity_candidate,False,0.0271960634
720575941636231541,T4c,R,,,,unassigned,False,
720575941637268597,T4c,R,720575941539529950,-1,0,connectivity_candidate,False,0.0350835068
720575941637332341,T4c,R,720575941552210750,-6,1,connectivity_candidate,False,0.0353826571
720575941637891701,T4c,R,720575941487329232,12,2,connectivity_candidate,False,0.033808038
720575941638675999,T4c,R,720575941621403263,-3,-9,connectivity_candidate,False,0.027878265
720575941638706975,T4c,R,720575941409603243,-9,-6,connectivity_candidate,False,0.0479111255
720575941638819359,T4c,R,720575941577692086,-2,2,connectivity_candidate,False,0.0292844421
720575941638870047,T4c,R,720575941660942928,-2,9,connectivity_candidate,False,0.03416314
720575941638913823,T4c,R,720575941568391214,5,17,connectivity_candidate,True,0.830305285
720575941639182879,T4c,R,,,,unassigned,False,
720575941641677157,T4c,R,,,,unassigned,False,
720575941642312274,T4c,R,720575941558027791,7,-3,connectivity_candidate,False,0.0386428992
720575941642730578,T4c,R,720575941532005763,9,0,connectivity_candidate,False,0.0361126933
720575941642739282,T4c,R,720575941486238349,-3,-5,connectivity_candidate,False,0.0351974585
720575941642868050,T4c,R,720575941640854629,1,-7,connectivity_candidate,False,0.0306709727
720575941643275937,T4c,R,720575941516205459,-5,-10,connectivity_candidate,False,0.028457001
720575941643304097,T4c,R,720575941465397005,-5,-3,connectivity_candidate,False,0.0406742113
720575941643355297,T4c,R,720575941438246188,-13,-5,connectivity_candidate,False,0.218754909
720575941643398344,T4c,R,720575941533677400,-6,-1,connectivity_candidate,False,0.0425077687
720575941643402401,T4c,R,720575941528563801,-4,-9,connectivity_candidate,False,0.0295438984
720575941643574689,T4c,R,720575941513357379,11,12,connectivity_candidate,False,0.0329260581
720575941643625848,T4c,R,720575941528138754,7,-2,connectivity_candidate,False,0.0371324826
720575941643908257,T4c,R,720575941545050217,9,6,connectivity_candidate,False,0.0332858181
720575941644442017,T4c,R,720575941591828990,-2,-9,connectivity_candidate,False,0.0263367019
720575941644637285,T4c,R,720575941541570941,-14,-15,connectivity_candidate,False,0.340375578
720575941644753765,T4c,R,720575941594915367,11,0,connectivity_candidate,False,0.0333476914
720575941650240277,T4c,R,720575941505624389,-17,-7,connectivity_candidate,True,0.876067941
720575941650264085,T4c,R,720575941596664945,-16,-13,connectivity_candidate,True,0.842185165
720575941650271765,T4c,R,720575941497480417,-5,4,connectivity_candidate,False,0.00932430686
720575941650579953,T4c,R,,,,unassigned,False,
720575941650632689,T4c,R,720575941505806386,-7,-9,connectivity_candidate,False,0.0346172391
720575941650880497,T4c,R,720575941463572237,9,13,connectivity_candidate,False,0.0334139384
720575941651365361,T4c,R,,,,unassigned,False,
720575941651669521,T4c,R,720575941514734915,8,-3,connectivity_candidate,False,0.0395051371
720575941651698705,T4c,R,720575941506539137,4,4,connectivity_candidate,False,0.0335025594
720575941652206809,T4c,R,720575941412540564,2,-9,connectivity_candidate,False,0.580223991
720575941652766932,T4c,R,720575941531646339,8,12,connectivity_candidate,False,0.0332758273
720575941653273305,T4c,R,720575941552298523,12,15,connectivity_candidate,False,0.035763957
720575941653789913,T4c,R,,,,unassigned,False,
720575941653797393,T4c,R,720575941637710709,2,-1,connectivity_candidate,False,0.0342623876
720575941653878745,T4c,R,720575941525367140,4,0,connectivity_candidate,False,0.0344403457
720575941656223705,T4c,R,720575941450991797,-1,10,connectivity_candidate,False,0.0356016086
720575941656768792,T4c,R,720575941592052587,-8,-16,connectivity_candidate,True,0.827066546
720575941656984600,T4c,R,720575941721626170,-9,-4,connectivity_candidate,False,0.048639735
720575941657079632,T4c,R,720575941576294248,11,7,connectivity_candidate,False,0.0329691129
720575941657152848,T4c,R,720575941603733238,-1,-3,connectivity_candidate,False,0.0346430969
720575941657775440,T4c,R,720575941562846888,-3,-15,connectivity_candidate,False,0.131999477
720575941660777016,T4c,R,720575941448601181,-8,6,connectivity_candidate,False,0.501253387
720575941661084984,T4c,R,720575941465488406,15,5,connectivity_candidate,False,0.0321437819
720575941661599356,T4c,R,720575941528110681,-5,-8,connectivity_candidate,False,0.0335861779
720575941661667452,T4c,R,,,,unassigned,False,
720575941665083123,T4c,R,720575941416290844,-2,0,connectivity_candidate,False,0.0361491461
720575941666237171,T4c,R,720575941517068378,0,-14,connectivity_candidate,True,0.510709864
720575941666543091,T4c,R,720575941461049811,-10,-2,connectivity_candidate,True,0.488726341
720575941667995057,T4c,R,720575941454933485,-4,3,connectivity_candidate,False,0.0157959125
720575941668112049,T4c,R,720575941484623682,8,15,connectivity_candidate,False,0.0377049539
720575941668116145,T4c,R,720575941460315792,-13,0,connectivity_candidate,True,1.12714627
720575941668426161,T4c,R,720575941618628309,4,-9,connectivity_candidate,False,0.0452882441
720575941668534183,T4c,R,,,,unassigned,False,
720575941668577457,T4c,R,720575941432166615,5,-5,connectivity_candidate,False,0.0385446407
720575941669494705,T4c,R,720575941498492800,-5,-7,connectivity_candidate,False,0.0355787506
720575941669575079,T4c,R,720575941536237539,-12,-17,connectivity_candidate,True,0.809595267
720575941670205351,T4c,R,720575941625608394,7,-10,connectivity_candidate,False,0.427626336
720575941670302119,T4c,R,720575941493582974,-4,-15,connectivity_candidate,False,0.134888746
720575941679406269,T4c,R,720575941687282294,5,15,connectivity_candidate,False,0.414758824
720575941679409341,T4c,R,720575941561371118,9,10,connectivity_candidate,False,0.0362829557
720575941679679677,T4c,R,720575941453822633,-4,-14,connectivity_candidate,False,0.110815441
720575941679849149,T4c,R,720575941409478447,-3,-16,connectivity_candidate,False,0.23889945
720575941679897789,T4c,R,720575941480281027,11,15,connectivity_candidate,False,0.0337167209
720575941685859311,T4c,R,720575941533946890,0,-4,connectivity_candidate,False,0.0333471266
720575941685882351,T4c,R,,,,unassigned,False,
720575941686116335,T4c,R,720575941562073234,7,6,connectivity_candidate,False,0.0341919565
720575941686148847,T4c,R,720575941400313891,4,16,connectivity_candidate,True,0.821653428
720575941686155759,T4c,R,720575941596522533,12,8,connectivity_candidate,False,0.0326631653
720575941686803318,T4c,R,720575941513053251,-11,-2,connectivity_candidate,True,0.525899024
720575941686826870,T4c,R,720575941534756184,-4,-11,connectivity_candidate,False,0.0245598002
720575941687198220,T4c,R,720575941509488674,1,-14,connectivity_candidate,True,0.502783312
720575941687276812,T4c,R,720575941555865764,7,18,connectivity_candidate,True,0.752583615
720575941687357558,T4c,R,720575941440821215,9,-1,connectivity_candidate,False,0.0373022447
720575941688703963,T4c,R,720575941559579693,-2,11,connectivity_candidate,False,0.0403303485
720575941688744411,T4c,R,720575941430873737,-4,0,connectivity_candidate,False,0.0394822793
720575941688937624,T4c,R,,,,unassigned,False,
720575941688949723,T4c,R,720575941518916012,-8,-4,connectivity_candidate,False,0.0457130226
720575941689078491,T4c,R,720575941448504654,15,3,connectivity_candidate,False,0.0312561628
720575941701200602,T4c,R,720575941408270383,-10,-5,connectivity_candidate,False,0.0517747626
720575941701249754,T4c,R,720575941440279503,12,16,connectivity_candidate,False,0.0411372237
720575941701251546,T4c,R,720575941547667644,-9,-11,connectivity_candidate,False,0.277746564
720575941701446106,T4c,R,720575941514086393,1,9,connectivity_candidate,False,0.0290843968
720575941701466586,T4c,R,720575941500492427,-8,-8,connectivity_candidate,False,0.0438798663
720575941701983706,T4c,R,720575941507639842,8,-2,connectivity_candidate,False,0.0380452212
720575941721509434,T4c,R,,,,unassigned,False,
720575941730881579,T4c,R,720575941627436682,10,18,connectivity_candidate,False,0.419907886
720575941730964011,T4c,R,720575941415051292,6,9,connectivity_candidate,False,0.0330847976
720575941730975019,T4c,R,720575941498994505,-13,-11,connectivity_candidate,False,0.280984312
720575941351384112,T4d,R,720575941545050217,9,6,connectivity_candidate,False,0.0332858181
720575941351444272,T4d,R,720575941497786018,-11,-16,connectivity_candidate,True,0.821587751
720575941391178756,T4d,R,720575941572830473,-6,-10,connectivity_candidate,False,0.0310975217
720575941391229188,T4d,R,720575941628254758,15,13,connectivity_candidate,False,0.0335188156
720575941391432598,T4d,R,720575941595287079,12,9,connectivity_candidate,False,0.0326204162
720575941399992355,T4d,R,720575941500715081,-15,-8,connectivity_candidate,False,0.213638038
720575941400095267,T4d,R,720575941493771390,-14,-16,connectivity_candidate,False,0.323907701
720575941400124707,T4d,R,720575941553988414,0,5,connectivity_candidate,False,0.0271432309
720575941400162595,T4d,R,720575941660421712,-15,-6,connectivity_candidate,False,0.158707653
720575941400178467,T4d,R,720575941450209914,9,16,connectivity_candidate,False,0.0377884014
720575941400624675,T4d,R,720575941561564787,0,-1,connectivity_candidate,False,0.0351226296
720575941402891376,T4d,R,720575941408270383,-10,-5,connectivity_candidate,False,0.0517747626
720575941402975600,T4d,R,720575941578154833,-6,-4,connectivity_candidate,False,0.0415831138
720575941403091056,T4d,R,720575941624351882,-3,7,connectivity_candidate,False,0.0137413915
720575941403175715,T4d,R,720575941524712439,13,6,connectivity_candidate,False,0.0327216143
720575941403195248,T4d,R,720575941494691527,4,11,connectivity_candidate,False,0.032247574
720575941403226224,T4d,R,720575941476051764,-9,0,connectivity_candidate,False,0.377035333
720575941403318128,T4d,R,720575941538919139,-7,-11,connectivity_candidate,False,0.0299464116
720575941406656942,T4d,R,720575941556789796,7,14,connectivity_candidate,False,0.0313318805
720575941406820399,T4d,R,720575941437574719,-7,4,connectivity_candidate,False,0.492907186
720575941406854830,T4d,R,720575941475297054,8,13,connectivity_candidate,False,0.0331420326
720575941406886830,T4d,R,720575941592052075,-7,-1,connectivity_candidate,False,0.0456825956
720575941407043887,T4d,R,720575941733844779,15,15,connectivity_candidate,False,0.0533715573
720575941407047471,T4d,R,720575941534061322,-8,9,connectivity_candidate,False,0.505359933
720575941407094702,T4d,R,720575941462769860,12,5,connectivity_candidate,False,0.0331451879
720575941407098286,T4d,R,720575941565156455,3,-7,connectivity_candidate,False,0.0366414054
720575941407162286,T4d,R,720575941353808176,17,10,connectivity_candidate,True,0.593060619
720575941407188527,T4d,R,720575941538985187,7,2,connectivity_candidate,False,0.0343482257
720575941407285166,T4d,R,720575941450991797,-1,10,connectivity_candidate,False,0.0356016086
720575941408029743,T4d,R,720575941621403263,-3,-9,connectivity_candidate,False,0.027878265
720575941408274735,T4d,R,720575941552210750,-6,1,connectivity_candidate,False,0.0353826571
720575941409453739,T4d,R,720575941631094981,-6,7,connectivity_candidate,False,0.495763672
720575941409931311,T4d,R,720575941557879567,-16,-5,connectivity_candidate,True,0.771469008
720575941409945771,T4d,R,720575941574438409,0,-15,connectivity_candidate,True,0.505982837
720575941410758059,T4d,R,720575941561391598,-6,-15,connectivity_candidate,True,0.835431434
720575941410775151,T4d,R,720575941429638904,-5,7,connectivity_candidate,False,0.492790996
720575941410849135,T4d,R,720575941557220353,-16,-10,connectivity_candidate,False,0.291787594
720575941410908527,T4d,R,720575941546102617,2,2,connectivity_candidate,False,0.0338502601
720575941412431761,T4d,R,,,,unassigned,False,
720575941412432529,T4d,R,720575941631305510,0,-3,connectivity_candidate,False,0.0340169745
720575941412433553,T4d,R,720575941528110681,-5,-8,connectivity_candidate,False,0.0335861779
720575941412498833,T4d,R,720575941505624389,-17,-7,connectivity_candidate,True,0.876067941
720575941412709524,T4d,R,720575941574913181,-7,10,connectivity_candidate,False,0.504676018
720575941412724116,T4d,R,720575941624509083,-5,11,connectivity_candidate,False,0.107852391
720575941412800404,T4d,R,720575941440390444,16,14,connectivity_candidate,False,0.064793369
720575941412819604,T4d,R,720575941453047347,4,13,connectivity_candidate,False,0.0318645836
720575941412870548,T4d,R,720575941555865764,7,18,connectivity_candidate,True,0.752583615
720575941414622492,T4d,R,720575941634168005,1,-2,connectivity_candidate,False,0.0341400623
720575941414630428,T4d,R,720575941587555652,16,15,connectivity_candidate,True,1.02373564
720575941414691100,T4d,R,720575941505556293,-9,-3,connectivity_candidate,False,0.0491065126
720575941414786332,T4d,R,720575941734098475,5,5,connectivity_candidate,False,0.033525996
720575941415146012,T4d,R,720575941570996126,14,-1,connectivity_candidate,True,0.824333875
720575941425776212,T4d,R,720575941495316096,-9,-16,connectivity_candidate,True,0.824310086
720575941426486100,T4d,R,720575941561574771,10,4,connectivity_candidate,False,0.0334820868
720575941426486868,T4d,R,720575941517207443,9,1,connectivity_candidate,False,0.0358709167
720575941426489684,T4d,R,720575941641668965,11,1,connectivity_candidate,False,0.0346243067
720575941429110008,T4d,R,720575941505591365,-4,-2,connectivity_candidate,False,0.0389768222
720575941429156088,T4d,R,720575941391433732,-7,-2,connectivity_candidate,False,0.0442874685
720575941429224623,T4d,R,720575941418121244,12,13,connectivity_candidate,False,0.0348770892
720575941429376905,T4d,R,720575941502303319,12,17,connectivity_candidate,False,0.0408595583
720575941429410479,T4d,R,720575941488329734,8,5,connectivity_candidate,False,0.0337149039
720575941429442040,T4d,R,720575941593031308,9,17,connectivity_candidate,False,0.407433004
720575941429540233,T4d,R,720575941535433394,-3,-13,connectivity_candidate,False,0.103099935
720575941429713583,T4d,R,720575941533935626,-2,-15,connectivity_candidate,False,0.160128136
720575941429856687,T4d,R,720575941436543788,2,13,connectivity_candidate,False,0.0378435908
720575941430092129,T4d,R,720575941480342914,-5,-6,connectivity_candidate,False,0.0370528164
720575941430277079,T4d,R,720575941471563584,6,-11,connectivity_candidate,False,0.423697904
720575941430287319,T4d,R,720575941568124263,-14,-8,connectivity_candidate,False,0.219776281
720575941430311639,T4d,R,720575941449501277,-1,-6,connectivity_candidate,False,0.031687171
720575941430359255,T4d,R,720575941633959611,1,1,connectivity_candidate,False,0.0344077695
720575941430908152,T4d,R,720575941656316628,11,-2,connectivity_candidate,False,0.045953253
720575941431147534,T4d,R,720575941540122005,-4,-5,connectivity_candidate,False,0.0367141832
720575941431222030,T4d,R,720575941627340443,8,11,connectivity_candidate,False,0.0335218129
720575941431270414,T4d,R,720575941457289968,14,12,connectivity_candidate,False,0.033743084
720575941431296270,T4d,R,720575941604166390,-2,6,connectivity_candidate,False,0.0172683482
720575941431296782,T4d,R,720575941575252623,1,4,connectivity_candidate,False,0.0313771181
720575941431415054,T4d,R,720575941482765391,-12,-13,connectivity_candidate,True,0.840409302
720575941433489806,T4d,R,720575941730515243,-8,-10,connectivity_candidate,False,0.0317154652
720575941433547406,T4d,R,720575941478225376,-9,-13,connectivity_candidate,True,0.805178341
720575941433597838,T4d,R,720575941547667644,-9,-11,connectivity_candidate,False,0.277746564
720575941433663630,T4d,R,720575941498251426,2,5,connectivity_candidate,False,0.0323518925
720575941433665422,T4d,R,720575941514169347,-2,4,connectivity_candidate,False,0.0225413155
720575941433772430,T4d,R,720575941657495888,-10,-17,connectivity_candidate,True,0.823171631
720575941435630624,T4d,R,720575941566540130,-4,-17,connectivity_candidate,False,0.274200145
720575941436354604,T4d,R,720575941472912682,1,-3,connectivity_candidate,False,0.0338288094
720575941436390700,T4d,R,720575941548121889,11,10,connectivity_candidate,False,0.0318415242
720575941436402732,T4d,R,720575941497512161,-1,-8,connectivity_candidate,False,0.0277704164
720575941436478226,T4d,R,720575941539337049,-2,-7,connectivity_candidate,False,0.0308335089
720575941436516882,T4d,R,720575941660370256,-6,-6,connectivity_candidate,False,0.0396655061
720575941436623122,T4d,R,720575941512072145,-3,6,connectivity_candidate,False,0.0128903403
720575941436763103,T4d,R,720575941498994505,-13,-11,connectivity_candidate,False,0.280984312
720575941436975404,T4d,R,720575941516110739,3,-5,connectivity_candidate,False,0.0349916334
720575941436995726,T4d,R,720575941562128755,3,12,connectivity_candidate,False,0.0327732559
720575941437085970,T4d,R,720575941600258345,0,14,connectivity_candidate,False,0.0379167919
720575941437536575,T4d,R,720575941656961816,-15,-10,connectivity_candidate,False,0.285142123
720575941437698623,T4d,R,720575941514086393,1,9,connectivity_candidate,False,0.0290843968
720575941437710303,T4d,R,720575941502324823,-7,-7,connectivity_candidate,False,0.0411690257
720575941437934559,T4d,R,720575941548441149,-7,7,connectivity_candidate,False,0.500934538
720575941438098239,T4d,R,720575941537923354,7,-9,connectivity_candidate,False,0.174738711
720575941438150879,T4d,R,720575941394870422,-7,-16,connectivity_candidate,True,0.832873548
720575941438223071,T4d,R,720575941414646044,8,-7,connectivity_candidate,False,0.0627845902
720575941438361429,T4d,R,720575941461049811,-10,-2,connectivity_candidate,True,0.488726341
720575941438522453,T4d,R,,,,unassigned,False,
720575941438526805,T4d,R,720575941507980604,15,16,connectivity_candidate,True,1.02186396
720575941438963797,T4d,R,720575941546351465,-3,9,connectivity_candidate,False,0.0396847782
720575941438968661,T4d,R,720575941443679951,1,-10,connectivity_candidate,False,0.0220829753
720575941438998101,T4d,R,720575941478880321,7,8,connectivity_candidate,False,0.033636198
720575941439439551,T4d,R,,,,unassigned,False,
720575941439748699,T4d,R,720575941538904701,-8,-7,connectivity_candidate,False,0.0438989917
720575941439852479,T4d,R,720575941414206868,9,-3,connectivity_candidate,False,0.0424637911
720575941439927131,T4d,R,720575941433734542,3,9,connectivity_candidate,False,0.0302880061
720575941439972699,T4d,R,,,,unassigned,False,
720575941440194651,T4d,R,,,,unassigned,False,
720575941440206683,T4d,R,720575941631387845,12,4,connectivity_candidate,False,0.0334320038
720575941440281311,T4d,R,720575941721626170,-9,-4,connectivity_candidate,False,0.048639735
720575941443264426,T4d,R,720575941499847035,15,9,connectivity_candidate,True,0.739283945
720575941446129172,T4d,R,720575941625453052,-1,4,connectivity_candidate,False,0.0267398005
720575941446237204,T4d,R,,,,unassigned,False,
720575941446247444,T4d,R,720575941507404348,9,4,connectivity_candidate,False,0.0335973794
720575941447699381,T4d,R,720575941611541478,14,4,connectivity_candidate,False,0.0328607272
720575941447874485,T4d,R,720575941517395449,3,3,connectivity_candidate,False,0.0335822276
720575941447978933,T4d,R,720575941643728328,6,17,connectivity_candidate,False,0.706663857
720575941448028597,T4d,R,720575941473907259,-5,5,connectivity_candidate,False,0.025175342
720575941448313013,T4d,R,720575941478058545,-1,-7,connectivity_candidate,False,0.0298797504
720575941449141326,T4d,R,720575941479171407,1,-12,connectivity_candidate,False,0.160435002
720575941449426781,T4d,R,720575941497802658,3,2,connectivity_candidate,False,0.0340441711
720575941449993850,T4d,R,720575941689926156,-7,-17,connectivity_candidate,True,0.84089863
720575941450181242,T4d,R,720575941602025769,4,10,connectivity_candidate,False,0.0297039771
720575941450226042,T4d,R,720575941469976587,-8,-6,connectivity_candidate,False,0.0439943312
720575941450230906,T4d,R,720575941630627052,-10,-1,connectivity_candidate,True,0.531393905
720575941450867527,T4d,R,720575941510331265,0,1,connectivity_candidate,False,0.0342545076
720575941451999913,T4d,R,,,,unassigned,False,
720575941453058867,T4d,R,720575941489315273,-4,5,connectivity_candidate,False,0.00975209272
720575941453257129,T4d,R,720575941578124789,-7,-6,connectivity_candidate,False,0.0421199436
720575941454521395,T4d,R,720575941438128684,-1,-15,connectivity_candidate,True,0.752330359
720575941454921453,T4d,R,720575941654374673,10,16,connectivity_candidate,False,0.0364813779
720575941454923245,T4d,R,720575941566044679,17,11,connectivity_candidate,True,0.591341963
720575941456312045,T4d,R,720575941547951165,6,-5,connectivity_candidate,False,0.0399986153
720575941456975088,T4d,R,720575941594234737,11,19,connectivity_candidate,False,0.0875857077
720575941457088159,T4d,R,720575941412395179,5,8,connectivity_candidate,False,0.104714758
720575941457351920,T4d,R,720575941557017252,3,-11,connectivity_candidate,False,0.0497346097
720575941457374111,T4d,R,720575941609987817,0,10,connectivity_candidate,False,0.0332087408
720575941457438879,T4d,R,720575941517507032,-7,2,connectivity_candidate,False,0.72874331
720575941457685663,T4d,R,720575941496367227,6,-10,connectivity_candidate,False,0.224637175
720575941457700511,T4d,R,720575941482094522,7,-5,connectivity_candidate,False,0.0419334014
720575941457701535,T4d,R,720575941457317360,-6,-13,connectivity_candidate,False,0.0229977872
720575941458027590,T4d,R,720575941514151171,-7,-15,connectivity_candidate,True,0.828407644
720575941458208582,T4d,R,720575941592052587,-8,-16,connectivity_candidate,True,0.827066546
720575941458688582,T4d,R,720575941594915367,11,0,connectivity_candidate,False,0.0333476914
720575941458825119,T4d,R,720575941579235061,-4,-16,connectivity_candidate,False,0.127473099
720575941459258835,T4d,R,720575941475276347,-11,5,connectivity_candidate,False,0.572233734
720575941459426003,T4d,R,720575941446769834,16,11,connectivity_candidate,False,0.399920407
720575941459726276,T4d,R,,,,unassigned,False,
720575941459760068,T4d,R,720575941479237711,6,-2,connectivity_candidate,False,0.0364098419
720575941459792851,T4d,R,720575941469634167,-10,-8,connectivity_candidate,False,0.0448373319
720575941459968723,T4d,R,720575941454104233,14,2,connectivity_candidate,False,0.0312163169
720575941460571536,T4d,R,720575941554469092,-3,4,connectivity_candidate,False,0.0176711981
720575941460669072,T4d,R,720575941650648817,4,12,connectivity_candidate,False,0.0292570173
720575941461756998,T4d,R,720575941439749676,9,9,connectivity_candidate,False,0.0372484048
720575941461912589,T4d,R,720575941543901532,-2,1,connectivity_candidate,False,0.0334846065
720575941462556429,T4d,R,720575941433938976,10,-3,connectivity_candidate,False,0.0449937341
720575941464191888,T4d,R,720575941482337359,-5,-4,connectivity_candidate,False,0.0397745319
720575941464964694,T4d,R,720575941440417371,5,2,connectivity_candidate,False,0.0342435434
720575941465029462,T4d,R,720575941519393203,9,14,connectivity_candidate,False,0.0343568367
720575941465093718,T4d,R,720575941439538523,1,5,connectivity_candidate,False,0.0302693572
720575941465512534,T4d,R,720575941563810962,-1,-16,connectivity_candidate,False,0.252622849
720575941465628694,T4d,R,720575941439177183,-6,-14,connectivity_candidate,True,0.829898796
720575941465668630,T4d,R,720575941689192204,-14,-5,connectivity_candidate,True,0.781588701
720575941466091286,T4d,R,,,,unassigned,False,
720575941468136790,T4d,R,720575941507639842,8,-2,connectivity_candidate,False,0.0380452212
720575941468622614,T4d,R,720575941513357379,11,12,connectivity_candidate,False,0.0329260581
720575941469228151,T4d,R,720575941475538225,-8,-9,connectivity_candidate,False,0.0440403405
720575941469575691,T4d,R,720575941412540564,2,-9,connectivity_candidate,False,0.580223991
720575941469623307,T4d,R,720575941506539137,4,4,connectivity_candidate,False,0.0335025594
720575941469931840,T4d,R,720575941438246188,-13,-5,connectivity_candidate,False,0.218754909
720575941470593088,T4d,R,720575941657153616,2,11,connectivity_candidate,False,0.0323550644
720575941471045751,T4d,R,720575941456842224,2,10,connectivity_candidate,False,0.0308837672
720575941471896928,T4d,R,,,,unassigned,False,
720575941472002912,T4d,R,720575941514088547,10,11,connectivity_candidate,False,0.0325151992
720575941472009002,T4d,R,720575941502315095,-9,-7,connectivity_candidate,False,0.0463684642
720575941472056672,T4d,R,720575941642378783,4,7,connectivity_candidate,False,0.0404079986
720575941472561728,T4d,R,720575941509499682,-4,8,connectivity_candidate,False,0.495795778
720575941472947754,T4d,R,720575941502372914,11,4,connectivity_candidate,False,0.0333792282
720575941472960554,T4d,R,720575941627478986,3,4,connectivity_candidate,False,0.0332480756
720575941472985207,T4d,R,720575941489486796,5,-10,connectivity_candidate,True,0.980552529
720575941473517610,T4d,R,720575941410754415,-15,-13,connectivity_candidate,True,0.841198543
720575941473718075,T4d,R,720575941525348429,0,13,connectivity_candidate,False,0.0431103135
720575941474067515,T4d,R,720575941494911358,-1,-4,connectivity_candidate,False,0.0339442138
720575941475299358,T4d,R,720575941479380131,-5,2,connectivity_candidate,False,0.0360359089
720575941475313713,T4d,R,720575941433767639,-1,7,connectivity_candidate,False,0.0217219257
720575941475393329,T4d,R,720575941631973024,-11,-15,connectivity_candidate,True,0.821744546
720575941475531806,T4d,R,720575941506684289,-6,6,connectivity_candidate,False,0.492313568
720575941475690036,T4d,R,720575941503323698,-13,-17,connectivity_candidate,True,1.07656058
720575941475708721,T4d,R,720575941644506488,10,3,connectivity_candidate,False,0.03325799
720575941475767105,T4d,R,720575941546953049,-4,-4,connectivity_candidate,False,0.0378178896
720575941475771185,T4d,R,720575941400314659,1,12,connectivity_candidate,False,0.0357516645
720575941475856692,T4d,R,720575941439831503,-9,-9,connectivity_candidate,False,0.0480010493
720575941475933505,T4d,R,720575941660942928,-2,9,connectivity_candidate,False,0.03416314
720575941476015169,T4d,R,720575941553675777,16,9,connectivity_candidate,False,0.0221246844
720575941476121908,T4d,R,720575941527686054,12,12,connectivity_candidate,False,0.0337850055
720575941476784234,T4d,R,720575941629703906,2,8,connectivity_candidate,False,0.0290656914
720575941476839018,T4d,R,720575941448447822,-10,-7,connectivity_candidate,False,0.0499902947
720575941477063489,T4d,R,720575941479727840,-4,-10,connectivity_candidate,False,0.0271960634
720575941477123178,T4d,R,720575941481651139,4,-11,connectivity_candidate,True,0.58785552
720575941477268074,T4d,R,720575941429600393,10,-4,connectivity_candidate,False,0.0467484981
720575941478392369,T4d,R,720575941627910794,-8,-15,connectivity_candidate,True,0.825559696
720575941478796418,T4d,R,720575941439735503,-17,-6,connectivity_candidate,True,0.774604354
720575941478831921,T4d,R,720575941413727599,-14,-3,connectivity_candidate,False,0.394343149
720575941478857635,T4d,R,720575941597459569,2,4,connectivity_candidate,False,0.0325642977
720575941478886051,T4d,R,720575941493138407,2,1,connectivity_candidate,False,0.0343103328
720575941478950051,T4d,R,720575941562525842,-11,-11,connectivity_candidate,False,0.278041436
720575941479018049,T4d,R,720575941584460934,5,-1,connectivity_candidate,False,0.0350855657
720575941479089538,T4d,R,720575941566547042,6,-9,connectivity_candidate,False,0.173918688
720575941479266639,T4d,R,720575941539233768,0,6,connectivity_candidate,False,0.0258325859
720575941479411535,T4d,R,720575941597095463,0,8,connectivity_candidate,False,0.0256877214
720575941480674755,T4d,R,720575941443056042,5,4,connectivity_candidate,False,0.0337205907
720575941481120198,T4d,R,720575941533655218,3,13,connectivity_candidate,False,0.0340121737
720575941481417926,T4d,R,720575941632265954,-11,3,connectivity_candidate,True,0.803958957
720575941481628358,T4d,R,720575941553027719,-1,-2,connectivity_candidate,False,0.0351873941
720575941481633478,T4d,R,720575941660471096,7,-8,connectivity_candidate,True,0.932360407
720575941481785085,T4d,R,720575941486238349,-3,-5,connectivity_candidate,False,0.0351974585
720575941481825277,T4d,R,720575941578351185,14,11,connectivity_candidate,False,0.0339064559
720575941481949882,T4d,R,720575941540878834,10,17,connectivity_candidate,False,0.0356961895
720575941482005667,T4d,R,720575941503372171,1,-1,connectivity_candidate,False,0.0344206411
720575941482339837,T4d,R,720575941634143173,9,5,connectivity_candidate,False,0.0334625102
720575941483247811,T4d,R,720575941506538881,-5,-14,connectivity_candidate,True,0.835147773
720575941483464387,T4d,R,720575941643394168,8,17,connectivity_candidate,False,0.40882507
720575941484567181,T4d,R,720575941734554667,-3,-4,connectivity_candidate,False,0.0362837315
720575941484604994,T4d,R,720575941692102107,-5,0,connectivity_candidate,False,0.0411392139
720575941484639629,T4d,R,,,,unassigned,False,
720575941484652354,T4d,R,720575941541570941,-14,-15,connectivity_candidate,False,0.340375578
720575941484725901,T4d,R,720575941538631373,3,6,connectivity_candidate,False,0.0350274239
720575941484770370,T4d,R,720575941460473744,4,15,connectivity_candidate,False,0.0716058349
720575941484801602,T4d,R,720575941549781620,-14,-12,connectivity_candidate,False,0.285649791
720575941485020678,T4d,R,720575941570642290,-13,-2,connectivity_candidate,False,0.446771051
720575941485060493,T4d,R,720575941534548506,1,-9,connectivity_candidate,False,0.0256138479
720575941485078534,T4d,R,720575941568024110,-17,-13,connectivity_candidate,True,0.844531764
720575941485109510,T4d,R,720575941426189908,11,16,connectivity_candidate,False,0.0374458335
720575941485213250,T4d,R,720575941562073234,7,6,connectivity_candidate,False,0.0341919565
720575941486640848,T4d,R,720575941645335201,5,16,connectivity_candidate,False,0.381326173
720575941488540213,T4d,R,720575941601980406,0,-5,connectivity_candidate,False,0.0325046513
720575941488924873,T4d,R,720575941573624207,-18,-8,connectivity_candidate,True,0.744226677
720575941489094601,T4d,R,720575941463417284,10,8,connectivity_candidate,False,0.0320968781
720575941489458382,T4d,R,720575941509572702,5,13,connectivity_candidate,False,0.0301970937
720575941489563337,T4d,R,720575941660131096,10,-5,connectivity_candidate,False,0.0495098015
720575941489897447,T4d,R,720575941603733238,-1,-3,connectivity_candidate,False,0.0346430969
720575941489915879,T4d,R,720575941606164589,-11,-17,connectivity_candidate,True,0.821420694
720575941489989582,T4d,R,720575941448504654,15,3,connectivity_candidate,False,0.0312561628
720575941489993676,T4d,R,720575941538876565,6,2,connectivity_candidate,False,0.0342421864
720575941489994444,T4d,R,720575941443050922,5,-4,connectivity_candidate,False,0.03693665
720575941490055372,T4d,R,720575941448506446,4,-5,connectivity_candidate,False,0.0363103083
720575941490107340,T4d,R,720575941412392107,11,6,connectivity_candidate,False,0.0330976784
720575941490535143,T4d,R,720575941532005763,9,0,connectivity_candidate,False,0.0361126933
720575941491521712,T4d,R,720575941631390917,11,14,connectivity_candidate,False,0.0347094565
720575941492058572,T4d,R,720575941577715126,15,6,connectivity_candidate,False,0.0312743346
720575941493244542,T4d,R,720575941596664945,-16,-13,connectivity_candidate,True,0.842185165
720575941493349319,T4d,R,720575941558454031,6,-8,connectivity_candidate,False,0.0443337487
720575941493489022,T4d,R,720575941598922908,-8,7,connectivity_candidate,False,0.504283748
720575941493693054,T4d,R,720575941494706814,-12,0,connectivity_candidate,False,0.455208191
720575941493751678,T4d,R,720575941458307056,2,-5,connectivity_candidate,False,0.0330221461
720575941493753982,T4d,R,720575941572228091,2,-4,connectivity_candidate,False,0.0336921091
720575941493754238,T4d,R,720575941624207980,8,-8,connectivity_candidate,False,0.0732429452
720575941493779070,T4d,R,720575941666768371,-15,-1,connectivity_candidate,True,1.16477525
720575941494262215,T4d,R,720575941568006710,-8,5,connectivity_candidate,False,0.496339304
720575941494480583,T4d,R,720575941577545064,-10,-3,connectivity_candidate,False,0.052839988
720575941494490800,T4d,R,720575941587606084,-13,-1,connectivity_candidate,False,0.455345766
720575941494742215,T4d,R,720575941471853152,2,-6,connectivity_candidate,False,0.0337788226
720575941494886528,T4d,R,,,,unassigned,False,
720575941495442816,T4d,R,720575941497416009,4,-4,connectivity_candidate,False,0.0357548385
720575941496405115,T4d,R,720575941635133627,11,8,connectivity_candidate,False,0.0324672864
720575941496682363,T4d,R,720575941413302164,-7,-18,connectivity_candidate,True,0.847257559
720575941497116745,T4d,R,720575941646621345,-2,-3,connectivity_candidate,False,0.0354532066
720575941497301985,T4d,R,720575941558336238,-8,3,connectivity_candidate,False,0.494031485
720575941497575367,T4d,R,720575941410156591,16,6,connectivity_candidate,False,0.0310300974
720575941497634121,T4d,R,720575941527231654,3,-10,connectivity_candidate,False,0.0476164728
720575941497782601,T4d,R,,,,unassigned,False,
720575941497873314,T4d,R,720575941629967084,10,9,connectivity_candidate,False,0.0308639499
720575941498054528,T4d,R,,,,unassigned,False,
720575941500120459,T4d,R,720575941552298523,12,15,connectivity_candidate,False,0.035763957
720575941500229499,T4d,R,720575941469685312,-11,4,connectivity_candidate,True,1.09055081
720575941500318603,T4d,R,720575941515284115,-13,-15,connectivity_candidate,False,0.343491278
720575941501775154,T4d,R,720575941687021580,-4,-3,connectivity_candidate,False,0.0386801662
720575941501891819,T4d,R,720575941478314602,-11,-12,connectivity_candidate,False,0.281799467
720575941501908823,T4d,R,720575941533946890,0,-4,connectivity_candidate,False,0.0333471266
720575941501946859,T4d,R,720575941478439220,-12,-14,connectivity_candidate,False,0.345755744
720575941502056791,T4d,R,720575941471509213,1,15,connectivity_candidate,False,0.037478919
720575941502133591,T4d,R,720575941613749933,10,14,connectivity_candidate,False,0.0339054695
720575941502206443,T4d,R,720575941640854629,1,-7,connectivity_candidate,False,0.0306709727
720575941502322923,T4d,R,720575941456101535,7,7,connectivity_candidate,False,0.0343263325
720575941502380887,T4d,R,720575941624060874,7,-1,connectivity_candidate,False,0.036209799
720575941502469975,T4d,R,720575941414646812,9,-7,connectivity_candidate,False,0.0566849353
720575941502668850,T4d,R,720575941491740366,0,0,connectivity_candidate,False,0.0357384969
720575941502678322,T4d,R,720575941734556459,6,16,connectivity_candidate,False,0.425117988
720575941502828994,T4d,R,720575941536237539,-12,-17,connectivity_candidate,True,0.809595267
720575941502867762,T4d,R,720575941475434289,13,19,connectivity_candidate,False,0.0455080837
720575941503335618,T4d,R,720575941599531420,11,3,connectivity_candidate,False,0.0339818053
720575941504297893,T4d,R,720575941473329194,-5,-2,connectivity_candidate,False,0.0408378366
720575941504306341,T4d,R,720575941434349326,-13,-8,connectivity_candidate,False,0.226075811
720575941504407100,T4d,R,720575941433303649,16,10,connectivity_candidate,False,0.385701269
720575941504486460,T4d,R,720575941505691973,15,12,connectivity_candidate,False,0.0348697365
720575941504524348,T4d,R,720575941592910550,-2,13,connectivity_candidate,False,0.0304943065
720575941504574885,T4d,R,720575941600187945,8,7,connectivity_candidate,False,0.0347463044
720575941504604220,T4d,R,720575941451143751,-10,2,connectivity_candidate,False,0.292475292
720575941504828907,T4d,R,,,,unassigned,False,
720575941504964517,T4d,R,720575941409700526,11,13,connectivity_candidate,False,0.0301362066
720575941505011004,T4d,R,720575941592927446,-1,-14,connectivity_candidate,False,0.156422065
720575941505100311,T4d,R,720575941686845964,-11,-3,connectivity_candidate,False,0.483768045
720575941505181463,T4d,R,720575941481544134,-16,-14,connectivity_candidate,False,0.326895913
720575941505213719,T4d,R,720575941572094536,16,8,connectivity_candidate,False,0.0266089814
720575941505710661,T4d,R,720575941479810154,3,-3,connectivity_candidate,False,0.0342891797
720575941505728837,T4d,R,720575941440821215,9,-1,connectivity_candidate,False,0.0373022447
720575941505729093,T4d,R,720575941494943664,1,3,connectivity_candidate,False,0.0325137023
720575941505741893,T4d,R,720575941400313891,4,16,connectivity_candidate,True,0.821653428
720575941505762071,T4d,R,720575941660054552,14,3,connectivity_candidate,False,0.0351580124
720575941505780805,T4d,R,720575941527515268,-9,6,connectivity_candidate,False,0.505163525
720575941505868055,T4d,R,720575941518874540,2,0,connectivity_candidate,False,0.0343125339
720575941505897125,T4d,R,720575941539187033,-3,-10,connectivity_candidate,False,0.0252710281
720575941505930309,T4d,R,720575941441128895,8,2,connectivity_candidate,False,0.0343378806
720575941505933381,T4d,R,720575941457994566,10,0,connectivity_candidate,False,0.0358821679
720575941506467106,T4d,R,,,,unassigned,False,
720575941506504542,T4d,R,720575941433996064,-2,-4,connectivity_candidate,False,0.034909232
720575941506579294,T4d,R,720575941554140755,14,9,connectivity_candidate,True,0.742237906
720575941506636161,T4d,R,720575941525815652,6,-4,connectivity_candidate,False,0.0385791841
720575941506665566,T4d,R,720575941616107417,-9,3,connectivity_candidate,False,0.494080226
720575941506706561,T4d,R,,,,unassigned,False,
720575941506706817,T4d,R,720575941494479047,-16,-7,connectivity_candidate,True,0.798195376
720575941506767489,T4d,R,720575941564413608,-2,5,connectivity_candidate,False,0.0201492695
720575941506851713,T4d,R,720575941514712979,11,11,connectivity_candidate,False,0.0325702656
720575941507142750,T4d,R,720575941554717668,1,-13,connectivity_candidate,False,0.154919474
720575941507499580,T4d,R,720575941528484280,-4,-1,connectivity_candidate,False,0.0394524512
720575941508500496,T4d,R,720575941511229906,-2,-10,connectivity_candidate,False,0.0230800217
720575941508626960,T4d,R,720575941611517404,-2,3,connectivity_candidate,False,0.0249753224
720575941509034256,T4d,R,720575941517066083,4,-10,connectivity_candidate,False,0.0465816682
720575941509262546,T4d,R,720575941640941429,0,9,connectivity_candidate,False,0.029233106
720575941510208016,T4d,R,720575941534756184,-4,-11,connectivity_candidate,False,0.0245598002
720575941511902028,T4d,R,720575941665198716,-12,-15,connectivity_candidate,False,0.416487004
720575941512047948,T4d,R,720575941597049127,15,14,connectivity_candidate,False,0.053031991
720575941512113873,T4d,R,720575941533097394,-12,-16,connectivity_candidate,True,0.822360715
720575941512258257,T4d,R,720575941512360268,9,18,connectivity_candidate,False,0.410094712
720575941512487500,T4d,R,720575941644001224,17,6,connectivity_candidate,False,0.0310300969
720575941512565970,T4d,R,720575941453822633,-4,-14,connectivity_candidate,False,0.110815441
720575941513262659,T4d,R,720575941445851412,1,6,connectivity_candidate,False,0.0292230143
720575941513317699,T4d,R,720575941643973576,16,12,connectivity_candidate,False,0.104518835
720575941513361219,T4d,R,,,,unassigned,False,
720575941513510097,T4d,R,720575941611660390,-8,-14,connectivity_candidate,True,0.820711304
720575941513722691,T4d,R,720575941567723378,0,-8,connectivity_candidate,False,0.0275318444
720575941513759491,T4d,R,720575941440279503,12,16,connectivity_candidate,False,0.0411372237
720575941513918563,T4d,R,720575941597393344,10,5,connectivity_candidate,False,0.0333261557
720575941513953379,T4d,R,720575941503397099,-13,-4,connectivity_candidate,True,0.876110694
720575941513955162,T4d,R,720575941481743546,-16,-12,connectivity_candidate,False,0.280456926
720575941513958137,T4d,R,720575941544023581,-7,-14,connectivity_candidate,False,0.0258206922
720575941513967203,T4d,R,720575941507637413,-11,-13,connectivity_candidate,False,0.376159537
720575941513985785,T4d,R,720575941476532074,6,-6,connectivity_candidate,False,0.0419614371
720575941514038019,T4d,R,720575941533964993,-10,1,connectivity_candidate,True,0.626947807
720575941514046201,T4d,R,,,,unassigned,False,
720575941514163802,T4d,R,720575941598171525,-13,-13,connectivity_candidate,True,0.842709318
720575941514177626,T4d,R,720575941627788070,-6,11,connectivity_candidate,False,0.506292986
720575941514184441,T4d,R,720575941577626705,-12,-11,connectivity_candidate,False,0.280173196
720575941514186233,T4d,R,720575941627908234,17,12,connectivity_candidate,True,0.593269081
720575941514193498,T4d,R,720575941522740915,8,9,connectivity_candidate,False,0.0347919504
720575941514241379,T4d,R,720575941560626158,-4,2,connectivity_candidate,False,0.0141860304
720575941514273529,T4d,R,720575941479014465,-8,-11,connectivity_candidate,False,0.0414859657
720575941514505306,T4d,R,720575941426422356,-10,-18,connectivity_candidate,True,0.972965188
720575941514738010,T4d,R,720575941532348619,11,2,connectivity_candidate,False,0.0344335002
720575941514878867,T4d,R,720575941576632463,0,3,connectivity_candidate,False,0.0308244143
720575941514927251,T4d,R,,,,unassigned,False,
720575941515495633,T4d,R,720575941612416275,0,-12,connectivity_candidate,False,0.150855887
720575941515505667,T4d,R,720575941563887767,-15,-12,connectivity_candidate,False,0.285114286
720575941516900524,T4d,R,720575941578046033,-13,-7,connectivity_candidate,False,0.219349912
720575941516982106,T4d,R,720575941429210799,-14,-2,connectivity_candidate,False,0.395172365
720575941517155244,T4d,R,720575941624453484,-7,1,connectivity_candidate,False,0.0426084463
720575941517307096,T4d,R,720575941460073200,-2,-6,connectivity_candidate,False,0.0326871888
720575941517313114,T4d,R,720575941528138754,7,-2,connectivity_candidate,False,0.0371324826
720575941517420972,T4d,R,720575941550683425,0,-13,connectivity_candidate,False,0.151248246
720575941517452504,T4d,R,,,,unassigned,False,
720575941517663342,T4d,R,720575941451887482,-6,-8,connectivity_candidate,False,0.0351997404
720575941518159726,T4d,R,720575941545101673,15,1,connectivity_candidate,False,0.0207773034
720575941518160494,T4d,R,720575941626518073,0,-11,connectivity_candidate,False,0.0167497743
720575941519110583,T4d,R,720575941514175747,-13,-10,connectivity_candidate,False,0.28002066
720575941519128759,T4d,R,720575941465397005,-5,-3,connectivity_candidate,False,0.0406742113
720575941519133111,T4d,R,720575941508424464,2,-8,connectivity_candidate,False,0.0332202342
720575941519178167,T4d,R,720575941574059592,-6,2,connectivity_candidate,False,0.027191575
720575941519205303,T4d,R,720575941544402620,2,14,connectivity_candidate,False,0.0570321863
720575941519312567,T4d,R,720575941508670789,6,7,connectivity_candidate,False,0.0338354893
720575941519337911,T4d,R,720575941459725267,3,14,connectivity_candidate,False,0.0663008527
720575941519376819,T4d,R,720575941443054506,10,7,connectivity_candidate,False,0.0328323584
720575941519384759,T4d,R,720575941489809358,-7,-4,connectivity_candidate,False,0.0431247168
720575941519774903,T4d,R,720575941508217111,1,11,connectivity_candidate,False,0.0339108884
720575941519832243,T4d,R,720575941485989840,4,-12,connectivity_candidate,False,0.345467511
720575941519862195,T4d,R,720575941615113113,-2,-16,connectivity_candidate,False,0.251684023
720575941519887799,T4d,R,,,,unassigned,False,
720575941519902387,T4d,R,720575941571042974,14,6,connectivity_candidate,False,0.0310801957
720575941521263607,T4d,R,720575941433939744,-8,-5,connectivity_candidate,False,0.0448339924
720575941521320951,T4d,R,720575941592623400,8,18,connectivity_candidate,True,0.750423311
720575941521724919,T4d,R,720575941602000569,12,-2,connectivity_candidate,False,0.052857621
720575941522771531,T4d,R,720575941671606193,10,2,connectivity_candidate,False,0.0348514726
720575941523012787,T4d,R,720575941567370343,-6,0,connectivity_candidate,False,0.0409406413
720575941524310775,T4d,R,720575941439665938,-4,1,connectivity_candidate,False,0.0410258836
720575941524804452,T4d,R,720575941535081498,7,11,connectivity_candidate,False,0.0332872087
720575941524870500,T4d,R,720575941434899086,-2,-12,connectivity_candidate,False,0.0947310233
720575941524930818,T4d,R,720575941573204893,1,8,connectivity_candidate,False,0.0271609587
720575941524947044,T4d,R,,,,unassigned,False,
720575941524955492,T4d,R,720575941512312017,-12,4,connectivity_candidate,False,0.569055916
720575941524960612,T4d,R,720575941601796905,17,8,connectivity_candidate,False,0.026693969
720575941525038436,T4d,R,720575941513723139,-16,-8,connectivity_candidate,False,0.0953146271
720575941525108836,T4d,R,720575941411300719,4,5,connectivity_candidate,False,0.0333561092
720575941525116493,T4d,R,720575941505512471,9,12,connectivity_candidate,False,0.0335156669
720575941525222937,T4d,R,720575941612985318,-15,-9,connectivity_candidate,False,0.291236465
720575941525317890,T4d,R,720575941443560106,-9,-8,connectivity_candidate,False,0.0453776419
720575941525430553,T4d,R,720575941628460002,9,15,connectivity_candidate,False,0.0362244557
720575941525654605,T4d,R,,,,unassigned,False,
720575941525872294,T4d,R,720575941609908457,8,10,connectivity_candidate,False,0.0320461574
720575941526490534,T4d,R,720575941591041591,6,1,connectivity_candidate,False,0.0346380972
720575941526620326,T4d,R,720575941690137612,7,15,connectivity_candidate,False,0.0309184895
720575941526712909,T4d,R,720575941533099352,12,7,connectivity_candidate,False,0.0328904304
720575941527681412,T4d,R,720575941540868125,-14,-14,connectivity_candidate,False,0.335376271
720575941527954253,T4d,R,720575941540598108,3,17,connectivity_candidate,True,1.16456226
720575941527984568,T4d,R,720575941574611638,-2,-1,connectivity_candidate,False,0.0365024056
720575941528140216,T4d,R,720575941556821540,-5,10,connectivity_candidate,False,0.08962233
720575941528397496,T4d,R,720575941612417299,2,-7,connectivity_candidate,False,0.0332274597
720575941529350347,T4d,R,720575941618628309,4,-9,connectivity_candidate,False,0.0452882441
720575941529658315,T4d,R,,,,unassigned,False,
720575941530270084,T4d,R,720575941494354558,5,3,connectivity_candidate,False,0.0339347851
720575941533218392,T4d,R,720575941507086977,-5,-17,connectivity_candidate,True,0.855445351
720575941533302962,T4d,R,720575941497811399,9,7,connectivity_candidate,False,0.0336684682
720575941533396458,T4d,R,720575941552099355,7,-7,connectivity_candidate,False,0.0452710748
720575941533425642,T4d,R,720575941497486409,-12,-10,connectivity_candidate,False,0.275159678
720575941533435570,T4d,R,720575941504728892,8,16,connectivity_candidate,False,0.406840539
720575941533803242,T4d,R,720575941597684357,-2,-11,connectivity_candidate,False,0.0154294044
720575941533923562,T4d,R,720575941394040836,-1,-13,connectivity_candidate,False,0.1396439
720575941533993665,T4d,R,720575941613820333,-4,4,connectivity_candidate,False,0.0139327929
720575941534006282,T4d,R,720575941597071911,13,12,connectivity_candidate,False,0.0337588032
720575941534169537,T4d,R,720575941624209610,6,8,connectivity_candidate,False,0.0320668118
720575941534297866,T4d,R,720575941567990522,-8,-1,connectivity_candidate,False,0.0433178023
720575941534304266,T4d,R,720575941533472088,-9,5,connectivity_candidate,False,0.500446219
720575941534551683,T4d,R,720575941434529312,-6,-5,connectivity_candidate,False,0.0406947099
720575941534600730,T4d,R,720575941536942834,-7,-8,connectivity_candidate,False,0.0388252642
720575941534709697,T4d,R,720575941555872164,7,0,connectivity_candidate,False,0.0353624311
720575941534788634,T4d,R,720575941507976226,-4,-18,connectivity_candidate,False,0.275897225
720575941535117443,T4d,R,720575941481773507,2,9,connectivity_candidate,False,0.0301585338
720575941535134234,T4d,R,720575941588734974,1,-4,connectivity_candidate,False,0.0332866386
720575941535192346,T4d,R,720575941536418058,10,-2,connectivity_candidate,False,0.0424016266
720575941535582184,T4d,R,720575941522599243,-10,5,connectivity_candidate,False,0.495647828
720575941536081123,T4d,R,720575941558545935,10,19,connectivity_candidate,False,0.110841436
720575941537107349,T4d,R,720575941527925688,-1,-5,connectivity_candidate,False,0.0330204043
720575941537408242,T4d,R,720575941634257568,-10,-14,connectivity_candidate,True,0.711095229
720575941537415666,T4d,R,720575941506798686,-9,-1,connectivity_candidate,True,0.577887826
720575941537422066,T4d,R,720575941596955292,-4,10,connectivity_candidate,False,0.0390809597
720575941537651605,T4d,R,720575941561384942,13,5,connectivity_candidate,False,0.0329477386
720575941537681277,T4d,R,720575941556770817,4,-3,connectivity_candidate,False,0.0352443854
720575941537806066,T4d,R,720575941452073038,0,-9,connectivity_candidate,False,0.0242699593
720575941538496461,T4d,R,720575941613063910,-7,-3,connectivity_candidate,False,0.0437867443
720575941538503117,T4d,R,720575941514208515,3,10,connectivity_candidate,False,0.0308573534
720575941538723789,T4d,R,720575941610710118,-9,-15,connectivity_candidate,True,0.820181495
720575941538731981,T4d,R,720575941507007036,-10,-4,connectivity_candidate,False,0.0534091226
720575941538757362,T4d,R,720575941508908560,-10,8,connectivity_candidate,False,0.614755639
720575941540410517,T4d,R,720575941487329232,12,2,connectivity_candidate,False,0.033808038
720575941540529756,T4d,R,720575941449465108,-8,-2,connectivity_candidate,False,0.0461804587
720575941540818524,T4d,R,720575941484706626,7,9,connectivity_candidate,False,0.0320296611
720575941540919837,T4d,R,720575941517850072,-3,-1,connectivity_candidate,False,0.0376685339
720575941541363036,T4d,R,720575941595233925,15,4,connectivity_candidate,False,0.033106036
720575941541428253,T4d,R,720575941468469014,13,4,connectivity_candidate,False,0.0333367956
720575941541780093,T4d,R,720575941564680502,13,-2,connectivity_candidate,True,1.01761716
720575941542946821,T4d,R,720575941482200962,8,-1,connectivity_candidate,False,0.0367840731
720575941543052293,T4d,R,720575941481180611,-1,-1,connectivity_candidate,False,0.0356977861
720575941543536901,T4d,R,720575941425704276,-2,-14,connectivity_candidate,False,0.133870425
720575941543543401,T4d,R,720575941564715879,-9,-10,connectivity_candidate,False,0.251558127
720575941544376764,T4d,R,720575941559349293,6,4,connectivity_candidate,False,0.033916881
720575941544432572,T4d,R,720575941554651364,-11,6,connectivity_candidate,False,0.572872621
720575941544485993,T4d,R,720575941480588995,14,14,connectivity_candidate,False,0.0356471355
720575941544494953,T4d,R,720575941555258276,-9,-12,connectivity_candidate,False,0.280775203
720575941544546236,T4d,R,720575941439202322,-7,9,connectivity_candidate,False,0.505051437
720575941544576700,T4d,R,720575941593790065,18,10,connectivity_candidate,True,0.595688714
720575941544580201,T4d,R,720575941470077451,13,9,connectivity_candidate,False,0.0325735568
720575941544599228,T4d,R,720575941733917739,12,18,connectivity_candidate,False,0.0371990167
720575941545209276,T4d,R,720575941528316548,5,0,connectivity_candidate,False,0.0346612981
720575941545264572,T4d,R,720575941505589669,8,1,connectivity_candidate,False,0.0349639475
720575941545359540,T4d,R,720575941484452674,4,-6,connectivity_candidate,False,0.0381789645
720575941545361844,T4d,R,720575941612550633,4,-1,connectivity_candidate,False,0.0346484651
720575941545436596,T4d,R,720575941476567611,-14,-11,connectivity_candidate,False,0.283502352
720575941545510068,T4d,R,720575941508670021,13,17,connectivity_candidate,False,0.0444951311
720575941545999540,T4d,R,720575941503968962,7,-6,connectivity_candidate,False,0.0439410461
720575941546401416,T4d,R,720575941629225017,14,15,connectivity_candidate,True,0.970080449
720575941547221108,T4d,R,720575941480281027,11,15,connectivity_candidate,False,0.0337167209
720575941547674401,T4d,R,720575941475226976,5,6,connectivity_candidate,False,0.0333338976
720575941547727393,T4d,R,720575941502712514,-6,8,connectivity_candidate,False,0.502448107
720575941548044605,T4d,R,720575941521708279,-6,-2,connectivity_candidate,False,0.0425696643
720575941548055668,T4d,R,720575941573039368,-10,-6,connectivity_candidate,False,0.0516566559
720575941548179644,T4d,R,720575941685627887,-6,-17,connectivity_candidate,True,0.847366719
720575941548191521,T4d,R,720575941579146741,7,4,connectivity_candidate,False,0.0339047826
720575941548240161,T4d,R,720575941552095515,10,-1,connectivity_candidate,False,0.0382857152
720575941548246305,T4d,R,720575941692184216,9,-4,connectivity_candidate,False,0.0443246678
720575941548317812,T4d,R,720575941553699355,13,7,connectivity_candidate,False,0.0327339234
720575941548623421,T4d,R,720575941566408295,-6,5,connectivity_candidate,False,0.490135216
720575941550196735,T4d,R,720575941545862580,3,11,connectivity_candidate,False,0.0312125261
720575941550453503,T4d,R,720575941671203761,-11,-14,connectivity_candidate,False,0.374805575
720575941550507263,T4d,R,720575941570713082,-12,3,connectivity_candidate,True,1.06452994
720575941550627390,T4d,R,720575941454204999,-10,-16,connectivity_candidate,True,0.82107668
720575941550637118,T4d,R,720575941526337958,-11,-6,connectivity_candidate,False,0.0584562324
720575941550642943,T4d,R,720575941630043628,1,-6,connectivity_candidate,False,0.0312414276
720575941550691390,T4d,R,720575941507636389,-6,-16,connectivity_candidate,True,0.842304416
720575941550878270,T4d,R,720575941606083949,-16,-15,connectivity_candidate,True,1.32321485
720575941551211838,T4d,R,,,,unassigned,False,
720575941551991175,T4d,R,720575941451450793,-1,12,connectivity_candidate,False,0.0391392133
720575941552006535,T4d,R,720575941558033828,7,10,connectivity_candidate,False,0.0328981002
720575941552287259,T4d,R,720575941412981931,0,2,connectivity_candidate,False,0.0327826938
720575941552430727,T4d,R,720575941563768071,14,17,connectivity_candidate,True,0.971340227
720575941552551707,T4d,R,720575941527931012,4,-2,connectivity_candidate,False,0.0348186624
720575941552755483,T4d,R,,,,unassigned,False,
720575941552761883,T4d,R,720575941486259778,10,1,connectivity_candidate,False,0.0351520397
720575941553054362,T4d,R,720575941417731612,-3,-11,connectivity_candidate,False,0.0222381515
720575941553127937,T4d,R,720575941516205459,-5,-10,connectivity_candidate,False,0.028457001
720575941553574683,T4d,R,720575941563883318,-17,-12,connectivity_candidate,True,0.4863545
720575941553588563,T4d,R,720575941541095260,14,8,connectivity_candidate,False,0.0323836943
720575941554124115,T4d,R,720575941540332693,1,-5,connectivity_candidate,False,0.0323803916
720575941554301011,T4d,R,720575941579855481,6,-1,connectivity_candidate,False,0.0354773796
720575941554433764,T4d,R,720575941599932869,-16,-4,connectivity_candidate,True,0.762646569
720575941554507492,T4d,R,720575941517727960,11,18,connectivity_candidate,False,0.0354193036
720575941555375524,T4d,R,720575941555607460,6,11,connectivity_candidate,False,0.0333869745
720575941555665828,T4d,R,720575941475815466,-8,1,connectivity_candidate,False,0.336171647
720575941555947428,T4d,R,720575941412540308,11,-3,connectivity_candidate,False,0.0485841516
720575941556028836,T4d,R,720575941463572237,9,13,connectivity_candidate,False,0.0334139384
720575941557510884,T4d,R,720575941531508867,3,-8,connectivity_candidate,False,0.0402598676
720575941558010639,T4d,R,720575941637710709,2,-1,connectivity_candidate,False,0.0342623876
720575941558029839,T4d,R,720575941568671220,1,0,connectivity_candidate,False,0.0347488799
720575941558261263,T4d,R,720575941453514803,2,7,connectivity_candidate,False,0.0314752599
720575941558271982,T4d,R,720575941516859139,3,-4,connectivity_candidate,False,0.0344735265
720575941558287854,T4d,R,720575941627756070,-9,7,connectivity_candidate,False,0.506432641
720575941558921587,T4d,R,720575941657951000,6,0,connectivity_candidate,False,0.0350253859
720575941559048819,T4d,R,720575941513643587,-3,5,connectivity_candidate,False,0.0164277933
720575941559382829,T4d,R,720575941586249567,-9,1,connectivity_candidate,False,0.221649089
720575941559433005,T4d,R,720575941467830493,-1,-9,connectivity_candidate,False,0.0249614893
720575941559476013,T4d,R,720575941429599625,-3,-3,connectivity_candidate,False,0.0370862723
720575941561473704,T4d,R,720575941439697964,-10,-13,connectivity_candidate,True,0.687632277
720575941561474728,T4d,R,720575941403028515,17,7,connectivity_candidate,True,0.979470853
720575941561563560,T4d,R,720575941534689985,-9,-2,connectivity_candidate,False,0.0494929641
720575941561825704,T4d,R,720575941626068793,9,-6,connectivity_candidate,False,0.0539572491
720575941562322322,T4d,R,720575941613897881,-1,5,connectivity_candidate,False,0.0241202132
720575941562723218,T4d,R,720575941576294248,11,7,connectivity_candidate,False,0.0329691129
720575941563229447,T4d,R,720575941542903301,-8,-13,connectivity_candidate,True,0.812737139
720575941563286626,T4d,R,720575941617948543,0,-2,connectivity_candidate,False,0.0343654957
720575941563539207,T4d,R,720575941527571588,-4,6,connectivity_candidate,False,0.00903661671
720575941563798023,T4d,R,720575941555093275,7,3,connectivity_candidate,False,0.0340611116
720575941564755047,T4d,R,720575941478427444,5,-8,connectivity_candidate,False,0.0437900237
720575941565287783,T4d,R,,,,unassigned,False,
720575941565824310,T4d,R,720575941449093813,9,3,connectivity_candidate,False,0.0337970857
720575941566465838,T4d,R,720575941479485263,5,9,connectivity_candidate,False,0.0348239361
720575941566769966,T4d,R,720575941517068378,0,-14,connectivity_candidate,True,0.510709864
720575941566965038,T4d,R,720575941475633438,8,3,connectivity_candidate,False,0.0340194745
720575941566991406,T4d,R,720575941486453200,8,-6,connectivity_candidate,False,0.0464561735
720575941567767410,T4d,R,720575941469797952,12,3,connectivity_candidate,False,0.0335409198
720575941568016628,T4d,R,720575941556774401,-16,-6,connectivity_candidate,True,0.797681783
720575941568150772,T4d,R,720575941448601181,-8,6,connectivity_candidate,False,0.501253387
720575941568151290,T4d,R,720575941472465015,12,1,connectivity_candidate,False,0.033630701
720575941568363508,T4d,R,720575941413964692,12,6,connectivity_candidate,False,0.0330160027
720575941568593140,T4d,R,720575941701167578,-12,-8,connectivity_candidate,False,0.069122189
720575941569521054,T4d,R,720575941425705812,3,-6,connectivity_candidate,False,0.0354907605
720575941570456990,T4d,R,720575941475241568,4,1,connectivity_candidate,False,0.0342696956
720575941570492318,T4d,R,720575941633116832,0,-10,connectivity_candidate,False,0.0212338199
720575941570492574,T4d,R,720575941469982475,-14,-9,connectivity_candidate,False,0.226892041
720575941570503838,T4d,R,720575941651072241,5,-9,connectivity_candidate,False,0.0449961744
720575941570607354,T4d,R,720575941666769139,1,10,connectivity_candidate,False,0.0316450447
720575941570697630,T4d,R,,,,unassigned,False,
720575941572121672,T4d,R,720575941612307274,10,-6,connectivity_candidate,False,0.053016136
720575941572264955,T4d,R,720575941455158509,3,1,connectivity_candidate,False,0.0341832149
720575941572367112,T4d,R,720575941634984379,-2,-8,connectivity_candidate,False,0.0286602298
720575941572380168,T4d,R,720575941513053251,-11,-2,connectivity_candidate,True,0.525899024
720575941572384776,T4d,R,720575941581274613,6,13,connectivity_candidate,False,0.030915951
720575941572708765,T4d,R,720575941621794431,-1,-10,connectivity_candidate,False,0.0211916646
720575941572756381,T4d,R,720575941596522533,12,8,connectivity_candidate,False,0.0326631653
720575941572917769,T4d,R,720575941493582974,-4,-15,connectivity_candidate,False,0.134888746
720575941573346205,T4d,R,720575941409603243,-9,-6,connectivity_candidate,False,0.0479111255
720575941573430941,T4d,R,720575941479236943,9,-5,connectivity_candidate,False,0.0459781059
720575941573519503,T4d,R,720575941506946398,-11,-7,connectivity_candidate,False,0.0602215728
720575941573775247,T4d,R,720575941468502358,3,7,connectivity_candidate,False,0.0352365255
720575941574240950,T4d,R,720575941498492800,-5,-7,connectivity_candidate,False,0.0355787506
720575941574269839,T4d,R,720575941631045573,12,-4,connectivity_candidate,True,0.623667097
720575941574304520,T4d,R,720575941563672418,-5,1,connectivity_candidate,False,0.0407839234
720575941576437661,T4d,R,,,,unassigned,False,
720575941576759385,T4d,R,720575941637710197,-2,-2,connectivity_candidate,False,0.0365996554
720575941576814681,T4d,R,720575941503117618,-18,-9,connectivity_candidate,True,0.583518277
720575941577210969,T4d,R,720575941630132165,4,-8,connectivity_candidate,False,0.0430696338
720575941577704040,T4d,R,720575941463048900,9,8,connectivity_candidate,False,0.0384083204
720575941577762129,T4d,R,720575941479169871,-2,-13,connectivity_candidate,False,0.131724685
720575941577762641,T4d,R,720575941559332111,0,-7,connectivity_candidate,False,0.0296437729
720575941577833973,T4d,R,720575941554193982,0,4,connectivity_candidate,False,0.0290410871
720575941578288209,T4d,R,720575941527661444,11,-4,connectivity_candidate,False,0.0512909505
720575941578492405,T4d,R,720575941471891552,7,-4,connectivity_candidate,False,0.039648477
720575941579991417,T4d,R,720575941618401919,-1,2,connectivity_candidate,False,0.0312479506
720575941580498553,T4d,R,720575941625323772,13,2,connectivity_candidate,False,0.0332093547
720575941580499321,T4d,R,720575941503477131,8,0,connectivity_candidate,False,0.0360038615
720575941580839505,T4d,R,720575941415753361,-10,-15,connectivity_candidate,True,0.816374887
720575941581440095,T4d,R,720575941476533866,5,-6,connectivity_candidate,False,0.0398518134
720575941581448273,T4d,R,720575941661981052,-4,-13,connectivity_candidate,False,0.0990069919
720575941582769247,T4d,R,720575941606079678,-12,-5,connectivity_candidate,False,0.0673372411
720575941583159647,T4d,R,720575941522504627,-2,8,connectivity_candidate,False,0.0265082524
720575941583581049,T4d,R,720575941469633911,2,-12,connectivity_candidate,True,0.668576923
720575941584305030,T4d,R,720575941527985592,3,16,connectivity_candidate,True,0.813540876
720575941584471647,T4d,R,720575941497480417,-5,4,connectivity_candidate,False,0.00932430686
720575941587196471,T4d,R,720575941505806386,-7,-9,connectivity_candidate,False,0.0346172391
720575941587341380,T4d,R,720575941454843373,6,14,connectivity_candidate,False,0.0306648089
720575941588389431,T4d,R,720575941575841800,-13,1,connectivity_candidate,True,1.13281837
720575941588730622,T4d,R,720575941443656874,-9,-5,connectivity_candidate,False,0.0489585023
720575941589036542,T4d,R,720575941584492510,10,15,connectivity_candidate,False,0.0346246973
720575941589055742,T4d,R,720575941451301447,-5,-1,connectivity_candidate,False,0.0407650234
720575941589499276,T4d,R,720575941534580568,3,-1,connectivity_candidate,False,0.0342911692
720575941589506188,T4d,R,720575941552500763,-3,-8,connectivity_candidate,False,0.0301838516
720575941590111628,T4d,R,720575941551102782,-6,10,connectivity_candidate,False,0.502518858
720575941590197032,T4d,R,720575941569344626,12,11,connectivity_candidate,False,0.0329682921
720575941590323780,T4d,R,,,,unassigned,False,
720575941591257128,T4d,R,720575941556721956,-9,2,connectivity_candidate,False,0.489453108
720575941591614504,T4d,R,720575941543311109,14,1,connectivity_candidate,False,0.023321006
720575941591678315,T4d,R,720575941485989328,-4,-7,connectivity_candidate,False,0.0332565896
720575941591824235,T4d,R,720575941541294109,0,11,connectivity_candidate,False,0.0353921869
720575941591851371,T4d,R,720575941531646339,8,12,connectivity_candidate,False,0.0332758273
720575941591882603,T4d,R,720575941482199805,4,14,connectivity_candidate,False,0.437494638
720575941591915371,T4d,R,720575941555382611,-10,4,connectivity_candidate,False,0.495589799
720575941591918187,T4d,R,720575941548757364,-6,3,connectivity_candidate,False,0.484488916
720575941592982486,T4d,R,720575941584400094,-7,3,connectivity_candidate,False,0.494663451
720575941593085142,T4d,R,720575941605268470,-2,12,connectivity_candidate,False,0.036369059
720575941593301285,T4d,R,720575941436428332,12,14,connectivity_candidate,False,0.0378605871
720575941593361445,T4d,R,720575941618799487,5,1,connectivity_candidate,False,0.0344119066
720575941593477925,T4d,R,720575941660960568,-5,8,connectivity_candidate,False,0.496763252
720575941593587237,T4d,R,720575941541150300,5,12,connectivity_candidate,False,0.0296447496
720575941593944613,T4d,R,720575941430873737,-4,0,connectivity_candidate,False,0.0394822793
720575941593961585,T4d,R,720575941437783007,-8,2,connectivity_candidate,False,0.15722166
720575941594040357,T4d,R,720575941689155823,11,5,connectivity_candidate,False,0.0332388165
720575941594120305,T4d,R,720575941618727893,15,10,connectivity_candidate,True,0.960726553
720575941594175089,T4d,R,720575941583036793,7,16,connectivity_candidate,False,0.411624797
720575941594566513,T4d,R,720575941626057529,-3,-12,connectivity_candidate,False,0.0879760523
720575941594778501,T4d,R,720575941430800087,15,11,connectivity_candidate,False,0.0352859756
720575941595068197,T4d,R,720575941469118583,-5,-16,connectivity_candidate,True,0.848785665
720575941595196805,T4d,R,,,,unassigned,False,
720575941595197061,T4d,R,720575941621787263,15,7,connectivity_candidate,False,0.0316006488
720575941595686556,T4d,R,720575941643170209,-10,-9,connectivity_candidate,False,0.0467311055
720575941596555676,T4d,R,720575941549060020,-7,-12,connectivity_candidate,False,0.0257608667
720575941596710336,T4d,R,720575941468534358,-7,-5,connectivity_candidate,False,0.0425181138
720575941596752284,T4d,R,720575941568391214,5,17,connectivity_candidate,True,0.830305285
720575941596768704,T4d,R,720575941533336152,-15,-15,connectivity_candidate,False,0.334115488
720575941596919488,T4d,R,720575941502519383,-8,-18,connectivity_candidate,True,0.892458254
720575941597027264,T4d,R,720575941605566573,-8,-12,connectivity_candidate,True,0.808472758
720575941597094300,T4d,R,720575941558453805,-14,-13,connectivity_candidate,True,0.84005628
720575941597176988,T4d,R,720575941639916149,9,-2,connectivity_candidate,False,0.0389700473
720575941598166661,T4d,R,720575941629362233,2,-2,connectivity_candidate,False,0.034091952
720575941598987049,T4d,R,720575941393983236,11,9,connectivity_candidate,False,0.0320279013
720575941599023913,T4d,R,720575941409612715,-11,-5,connectivity_candidate,False,0.0597508149
720575941599293481,T4d,R,720575941721111354,-12,-12,connectivity_candidate,False,0.283076739
720575941601988537,T4d,R,720575941634240197,13,11,connectivity_candidate,False,0.0331885882
720575941601994681,T4d,R,720575941432472751,-10,-12,connectivity_candidate,False,0.282805736
720575941601998070,T4d,R,720575941481257952,6,3,connectivity_candidate,False,0.0340858477
720575941602036409,T4d,R,720575941557647070,-6,-9,connectivity_candidate,False,0.0334002515
720575941602294518,T4d,R,720575941448457821,-12,-4,connectivity_candidate,True,0.536662795
720575941602775030,T4d,R,720575941561374702,9,2,connectivity_candidate,False,0.0345482883
720575941602816502,T4d,R,720575941589414028,4,2,connectivity_candidate,False,0.034077381
720575941603221182,T4d,R,720575941627256475,-1,3,connectivity_candidate,False,0.0286202432
720575941604501750,T4d,R,720575941612791114,-15,-2,connectivity_candidate,True,1.12683013
720575941604751038,T4d,R,,,,unassigned,False,
720575941605687149,T4d,R,720575941504436028,-7,6,connectivity_candidate,False,0.495571106
720575941605707629,T4d,R,720575941644280440,-5,-12,connectivity_candidate,False,0.0233340211
720575941605763181,T4d,R,720575941701684186,10,12,connectivity_candidate,False,0.0331583443
720575941605913197,T4d,R,720575941556820772,-5,9,connectivity_candidate,False,0.505248314
720575941606160062,T4d,R,720575941409703598,6,12,connectivity_candidate,False,0.0318443698
720575941606413677,T4d,R,720575941704853722,12,0,connectivity_candidate,False,0.0330327176
720575941609829865,T4d,R,720575941569359918,10,13,connectivity_candidate,False,0.033149092
720575941609886282,T4d,R,720575941454343219,14,7,connectivity_candidate,False,0.0326063554
720575941610144685,T4d,R,720575941491435184,2,-11,connectivity_candidate,False,0.0530615449
720575941610148013,T4d,R,720575941608830317,-13,-14,connectivity_candidate,False,0.342391255
720575941610178150,T4d,R,720575941575868573,5,-3,connectivity_candidate,False,0.0363138788
720575941610192998,T4d,R,720575941562995810,11,-1,connectivity_candidate,False,0.0433570761
720575941610200550,T4d,R,720575941518578323,9,11,connectivity_candidate,False,0.0342894296
720575941610508646,T4d,R,,,,unassigned,False,
720575941610569574,T4d,R,720575941432166615,5,-5,connectivity_candidate,False,0.0385446407
720575941610597293,T4d,R,720575941548094057,8,6,connectivity_candidate,False,0.0338901951
720575941610649574,T4d,R,720575941563178338,-12,-1,connectivity_candidate,False,0.500395464
720575941610870886,T4d,R,720575941448602461,-1,6,connectivity_candidate,False,0.022953074
720575941611941596,T4d,R,720575941484623682,8,15,connectivity_candidate,False,0.0377049539
720575941613452697,T4d,R,720575941533932554,2,-10,connectivity_candidate,False,0.0471728925
720575941613480601,T4d,R,720575941568781562,-6,-12,connectivity_candidate,False,0.0240561015
720575941613961235,T4d,R,720575941528563801,-4,-9,connectivity_candidate,False,0.0295438984
720575941615638997,T4d,R,720575941525367140,4,0,connectivity_candidate,False,0.0344403457
720575941616283349,T4d,R,720575941650365717,13,1,connectivity_candidate,False,0.0303592839
720575941617988479,T4d,R,720575941505834546,-3,-6,connectivity_candidate,False,0.0333468418
720575941618093183,T4d,R,720575941463615888,-8,8,connectivity_candidate,False,0.504952752
720575941618268031,T4d,R,720575941533864114,-12,-7,connectivity_candidate,False,0.060747298
720575941618982527,T4d,R,720575941638886943,-8,-3,connectivity_candidate,False,0.0463705731
720575941622951676,T4d,R,720575941502117719,6,10,connectivity_candidate,False,0.0337560648
720575941623246444,T4d,R,720575941561371118,9,10,connectivity_candidate,False,0.0362829557
720575941624224411,T4d,R,720575941478882784,-4,9,connectivity_candidate,False,0.0417924997
720575941624229740,T4d,R,720575941591626859,-1,-11,connectivity_candidate,False,0.0152096191
720575941624231532,T4d,R,720575941519515319,3,0,connectivity_candidate,False,0.034263281
720575941624291530,T4d,R,720575941592049259,-9,-17,connectivity_candidate,True,0.826510163
720575941624294538,T4d,R,720575941500492427,-8,-8,connectivity_candidate,False,0.0438798663
720575941624306540,T4d,R,720575941451190109,16,7,connectivity_candidate,False,0.029389334
720575941624348042,T4d,R,720575941592180843,-3,0,connectivity_candidate,False,0.0367315506
720575941624379500,T4d,R,720575941480585155,13,16,connectivity_candidate,False,0.0470423773
720575941624380554,T4d,R,720575941633218284,-12,2,connectivity_candidate,False,0.261362658
720575941624387948,T4d,R,720575941494533319,11,17,connectivity_candidate,False,0.0365973488
720575941624511114,T4d,R,720575941489741262,13,15,connectivity_candidate,False,0.0388749272
720575941624542346,T4d,R,720575941520867767,5,11,connectivity_candidate,False,0.032751158
720575941624721819,T4d,R,720575941591828990,-2,-9,connectivity_candidate,False,0.0263367019
720575941624740972,T4d,R,720575941479225423,-4,-6,connectivity_candidate,False,0.0356891409
720575941625291516,T4d,R,720575941521042611,2,6,connectivity_candidate,False,0.0317720492
720575941626593593,T4d,R,720575941509488674,1,-14,connectivity_candidate,True,0.502783312
720575941626734374,T4d,R,720575941632083180,7,5,connectivity_candidate,False,0.0339017548
720575941626797606,T4d,R,720575941609450729,-9,-14,connectivity_candidate,True,0.811951016
720575941627712313,T4d,R,,,,unassigned,False,
720575941627754022,T4d,R,,,,unassigned,False,
720575941627856422,T4d,R,720575941595209579,14,10,connectivity_candidate,False,0.0341456924
720575941628321574,T4d,R,720575941653223701,4,6,connectivity_candidate,False,0.0335789484
720575941629509090,T4d,R,720575941505141015,1,13,connectivity_candidate,False,0.0408584203
720575941630073068,T4d,R,720575941509188050,6,-3,connectivity_candidate,False,0.037134337
720575941630339052,T4d,R,720575941531745155,4,9,connectivity_candidate,False,0.030614676
720575941630985766,T4d,R,720575941597278144,13,-1,connectivity_candidate,True,0.545970099
720575941631154373,T4d,R,720575941525677337,-3,11,connectivity_candidate,False,0.0352441748
720575941631380640,T4d,R,720575941394657174,-1,8,connectivity_candidate,False,0.0269141236
720575941631464864,T4d,R,720575941527636902,3,8,connectivity_candidate,False,0.0326843467
720575941631745723,T4d,R,720575941451980922,-6,-3,connectivity_candidate,False,0.0421605189
720575941631811003,T4d,R,720575941606137709,-5,-13,connectivity_candidate,True,0.826931343
720575941631822267,T4d,R,720575941593317590,-6,-11,connectivity_candidate,False,0.0272314712
720575941631940332,T4d,R,720575941502166507,-14,-10,connectivity_candidate,False,0.283551316
720575941632368059,T4d,R,720575941515756634,13,10,connectivity_candidate,False,0.0330607916
720575941632369339,T4d,R,720575941479171151,1,-11,connectivity_candidate,False,0.0491240528
720575941634581408,T4d,R,720575941553497427,6,18,connectivity_candidate,True,1.1857591
720575941636275829,T4d,R,720575941619635071,13,13,connectivity_candidate,False,0.0349934811
720575941637256053,T4d,R,720575941592511528,-3,2,connectivity_candidate,False,0.025045396
720575941637259637,T4d,R,720575941639990047,-2,-5,connectivity_candidate,False,0.0336905444
720575941637374069,T4d,R,720575941689383832,-15,-4,connectivity_candidate,True,0.733563675
720575941638717471,T4d,R,720575941507180894,-1,1,connectivity_candidate,False,0.033194404
720575941638736671,T4d,R,720575941416290844,-2,0,connectivity_candidate,False,0.0361491461
720575941641707365,T4d,R,720575941412673428,-11,0,connectivity_candidate,True,0.675888736
720575941641941093,T4d,R,720575941460445599,-5,3,connectivity_candidate,False,0.0189074074
720575941642228069,T4d,R,720575941624475274,-7,8,connectivity_candidate,False,0.504098325
720575941642348626,T4d,R,720575941414533268,-13,-9,connectivity_candidate,False,0.284531131
720575941642732626,T4d,R,720575941473378090,8,-4,connectivity_candidate,False,0.0417653075
720575941643059832,T4d,R,720575941611968489,13,8,connectivity_candidate,False,0.0329131833
720575941643215480,T4d,R,,,,unassigned,False,
720575941643253880,T4d,R,720575941525675289,-6,9,connectivity_candidate,False,0.50526016
720575941643353249,T4d,R,720575941448342197,-13,-12,connectivity_candidate,False,0.284715268
720575941643498145,T4d,R,720575941515334609,17,14,connectivity_candidate,False,0.0860829555
720575941643509409,T4d,R,720575941535778314,-10,-11,connectivity_candidate,False,0.278155199
720575941643584456,T4d,R,720575941491148341,7,1,connectivity_candidate,False,0.0347638337
720575941643588769,T4d,R,720575941655705049,-11,-4,connectivity_candidate,False,0.0615953064
720575941643650386,T4d,R,720575941561311603,-4,-8,connectivity_candidate,False,0.031649708
720575941643700680,T4d,R,,,,unassigned,False,
720575941650222357,T4d,R,720575941415051292,6,9,connectivity_candidate,False,0.0330847976
720575941650222869,T4d,R,720575941615357660,-9,-18,connectivity_candidate,True,0.916504693
720575941650802161,T4d,R,720575941576140809,-7,-13,connectivity_candidate,False,0.0197884705
720575941651342577,T4d,R,720575941482588611,-1,-12,connectivity_candidate,False,0.131650586
720575941651511281,T4d,R,720575941526906969,-3,-7,connectivity_candidate,False,0.0321501896
720575941652240657,T4d,R,,,,unassigned,False,
720575941652269585,T4d,R,720575941630042604,1,-8,connectivity_candidate,False,0.0294767527
720575941652280593,T4d,R,720575941476531818,5,-7,connectivity_candidate,False,0.0421988764
720575941653005785,T4d,R,720575941577676470,4,-7,connectivity_candidate,False,0.0395396502
720575941653352153,T4d,R,720575941547880820,-11,-9,connectivity_candidate,False,0.270560904
720575941653564889,T4d,R,,,,unassigned,False,
720575941653611220,T4d,R,720575941405961584,-5,-11,connectivity_candidate,False,0.0266858973
720575941653626580,T4d,R,720575941566509319,-7,-10,connectivity_candidate,False,0.0349023006
720575941653706993,T4d,R,720575941537455843,3,5,connectivity_candidate,False,0.0332906611
720575941653842644,T4d,R,720575941604978105,-12,-6,connectivity_candidate,False,0.0640121652
720575941654090196,T4d,R,720575941464858381,10,-7,connectivity_candidate,False,0.0552292536
720575941654112980,T4d,R,720575941409478447,-3,-16,connectivity_candidate,False,0.23889945
720575941654197972,T4d,R,720575941412634769,-3,10,connectivity_candidate,False,0.0391189641
720575941657342232,T4d,R,720575941431583758,-1,9,connectivity_candidate,False,0.0297874615
720575941657369624,T4d,R,720575941514734915,8,-3,connectivity_candidate,False,0.0395051371
720575941657622096,T4d,R,720575941559641359,13,0,connectivity_candidate,False,0.0273726972
720575941660713528,T4d,R,720575941502111575,16,13,connectivity_candidate,True,0.991874363
720575941661835132,T4d,R,720575941641867807,-11,-10,connectivity_candidate,False,0.277043169
720575941666505459,T4d,R,720575941460129988,2,15,connectivity_candidate,False,0.0479802869
720575941667035057,T4d,R,720575941527904612,8,8,connectivity_candidate,False,0.035258318
720575941668366513,T4d,R,720575941489482700,-3,-14,connectivity_candidate,False,0.129935343
720575941669547687,T4d,R,720575941584335326,8,4,connectivity_candidate,False,0.033760378
720575941679255485,T4d,R,720575941618406101,-14,1,connectivity_candidate,True,1.0870455
720575941685838575,T4d,R,720575941515708921,-3,-2,connectivity_candidate,False,0.0378700716
720575941685867759,T4d,R,720575941625608394,7,-10,connectivity_candidate,False,0.427626336
720575941686020591,T4d,R,720575941559579693,-2,11,connectivity_candidate,False,0.0403303485
720575941686063855,T4d,R,720575941538268392,14,13,connectivity_candidate,False,0.0337950971
720575941686538735,T4d,R,720575941484806662,3,-9,connectivity_candidate,False,0.044765413
720575941686598127,T4d,R,720575941575831990,6,-7,connectivity_candidate,False,0.043487033
720575941687076214,T4d,R,720575941493638526,4,17,connectivity_candidate,True,1.16734493
720575941688493686,T4d,R,720575941442585691,-3,13,connectivity_candidate,False,0.431304369
720575941688653787,T4d,R,720575941536250851,2,-13,connectivity_candidate,True,0.484617759
720575941688793819,T4d,R,720575941666651379,1,2,connectivity_candidate,False,0.0335966073
720575941688864475,T4d,R,720575941505662021,6,6,connectivity_candidate,False,0.0339137597
720575941688954843,T4d,R,720575941505278277,-9,4,connectivity_candidate,False,0.497829521
720575941689031576,T4d,R,,,,unassigned,False,
720575941689182872,T4d,R,720575941653440729,5,14,connectivity_candidate,False,0.0286923441
720575941689259995,T4d,R,720575941562846888,-3,-15,connectivity_candidate,False,0.131999477
720575941689382107,T4d,R,720575941653479129,8,-5,connectivity_candidate,False,0.0438185831
720575941690661851,T4d,R,,,,unassigned,False,
720575941691816856,T4d,R,720575941496161918,6,5,connectivity_candidate,False,0.0338877567
720575941692123867,T4d,R,720575941440450860,13,3,connectivity_candidate,False,0.0330499612
720575941701210586,T4d,R,720575941627726886,-12,-9,connectivity_candidate,False,0.254933809
720575941701320154,T4d,R,720575941652155409,-15,-11,connectivity_candidate,False,0.283613995
720575941701582810,T4d,R,720575941506292574,-5,-9,connectivity_candidate,False,0.0312826759
720575941704199130,T4d,R,720575941509819777,6,15,connectivity_candidate,False,0.410825989
720575941721268026,T4d,R,720575941567677554,-11,-8,connectivity_candidate,False,0.116570801
720575941721281338,T4d,R,720575941353990960,2,3,connectivity_candidate,False,0.033322301
720575941721303354,T4d,R,720575941517264131,8,14,connectivity_candidate,False,0.0339827844
720575941721360186,T4d,R,720575941465488406,15,5,connectivity_candidate,False,0.0321437819
720575941721790266,T4d,R,720575941535047706,3,-12,connectivity_candidate,True,0.623795428
720575941721872442,T4d,R,720575941490845132,-4,-12,connectivity_candidate,False,0.0221783604
720575941730726187,T4d,R,720575941482276943,5,-12,connectivity_candidate,True,0.899174603
720575941731227179,T4d,R,720575941558027791,7,-3,connectivity_candidate,False,0.0386428992
720575941734103851,T4d,R,720575941651625233,-10,-10,connectivity_candidate,True,0.942414257
