# Özel et al. 2021 Nature 589:88-95 (doi:10.1038/s41586-020-2879-3); GEO GSE142787 (SuperSeries GSE142789).
# Adult timepoint only: 109,743 cells, female Canton-S 1-3 days old (male libraries removed by the authors), 10x v2.
# One row per adult cluster (199 columns of the GEO sheet: 193 final clusters incl. P70/P50 backprojections 221-235).
# Gene symbols are the plan's names; the source build (BDGP6.88) names differ for ChAT (=Cha), KaiR1D (=CG3822),
# Octalpha2R (=CG18208); mAChR-C (CG7918) is absent from the source gene set -> NaN. Built by scripts/build_ozel2021_tables.py.
# UNIT: per-cluster arithmetic mean of Seurat LogNormalize values, ln(1 + UMI / total_UMI * 1e4) per cell
# (sheet Adult_average_expression of GSE142787_Log_normalized_average_expression.xlsx, non-integrated data).
source_name,source_cluster,map_tier,ChAT,VAChT,Gad1,VGAT,VGlut,Hdc,ple,DAT,Tdc2,Tbh,Trh,SerT,nAChRalpha1,nAChRalpha2,nAChRalpha3,nAChRalpha4,nAChRalpha5,nAChRalpha6,nAChRalpha7,nAChRbeta1,nAChRbeta2,nAChRbeta3,Rdl,Lcch3,Grd,GluClalpha,KaiR1D,GluRIA,GluRIB,Nmdar1,Nmdar2,HisCl1,ort,mAChR-A,mAChR-B,mAChR-C,GABA-B-R1,GABA-B-R2,GABA-B-R3,mGluR,Dop1R1,Dop1R2,Dop2R,DopEcR,Oamb,Octbeta1R,Octbeta2R,Octbeta3R,Octalpha2R,5-HT1A,5-HT1B,5-HT2A,5-HT2B,5-HT7
T1,1,exact,0.55929721217291,0.338170131461415,1.12157875502037,0.49442981797289,1.44215679654824,0.00118439278072279,0.117423380210502,0.071534487697769,0.0,0.0216881941484071,0.00223309838021076,0.00739639717447616,0.154422463116221,0.169076236207838,0.340606792748898,0.952074872097275,1.59412625771426,1.23452541490706,3.38497197407011,1.28120004785173,0.862949056812257,0.000259060687813558,3.59583141198355,1.78826945237659,0.0387595034009655,0.432606314236374,0.323618054494361,0.094853723237434,0.309555924993057,0.205871675583189,0.115663074398212,0.0,1.71150627154517,0.146779102401607,0.0223859688912171,,2.5151269002205,0.892906704959093,0.0476260725427965,0.0651346684043046,0.0520409139392632,0.0307851533405636,0.841502060459857,0.689828429173425,0.0524664429030137,0.321321428881323,3.91033503341245,0.336130365342006,0.213132949379615,2.97554062776139,1.65363977405432,0.290400596897309,0.00795204691567484,0.0117107600363634
PR,3,class,0.538874069853298,0.406086790127696,0.561785482224701,0.209021060633335,0.800478646207381,0.501502649188514,0.0567477093540113,0.0824951401923407,0.0,0.0,0.0,0.0,0.0759932519433729,0.137213080712497,0.159005320788098,0.246900677438323,0.258967638675778,0.702873046621309,0.517577576765123,0.432316755993938,0.235210558817534,0.0,1.27245693401828,0.101350369407039,0.0,0.349345735814453,0.0421126535399991,0.201740150154091,0.193697621972857,0.0353248839741676,0.210373661066629,0.68437585632394,0.0,0.131243237825322,0.0,,0.285581316524405,0.0626507114614311,0.0123951114702841,0.121945459890676,0.156155012645278,0.0146397065672585,0.781498646923323,1.75427307005631,0.0320967560096384,0.346040283431307,0.428241060878778,0.104334497274235,0.260116194295303,0.101639118498907,0.156482944003615,0.108438966775191,0.0,0.0
4,4,unmatched,0.37247573386281,0.217430654023967,0.733794561088717,0.483162175371525,4.5756007224985,0.0,0.0,0.0,0.0344795166379155,0.0,0.0,0.0,1.16570898750139,1.66700520324229,2.41409109192822,0.829052690853539,0.92482052933046,5.30138225083402,0.918914842170794,2.50602043336842,1.75252177682848,0.0,3.99639407313805,1.55231880015601,0.0536825047598974,1.53366036334126,0.129973097967925,0.0117640665173253,0.13976829054957,0.785890435029614,0.843242484429046,0.0135305414332603,0.105979922295838,0.980996588630533,1.43828578512405,,1.42604129118804,0.599521422357596,0.00927960335464132,0.0793159274322526,1.04218049289477,0.350230555266756,3.20349417017239,1.62358430274005,0.440579040984713,0.240508629988843,2.30384971464924,1.1034997728435,1.25730000841015,0.141915835683927,0.138126033315175,0.0332989241062839,0.0,0.0
5,5,unmatched,1.16062870375855,1.62706958187244,0.870334228185206,0.358279080418857,1.29865633639599,0.0,0.58390112747916,0.0,0.0,0.0199370672092383,0.0,0.0,2.01566231686674,2.07127921464179,0.628880076580967,0.73457628831441,0.518009336012245,5.18272262436174,1.92745385270903,2.33383181694181,1.57458939716613,0.0,4.14865090490773,0.975511994855336,0.0,2.00642495306974,0.23546947918854,0.114747576397112,0.340113248697131,0.327556037380787,0.152284116051783,0.0,0.16931515049816,0.610356081410264,0.393873904103557,,1.42005705207531,0.555301474049598,0.0,0.101064604355807,0.392551078511309,0.0976120317481547,3.52717013723338,1.8052234557773,0.0,0.228842000514568,1.10382496994015,1.24185352516112,0.845629359510351,0.838182704076099,1.01186402081631,0.15536531886343,0.0983668761196067,0.0
T2,6,exact,1.21386469503411,1.36105624363142,1.19212425154953,0.491794961857337,1.53211744846632,0.0,0.0557787110801079,0.018924259610292,0.00416029355961051,0.311171068781577,0.00943340906440748,0.0151996786036789,0.745265815301129,0.735869235431953,0.525526212669514,0.672673019043171,0.782527080275815,5.32987832713564,1.19521441248166,1.97893657048382,1.11229252843837,0.00257100680015396,3.92300846399223,1.18884391762368,0.027719217416737,1.47104814099111,0.21469675870194,0.133167144469914,0.350637501533129,0.0536717691947725,0.381050259884471,0.0,0.427310917588579,0.323710394410051,0.0475623006488174,,1.3158642879463,0.672310698883792,0.0606456209715422,0.549935833279071,0.0844708653429556,0.0490461576496514,2.52330654322777,1.97509731590592,0.268420669955496,0.469991827547607,1.15331705932196,1.06265242277762,0.915509464316043,0.204484827939121,0.117364550053837,0.408934613282862,0.00648841257931555,0.236252265401266
T3,7,exact,1.73456164059104,1.7663212274216,1.24090774043918,0.52388585006948,1.63845153542615,0.0,0.0443168181266386,0.043037224562799,0.0,0.504238805635856,0.0338200193059606,0.0,0.696984174691383,1.00948488650521,0.476186737839273,0.623400183247214,0.871712210915814,5.29076012287305,1.08680076814991,1.74863096155491,1.05450315867058,0.0,3.28121727754682,1.37994841404983,0.0279425412955257,1.36051817347973,0.249930455307686,0.135065456182302,0.345051539365516,0.138308461881718,0.194844222626823,0.0,0.337760345692975,0.573315507757243,0.0356059687180879,,1.54514588619539,0.688430682845664,0.0723328868813821,0.0702487277780963,0.136689909722356,0.0303132102423526,3.3852434152604,1.67270780522291,0.15800010678411,0.436202051678966,1.53521825999931,1.05889109912174,1.31762129456794,0.776167220085336,0.232194909886869,0.800729469456167,0.0128744057103327,0.0823547399872109
Lawf2,8,exact,2.01801419550558,1.35272536620051,0.930418205687779,0.363101158928401,1.34255065442375,0.0,0.0243507896903863,0.0245566924015958,0.0,0.0,0.0303006051106795,0.0,0.473722992117744,0.703084796985436,1.39169611550925,0.958250668459049,0.888700024884138,2.06957428762827,0.736676568474651,1.72887417118401,1.11842981828089,0.0,2.72631058818169,1.07104440449885,0.0208338890354955,1.03167514806506,0.175810377268679,0.153572668205324,0.42937741847427,0.563918979735201,0.315239050417132,0.0,0.305964166437874,0.726031143174095,0.0223173880527538,,1.04929637353327,0.517900546060615,0.266042993048628,0.0435375365862941,0.116164487963867,0.0494993998118661,0.625237486173641,2.47050891510261,0.434035455718985,0.837430354573137,2.39133630606617,0.722504965617811,0.384830145537363,0.791803104771452,0.317139254522962,0.211644552192387,0.00946509569904297,0.00700860834866803
Dm4,9,exact,0.292278259989419,0.274989450473517,1.02162919825959,0.416954116923272,3.87907181805762,0.0,0.0,0.0562062986601564,0.0,0.0168410851308068,0.0,0.0,0.104152750098583,0.118278788300142,1.50828108549682,0.84439484348074,0.54784950308595,0.940169370441846,1.13383471857853,1.5487462767513,1.41168217698484,0.0,2.4647594538486,2.40869946199284,0.779072585683351,0.896981143798416,0.217221813280964,0.0809438822314554,0.232761291783709,0.0841342598069183,0.331883631292873,0.00999296822266519,0.297361289567063,0.544723229776461,0.048149025356472,,0.377539045751769,0.730871286171601,0.0174191147099602,0.144016213648773,0.0412489302679438,0.0,0.47413516190991,2.31444453714558,0.830488794176336,0.295964916878159,1.98391623384813,1.78791127749023,0.983051293632659,1.627628818596,0.0866532910890132,1.9251219228715,0.0319950996589607,0.00850108152112616
10,10,unmatched,0.474769419150745,0.318731140557776,0.97407713271423,0.464137834376512,3.64501706376398,0.0431681954295662,0.0108683916518195,0.0,0.0,0.0498647548771788,0.032000704860237,0.0,0.540361599939609,0.478951778464164,1.75189440364628,0.799387404057069,0.401275821673648,1.01645490527295,2.70468839918909,1.97652329795968,0.930619628029854,0.0,4.21040983445709,1.11559979143633,0.0478193990556719,1.41804121180854,0.297381046920416,1.30103126666824,1.7348530991847,1.18377872554145,0.229089496309996,0.0121977003004158,0.530523578870799,1.03624262213248,0.294735511169133,,0.978145959939572,0.631278545986793,0.00842771690169187,0.153970975140433,0.0945472737466638,0.490867671688877,0.790646065661416,1.67670427386477,0.181254912165684,1.81986659738628,0.650033148908484,0.941704868411208,1.18428204545443,2.96678570254331,0.88158962541081,0.648530519262898,0.12039129239463,0.112897002694419
11,11,unmatched,0.529495904545603,0.401937255856546,0.799437795013985,0.532566507577198,4.08056495586256,0.0,0.0403012248059291,0.0474573640675531,0.0,0.0,0.0216618096115576,0.0,0.734421758635868,1.04652886350746,1.82989234954871,0.945693676316252,1.78055108676508,3.22903791344934,2.16347217964197,1.5974062164676,1.1580651768771,0.0,3.13729950512193,1.31856359051263,0.373816900788221,1.02874792328146,0.625360035262946,0.284363100994897,0.807096458478077,0.136466658396878,0.280062600434542,0.0,0.167599633411906,0.150887768100046,0.0491021020531277,,2.29115478570859,0.769130283699909,0.161388276943753,0.106890656994556,0.0418582361083322,0.0,2.50039443079192,2.2130739609738,0.0532070732384287,0.305773849597816,1.85853002380926,1.35486558698517,1.01092650109882,0.780284123788234,0.469919254124096,1.59766687535772,0.0,0.0
Dm12,12,exact,0.511311099632098,0.246327729036192,0.927532354756479,0.359270990738629,4.07332874204935,0.0,0.0455473662948392,0.0,0.0,0.0304455626428161,0.00408285318015219,0.00999132080026251,0.132464931036805,0.173302671348794,0.757778718447842,0.819855432850767,1.01545473479833,1.81786829586543,2.38733272175813,1.56194154315576,0.820082803046688,0.0,3.36222972240675,1.6135780689288,0.0138158092665516,0.974653005078256,0.278102683245318,1.26225768284006,1.13597619051038,0.0687404802199073,0.172749400608469,0.0140576532551414,0.266104999443287,0.62698001608018,0.0,,2.32591456484578,0.65089375433885,0.0562643922206171,0.0757265477209405,0.20084375587304,1.38570140858214,2.97877846427151,1.80943994485149,1.12238428422008,0.178615809993381,0.310257724765101,0.311268314968879,1.99071707777559,1.90219217731922,0.351939457508111,0.59945266203161,0.00584674581988935,0.112458817131322
13,13,unmatched,1.07325061717499,0.532752729723632,0.763898107396905,0.37909221619434,3.79883192386561,0.0,0.00461319266255285,0.0354621939958332,0.0,0.00535101153198681,0.0,0.0,0.0885632195104141,0.269497183700746,1.73450503588955,0.880333519274977,1.14778888398934,2.72606339463759,1.74358563316989,1.82225544408944,0.917670722885682,0.0,3.35075767960176,1.40265582111119,0.708648369543109,1.67400710173479,0.121354158848983,1.38605673427857,2.01562371985491,0.356414312451828,0.213116338114674,0.0145095697017141,0.162773140441167,0.418432477428136,0.0279348246128272,,1.05221975654553,0.521767720016658,0.0336878357962216,0.0402084332367765,0.0626059316097035,0.0370485010996892,1.23141278377146,2.09525988906761,0.327294533224517,0.507580424022361,1.79123372739196,0.926080769285097,1.38133804317241,1.15305106018596,0.723314854508557,0.221945525097133,0.00810350938569824,0.19374737965778
Dm1,14,exact,0.326431155079258,0.24863360872526,0.860590276217164,0.342653523310209,4.51395723565008,0.0,0.0225401273407656,0.0217130838233576,0.0,0.0167196661410314,0.0200459104405913,0.00994300951146691,0.672603422999429,1.07498237359973,0.495662645127847,0.644885516314283,2.03384622693673,3.43847029682337,1.79903543871597,1.89437724645304,1.24421252276066,0.0,3.24089830670092,1.33940964550728,0.00645738447660139,1.78578183215522,0.285498947033547,1.50088228457809,1.65470657219167,0.035600884435119,0.357968149860754,0.049693096910519,0.136553815266885,0.612298448331687,0.0,,0.844173087858362,0.573588171554049,0.0273293182826024,0.059961058627301,0.00697069010393792,0.0338652687135824,3.02478882164195,2.01194675272331,0.0720551720565899,2.17338480859486,0.483990230842579,0.807247484539624,0.0559430661955377,1.70095946067401,0.440607330782767,0.491969514526685,0.0,0.225685478200972
Dm10,15,exact,0.527899306677359,0.325797836609879,3.14016989504042,1.345885649576,1.55580069549824,0.00880305972849225,0.0620072220283504,0.0281916035813007,0.0,0.0639274433288475,0.0230287718621888,0.00487271508419988,0.235544072435433,0.288743971233102,1.61617033502486,0.624832899571998,2.42031884677262,3.77340374571429,1.33361704997047,1.64130782001568,1.10769744949198,0.0,4.30201709797605,1.60147894355841,0.604424544111932,1.25679505512564,0.499757927571119,1.0213090775435,1.49346621720498,0.237893718678678,0.40896890978556,0.0,0.540838711522548,0.709659008000613,0.0600572422349406,,0.877783244854117,0.68579644406143,0.026114289136343,0.0484680315029044,0.152236637834517,0.972530978837722,0.755695079475672,1.72839111860605,0.0777510235001624,0.377859047727415,1.36968753435792,0.760896802523214,1.29723580877345,1.84041922096433,1.5337355402481,1.04412034667961,0.057209623593991,0.0534636575328447
16,16,unmatched,0.196776511434356,0.394200163606865,0.807965714256895,0.660002004034268,4.48256975891334,0.0,0.0,0.0919460847172405,0.0,0.0,0.0875633434221287,0.0,0.653125417828618,0.577287268508749,0.871582584723228,0.788709277411922,1.58012279871595,3.82361045823559,1.54947643517596,1.75858647396213,1.15945815173713,0.0,3.5521379475307,1.09450911517413,0.702498741509957,1.51863391328625,0.199083365548393,0.5025360719326,1.26784836530048,0.272580428724246,0.182298334551979,0.0,0.0,0.550691434040946,2.14016225885526,,1.2599576281606,0.476177711117455,0.996607275237576,0.39555072714051,0.782182424943931,0.0408947907885769,2.50879844765109,2.15866326055868,0.382766031339764,0.375778386963944,1.04017227905896,1.35965090831478,0.191009615135461,0.0666718029379286,0.129536553329733,0.687995028077055,0.0315093869858086,0.0
17,17,unmatched,0.594012120839601,0.333146209525009,1.37850698454104,0.427880007958409,4.40431480385535,0.0,0.0482401084071605,0.0165085084703427,0.0,0.0294765753251546,0.0586044467049783,0.0,0.697681156808634,0.833064986552037,0.719002780323434,0.459895932527101,1.74278123662759,3.21972609353847,1.62074885063518,1.95275224625981,1.31469108046335,0.0,3.37439117151934,1.21740905527056,0.0236815214009715,1.40762354851948,0.285430805303504,0.993238738615761,1.48336175181105,0.266929487552271,0.602384837004904,0.0,0.329100520669309,0.757616706431838,0.569762151866967,,1.32521975323919,0.591876165382039,0.133144826068064,0.203063078361885,0.685365303769421,0.085367659799694,3.68363527602152,2.41121082447201,0.156161224314158,0.448412306002263,0.859256699631163,0.574963163904652,0.337154991382902,0.452157212804702,0.432084936460377,0.360130349974819,0.246515474933322,0.0631690866613936
18,18,unmatched,0.693565463658029,0.242410831353557,1.1993987529219,0.542601550193986,4.34951256984745,0.0,0.156550009982462,0.0,0.0,0.0,0.165389753029988,0.0,0.719625434879429,0.777784526456769,0.423040962007331,0.863287945670596,1.83644588347591,2.93533602962293,2.91579713678397,2.10778272359326,1.46349763802767,0.0,3.83412664915189,1.0558772305346,0.0,1.40011216001282,0.0245973716258002,1.49329201366675,1.85335399292762,0.0224887762138606,0.706385075525065,0.0,0.0676266729441816,0.741259654021582,0.415824389343764,,0.993782164423402,0.433859932002644,0.148991177557297,0.0997972617355757,0.23309570482971,0.0,2.5949514900045,1.69775971753928,0.215011694223271,0.780229189306165,1.58437618134052,0.462515188768294,1.08147379188737,1.80511190520623,1.1855382493597,1.95460231016577,0.286091721812513,0.0153255242002821
Dm8,19,class,0.513370013552673,0.270403366442675,1.22928360513394,0.434233358475618,4.49490298577969,0.0,0.0711003127864026,0.0723682522473824,0.0042582538079803,0.388584689323606,0.0295873953855191,0.015574204346637,1.01328466461952,1.36825770595607,1.56031451054744,0.799611115302416,1.03374803809738,2.61162225745435,1.34623746902114,1.63887984332209,1.2412426643771,0.0,1.54931857867901,1.43356147718518,1.24612387785421,0.580260607470109,0.537157124943516,0.153105055691471,0.332454078616229,0.301117468403898,0.181580044726327,0.00356773465760602,2.22080081887029,0.600924397271542,0.378647629343028,,1.14820291765448,0.656111087576706,0.065957876177907,0.0646470776796177,0.073185093332498,0.371687875307401,0.966238506222814,2.22470248893663,0.0955467268814932,1.91112995371794,1.51671250707289,1.34820270572566,0.522646630734921,0.249521652523765,0.108742001753557,1.51690820415663,0.0126839073584849,0.105054278335412
20,20,unmatched,0.489220752153491,0.31707271258051,1.28054059399519,0.57511567878598,4.21468705729736,0.0,0.025830346436928,0.0300270317465573,0.0,0.0169574595852617,0.0379370217587344,0.0,0.789622057850785,0.64043893288526,1.0816057816703,0.629729347677626,1.69970011392966,3.73718959924145,1.68212355281849,1.93948162325811,1.08287144121186,0.0,3.33255655440919,0.950721799290312,0.0,1.68508472053496,0.182156646538165,0.787346481047784,1.13819185649211,0.224684361996797,0.519455483759813,0.0,0.223831820131025,0.613738041188146,0.612801087718824,,1.4060469724511,0.702829206774334,0.0442988777197973,0.530657867704622,0.321566725326928,0.584808244033833,2.86143313900841,2.04232183268369,0.118770002594528,1.57470644182486,1.1695839079884,0.893400723970676,0.377885888169716,1.60523506802889,0.708705397668145,1.46545653766766,0.0327196816224587,0.124868911788932
21,21,unmatched,0.311968032082237,0.202990577906831,1.49283042697276,0.60086103843775,4.77297257340474,0.0,0.0,0.0,0.0,0.0375957827814287,0.0,0.0,0.637537356914571,0.691327097242372,0.302898149568066,0.484681500710196,1.33069572252553,2.83222514732936,1.58481936788774,2.26249383484192,1.25577331141202,0.0,3.26391327649992,1.16844058510941,0.0284344362696577,1.20757744397175,0.187588276136903,0.56893280492651,0.861679682912112,0.714653873842902,0.478009703639232,0.0,0.185695029239676,0.718047679103581,0.131362578031016,,1.30612826212574,0.624224074279682,0.0488521705112801,0.389958963481041,0.925657813252306,0.302119687548645,3.35556630771031,1.79915214772606,0.954149009726109,1.85401702499741,1.66459642462018,1.38852194264099,1.27692527309707,1.56434262563615,0.551585521298761,0.870692896433628,0.13198564146128,0.0305334728237748
22,22,unmatched,0.279343423494598,0.1587826218827,1.01342593323678,0.584056148519176,4.40475779565844,0.0,0.0486327469118926,0.0139100551953816,0.0,0.040199467815124,0.0310083134381695,0.0,1.18272699882212,0.937056148624584,0.955137639279438,0.858970895681537,1.83689285199653,3.02803201027854,2.12295077315916,2.25559306798237,1.48555375905945,0.0,2.89601281005038,1.2281788731288,0.0,1.8718447670872,0.180486067672884,1.23368342505429,1.71510547342502,0.399135766685031,0.342429714230371,0.0245444822387856,0.288422828254901,1.19361943671821,0.297868315111558,,1.44244177463414,0.533335043479517,0.433074185482119,0.19335350992816,0.248768526881665,0.0226773925724589,3.00555327213465,2.69651202437296,0.0385314688450855,0.245988888511936,1.53513954694216,0.71164428186587,1.95252370249646,1.14088637989604,1.25726130071651,0.396779352874719,0.0,0.00949386236952944
23,23,unmatched,0.422277783485335,0.27027897653593,0.935871415146633,0.565535152406336,4.26756733131732,0.0,0.145451896994138,0.0348754189193898,1.00496369135614,0.00552220939298789,0.0,0.0,0.697440452847477,1.00525918449069,1.83286394545321,0.788171225207087,1.79555778182774,3.39751231638166,1.87445570520397,2.13626276693717,1.36131460918267,0.0,3.44932203958334,1.16555147170796,0.102102254582413,1.73563535125045,0.284487399323613,0.687618539231197,1.27169917298473,0.869400065262431,0.231970863865243,0.00884444942495506,0.12067286975907,0.493173613932155,1.28581947817414,,1.11513324305739,0.651530822481647,0.0602418623328721,0.500217407780667,0.229055194856751,0.964459246972543,1.35165748050826,2.01229386233281,0.257879809562288,0.0855116196507864,1.76759761370848,0.79564255857071,0.270872999426209,1.16191091412425,0.822556929317001,0.193046850656584,0.0412131434597344,0.00931601590731348
24,24,unmatched,0.450479798647564,0.240972068141976,1.08151644714767,0.549583123855273,4.37581526355733,0.00749818138752104,0.325991705505295,0.0345953610698634,0.0,0.0275657715107427,0.00635004122302941,0.00501711382913542,0.740977681467319,0.770228447260746,1.5353030533211,0.838756525487317,1.73802834270132,1.04719887624429,2.37719328809251,2.03441666210962,1.35079981499093,0.0,3.16299715560743,1.138570091231,0.134020289416303,1.47395903302,0.16086636266421,1.28301526034781,1.71478193515065,0.354891827516914,0.371585889085028,0.0137327018048979,0.409951722933002,0.482625315747863,0.23740401897772,,1.19178461391996,0.592995578086261,0.21356336912921,0.288940462858719,0.200680159941437,0.0328722864763639,2.3939562785605,2.21533150202073,0.364888110525264,0.370151184484021,1.29296406661028,1.19810259025892,0.882541457438895,0.591362391183533,0.689576920682225,0.484547660270747,0.0191244215010885,0.00989540077952414
26,26,unmatched,0.601593506898651,0.36964952726468,1.13518532748725,0.550202263183517,4.3711502793829,0.0,0.064694203692001,0.0778268465734562,0.00450776096882967,0.170706479651501,0.021102834226318,0.0,0.828707905652513,0.950754546068824,1.48007925573285,0.664039951183471,1.72737609277427,3.27356121857635,1.45532935386967,1.91425721805972,1.09892034045668,0.0,3.01752739491593,1.16017795440549,0.311947936649528,1.6138412257832,0.174646797972694,0.130732464141138,0.32046401835079,0.375213617310479,0.224796652116133,0.00917774430285752,0.324006006554865,0.676436982702517,0.0318356955457235,,1.31004505893672,0.65873957628441,0.519639438867981,0.759175327752551,0.0839198623534389,0.668121296926271,2.68406211866394,2.38630480008789,0.0979050614987582,0.545976638531635,1.33893309763797,1.15505181101421,0.472372445321615,0.422259344761074,0.573916297698554,0.167320256242101,0.0199665200305392,0.0279591073346385
LC14,27,class,0.724403825014506,0.45245269573751,1.26526591545304,0.474149042896525,3.81371491819249,0.0,0.068769698790244,0.0,0.0,0.0862014878372076,0.0379448159447272,0.00788576722680313,0.761426630499014,0.889908596690508,1.14794908716736,0.672950034945047,1.42243652660693,2.46276061777713,1.88692277310803,2.08805589175227,1.30029829098992,0.0,3.18967656017857,1.22732235349836,0.10520494482588,1.72766225112425,0.0927803395782903,0.820482329461817,1.30693799306013,0.402563159766279,0.261171094340214,0.0,0.478455549679732,0.743703491057879,0.164352010425378,,1.18668984511103,0.62990489543361,0.282258887969436,0.621854683323631,0.192160009642582,0.121059574396801,3.49163558304091,2.30832552222646,0.294575281080361,0.405058580812196,1.30000860405606,1.12236772203239,0.727010958979149,0.500765186848512,0.254975329976773,0.746261761484539,0.0753180913579833,0.0348134880360108
28,28,unmatched,0.433066559077202,0.16954328448733,1.10927562029902,0.417547472772904,4.27678572438565,0.0,0.0,0.034943229561995,0.093315323527317,0.155942631194388,0.0,0.0,0.851210906559661,1.10016285824818,1.36307271920006,0.80430363115104,1.53769893617572,3.00356859169287,1.79628246869963,1.95689751345531,1.27492818905673,0.0,3.15138889283945,1.18205776133578,0.0573999633204267,1.51862392810204,0.218920067843925,0.528976957210937,0.585481817148664,0.414301771331046,0.562771293037922,0.0,0.238096158107539,0.621664840692356,0.201336190990529,,1.30385049186227,0.729944332116248,1.02908689690321,0.0875466966698926,0.121696591244324,0.102703484106345,3.50670917501057,2.05448906861787,0.132420655907877,0.66741395958532,1.39025222590285,1.08825670535937,0.945652206770097,0.978922459840804,0.400063705006321,0.2325563858016,0.0492074200632138,0.108529311374064
29,29,unmatched,0.680352435923454,0.232325450355059,1.1323448097824,0.639188407183445,4.11105197245013,0.0,0.336601600470299,0.0405000140577072,0.0,0.0348975662794545,0.0481972221377197,0.0,0.961462864949807,1.43974365582462,0.93489403655705,0.583185293738944,1.24087731229418,3.276640418785,1.78409393471776,1.8797322329466,1.40013270015411,0.0,3.08846410584434,1.52187147686595,0.0660659603846091,1.38159765083322,0.279800871285242,1.59198670267473,2.65205515512892,0.404059656460649,0.645090364919739,0.0,0.160319852508567,0.737079863849719,0.105310959438079,,1.23693031183104,0.630738071647932,0.0304777005829803,0.115228994610648,0.113712891201845,0.0135461760613884,0.919389046799792,2.21014684648273,0.360871035181217,0.342674067526203,1.87000169631451,2.21689960522894,2.01096396899943,2.46594226240046,0.605783925445989,0.132427362726665,0.0840876010922212,0.151162271008683
30,30,unmatched,0.545464788916775,0.269786625339679,0.975578373708574,0.655080550114856,4.40706660212769,0.0,0.0,0.0490299081183018,0.0,0.110866458855458,0.0,0.0,0.73223124742757,0.879686462647101,0.773668545578176,0.686426743170384,1.57710208623165,2.93923119213998,2.32069688885695,2.19609990184992,1.38959702550278,0.0,3.23909842233069,1.43036797420255,0.318157000784468,1.81811489365706,0.0962069436349356,0.97303620933269,1.30204082998645,0.115730201625774,0.397590593671687,0.0,0.434445351905379,0.720611676715028,0.577221288599426,,1.24233778220706,0.815825076870235,0.182940168681549,0.969161424809884,1.13486564874935,0.0402285796463326,2.87685019871648,2.08231237527962,0.379743342109239,0.491403843503334,1.12077265591189,0.719808697504767,0.818940929342947,0.386566197834186,0.327788670234741,0.906245764284103,0.214828477619814,0.0353049276207116
Mi15,31,exact,1.85817574538504,1.44502871227032,1.31841196760709,0.502248664848444,1.75527969379234,0.0,3.77334533670112,3.0279440553902,0.0,0.0371035296422333,0.0189439025520338,0.00644176891670333,0.594557940462877,0.68047317602838,1.73460405564796,0.73008195485646,1.69339903261029,3.4064906924188,1.38047895105609,1.7627596643243,1.48867687296165,0.0,3.11162936074388,2.48422720538009,0.648856767796285,1.4535873550756,0.206597791648899,1.09281343822141,1.30273249218725,0.320628134838969,0.353893956860051,0.00593848189567391,0.412326062778285,0.901118724842476,0.185356460091399,,1.47576951073099,0.684531111562203,0.408146667289523,0.550502794169067,0.0631904121220198,0.0345714386203306,1.04965729158341,1.97232854401772,0.409299959132036,0.504467458504725,0.904416992307899,1.24206574984364,1.15484409618916,0.338353737111608,0.216644857665677,0.465704512109804,0.00615464579901669,0.0712219450766196
32,32,unmatched,0.603257813063095,0.355822696387697,1.55906997905474,0.544718552934535,3.81660895644543,0.0,0.175945095174818,0.161185153309746,0.0,0.124116515523958,0.0,0.0,1.06485372088789,1.01902585701082,0.526522374014101,0.738772432563913,1.47644995310575,1.78742786985486,2.15119968982063,2.45009455287075,1.74189976545844,0.0,3.54011272084893,1.18737542853758,0.155963418212316,1.67561250631012,0.128342409528671,1.37686576304548,1.55805296087585,0.734710348314563,0.588803041725269,0.0,0.337816945413899,0.580338212753599,0.108567410469984,,1.32395056083921,0.747260023584392,0.131550035798103,0.098725403488634,0.0,0.185943723034697,2.78647228228693,2.0523759585634,0.177845032782183,0.384204788286188,1.37768245338759,0.883802145178831,1.00953228900893,0.354411600089909,0.657330374599588,0.275860546129306,0.0893493337004193,0.0
Mi9,33,exact,0.626094306652063,0.351088747101834,1.40492452716231,0.552089634917186,4.04893304792869,0.0,0.0633127593332183,0.0338790298321446,0.00382433774519733,0.0365019202390508,0.0398761599414857,0.00986504354764244,1.08454484896529,1.06966911441582,0.826934312731642,0.612030728276922,0.55918534455003,1.3239430233919,1.53550835854747,1.55414879328778,1.13880732831213,0.0,3.26072853735391,1.19264920282328,0.0625264898735998,1.312864843475,0.257333727478981,0.146814179772627,0.422056499315655,0.127983641823298,0.348758779087004,0.00800979281898819,0.49396910082598,0.315453576157592,0.555182807528732,,1.80085231394855,0.635028877748918,0.126990196023351,0.071106813371377,0.169908826249071,0.0568586511874431,2.33403078000584,2.07359365340021,1.32139912223727,0.335546551833599,1.656112671454,1.11501106567377,0.972868227488201,0.86451169470241,0.662198444737825,1.49283653369107,0.154363250233473,0.303238998933842
Tm5c,34,exact,0.611031732626879,0.343803567234362,1.07994589172232,0.460687266495739,4.20699909119011,0.0,0.143845040516984,0.0642499755006729,0.0056026635879284,0.0240098849891271,0.0878082788339862,0.0476300049477328,0.788132785208123,0.88737291465287,0.75674551040095,0.750991374878464,1.75885331686606,1.77655859971363,1.32107531844269,1.95134557071211,1.09833523562091,0.0,3.11231463354927,1.15780732615392,0.0734520416051672,1.44038756550281,0.181783007662009,0.416123319055123,0.85323921681474,0.249010773333999,0.390968700111307,0.0309104512385037,3.04452687831594,0.382118461868726,0.206394994709073,,1.40901290631185,0.662790797817496,0.0638570118300615,0.0836929603636402,0.0994256446430644,0.269189189013475,2.77684227794076,2.52999533240147,0.147708356781267,0.363451450739845,0.817400817260748,0.477520092101666,0.306612532576148,0.695321440133474,0.50816481841474,1.7859363225662,0.0541409865409309,0.224453647600743
36,36,unmatched,0.623901172341598,0.297381404938064,1.39735448704384,0.600218694657236,4.01332019858368,0.0,0.0848210161961715,0.052051821202804,0.0037240717602684,0.24336883163429,0.0152123692648094,0.00746419177242575,1.12226847020798,1.78589777351583,2.38767792624316,0.602308552930775,1.55132727296662,2.49368510362723,1.29874423055299,1.90360173393818,1.52539252783996,0.0,3.29756131302289,2.02828926596113,0.0725313289407104,2.1830188249044,0.195756875488332,1.87566898892915,2.98275132568527,0.295471051831443,0.398432463663227,0.00685245833044871,0.417287215595293,0.463264520966021,0.57318186782748,,1.20614693793306,0.594726620420001,0.443123026502462,0.102254775527039,0.0549654878932758,0.0242123959539866,1.50786653009142,1.8629188284834,0.119300585368554,1.39233589174166,1.35021663406984,1.26932906523636,1.5047415427863,0.873672196120844,0.490515142175886,1.62990960131314,0.363697281199674,0.442871691136954
37,37,unmatched,0.679427816385658,0.42188833792464,1.41742157518487,0.595856661544418,3.72137652237992,0.0,0.10411037094633,0.0497698590044322,0.0101127820668419,0.0159062118571085,0.0267173878652954,0.0,1.20605450112538,1.0958660123035,0.781808107451703,0.742147890289519,1.28535097095121,1.65307328944067,1.54713571607384,1.82677472372159,1.24731973093598,0.0,3.35916824884982,1.18731947516247,0.00621379369277489,1.85008910473579,0.224469099519126,1.34944867777156,1.42397380456504,0.279218219102861,0.28233246884023,0.00977081710471742,0.443114523944766,0.453857348168298,0.400659729592773,,1.29696803045769,0.625041689794751,0.390673742329743,0.329839158907363,0.0742436543954504,0.171556230555995,1.90748337894812,2.40238307497485,0.0979579451521689,1.23680561025136,1.64448774671165,1.11895477071436,1.98177507131674,0.397251278635762,0.209779653186193,0.231161183093112,0.021396171602341,0.0115684189425526
38,38,unmatched,1.29483665963269,0.721950997702679,2.02881157595708,0.64528027800316,3.87167515517577,0.0,0.386018180595068,0.078141715730717,0.0,0.30686825518422,0.352659981695211,0.0236486961812648,0.533794481255066,0.65170580577726,1.06117810266704,0.740443697780258,1.47508341036671,2.97192327418276,1.59976868392746,1.90864567172668,1.3834810564207,0.0,3.06100608052691,1.31153856580552,0.744840079121827,1.6917116758957,0.209906589783743,0.845936648127481,1.27612323574285,0.390528321824506,0.380161854720896,0.0,0.616961726273899,0.490161211148096,0.1044835431434,,1.32305921543967,0.59331677023661,0.881573566783656,0.575912908876246,0.30285892386424,0.693022846817832,1.63459076369184,1.78760474910809,0.306986401352886,0.920520990373084,1.22369900535636,1.06165322862713,1.05733519317161,1.589871305673,0.431532327508783,1.02393141410251,0.0468832295796954,0.0768191047712069
39,39,unmatched,0.561956525215132,0.224567068044452,1.67726451804007,0.705251143967549,4.31729703238747,0.0,0.00330216175389932,0.0,0.0446150082038055,0.0934114187389351,0.027413715289384,0.0,0.638583736376349,0.831168350673016,1.58147418195557,0.642335353769463,1.71666121387788,2.91349641447211,2.01397482327826,1.92266094076534,1.11591102167617,0.0,3.37844914710739,1.53110808689208,0.0922259904649805,1.8143861510031,0.241758193480512,0.773389033292949,1.20283914491689,0.355862312658959,0.235804073905243,0.0172896235589364,0.359086972044108,0.745775572051497,0.216730229977197,,1.15839936701455,0.47930378823574,0.403863105000879,0.695101999795095,0.604339989188943,0.259183005808857,1.29061320670752,2.08505015052661,0.119699808673461,0.855030901243295,1.85323821585167,1.19556839422776,0.945472069208465,1.36459323295154,0.980290639496351,0.748854111880401,0.0,0.142016285215137
40,40,unmatched,0.316498226688417,0.280172842549924,1.07456815590602,0.626153919675198,4.35231218585033,0.0,0.0,0.0,0.0,0.0362450431803754,0.0,0.0,0.366630355544119,0.570930714822303,1.59060449326774,0.77505880231983,1.62376857909525,3.33537240230243,1.78206220657924,1.80733912010154,1.12400968617429,0.0,3.35380363274933,1.20709221099785,0.0,1.04281279415571,0.350978800852203,0.963371437681893,1.08803876963746,0.247865946514822,0.211265759340641,0.0,0.126901176357649,0.76751700221087,0.0,,1.92573948200273,0.549286118594046,0.15390284029662,0.0853046445750214,0.0785881921210235,0.158226930753967,3.56848114031686,2.16570296909608,0.0166746119927098,0.456143484675684,1.49817422225966,1.32927967650496,0.726387452769225,0.987438599686593,0.234355898869287,0.971727260741053,0.0,0.0
41,41,unmatched,0.374741434881169,0.301426791155727,1.23036388118254,0.654536478204629,3.9612502645542,0.0,0.0301099698536311,0.0,0.0,0.0425528097133677,0.0,0.0,0.65676635041429,0.767582195984214,0.71668365943343,0.796722815059204,1.62241184717082,2.83208572911194,2.43374527868304,2.43789107354546,1.2156088746928,0.0,3.18759677285532,1.31392979185898,0.0280328071664984,1.39399520683189,0.234623323809869,1.75846655928059,2.66587417662448,0.118530371760322,0.306663014350903,0.0,0.350798613386057,0.769881188863099,0.027702400187614,,1.29556516697977,0.834800899233565,0.0744835380570007,0.0395694798969799,0.235683656290066,0.0163044254571547,1.25799999877129,2.86223571377613,0.372443736661013,0.579153677866888,1.56690137976979,1.176245662186,0.253199824970422,2.57124197219161,0.926691255821075,0.950182563210974,0.0235478967565,0.0
TmY5a,42,exact,0.515096518479439,0.362652845900065,1.15182158390388,0.562038124374736,4.16815199055585,0.0,0.0594871905383322,0.0587694237751973,0.0,0.0243678212411481,0.0236040484941131,0.00268343148443309,1.34418091114804,1.08255288230155,1.0225260503102,0.711712974042789,1.66777201574393,2.36144806256388,1.52347232809362,1.99265184617611,1.39575670137347,0.0,3.11804856796725,1.18553336595433,0.0334970967773397,1.57830599924096,0.240881284210834,0.296220203769573,0.56349326101227,0.307762075795123,0.372945837167934,0.0122116896883695,0.295569818511777,0.727860687641456,0.0493342355026082,,1.46954391354913,0.647935841136666,0.0416981528631402,0.0723588941963855,0.439459356704638,0.0658277718463729,2.0155000188621,2.55805213041326,0.0608372905344228,0.365468006321835,1.15426342632084,1.01806175449629,1.56927162884057,0.215201939741203,0.105530087322181,0.753559145851091,0.00546831803099177,0.0940286698708421
43,43,unmatched,0.649856331251868,0.388669364147328,1.63081168686218,0.521349547915184,4.41495904835556,0.0275933616973898,0.0927282529552018,0.105540734750068,0.0197780695543769,0.0442433054140883,0.0341550424000484,0.0,1.0121466382456,1.00328322391001,1.08289405134436,0.834022796513307,1.80104112728112,2.18229410677075,2.42083669776268,2.12136703460059,1.42384096246062,0.0,2.83460733175528,1.31211104635593,0.0437166540010675,1.6249002604768,0.288479824573101,1.05885362352443,1.72316808833612,0.32876186145498,0.497641585024388,0.0324605818991705,0.352866832893377,0.737865896444045,0.205444642415992,,1.43114659976289,0.588274979848838,0.277435707719675,0.18167907480756,0.235514225933295,0.310353735258827,2.42237463665118,2.35284153527785,0.204712096771614,0.480261190429163,1.22207393682572,0.822243693913189,1.08397465329077,1.13844294829844,1.18917496841513,0.304304200962404,0.0311443964801156,0.0226133755439139
44,44,unmatched,2.82106976473869,1.83977737062893,1.10351089777705,0.494704506620612,1.43597604262685,0.0,0.051808436139218,0.0734856134042987,0.0,0.0343721691757997,0.00966058769643599,0.0,0.869005485555385,0.94127173564317,1.90302879547976,0.813239356016439,0.563189522212998,3.20140757922197,1.6561582567643,1.85089689094626,1.30711896901612,0.0,3.63720374761682,1.25679233651039,0.0379346763737582,1.79856646578815,0.267685214611197,1.40384808888914,1.96704105069054,0.381719259054048,0.346760316678946,0.0373165619908695,0.386610667244239,1.02794264958163,0.263896487555791,,1.17634853735304,0.665467911168175,0.0479555865945645,0.0835140953915576,0.0583911746410834,0.360742772786703,0.987354555833005,2.11666782034237,0.461324399734107,0.663807405490856,1.35368922325672,0.697598932973899,0.230148246726084,0.161660826269265,0.458249225039936,0.29016844761723,0.155754037857133,0.0494042917973899
45,45,unmatched,2.60724126118033,1.90034237124231,1.05329053219257,0.398139030678038,1.60400205677262,0.0,0.063062150110702,0.0277964841890046,0.0,0.0374063824984398,0.0278247141624989,0.00787189784598077,0.878831819423048,0.918487301438252,2.25923300169701,0.801128775696675,1.38754090131622,2.98841529573812,1.85430329615041,1.79331522351963,1.35165217874543,0.0,3.27950443319596,1.30659821267214,0.0358165882260988,1.57081301741996,0.150154003971867,0.425302982616918,1.06902282610975,0.662973566433374,0.346160826378703,0.0,1.39297578543712,0.722751604555186,0.0569788737962205,,1.4054256943063,0.608849000523874,0.00803703916128654,0.104971554300643,0.0892492288613716,0.716507034205145,2.8583706381118,2.0735003676758,0.371986934708163,0.745579603457549,1.39334495164217,1.26327696497556,0.410003480753331,1.4716509625637,0.44339015259698,0.547694921255693,0.0104106555448122,0.155582934097871
46,46,unmatched,2.94509940893417,1.80891884550705,1.16820500332826,0.543961966634057,1.4340696302796,0.0,0.126770700330507,0.0375543059983215,0.0,0.0316529890236977,0.0196825365111439,0.0,0.713342160918351,0.843465479435007,1.20751723554958,0.736330120488666,1.30802812809312,3.48409833833211,1.01528408746222,1.93049329016151,1.20954073326781,0.0,3.67705805423252,1.21100264004389,0.355487648533688,1.40395961722394,0.190855490759724,0.614755406986022,0.847091158842704,0.304243799448682,0.371604442963381,0.0,0.242626261992244,0.559428589212581,0.0644404768483793,,1.30584824063357,0.634563877692143,0.0324434740389021,0.108680606889701,0.232623125362083,0.0,0.757506765939245,1.97235121907678,0.817319658757896,0.374059316674879,0.821668147007075,3.3007491702467,0.232156249695887,0.499422571363218,0.340680984277491,0.185580614100686,0.00806268719231228,0.108536558089801
47,47,unmatched,2.73843391014774,1.811960660282,0.962586359933246,0.565996498034414,1.42497078276916,0.0,0.249822352342794,0.0635092835151511,0.0103838672016597,0.0,0.106426763408889,0.0,1.07428546722068,0.913111909399798,0.924380805167144,0.904596377728894,1.55669568396553,2.05189868743694,1.10064791976218,2.14607580366642,1.54546668672687,0.0,2.92740470843953,1.36395042226987,0.0,1.73199543101838,0.207465770376516,0.146957994066126,0.69427353642872,0.877837337961223,0.379088556092058,0.0,3.23496766354489,1.1292484931948,0.254778383104424,,1.39986155039621,0.613643987598873,0.336209746066973,0.0320621641330462,0.121162103630216,0.00818629935998666,1.41127070849698,1.70035027758202,0.159563530697584,0.513523898825262,1.72690876481466,1.31814046195171,0.384553998055968,0.308974564046585,0.412491317361528,0.143301938091127,0.0,0.303782617721049
48,48,unmatched,3.20897739449921,2.37992154190586,1.12615496743032,0.629748008313485,1.44266461170405,0.0,0.0,0.0,0.0114501309357898,0.0230462116070331,0.0409977480640245,0.0,1.18788099810596,1.02406720741955,0.848035574936574,0.741835451367295,1.26616420190888,3.79148744003111,1.18980457340556,2.1907652324186,1.36916480337136,0.0,3.59602953457384,1.31046861740544,0.0468197706048788,1.7616424366082,0.207855047508052,0.258729348098514,0.809516859857656,0.740877202044023,0.425632857537247,0.0,0.276606740860937,0.47872551819109,0.176936025806802,,1.49320547926973,0.705080331148382,0.144234551777886,0.0558648455675822,0.21240188441845,0.0,2.78522327660085,1.39399438415934,0.0996218954797348,1.96343147233453,0.860917595492823,0.918973864873401,0.17626888684725,0.297851226421857,0.279393432641747,0.0747209802008854,0.0337446240415129,0.0
49,49,unmatched,2.04976548090626,1.66932737444759,1.10274501931724,0.594870362377214,1.2562777511996,0.0,0.0,0.0601772509907122,0.0,0.0185418486777915,0.0,0.0195461114705976,0.913075238409747,0.736930908214794,1.6788520933745,0.676855906202811,1.6629191769538,2.63544215453811,2.17121295346311,2.2152960593266,1.16017811537477,0.0,3.27935312015262,1.45925834558315,0.0327985821622988,1.80644530797957,0.202355990928252,0.256336399120514,0.337348612937749,0.172920388242844,0.427120466339202,0.0,0.271929719093181,0.872389209357496,0.0298343473153458,,1.64130445040033,0.54146351780572,0.206998299854824,0.102495375803488,0.42749145411522,0.320280096527681,3.59634386831685,2.34893328413129,0.0988831340293793,0.43884362150678,1.46494131961761,1.25451279639316,0.521822705294138,0.264201501990753,0.187185301698118,0.223723992175847,0.03220630982063,0.200800618901832
50,50,unmatched,1.92154601240649,1.3044957605614,0.942177038197519,0.565426392794347,1.72356942408021,0.0,0.0626060295506411,0.0328809355329803,0.0,0.0,0.0926760172791204,0.0,0.876689453870854,0.955729538026534,0.881080368645412,0.896150607379008,1.55799667755634,2.11922160231608,1.7370628734778,2.34484219000714,1.50122736035098,0.0,3.04657825455158,1.38364401297088,0.0647102915379198,1.81249042339657,0.145517956445938,0.404394531895411,0.606779474942802,0.607845198515025,0.409290886149917,0.0,2.17378280304987,0.963166073583949,0.186070738588661,,1.46900399783357,0.735897620000194,0.0,0.0117671258390657,0.161517069286364,0.180192235693558,3.80006799678161,2.16590497816585,0.138315171968293,0.536385605167518,1.3712042210649,1.20401034045452,0.539706976724624,0.662796367822674,0.457565301080608,0.319842295395109,0.0,0.123679039224065
51,51,unmatched,3.02475470190641,1.83873368258392,0.930402144405937,0.497342526255968,1.43588007166462,0.0,0.105272927453832,0.0443951010498533,0.0,0.140482360278824,0.0100144178208306,0.0190375155638702,0.998716700739087,0.993145200394747,2.06083622008705,0.89545762937024,1.52320300334974,2.88022656691628,1.15544985746275,2.05438606736428,1.48592486356339,0.0,2.9742949038158,1.30165703229748,0.0345585599914831,1.61125189563979,0.210550438718128,1.11141312260974,1.47852366813531,0.664933539501951,0.410041698277594,0.0113612281405005,0.189165716857977,0.676857504564947,0.0342695741640504,,1.53098376626291,0.622410380187338,0.0378273183769393,0.842862911712244,0.825025707342466,0.23170129496562,3.94255221286447,2.41865034075019,0.0731422714921406,0.303212103205008,1.74935738969247,1.43960948430204,0.696501940783704,0.228948368435525,0.057526847125292,1.13547370241899,0.0101774383575458,0.00442915831861635
52,52,unmatched,2.41759996923482,1.83003672158394,0.921879569034888,0.519591766892704,1.49387987252472,0.0,0.0467089234043571,0.0283857414890218,0.0,0.0353139964653653,0.0051206325456052,0.0,0.731622968121433,0.797402290430611,1.98285000178668,0.799231377612932,1.79955129427065,2.53093511926605,1.30069061873936,1.81304306001544,1.33998551770611,0.0,3.09528416243954,1.281292363957,0.0496095971655243,1.47229431367755,0.237082441235426,0.217719189177197,0.3780561244074,0.298634504931595,0.33343795231763,0.0,2.73115949203352,0.862858128120291,0.0665648694231914,,1.95834309873336,0.566144169418498,0.05956709739791,0.0731559861072771,0.216143144314615,0.10540104904238,2.15225574729798,2.01624789921399,0.0310834438975832,0.181665812680978,1.38529109490537,1.15902114490959,0.651845612166563,0.238691506823647,0.198733235019224,0.672898180631065,0.0281231415269897,0.0942566433274928
53,53,unmatched,2.70770399667008,1.74481002056434,1.13747007242608,0.435118540492885,1.44054112276461,0.0,0.028222728029734,0.00643487542853074,0.0,0.0261659701153415,0.0,0.0,0.927003391092841,0.776998842658601,2.05721692671566,0.814979002969698,1.65641336560652,3.02243637890141,1.55393955068237,1.98071685876825,1.51153930010716,0.0,3.22173673403767,1.32191071127742,0.0914491772127372,1.87233388409899,0.219636911313111,0.625297246208277,0.714411446748179,0.477335934010089,0.28671406784016,0.0114391416215832,0.43272156540519,0.620439723725466,0.0440410470703803,,1.54733670965308,0.550178832225694,0.0110935739533788,0.482690516197384,0.150072143833489,0.200637431632413,2.9211073389674,2.28960611961846,0.465650178732023,1.23549793983889,1.55336695683363,1.6114896193829,0.275532236102157,1.79232294733558,0.518064630763067,0.390616260604207,0.0147922812478327,0.0554653843406553
54,54,unmatched,0.496567650911583,0.308596555137003,1.82047087947105,0.475644869609286,3.7352574386941,0.0,0.0865067468088156,0.0,0.0,0.177854002794914,0.0,0.0,0.689028488592327,0.859967416225998,1.09207497504603,0.695152946270173,1.44621019926384,3.53487600143474,2.00086226358431,1.98528554556964,1.34152871607817,0.0,2.83549448254401,1.24061678786287,0.048297570157098,1.11308755045699,0.409854708619917,0.990544464537503,1.39839593510037,0.278184896273945,0.345732040679595,0.0,0.174872625499591,0.613785810087351,0.0669187841169191,,1.5523058201637,0.533225663715508,0.0,0.730682838030239,0.265698075955929,0.345096418882874,1.33128676255261,2.14038031114615,0.0916139639946249,0.60613658236772,1.18500037799538,0.627738380190633,0.437345883726157,1.22802317094147,0.664754471175275,0.264326903931686,0.0,0.0576794618837914
Tm29,55,exact,0.601773172597319,0.439161708497424,1.34069337739413,0.462116283923604,4.05131503651609,0.0,0.0664324106951387,0.0294187013619211,0.0,0.012158839105509,0.0207537132916248,0.0,0.628188450576696,0.636604544266253,1.34511786597463,0.758686759291492,1.39560553141528,2.85756088641406,1.59080163955288,1.97830807746502,1.18727136171579,0.0,3.45126683701132,1.28702171869032,0.139212568705956,1.57086774618254,0.243651697481522,0.165507803366042,0.386766365743992,0.382111449626703,0.314943081358823,0.0,0.283610682333724,0.671631407915101,0.100378223497242,,1.48327396744297,0.629835159446574,1.13367758527493,0.0700178453973529,0.363085855309491,0.108392520094197,2.59964042270461,2.30040908994453,0.111150576782478,0.745081354575642,1.32420786305441,0.966449400549972,0.714879348273693,1.03174914142062,0.389188612242179,0.616730123538828,0.0318487523685928,0.020914337610744
56,56,unmatched,0.577489893196048,0.277341031667731,1.79365475035727,0.609305177333296,4.16766671436497,0.0,0.0,0.0861701067442652,0.0,0.0404066070996487,0.128048693020573,0.106323921839094,0.596426166128524,0.746082527990138,1.16846423637182,0.612004186924469,1.75566474280154,2.96536083781219,1.8242016648429,2.03835208101431,1.40423276309621,0.0,3.14143784710704,1.21783539042466,0.0252223194443092,1.59539521406698,0.177144681203886,0.940160957625803,1.8180287641314,0.434312508288577,0.392704502875475,0.0,0.404290675155258,0.471352330710987,0.205366847053954,,1.30683034936512,0.730877045464286,0.284290524427622,0.198866170019972,0.747225297015119,0.439392573016865,2.54494635669562,2.0599950026454,1.03723143265933,1.36606071362083,1.20493074367492,1.76586818716819,0.575003109700962,0.894941858579999,0.422863361833064,0.634022014523883,0.0542719742147864,0.146606266966766
57,57,unmatched,1.09261567326236,0.64096641550466,1.2890633408822,0.4911237070567,4.22658342946175,0.0,0.2068602114426,0.02383939606433,0.0,0.182021010324322,0.0,0.0247941331420497,0.877961633432313,0.770881272249805,0.593913576893412,0.702347848987247,1.91979586444044,3.02295649304961,2.15768776446316,2.02148229815173,1.34094886715732,0.0,3.08157827920751,1.27671300692303,0.065803560889237,1.55100246870854,0.127952106459447,1.33216648843071,1.85623132371015,0.34993843151984,0.26148269359701,0.00587736374320805,0.250501260585616,0.824075612367331,0.220793520694195,,1.43004178719217,0.635582833644846,0.111649495000332,0.712705858998766,0.397638459763195,0.379136138901177,3.48266032604631,2.13596829055152,0.244123057354626,0.707701991358144,1.6693554720631,1.28948052739544,0.725731706514517,0.897804256426876,0.658211345353487,0.785701398350818,0.0388053403928514,0.0877647430237806
58,58,unmatched,1.81929113476048,1.61603525819543,1.21122713172534,0.597521899218853,1.51675150549117,0.0,0.00607739094695284,0.0290009884911458,0.0,0.133413720852736,0.0238765461887501,0.0202190470533063,1.05790610772943,0.943997347383112,0.990644374928492,0.750060292469315,1.39590534364496,2.80670698208659,2.41569852016755,1.84709887616822,1.39555769243153,0.0,3.25139079974248,1.11599958844684,0.0327795034912707,1.54105300945852,0.248326778949793,1.18896865180154,1.75343405282661,0.39985602184092,0.40876000690567,0.0,0.317596270329068,0.728499827933894,0.124086093566232,,1.36538632746562,0.627410789767403,0.0,0.609868753668418,1.07018731217944,0.426977808660662,3.138141922318,2.13533385413478,0.778719552632753,0.551015173752122,1.89164275064399,1.62169133999407,1.27754727760793,2.14165003714178,0.808083629760789,0.264549767937108,0.495578442180387,0.0950188903709004
59,59,unmatched,2.16059767018903,1.72424611541417,1.05067218717412,0.490027942149631,1.40008424057654,0.0,0.012206795403511,0.0,0.0340620783884217,0.164867003473982,0.0298971925508593,0.0,0.924478203254816,0.89316197357867,1.90024560974568,0.660611762434453,1.34538691747977,2.82430664256667,1.34965015109929,1.81829357203237,1.11389013907602,0.0,3.3990034705317,0.988427136443329,0.0128493201353075,1.70311605370913,0.161237760255474,1.43893900838806,1.5378791873618,0.328477638294648,0.255713818491463,0.0,0.351294292642004,0.586388419172875,0.0284304638383368,,1.47383742165272,0.664052643485908,0.0231244493454374,0.183382629132197,0.560123147012477,0.256873191184676,4.17054287958299,1.91647065974365,0.157944180621121,0.285045648579086,0.781268808809569,1.4535521324873,0.406922058712056,3.12384408848742,0.318226741527334,0.192803332631193,0.358845371017824,0.0
T2a,60,exact,1.9249780253316,1.96315625657895,1.21443456910661,0.543783742176402,1.5556826819872,0.00415829862804138,0.0839266680494865,0.0617691116208092,0.0,0.394676824107385,0.0318719035656872,0.00155975174175172,1.00904701464418,1.39600586129967,0.434482612034776,0.671257587064303,0.446825141461013,1.67588526832408,3.46848205737552,1.97845370871618,1.35544725291609,0.0,3.41203274753756,1.29685508607082,0.0482935664735952,1.58838027014879,0.232997195620193,0.638367132378541,1.84434981135855,0.285667314295016,0.346714604165946,0.00140829106621648,0.334855566607096,0.423894798253299,0.0464526114563103,,1.89039051362837,0.734055264134917,0.500156359499414,0.234148279062137,0.0636703799768864,0.205105870205133,3.14405818664813,1.84828680063817,0.146769852322719,0.858273042311997,1.29901057621775,1.10756066467475,0.857915976483855,0.405066786465693,0.34540444502299,1.15022247297036,0.0100413845648947,0.0417554674372225
Tm20,61,exact,1.49277526221956,1.62207341790165,1.18882902172736,0.529882503677033,1.66765893505081,0.0,0.0526232036182797,0.0447067419951067,0.0,0.058147001787986,0.0384627719176616,0.00501842404310608,0.816685699154102,0.669295112941361,0.905801564809981,0.819811550562758,1.57614056259277,1.37596358540351,1.51931079481848,1.780314069886,1.39226330909431,0.0,3.04123758563501,1.17996852370488,0.0464063702818254,1.52677193136214,0.318363968637019,0.129085882909404,0.346016398327276,0.308310717921944,0.259325390195397,0.00967477991829399,2.7058080493042,0.375519063007246,0.0627292778554481,,2.15532929971678,0.678473921011434,0.0470471374946457,0.160604549515392,0.171473995734669,0.171402425661432,3.12083676346556,1.98453717900068,0.158915175203344,0.372878064310595,1.36832982284454,1.07829099512746,1.19692081358729,0.264781274848853,0.0929630829177211,1.20196109785883,0.0387265440140203,0.0989900924307701
62,62,unmatched,1.23318337970781,1.17646315388093,1.17650925893039,0.488477749227243,1.65596901099916,0.00473920161506299,0.0363120073293735,0.0409025806570348,0.0,0.483312035882456,0.0134605601879897,0.00306684077248926,0.90392969983859,1.21347915862945,0.376377128138292,0.692988969149975,0.359117488643009,3.65790174781072,1.06191789896426,1.82505848357134,1.24772659373166,0.00575911068026882,3.72982513143371,1.23672232060824,0.0286524033779684,1.30218265395054,0.21960479577468,1.48427899000734,1.21759856572508,0.201360314727561,0.511002262064085,0.0,0.282830237127941,0.41494941082982,0.300601814819098,,1.75174506514457,0.752296027422236,0.378201627066473,0.0734176909268503,0.737728555147351,0.106641887161064,3.22874671047925,2.1564923428896,0.242334144282639,0.338456870012654,1.37828101945893,0.846451559033637,1.26796380753609,0.207885311490789,0.401949401865497,0.816517942307884,0.0339399920143501,0.308004569611038
63,63,unmatched,1.63562136043382,1.50660214610921,0.868011599405251,0.416355519417985,1.21954194062706,0.0,0.0439665804573474,0.0,0.0,0.125248940218637,0.0,0.0,0.751831029972902,0.638403672195585,1.55744189033765,0.648977256487464,0.9733283236619,2.84257291462,1.76442393476287,2.13651066446106,1.15986218058086,0.0,3.58413263274549,1.29452819573057,0.0482393438007522,1.78364539909982,0.267804027182847,0.10113383516097,0.345335955479646,0.172641767472471,0.193821497356432,0.0,0.224490680686441,0.947823439701664,0.182858558092366,,1.43390200998146,0.698064466166304,0.520409861736784,0.955283800310853,0.485846053005043,0.0365671508009099,2.49562225007064,2.67702318066225,0.403071066251068,0.25652662580223,1.57509987430381,1.00444324718937,0.154726440758956,1.38577107833878,0.779410502407136,0.139215565697528,0.0,0.030822326970082
LC12*,64,fuzzy,1.46876045809646,1.72447651687665,0.753831301269364,0.56598548878277,1.35566910128924,0.0,0.0426543216191135,0.0177044343217419,0.0,0.0080281736882727,0.0318623405065128,0.0143726064885285,0.636146284675469,0.713838872489164,1.72470481031095,0.791980389990936,1.52349028846962,1.36157790987044,3.12980369128571,2.33423875019318,1.43607623500836,0.0,3.24762071792246,1.14928142670237,0.0197728950551044,1.54957652343428,0.143175217972529,0.114916291763944,0.226407724769926,0.33559478983524,0.20492311782458,0.0,0.322607362311213,0.432216512381081,0.125192549330763,,1.95921696831081,0.508912455957712,0.283631819027441,0.131246724237543,0.165089320566991,0.482486394730165,3.66436877101524,2.10896992882411,0.217038684960958,0.229362625299523,1.19673321841525,1.97756167559472,0.896645460007625,0.565118165984866,0.428383032631355,1.0079111422429,0.084193256623594,0.210014959873598
65,65,unmatched,1.37651803030179,1.47020264845409,0.901192775751101,0.55200862179143,1.48090270055865,0.0,0.0401038458521004,0.0751002460876195,0.0,0.151403288771162,0.00231925464812083,0.0,1.30786652158002,0.932006695873434,1.68242032774586,0.682785654211336,1.34669054824235,3.21365143913423,1.77371768313322,2.00380377142947,1.29814239719199,0.0,3.32191683678316,1.01318865724788,0.0195426865788163,1.70515684454853,0.153724583963839,0.341733177949001,0.607400525194474,0.341259593689755,0.347127675005775,0.0111534109735771,0.186789707372473,0.576640215453201,0.107076472180372,,1.4362333500773,0.623196543198639,0.101524817534444,0.552261570657266,0.15225313871681,0.219304769797544,3.69449016662477,2.47663529331623,0.190737255687568,0.63926894934106,1.58539784423695,1.60523800993907,0.980832037177634,0.29507796280851,0.306331170749015,0.152761966497842,0.0423471467897673,0.0540087709858077
LLPC1,66,exact,1.35582319450532,1.55085499667935,0.830033196070682,0.604373487997277,1.20278829030696,0.0,0.110380355354955,0.0,0.0,0.229586236010144,0.0,0.00960480902601447,1.33885275177585,0.821940232890291,1.4930293276351,0.796167773844174,1.45258289409372,3.47585491941851,1.74760771811498,1.97344982686076,1.22278246514352,0.0,3.40618275337648,1.07312664433464,0.0370964776757288,1.58143288103319,0.235251972839292,0.919015324876598,1.11456471630527,0.330752948010676,0.320625399380054,0.0,0.367698996440692,0.572227668102214,0.0318500614938566,,1.58698628159673,0.635245170712726,0.0971071780886275,0.086159309606471,0.162026092237355,0.223173245797281,3.82504903388465,2.19821221158099,0.223633111476312,0.398553775666053,1.28195183790916,1.17526640441022,0.572694804344323,0.496944367524555,0.514035081526969,0.184947568993924,0.0,0.0222072556585283
67,67,unmatched,2.06845309440878,1.50335330853041,1.01036057387129,0.545856458505262,1.72421026106531,0.0,0.13800436806083,0.0174756299747317,0.0,0.319052170286166,0.141146375462357,0.047424723487018,1.18394160258398,1.30525005283933,1.37466701543675,0.936569798657559,1.77323244758853,3.59794415733707,2.14936362710958,2.28321843727297,1.4525409354977,0.0,3.22676376846909,1.11208525283555,0.502708711287331,1.65400805484436,0.11530828398353,0.557462938690329,1.09562840461922,0.587151282340699,0.544004199438364,0.00804390494108738,0.247476112193316,0.618726347506908,0.0493632551761106,,1.49626948102583,0.583242981041674,0.696421871768191,0.460522434978227,0.505347644923088,0.183884659590106,2.09959694890669,1.96683005216664,0.202649489171193,0.839873518969571,1.37023756668618,1.16212214852009,0.724211721381412,1.91468326376002,0.674556536232006,0.641768145094841,0.0516866031567657,0.14220941630233
68,68,unmatched,1.81804274916018,1.45254708035348,1.0223239892581,0.538540525756655,1.24159259958013,0.0,0.035235507909719,0.0,0.0,0.0787977694448608,0.0267092773990124,0.0,0.828542956288766,1.13463486011139,1.70864125130877,0.715724256057433,1.74877066720715,3.25152335452528,1.49915398704124,2.0597930265326,1.37022527172189,0.0,3.36089257534446,1.34321159281424,0.0175076951909706,1.57464819924215,0.222406443187572,0.408204041094731,0.622370519067044,0.289316680157276,0.144206391653669,0.0,0.217951154920541,0.637457191336339,0.0204358989423067,,1.56324121513835,0.589055330529471,0.0852929487940025,0.148409015186707,0.0440058000296804,0.11912190905263,3.04655078625873,1.7532116020574,0.786906874891119,1.35356704190813,1.38318745883792,1.55816172270941,0.796934780617378,0.130426556959864,0.0858558009076891,0.284168765106365,0.0766058873983199,0.059171854927246
69,69,unmatched,1.49623982475203,1.5461073074916,1.04305056622399,0.602318831903916,1.39689217179028,0.0,0.0529307201648533,0.0863285944947972,0.0,0.1456022019694,0.00955673898763136,0.0113658768820545,1.21628444419821,1.18021058364271,1.10992123299931,0.561701987598577,1.52502686328172,3.74835542420608,1.28410063982721,2.25003014437823,1.50265322323581,0.0,3.44168596765697,1.10848725833635,0.0151458705587484,1.75961189808,0.175380420309395,1.00258313470523,1.22976184130661,0.306198618576582,0.475227065413503,0.0,0.207827366117543,0.534361823958252,0.0394056842170973,,1.52255962048068,0.543088014471521,0.347696497320145,0.81905287514482,0.608993428227073,0.428814508078249,2.3793421157102,2.16206291813311,0.0983402272052641,0.418860720187719,1.58261297424361,0.917599998945051,0.84323955639976,0.63911835728078,0.310719440997425,0.381699675799798,0.0690339283502786,0.0163663345680249
TmY8*,70,unmatched,1.27666234185095,1.22693058261295,1.15922136416858,0.553251051965855,1.56159750322485,0.0,0.0691035478457175,0.0316332096333758,0.0,0.0188936840486807,0.0467794226025552,0.0,0.788877067470416,0.685956044674736,1.30367874835825,0.663463853630465,1.62489118644587,3.7111400551432,1.42589146386459,1.79072803535989,1.23071801155658,0.0,3.94122934480438,0.892205572231648,0.042902570976037,1.38211655133367,0.233749171675454,0.628605880499868,1.08989471552459,0.221378258384594,0.233263992258604,0.00631382779851605,0.324910044230467,0.493708978335045,0.237642308940636,,1.32263782110867,0.620880176238126,0.0455281431254365,0.0793245664989727,0.185819957745453,0.0456763975265719,1.02325999757321,2.11062983243591,0.0785747137441525,0.370980822034174,0.900235220881189,0.546998224855935,0.244012266231796,0.322332809925999,0.264503902043453,1.27152317389858,0.0501063477163287,0.0689471481421671
71,71,unmatched,1.43664188920495,1.4938354638845,1.18343754443416,0.496492669226557,1.52569328715124,0.0,0.0195111489320742,0.038357847957497,0.0,0.115000729122059,0.179605998139583,0.00361893355713918,1.62996549604033,1.36582161741869,1.76269696913084,0.810714201236995,1.71200491936305,1.84583433460115,1.73423783756022,2.00811253126237,1.6339343837423,0.0,3.86282649237575,1.05986975072475,0.0522509162790513,1.81885515034129,0.232776163440395,0.429494240793315,1.09590860797379,0.150939105079856,0.383699949460796,0.0,0.404791738904622,0.552005639561531,0.166106552716998,,1.79339969429881,0.699653031585176,0.0545438711985369,0.676366839574235,0.0764215785235462,0.341952483165223,1.25928022281137,2.37581346204891,0.382126914706599,0.55565041943391,1.26784307224998,1.10024576672186,0.986301041374572,0.248242878908974,0.0660017144151105,0.737665246103112,0.0421249993969178,0.0179936094674404
LPC1,72,exact,1.45752800670672,1.80069286616131,0.99062244329052,0.541561877918858,1.21470265280463,0.0,0.0583351170096696,0.0212308226430318,0.0,0.0,0.0,0.0,1.29122768787344,0.732287860300383,1.64170595588926,0.973180217509003,1.67977327865902,3.3570637515137,1.58036243641267,2.07278932082184,1.09102134345693,0.0,3.58485930457841,1.13973893664912,0.077558089178572,1.4994293194816,0.161030360836287,0.149493292238294,0.553112293367846,0.158474758399722,0.266009823418507,0.00857727936201374,0.229981713889087,0.611007521482275,0.126135450327343,,1.4554347390428,0.474953557344301,0.103323404642463,0.0458509604309298,0.354760232926449,0.0525205200148088,2.82349327529606,2.24678919239132,0.513171831017405,0.858350311408428,1.27690060278322,1.63021884418811,0.869188744690133,0.30382036465335,0.270887321950218,0.194537599784322,0.0,0.0280069947133217
73,73,unmatched,1.58540897550385,1.89641587321835,1.08410671503819,0.427353323745813,1.35148329168307,0.0,0.0257607093160509,0.0338742174129048,0.0,0.023181918520235,0.0153184576838793,0.0388062179315091,0.875563379154302,0.774291340393748,2.68199004557141,0.785038344126269,1.90122310874682,3.18639480921824,1.82712376630307,2.58714907841919,1.48125453661734,0.0,3.48920178258088,1.37676127967725,0.0863328572357152,1.61542241759881,0.191333827474448,0.237453465436782,0.97713923220783,0.543340602456145,0.552800542997619,0.0,0.318754389906537,0.954370866945249,0.238303010518834,,1.15598464487837,0.586194828547919,0.0965356018818023,0.0543034099737193,0.131381496162764,0.0229714650707736,1.78874524862647,1.56234088638657,0.122029720590899,0.603237469205102,1.26811976746799,1.14550064075297,1.32078117969595,0.942073081025206,1.17849604326918,0.155559903629661,0.341089520621228,0.0
74,74,unmatched,1.64166996776259,1.52738788612599,1.17632737930896,0.339701050474197,1.53134327495996,0.0,0.0296433732238287,0.0,0.0,0.126999347394885,0.0,0.0,1.1142000420037,0.854460865933604,1.85071213407752,0.731511855360318,1.36541145194664,3.06799769122515,1.44564697629528,1.80860360632599,1.30704709160939,0.0,3.16510708487347,1.19572130945241,0.0293188439779925,1.4398499964074,0.184049610135994,1.27399221011814,1.34571641743369,0.29807911924926,0.360585269862423,0.0,0.147310279165124,0.655977524306681,0.0361143053047929,,1.4345890540645,0.654855339674922,0.0497991360113246,0.365825158853435,0.16865365678383,0.779914654725878,2.1060854597781,2.29806813248682,0.189948017707896,0.719178129438213,1.30677596787678,1.20291770704643,0.626002552369502,0.894665619005817,0.800673726187605,0.203893460688188,0.0,0.0550075177916394
TmY4*,75,fuzzy,1.6004828331102,1.51348018530864,1.13020100015531,0.633212736607301,1.61438121482309,0.0,0.0632086744039505,0.037634944736968,0.0,0.0107641494107698,0.0206224194579924,0.0134841926220087,0.721613724633645,0.707550859633067,1.31247567613913,0.698245926349416,1.70065579422773,2.58440906241922,1.00176452583024,1.91075682735211,1.31882811540858,0.0,3.48302222342077,1.25067682814958,0.0307756899470057,1.57302390186207,0.26085500204752,0.638462134385272,0.989160361211478,0.0382469109148537,0.349751370565023,0.00829388837133396,0.977340379193293,0.556925076335717,0.114872831909979,,1.87261328064566,0.555417970748497,0.0491098469913977,0.742236187313628,0.218567174308637,0.208332710804908,2.14684727535832,2.37756888008265,0.16472755191427,0.36362632161471,1.57118116145163,1.19400270593592,0.753633433903682,0.281321276129364,0.13225179413818,0.390227096284973,0.00993735460132675,0.0573743202323525
76,76,unmatched,1.97772148070187,1.46878016679097,1.13291225333211,0.553484907771877,1.49513146913908,0.0,0.058633893457282,0.035785161585061,0.0,0.0223118940186652,0.0174078495693641,0.0,0.995271732713047,1.07599364516289,1.54381311345539,0.653039809763752,1.45656176292206,3.13933696013494,1.05292734256881,1.93813890778951,1.35813776786868,0.0,3.47265892744068,1.31695932896624,0.0465543020269018,1.53581418097031,0.25328804480673,1.27156855618521,1.65316721735128,0.184164711312617,0.261301564620665,0.0145140105278997,0.215124465942507,0.648179986711532,0.106090650404692,,1.40469706873107,0.553569115914836,0.19001268781417,0.311173382041458,0.137731074530873,0.318779218857776,2.18286586416929,2.20145787755962,0.0821838791845548,0.482753173501492,1.77366953534305,1.88343213950051,0.235926920564504,0.447774511783218,0.250676617458703,0.130212374826226,0.0065839957626483,0.0845391920096135
LC10a,77,exact,1.57290492850135,1.78331620634156,1.09309115547394,0.586539406039981,1.38242831977211,0.0,0.133795321405982,0.0502894236845084,0.0,0.0,0.0,0.0,1.03239316760266,0.86374704428794,1.7686053205429,0.734428387171823,1.47130451556273,2.33937577886275,1.76329888519352,2.25914396888638,1.42204112925889,0.0,3.53780653641757,1.01319093972239,0.0635181452913487,1.69436776354686,0.117840342913837,0.166064582398159,0.559941210790529,0.395434767056629,0.309184972123312,0.0,0.230547550350504,0.536492410292512,0.0528222344789033,,1.46320538590036,0.702541245278977,0.638958802958997,0.52775619463001,0.209657358954581,0.260620275971067,2.67613647431747,2.15879321141867,0.083715512241867,0.214358580070699,1.27579322944399,2.02595736541166,0.580819591395762,1.07795621071258,0.708699569901376,0.146436021798321,0.0394011451341498,0.0496084851891009
LC10d,78,exact,1.61587486363927,1.52406824397296,1.02140095588602,0.448574465609706,1.3531273665018,0.0,0.00895084832409818,0.0,0.0,0.0,0.0103231838136107,0.0,0.907927580129503,0.698163541755017,1.47041454619662,0.877949682664073,1.40939153779168,2.25693643033559,1.76379894547737,2.29679088235403,1.3870579795268,0.0,3.26416364808595,0.926712168050325,0.0264915671831582,1.75067734634339,0.188661046419768,1.14097744834408,1.60138105389834,0.441143033140987,0.424076557264578,0.00259140007984826,0.271298769349146,0.603729267475775,0.0,,1.3943187148469,0.496604144179851,0.150954667242002,0.0975108400072465,0.310996717285945,0.387980663415393,3.52927172598182,2.43994316045414,0.279137631821132,0.57282197946437,1.59316984056158,1.2604341668145,0.178950971370613,0.432291920219038,0.174479742700517,0.198350685993091,0.118422888471604,0.0299221068955364
LC10b,79,exact,1.4728797058215,1.44410647872539,0.910848507518743,0.600706689770096,1.25842831337505,0.0,0.0721663022899583,0.0,0.0,0.0783771242187416,0.0,0.0,1.28413160818885,1.10615808813338,0.971746733777233,0.701554192793835,1.33889156370964,2.58342218543035,1.64305003170846,2.3563289293668,1.46744281239379,0.0,3.26636885952262,0.978549404342012,0.0256885433127833,1.56783516067113,0.110341275373977,0.777732007484748,1.34732590440223,0.532175314708028,0.439667987521232,0.0,0.18794945750328,0.559996875103667,0.00710949797967816,,1.40503785227948,0.510835558144568,0.265538489388919,0.673789674536027,0.234940696614976,1.16966037657794,3.59366429654408,2.0267260414866,0.514959447565343,0.231864229641453,2.15824822982879,1.85476481388206,0.134538031857934,0.955692164558271,0.841542134011262,0.174546691846512,0.145716211687975,0.0235887809596788
80,80,unmatched,1.459464067933,1.26377648929071,1.12754124253448,0.416921480813503,1.55077343478567,0.0,0.0656345075094491,0.0762542198325681,0.0,0.00935895640125883,0.0160142282817067,0.0,0.839066918370503,0.750917599091,1.34034332811524,0.815268518980458,1.77247478273623,3.11458667571105,1.79300028641133,2.14572143090434,1.48762923147803,0.0,3.2959210412356,1.2422673485996,0.0405760071982526,1.83702167273873,0.192853954698461,1.82961843193923,2.60653857472706,0.156579156064886,0.395622038271017,0.0,1.36553807125254,0.583968012569021,0.0527060487003542,,1.43309824444986,0.666686408519496,0.0452826199817094,0.0873768653521657,0.255646963789489,0.536266897877161,3.23840636803803,1.74039488585421,0.173191004623865,0.475527998011616,1.04876838866951,0.985040526510149,0.903027752393258,2.49770388808245,0.592355091367909,0.270874814482705,0.0364266806866267,0.00790031436168435
81,81,unmatched,1.71785924811599,1.42786321104559,1.22380492337787,0.56829585275756,1.76495771911575,0.0,0.0131161806248163,0.0522615418636227,0.0,0.0845170212844104,0.0917687449554753,0.0,1.00042547283807,0.896045649532809,1.52485367900674,0.673237764887536,1.60155286789018,2.88341145239586,1.56651198006427,2.06565709772351,1.32786754958776,0.0,3.34097303630422,1.20728618463053,0.0416124062521276,1.59243775924954,0.186529367309577,0.473691363128275,0.811241320792864,0.22894984918987,0.365129687983653,0.00985322838905012,0.393467088316269,0.68189379761526,0.0570083564423853,,1.69945847240439,0.558517950817264,0.0624537220107421,0.437211830643959,0.346743010940079,0.200922455072737,2.86560982522237,1.97718896045443,0.306997166321152,1.08233495458212,1.41829978919999,1.36006474233946,0.758611460829962,0.876589461984245,0.526945674208233,0.407940449800659,0.085118123849823,0.0690110353835755
82,82,unmatched,1.69435311893761,1.58312831593572,1.19113435878296,0.592087457676327,1.58442736554719,0.0,0.0580907861457572,0.0628118188724747,0.012059770007817,0.0325283022110707,0.0339919491075933,0.0,1.01272013975094,1.12724007553242,1.66598633147775,0.782240264867893,1.78217420687923,2.19942175433344,1.22495153806401,1.96454438801968,1.45203250865926,0.0055103055141908,3.52274031192791,1.26177374636546,0.0492180868432728,1.67106691469289,0.201889098069701,0.141294622596329,0.313042842511553,0.262045764959032,0.320754135467812,0.0,0.297428569464996,0.490430222352974,0.0453876252531233,,1.45679493019555,0.699459185211985,0.0623083843764988,0.131136051749617,0.0942119507868612,0.427883182293957,2.9255629717879,1.96969779310234,0.0852539889846863,0.322333250384514,1.49212476500657,1.25453456370356,0.556641762186836,2.15461144766295,0.35959682214269,0.254188966121038,0.0349522534704254,0.0583456143717518
83,83,unmatched,2.14489938604955,1.29724039868445,1.96766104563217,0.547956371977161,2.24157181415468,0.0,0.145544559902364,0.0733758289785455,0.00692498125953312,0.0876495890984302,0.0218814226607648,0.0170659042101971,0.833683741547479,0.936234981501429,1.42256897692899,0.782490862735321,1.56244971221153,2.97858270768995,1.49253967747731,2.04688883079237,1.31710496828775,0.0,3.23032011872098,1.21893956865882,0.112108144257285,1.53205346866857,0.23702269974442,0.842214629200194,1.17136252467258,0.42591455609804,0.357675489743424,0.0,0.586734466786247,0.522597863538201,0.108983141372612,,1.40567836903303,0.69133977533597,0.152086783464748,0.578348286403969,0.43642105125956,0.174801180046666,2.51710257448899,2.25456692030184,0.230870405539111,0.727476958838402,1.56327001177906,1.29159082943218,0.646642625340885,0.831437452646462,0.362914473713105,0.371345959283084,0.164626567719324,0.132011897000387
84,84,unmatched,1.69444480410162,1.55241274286221,1.32536852825977,0.493031151589555,1.72521112451754,0.0,0.0478617434597624,0.0,0.0,0.0565625484635105,0.0,0.0,0.593555623595932,0.63065530456234,1.99752730422435,0.889728659287957,1.43481423318478,2.7173569872237,1.32673590989368,1.81332629709362,1.45511830708937,0.0,3.07634036362737,1.25640660887505,0.0839074460771548,1.68387281519046,0.259306045292628,0.209343376091066,0.481726500804515,0.0344445764544537,0.259987392944047,0.0,2.98682422578092,0.6705498661448,0.117954587889796,,1.98070083181097,0.745089732163029,0.0766004049742629,0.0727111321650452,0.176631088322482,0.242782734362912,2.35778163320006,1.94592612600351,0.4730893926017,0.519505570678839,1.23155711226377,1.10553640816108,0.907599564801895,0.594700173896052,0.352867027436379,0.8842932519585,0.0481447770524421,0.165531342953712
85,85,unmatched,1.49832151109141,1.12810390635905,2.03972780464,0.526113874582512,3.30766347192181,0.00232735339863522,1.07210840969919,0.860584001366286,0.27390129061605,0.209280161029311,2.11995739989697,1.05455426874511,0.920756014208801,0.806201232604391,1.22771223816755,0.645163192275431,1.51274268152288,2.71610616205059,1.61725109916629,1.96322759156273,1.25941401692597,0.0,2.91054499328343,1.02826185903401,0.0681113545358466,1.36472208690956,0.164671616200204,0.773315385605644,1.24715848361393,0.541134182688261,0.521123624364692,0.0276328159528791,0.471422243421546,0.739512957109623,0.244676780671048,,1.27475417744033,0.707472087223336,0.284916110023149,0.583000562599338,0.625942516353228,0.279086361927847,3.4767610340685,1.70405589040941,0.278146936313048,1.02464329739924,1.18113710642082,0.999099313091071,0.892802976974471,1.30534979227644,0.42668107485695,0.380559670588069,0.107665052201884,0.182525778972908
86,86,unmatched,2.19768689075781,1.42776545112585,1.1192278002747,0.372043279563404,1.36512230579925,0.0,0.0692283393734309,0.0589529344063634,0.0,0.132632501704182,0.0,0.0438672594915002,0.64289927608109,0.882114316177498,1.10247708443283,0.672583847573649,1.58292144865684,2.76140943820208,1.28267561050829,2.10134937461302,1.36498861174725,0.0,3.08276986209838,0.976304162492622,0.0252361476995647,1.78597916101311,0.140295659448191,0.326986480936699,0.502926005171459,0.631148207383569,0.368298668596227,0.0,0.390270114105766,0.595482048705861,0.0269383088607036,,1.4557067560331,0.767668175539926,0.425116779535379,0.773107544008485,0.884016330367614,0.276407100708911,3.30317393364014,1.47868786916294,0.157752609948243,0.483601118833452,1.16770736863583,2.11590948645341,0.536782656158639,0.207981938516199,0.129090440175288,0.647695883585901,0.0577810638906578,0.235038331705196
87,87,unmatched,1.89324092797023,1.65856684918593,1.07391110049142,0.54933811837966,1.56464776497011,0.0,0.0619637461794614,0.0597640383723645,0.0,0.220014669575809,0.0447873472985065,0.0,0.701874501027824,0.69744359927667,1.03969606052932,0.74347480120285,1.61673410351231,3.25556024021057,1.85535214158813,1.9939413705977,1.23719882496786,0.0,3.17318385898261,1.34461040491663,0.0226061279038652,1.5976530590652,0.169131626154636,0.606875147766608,1.04872822060028,0.302773779324602,0.422263017974367,0.0,0.248106093624437,0.749330192722441,0.0364892165700344,,1.48777932108366,0.637565369933614,0.0789449732709333,0.432782461416899,0.578877367206045,0.278716709699479,3.56169898818639,1.88739205967298,0.19404005335293,0.523252262380116,1.55843367480858,1.7140513328875,0.81887872775998,1.04470850534967,0.25590012272116,0.43414240951319,0.0,0.358044045994483
90,90,unmatched,1.78887331203547,1.47080138499143,1.35395929378205,0.549423047528983,1.5827926287169,0.0,0.0987469119903255,0.0232576194573513,0.0,0.0135642751283337,0.0488993742729697,0.0,0.849052476511557,0.90742782174229,1.63501680237457,0.791297142297905,1.57403100203645,2.7620377432143,1.58966297087618,2.17169385263666,1.37711452219412,0.0,3.16765261192278,1.27866200755574,0.0380214668597687,1.61576646986341,0.244118059248864,1.30132323394095,1.83609529770504,0.477296596273145,0.47217345844139,0.0,0.357949222539847,0.67831768305209,0.0673947739996701,,1.58016971591887,0.656478796134873,0.176575667312762,0.19498738410209,0.855101604183113,0.567826875296482,2.85781132959106,2.25423967952013,0.307504166163258,0.388416862401725,1.84285370979998,1.37178691060578,0.438956124654061,1.19903827711995,0.328955891678941,0.166795830195159,0.0538446007919578,0.00925262573069065
91,91,unmatched,2.80131458460965,1.93511216633158,1.29668892445899,0.65127831157641,1.46929819347611,0.0,0.045199722812643,0.0,0.0,0.121000921813021,0.0,0.0257139099400171,0.832676509455893,0.817143490155728,1.77822467561924,0.677338147041959,1.87542505790703,2.56099453842135,1.41688158763527,2.04326181454007,1.15591961470086,0.0,2.96069141884999,1.26979768337211,0.0267848285035581,1.57170551509387,0.126363974794167,0.239455402233718,0.597492432465838,0.265052657786549,0.279323294769065,0.0,0.668946481403999,0.7526452584909,0.0355095466303908,,1.40871567653412,0.695440424602292,0.131399266032836,0.742865320821466,0.31223886197154,0.553046501098425,2.65519114516979,2.0950989655621,0.0,0.455192974489231,1.13854893026415,1.20895998506561,0.605455878546114,0.445345744524908,0.0263817427566037,0.167551852139238,0.102696359950977,0.971150986051016
92,92,unmatched,1.40900865925706,1.6187520241921,1.17926406330642,0.61430125644186,1.46686464478915,0.0,0.270553246784572,0.114753903201028,0.0,0.0563491250162838,0.0117041438698598,0.0,0.25577439758223,0.565861217633632,1.40938352642225,0.651952434059793,1.41973741300799,2.97364675625314,1.3776055787459,1.98754179034818,1.2227242351459,0.0,3.07923452981166,1.07161167267438,0.0,1.72658621582918,0.101550891029979,1.23739853379738,1.87181652607294,0.275701133734283,0.265762448049805,0.0718146541708681,0.0936417564650342,0.678394935270319,0.288678219983027,,1.47758017842786,0.525871725495815,0.718503901148955,1.01787547350719,0.745649605328782,0.303585345713885,3.52888945645826,2.15068644599744,0.0368631954818381,0.446049636939766,1.47743966488328,1.68432954623512,1.54650632756421,2.36926927097247,0.936703337985877,0.401271814057318,0.152943974370981,0.161595858021255
93,93,fuzzy,2.35996700849418,1.64076542911975,1.13046575997159,0.519323099177698,1.57214109543475,0.0,0.122448769672627,0.0,0.0419164062420612,0.0224564536912627,0.047755445059258,0.0,0.77669267683817,0.62728662063887,1.58370540878542,0.888037099213835,1.71400191057842,3.14474817632201,1.64894382784274,2.40816123338839,1.0735815556823,0.0,3.46672500553212,1.15668945933592,0.124713783771702,1.51597579737213,0.122481052608448,1.15138385036106,1.34690024170167,0.600599551100908,0.363020786119727,0.0760042040677702,0.596474477362635,0.442810086127934,0.0350605586257315,,1.31463963072561,0.642133107465702,0.140219494967615,0.304243480291915,0.258821496952099,0.359380837346017,3.27814038689819,2.14955672647116,0.30927747707459,0.599381023862369,1.80989762676789,1.06872785850874,0.2503795294843,0.233659132248919,0.036620399697126,0.190905685162924,0.206073662744506,0.0842662016453297
94,94,unmatched,2.08106796667404,1.42346557994459,1.08407375634482,0.453506985447657,1.6151175734922,0.0,0.0703131765843525,0.101860125931929,0.0,0.166787130197148,0.0265460369351512,0.0137617166372481,1.03924573322518,0.970521365119743,1.64355264369419,0.70169566538334,1.46238019232735,1.93710809058036,1.44752094282307,1.97025373181987,1.31193913373502,0.0,3.42261745949781,1.18312302768727,0.0739959041421667,1.48107845480621,0.186459212434883,1.18838251873635,1.69127452403447,0.36644334911064,0.25897895521128,0.0,0.267127821094214,0.561196734105266,0.209462674820698,,1.33520378375688,0.49514445513585,0.0526928801684324,0.0329450914063252,0.123735248046458,0.0235037751629716,0.975356836310684,2.18445010196493,0.0706488704381834,0.439503020446633,1.5277002917734,2.32138120168126,0.765902212845126,0.992883251824113,0.534566563360161,0.288469747834459,0.019488226979171,0.0721557807892571
95,95,unmatched,1.79365563009262,1.39284385286832,1.21781096346943,0.508081017746852,1.7814199590562,0.0,0.0823456070986516,0.0683579471932838,0.0,0.358909415035479,0.0,0.0,0.627604076681461,0.469017607983505,1.13757553694765,0.779715639995835,1.22108505016024,1.94101185655883,0.972427653583452,1.93233368484798,1.20857559371332,0.0,2.9034927526397,1.25490419498837,0.0,1.48870637673231,0.137681648852053,0.904984656320159,1.10588950992146,0.0403945189154776,0.318400810250955,0.0,1.03437776011079,0.310088900481554,0.046638921909604,,1.45234086437771,0.596941687040798,0.32014767982307,0.620224173798766,0.123919249916621,0.209869376269221,1.1764117178119,2.00552976550703,0.0270850454340042,0.371582182076494,1.47615825327485,1.37268710131313,0.64202676670918,0.284194022764984,0.338386161846692,0.30741677388802,0.0423447626836905,0.144675663792091
96,96,unmatched,1.9692474751491,1.39316860025407,1.09147307749648,0.507109569775477,1.60159874179171,0.0,0.0261425973924673,0.00885472444133142,0.0,0.144540723179616,0.0366734105898429,0.0,1.07972847975278,1.23486056205317,1.69819247438254,0.749936777363103,1.24822303603721,2.63668508202649,1.10371116115344,1.87823891482407,1.39199264407793,0.0,3.10443615121499,1.21418560723491,0.0193780074346802,1.30238164902923,0.178020559152843,0.646792169588763,0.861634541627269,0.922368687236258,0.499483272998741,0.0,1.53287155625649,0.639184251420298,0.30603416167684,,1.3321539634246,0.710357152949487,0.0210095590324208,0.339039593550532,0.773024361836274,0.33556998078539,1.61950029508782,2.59487961714217,0.265950376491894,0.312881302283301,1.08300938778119,1.40572004748832,0.167510742345013,0.908684560508088,0.539878990674302,0.247338772830771,0.293110750753527,0.106912522150675
98,98,unmatched,1.88538723379014,1.71887687392844,1.06288906379176,0.661363269276993,1.40778873726858,0.0,0.0697345431663045,0.0,0.0,0.0775068414421731,0.0,0.0,1.18794790342409,1.04931760747448,1.21252061758037,0.633361532583817,1.86031098171585,3.40199777998209,1.75155661075401,2.27054338523654,1.25395218046575,0.0,3.06450499053601,1.0535932930856,0.0130233405426482,2.11303333128466,0.154494744653765,0.534836918022713,0.937621796885235,0.297450309099431,0.491323456053683,0.0,0.165667779575198,0.694397646946595,0.122669106527411,,1.33356111457882,0.571351329896287,0.0581475382454802,0.551398157302334,0.119747685127815,0.838808410834359,4.08995203433658,2.31576652268112,0.0937648676097341,0.355134321641947,1.35329923586435,0.595376390018934,1.62977755921792,0.664626164928479,0.398424401306686,0.130515125592114,0.012050109779986,0.056630686667792
99,99,unmatched,1.6344690740242,1.6956301936737,1.22511155899225,0.629098023083165,1.47068960472817,0.0,0.0393707044053693,0.0,0.0,0.0,0.0158152570312011,0.0,0.976000466748238,0.918012824526802,0.726803226282487,0.675084770050465,1.68592397302991,3.07964960736673,2.39734103766773,2.05859604028626,1.3236516700918,0.0,3.52447380288277,1.19942874074118,0.0,2.04815156986377,0.283026814336449,1.35603784292275,1.67160477170578,0.149484131776775,0.446815198862427,0.0,0.395301847965876,0.931373706405824,0.252697528663517,,1.11571517130809,0.730883487679579,0.0277674528551208,0.817865257402603,0.152466761124473,0.221353966878344,2.85093960683083,2.06206776919754,0.609453806190385,1.2384248932101,1.44497979652647,1.08710213415636,0.937614711024382,1.60844328276761,0.65317728655888,0.219723122371534,0.0264100321516636,0.0135493146673674
LC16,100,exact,1.72394148845344,1.649988393671,1.08547224884214,0.589889144531251,1.59768447649063,0.0,0.178897175089935,0.0228431230757895,0.0,0.1660869138748,0.0530978971561393,0.0,1.09597639461368,1.0571850041252,1.27810307289487,0.823514070722427,1.66537578103325,2.80745804239219,1.83823900027815,2.2864633032563,1.58571400445819,0.0,3.35207520794918,1.09445093389011,0.0249636720484262,1.90826260382318,0.151599808721958,0.752525906394413,1.26431643083522,0.412930001775747,0.462969830379444,0.0,0.308215168472733,0.708735081539004,0.234271809663744,,1.39316108725321,0.650304408332294,0.151441323332675,0.702959454389399,0.396556914364278,0.713523449993158,3.41330038801068,2.17394372745086,0.283126411409351,0.470928235585053,1.24033926801112,1.03856028999543,1.07094463397605,2.08471981048998,0.97946171650436,0.329695596565236,0.0126296197554845,0.141817728441795
101,101,unmatched,2.0142001651432,1.58971257990723,1.00185005787526,0.466699326402833,1.52006610755821,0.0,0.0263817427566037,0.0,0.0,0.0438450303725249,0.0365691396723025,0.0,1.04216556763796,1.21028026275982,0.755773347851656,0.655049394875787,1.70285556234664,2.50111251465624,1.71019013286122,2.21900757651424,1.6680268800432,0.0,3.18331055610702,1.09001954627845,0.0568391159126369,1.5919782799948,0.176186338804949,0.885092057704133,1.12459479701148,0.709870162616741,0.466055861410809,0.0,0.418094842684371,0.560336919708742,0.387867203099803,,1.52630648200747,0.718220443198881,0.154831213631029,0.520888043942685,0.273678591652252,0.366649240480025,3.59195703496035,2.01742305828589,0.275683178162377,0.333287943308478,1.30155567423246,1.10377100618896,0.757079292139892,0.547953954138784,0.524308400904721,0.244736364205488,0.025538563408204,0.207594094591779
102,102,unmatched,1.66362216678533,1.3216418299919,2.06176802983008,0.704700327381628,2.80887286854104,0.0,0.256360352550101,0.309214098791362,0.0122085244224304,0.149853610333899,0.0381794011274672,0.00531260788938115,0.994309972999292,0.894858124331042,1.26146108529838,0.571346092448236,1.75438987584172,3.07650759611041,1.77982295682192,2.21851245434554,1.24861621273829,0.00345751623069337,3.17871934475769,1.02484645927396,0.0406601490570807,1.48810069527653,0.177530991072274,0.816203092819717,1.47130852371591,0.460824212966976,0.477172978184412,0.00874986718716221,0.226800572187221,0.791041933049786,0.205027726021366,,1.43403524454168,0.681875540630543,0.228686707163351,0.729057005405498,0.621995803578012,0.259559099150325,3.2632944464758,1.96206741147317,0.278412872784987,0.696853949320937,1.29198950738371,1.17117881839302,0.947028706958107,1.19264600104294,0.581955789850109,0.454501674918104,0.129044860524711,0.193981720732256
103,103,unmatched,2.41289204183786,1.91593837680022,1.31367637930147,0.598115719143533,1.61322616889272,0.0,0.0422505292449999,0.0525117624589718,0.0,0.0357238513109071,0.0126434042239911,0.0133383683944309,0.855565372571382,0.871570130857919,1.76401379741644,0.615374202371183,1.41890539634333,2.79283130667558,1.3818798148807,1.71255051915066,1.0821081309521,0.0,3.31905740389818,1.31584068427962,0.0920698998345742,1.53353679860124,0.246227204291569,0.480025455345103,0.976053408680539,0.0273742195841544,0.181931674472029,0.00857800041031241,0.437932162141494,0.711116876837601,0.0911271573952232,,1.7797855848149,0.660163296241262,0.0611138702758326,0.118103294176342,0.0898379420440179,0.418302504642009,3.21641227517081,2.03067350399853,0.561095439149538,0.393607896613587,1.37237807429157,2.05369849532036,0.558985744243561,0.334964005721994,0.112898497814315,1.20143777137899,0.00781205147860956,0.135701531806362
Tm5ab,104,class,1.8201439175117,1.57447068363081,1.21203329823676,0.468406222994759,1.60124304756703,0.0,0.0595674225132731,0.0291837583851635,0.0,0.437029128806156,0.178231314350761,0.0,0.800356606392237,0.717205678649325,1.44574359986392,0.566560579275988,1.70004482322378,2.42879733655284,1.31291720642343,1.74222596304411,1.18652042646594,0.0,3.26375051455736,1.28109518398258,0.0770051897363356,1.64808013317236,0.281598409843155,0.208896033420625,0.407136962015596,0.0283011907635679,0.219895775286268,0.0,2.50458101420463,0.488587440955593,0.0488014299477531,,1.54369547114329,0.573277453241615,0.0402098384894809,0.138561515698792,0.132618572241852,0.0906782834598271,1.72783039889089,1.75355024930267,0.3582884151555,0.471321486156451,1.87254816368102,1.77122461158606,0.946793402841761,0.307123949444433,0.323096097097381,0.580203843408886,0.032200911973004,0.0
105,105,unmatched,2.25932659277553,1.35942948822159,1.42959499770979,0.471152098578494,1.81244596482208,0.0,0.0,0.0,0.0,0.170688839248717,0.0111404635551595,0.0,0.751394633100774,0.868915565646891,2.01025907318088,0.831370892657576,1.42512785835535,3.28726555489793,1.18740378048165,2.08899549959935,1.07504422697161,0.0,3.31160089300781,1.60538947086993,0.00730730324968534,1.58788545298801,0.260699182151583,0.140694778062951,0.334030538071287,0.265462241776419,0.234384046393486,0.0,0.446229000488848,0.789008985122807,0.277720175879809,,1.81179961528896,0.550662342119237,0.226941268434598,0.0331309064587209,0.169190499825353,0.219875415447532,4.35988728934566,1.87133653765053,0.717207121497491,0.937138454333408,2.1954285328189,1.51436373630822,2.25668271583425,0.849636998803555,0.468792844225544,0.368047258382386,0.0,0.360030752978567
106,106,unmatched,2.36344498033978,1.65467588970656,1.28063945711012,0.68396509587083,1.38969700377808,0.0,0.0566409209164011,0.0287214311031316,0.0,0.134948669118534,0.0,0.0,0.701325892383473,0.765050630272123,0.914442855311138,1.15486987929974,1.30172774926778,2.59633008639893,1.43477595572498,1.98760377291519,1.53395048727146,0.0,3.03725450902031,1.44017649831317,0.0,1.73144328177628,0.112870606058632,1.06631756298327,1.13314461130455,0.800080063989344,0.216985481489644,0.0,0.548692153809507,0.574524464311661,0.399186454974131,,1.45279078019235,0.635579242885449,0.0868889594969387,0.963680940069342,0.794529999971493,0.0969102457398885,4.69114705078369,1.5177451809531,0.0724486388103432,0.243316087381569,0.902597235342615,0.540785737966655,0.903172948758437,0.962001235873859,0.804225274698205,0.204705488623251,0.923581406725822,0.149393242300775
L4,107,exact,2.48301862532518,1.91644997782744,0.938273149998071,0.616848432127077,1.71375506511827,0.0,0.0768718806002054,0.021894934090044,0.0,0.0265148796768128,0.0141469286527146,0.0280269936305231,0.398203761552567,0.351225936568253,0.601893008218148,0.855997612431251,0.358491203821903,2.11472053624575,0.586623696601372,0.869646841659741,0.833981437259855,0.0,2.6461360828153,1.21125919598791,0.138050348209905,1.24774892636266,0.316405159450526,0.271492183221643,0.502493301582177,0.024360757093733,0.329413281465368,0.0,0.403297254352236,0.164805329693483,0.0485158536748468,,1.19388204799192,0.510072269764094,0.408761025020014,0.0518685584448522,0.126227433708982,0.0542033139712278,0.985062987356615,2.46707825738774,0.0669360564255031,1.06164667403939,1.40985798581276,1.42771403843057,0.312152906101427,0.974344149284744,0.292575002399708,0.197146527588621,0.0,0.0
L2,108,exact,2.26235186733812,2.01986066764084,0.874242935969612,0.301860121523074,1.60026838953724,0.0,0.0601097217511377,0.0373312789578063,0.0,0.0137648741847674,0.0,0.0,0.49195894478485,0.222835933642116,1.74907400115791,1.11014606592076,0.226384031425369,1.57680202398163,0.506873305973116,0.900880671733786,1.09309075201724,0.0,1.19095534785879,1.23768228588049,1.22288578699465,2.08314102504978,0.895503643468621,0.102767822022884,0.294461315464717,0.0810402317231008,0.126338836579553,0.0175622122611232,2.51828010844848,0.274132858971579,0.0300338151865323,,0.396655778517955,0.587244098271417,0.563241859224055,0.0487816436091743,0.0496302970886206,0.0213721288799462,0.662378086134561,2.23088070343216,0.0704863688330184,0.189794940661944,1.17729081181603,1.91036579779683,0.141604060881782,0.42956334574888,0.405535214701551,0.272970931490977,0.506558632022971,0.018017462938147
L1,109,exact,0.869674936550205,0.678947733130507,1.04374957394374,0.412277644816202,3.10766662631493,0.0,0.052859233347436,0.0415328535531107,0.00503341228023687,0.0283959032960402,0.0,0.049722994933206,0.337010290062297,0.350020646272369,0.943540359194017,0.988363058879208,0.322399068878819,1.41051882449075,0.591133014104978,1.05124765479263,1.01066890218151,0.0,1.64530141269709,1.39856905635658,0.78810442507252,0.881709915973904,0.318037620866929,0.197925976983318,0.308862087539447,0.0792831197869029,0.138694253581007,0.00485919049759755,2.78776259902998,1.22895233813245,0.044352241978413,,0.491106947203954,0.430844302043346,0.0366204263404534,0.0865279100991791,0.0391605484991066,0.045519435669547,0.870064945039666,2.27609220699949,0.1028566580978,0.34897480327624,1.27778588583699,2.5123169980813,0.165404378764715,0.19379372946586,0.149397555579035,1.06030304003077,0.109419126939319,0.0434036139421028
L3,110,exact,2.01776527473033,1.49216447381541,1.34146981873784,0.539576630513564,1.71874174915755,0.0,0.0368477039530414,0.105542505982237,0.0,0.00878065130043405,0.0,0.0,0.399891822131096,0.324256599435189,1.3850708952085,0.907369963266154,0.478947645063605,1.66216497900474,1.17393042930004,1.33317768525289,0.809387742191287,0.0,2.31625916291739,0.876809040735134,0.502869482878094,1.82153621195465,0.495722396707031,0.063010818607926,0.309375180821714,0.0318475020721686,0.780598374309108,0.0,2.51983873916703,0.54218161779805,0.0907406292271445,,1.3902576170295,0.901991846890432,0.0879766522243893,0.128794822696573,0.0650167302317809,0.0397603833772199,1.38105447668119,0.95688119807309,0.185131886919631,0.439685162242467,2.06104268084983,0.668432730427535,0.391846687648264,0.33988911292159,0.206191590446599,1.22470243167412,0.620381385256563,0.0132225463556138
LC17*,111,fuzzy,1.65665057133821,1.57767473561836,0.846790778370854,0.462077891064055,1.18155626195041,0.0,0.0145545666285639,0.0,0.0,0.0235210480759639,0.0102358810671617,0.0,0.595410958262803,0.961283281455515,1.45889549333634,0.703055370663632,1.58746484666287,4.33507169399111,1.59404291212485,1.80191565678886,1.19462718126033,0.0,3.14175154801127,1.18485738399527,0.0148637590757639,1.20002090064726,0.138650710526433,0.0817856388492091,0.241876533648269,0.317142659853855,0.331335204020742,0.0,0.165902788080406,0.564296053563176,0.0539991774177637,,2.09759039946295,0.74787431121212,0.0541533121208555,0.0711675140883637,0.316991664037583,1.02403840641124,0.788246766340991,2.42605196968788,0.525683199803085,0.263124264308729,0.98405519414646,2.16897137598819,0.951623094331021,0.189360342515115,0.146389079822652,1.57871047186359,0.0077296385247725,0.452586947536788
112,112,unmatched,1.17579860998858,1.55286744326748,0.560226217129462,0.294718000002101,0.424713806426636,0.0,0.0,0.874389896053105,0.0,0.159900717899436,0.0,0.0,0.95504054293425,0.639949034070139,0.197636104886561,0.718464295566643,2.10297791230638,3.29280158828006,1.29702564944745,2.14560530121354,0.90039311460623,0.0,3.51745761120552,1.00412232650837,0.0,1.08210077519449,0.203157961074443,1.38725679808,2.02864796670047,0.177106371095832,0.251957128078925,0.0,0.0984523588304396,0.806582226859617,0.554640565971894,,1.43327576360697,0.740418742803108,0.0,0.727245598884937,1.59574810927364,1.76828521786981,2.28136992251002,2.21384362995807,0.70216662824777,2.03742101607969,0.215940142783013,1.34621526551857,0.83152161678348,2.00730172133228,0.922498336674839,0.208464564496341,0.0,0.0450021714648994
Lawf1,113,exact,1.70886314412326,1.11155908945265,1.08674863065851,0.437747623715572,1.29379200301863,0.0,0.0209434358006185,0.0239010573574583,0.0,0.0114624275816598,0.0250433478361405,0.0,1.51761592001618,1.72306522432061,2.00715214968098,0.834026006253587,1.34212972529468,1.13779067468594,1.64821321429371,2.12938720200991,1.28830181298858,0.00540166949804351,3.56073530421311,1.27155344832309,0.0140189676799088,2.08455728653112,0.141538047649758,0.141947297302143,0.51680855655408,0.631615081655549,0.576226020927596,0.0,0.168061437970079,1.29275682295765,0.0188410110619654,,1.25282097900973,0.675900024597552,0.114158454372342,0.583443705725525,0.0170889759410807,0.0594233157818131,0.662007470034132,2.40347466506696,1.18842756164135,0.625231106755414,0.472787817911426,0.538418158253226,0.732812700228732,0.245261853042593,0.0605257894916525,0.199845627730379,0.00599806738247508,0.024793236218228
114,114,unmatched,0.51488332837127,0.329566247679951,1.32869196498324,0.593900389901857,4.06568633197629,0.0,0.0,0.0,0.0,0.135405304957099,0.0,0.0,0.806014304430581,0.881533488138147,1.03701332119963,0.865544339328533,1.22448444333681,1.76231131702255,2.43617591871353,2.00144084015431,1.55487937851982,0.0,3.30964173063056,0.9718589173493,0.0,1.6349889032485,0.18188865576195,1.01882085990705,1.35533571795636,0.446737104866763,0.378411808280433,0.0352161465525335,0.41940689827115,0.332433314970232,0.114917184847494,,1.21599184579131,0.366635269158484,0.0436101822069962,0.529847026008777,0.129231316788763,0.0765741099788025,1.749703776932,2.45627623438692,0.156816712044586,2.01024501613544,1.04779130945749,0.750739826873037,0.416736224447241,0.65962055893625,0.499526811199492,0.224468758545277,0.0116510696989378,0.0116510696989378
115,115,unmatched,0.607196183221138,0.405779787793039,0.546173313103286,0.501967060728354,4.49073709502148,0.0,0.0,0.0,0.0,0.0,0.0,0.0,0.691517073750568,0.660531345697738,1.27454608338597,0.642325496844655,1.53879403279906,1.38684132140926,2.05844947228634,2.24283254434414,0.881141107878688,0.0,3.26102557470051,1.00574649711242,0.0,1.42902596552522,0.178863474878781,1.19902470157414,1.71551239762168,0.170313176937293,0.331315978716941,0.0,0.0970508987322156,0.445813149731037,0.0907292192089111,,1.28311785454364,0.574277710022848,0.759093130231289,0.334676253163623,0.52135777217108,0.0,1.10440400984288,2.19082209972516,0.188745365627754,0.653649359127721,1.32758955696237,1.13858445426912,0.808822766386783,1.53389835657418,0.500123078062371,0.147282195236566,0.0454339423304487,0.0
116,116,unmatched,2.91597184930405,1.95613479456066,1.24584905475357,0.477568718889718,1.5661138029805,0.0,0.0888564658844319,0.0672906551697905,0.0,0.363800253369271,0.0216058829580241,0.0110786535145124,0.514694947690276,0.725340166426657,1.68026907855373,0.783520129304694,1.08450761897361,3.670999855503,1.15649688745677,1.59422235893909,1.11698722359356,0.0,3.15296141237168,1.1403446316361,0.64902701734476,1.34587800476321,0.184490317977325,0.132155100667036,0.456513743947523,0.170556919264661,0.181930394642236,0.00761809774185254,0.302251947318019,0.355416920451938,0.0652614580514438,,1.28009148935123,0.657361901575159,1.456291086827,0.0838337381674652,0.031057326831273,0.0344763436046828,1.04682895922384,2.03779285252805,0.0734970552822324,1.24975473924426,1.25497261053323,1.59784636030275,0.202253710012338,0.623398706006163,0.252274220188604,1.09705090386009,0.0690061939413105,0.0403769208157038
L5,117,exact,2.82804438566954,2.21015651462938,1.29383005007696,0.491792379897295,1.52104759071872,0.0,0.154087036365264,0.0690145236183078,0.0,0.0242704279374504,0.0,0.0,0.193058845298726,0.241193844783082,2.59912105019855,0.884568554990243,0.654108303620092,3.27750303229082,0.801537269244927,1.55680998094749,1.32611170761923,0.0,2.70727842556415,1.2146416581055,0.0270215052811853,0.859380368303919,0.276473563582781,0.655230104866594,1.62302274292942,0.125325162307625,0.222002234388863,0.0,0.399283252978915,0.737507391937735,0.102335713465116,,1.11509230044013,0.597548045107049,0.407902247782114,0.146048445603503,0.0848084203968368,0.421996099005905,0.949886336674829,2.76544624613429,0.593711513700273,3.29014237101893,0.909740157834189,2.0432471918311,0.771195435795492,0.597721586337683,0.252229865756839,0.154270024614871,0.153793207683269,0.135397352654547
Tm2,118,exact,2.36146445720302,1.93159370979893,1.0918884762691,0.475314743163797,1.52290863036116,0.0,0.0460336071418292,0.0401316296127661,0.0,0.0214956979202942,0.0208026801388843,0.00612227818762907,0.894413699107376,0.887067319532138,0.390322323951952,0.829547139645776,0.280348646310377,2.79458073858815,2.37238087279056,1.64071898852745,1.09140090561498,0.00258327053261625,3.45775911699003,1.00024348320555,0.0236167643625856,1.63079153621501,0.242304527958314,0.117168767763825,0.26245007042255,0.047538284046806,0.387685608263928,0.0154036865994257,0.232253990808558,0.0930459141937217,0.0562800252473042,,1.1772992492074,0.528591841449124,0.32484079410902,0.201805020435379,0.0443720500719959,0.052707291518456,1.11339803312946,2.2922425731969,0.621964944256332,0.656331905246842,1.25229430928395,1.24789225640373,1.46090702208597,0.224985185908398,0.0901934622573859,0.240797392012316,0.0148716141033662,0.238246762752557
TmY3,119,exact,1.518918723189,1.46472668401569,1.02618745749295,0.491727561605656,1.50009933099019,0.0,0.0448723819196646,0.022644012112989,0.0144582876025031,0.178950604919513,0.0188041504226074,0.00793528818934166,1.00997429373811,0.981267247185237,1.17619120823273,0.74826317297072,2.2775438316764,4.13587024458244,2.74557470522883,1.85126913434029,1.23451011326847,0.0,3.8595748426417,0.943636928171402,0.677576008494684,1.843073709634,0.183361864882879,0.620830012557774,1.52579951917684,0.303538621109518,0.367676848335026,0.0136131563090341,0.282537683729923,0.371844988388916,0.022589610510682,,1.15022942840339,0.516402612113538,0.100094608686165,0.0453337219484077,0.0395894609213862,0.106016740612691,0.942579613311893,2.66329106786984,0.353598935399247,0.271465967844406,1.11417069410695,0.363005310773,0.649390382765736,1.84800362650727,0.531835473128001,0.33110158426221,0.0140453108610101,0.116946147224847
120,120,unmatched,1.09319684361615,0.753934544497306,3.29538365203304,1.11002773960724,3.42165785198979,0.0042285649712248,0.110577110259372,0.0574093548683161,0.01638371051173,0.0654707113091966,0.0154186712312235,0.00704684822680236,0.578944180945724,0.929432283657762,1.8444350565398,0.616028624098413,1.05154059482954,2.08425010239953,2.41184374825876,1.72410240071349,1.21014249815337,0.0,3.26186665854616,1.24469256527913,0.0822735622724012,1.51356620094454,0.300153037786565,0.541416568217262,0.693901597240519,0.458811693575871,0.173962232220269,0.0243196091105717,0.662034335194654,0.406989936687362,0.186004554668696,,1.35369757736564,0.476061331916292,0.111472732252037,0.389106106377083,0.271188166977099,0.104876100567407,1.98519763828866,2.06449073623173,0.240173479395922,0.837922378063692,0.988543518455246,0.927356434053634,0.655649393858608,1.02091679627074,0.309443673734552,0.818042487999414,0.0468606057470117,0.0411978472240286
123,123,unmatched,0.526766438895486,0.278694568502085,1.19125211527217,0.625101207861151,3.54006585740859,0.0,0.0650370651724742,0.0357694579577936,0.0,0.0307075982734107,0.0172188343770285,0.0,0.886333778961987,1.20106195944771,1.34862249967885,0.792186828492001,0.501008449680284,1.36496665043363,1.00664704766194,1.56342868817293,1.05070530050348,0.0,3.10460945240737,3.09991723932223,0.971661648576295,1.86756601389048,0.225948027785473,1.47717085176883,2.8258997758676,0.383801083494133,0.304322959075543,0.0,1.32750748718016,0.358844030734242,0.261778439333552,,1.04042824306191,0.607439986368437,0.403848363736288,0.560841433411313,0.0394418310744419,0.722706156906295,1.2516284787536,1.94625095729002,0.683168025892069,1.45140407208631,1.85058676203905,1.46543420860502,1.43300486160211,0.724814530517789,0.696679396508287,1.86156877816624,0.134599963705548,0.0380497976878319
124,124,unmatched,0.536140287791892,0.425979280381369,0.928007465792603,0.557972120479613,3.82767478147675,0.0,0.052663016807609,0.0746678192216354,0.0,0.213141789424383,0.0166116776668961,0.0126664138036834,0.191281958174505,0.31224907110824,0.359634735340862,0.696715209431889,0.724337457505101,1.22803031109197,2.49355732388051,1.77499540835452,1.11136165138389,0.0114026320978117,2.85626324380716,1.17935245623046,0.0679970412058216,2.04075903430122,0.307638240077846,1.21215459305655,1.7310616523731,0.248559071972641,0.146136072913643,0.0123917322951634,0.395298492320595,0.108828429620334,0.20278781715799,,1.2305036483634,0.702317288035513,0.167984886305887,0.0703837096990847,0.0864984905471628,1.41168061772292,0.797601104474462,1.85627740860644,0.0610907942912098,1.53583493890266,1.4486202392555,0.819611869486392,1.25283304593561,0.214024191283397,0.107221539271585,0.210306154921903,0.0863577048089271,0.00518270141676684
Tm4,125,exact,1.61778244167937,1.59100467758535,1.12108755396561,0.507065190202581,1.52995978096958,0.0,0.0441909910171137,0.0376445510913892,0.00946254018993853,0.0437564630412573,0.0017212028156087,0.00910217468671596,0.921901569000093,1.26925807159939,1.9553594256234,0.818906547444403,0.334636250872816,2.69293048386879,1.03281607649281,1.73279329304262,1.31035393220739,0.0,3.6026938102976,1.28120473574317,0.0237346343798242,1.42928392066819,0.203235587056529,0.149855666686581,0.34090302923331,0.105667033913358,0.184610315823027,0.0,0.251937068157278,0.0704255980772877,0.0244511194684165,,1.88435129182147,0.735884154668502,0.371617624149459,0.926318076318575,0.0637557709922743,0.331733224123261,4.19877301972292,1.82740475814045,0.330577420355412,1.93628186205137,1.3655879421762,0.913066672216495,1.93256938371738,1.04871541077028,0.220787179244224,1.27931247911991,0.0187492054184734,0.270197162313472
Tm3,126,exact,1.88686802074812,1.60129796944525,1.28938403012837,0.523856257181212,1.58839452629022,0.00310473204856056,0.0607160065069069,0.0397551848419042,0.00329958163741508,0.334842304351963,0.0112232399099604,0.00911197754527212,0.536904441383357,0.527807755599386,1.77342970441127,0.922105402382387,0.618155751625776,1.91459614882886,1.53056378721623,1.55752054980676,1.15603423640549,0.0,3.92240661822202,1.34055668180665,0.0366211614080634,1.47498269989209,0.227698542296622,0.156469700543359,0.354725340986511,0.180836904862711,0.251841095458745,0.0147418260835961,0.35979631750928,0.196916689085997,0.0733076195709051,,1.73453181118729,0.624302540970269,0.733082974172037,0.139515691734943,0.0622162612415909,0.278359505538441,4.11552527726183,2.57494595689241,0.367644294249901,1.81256227836829,1.46123420411059,0.795997184019086,0.401047185752363,1.27410591500302,0.510682622599265,2.29147440330047,0.145059440846548,0.0213981425858141
Dm2,128,exact,2.56471285793822,1.64946458518127,1.34570520258528,0.508359815736818,1.76512706988605,0.0,0.0724754955686972,0.059699091471161,0.00545022850252437,0.0245749064593112,0.0401530230442699,0.00914372175703607,0.936139421860025,0.999691458548855,1.95737822697589,0.807630842365959,1.88354572629369,3.62621077399781,1.64925980487254,1.59524571629756,1.30726983992623,0.00367872254204483,3.51701455896137,2.34096428784555,0.830888102176089,1.67627768166295,0.181495325666248,1.07910470282969,1.06047579527136,0.202837260762204,0.299165813878856,0.00790000727737264,0.401718144772957,0.58305654532213,0.0741385361566966,,1.34115497253133,0.698052363780926,0.76274201853593,0.812639024680238,0.106217612534312,0.249207656035547,0.981665406878756,2.24019756881975,0.319061507442706,1.9038973413482,1.27842150501538,0.621602616091427,0.364022841940047,0.31616072866173,0.157000098305086,0.214645856573662,0.015256884451791,0.218685704161408
129,129,unmatched,1.8940611808119,1.44561794623492,1.32987788364446,0.570548067673463,1.62414210984683,0.0,0.0791275947418873,0.038371596176119,0.0,0.0435432171795402,0.00798146799685356,0.0,0.537293530667001,0.58882312447608,0.62361146786502,0.705066900740733,1.66476136162047,2.78471001810261,0.778739490738898,1.73782588250575,1.2160847101444,0.0,3.24315910474612,2.14003103030173,0.210679617369483,1.44720190893177,0.210680798739297,0.732456382338859,0.83941390677732,0.352081567062074,0.323900657298775,0.0121450771370276,0.327778567217917,0.692635729654551,0.153809735850789,,1.47445829012734,0.787699229444335,0.303916265683063,0.766911964014647,0.127739963451265,0.391641339957484,1.61910522116833,1.70541322958225,0.0716277576859454,0.669278848561533,1.45248396311302,0.493114584053089,0.98920767926776,0.356593892196857,0.100793409975618,0.494672357955011,0.0244150295905127,0.0404462480641355
Dm11,136,exact,0.513273794199956,0.255698122731939,1.25934037919099,0.43013299575551,4.27630199288409,0.0,0.0,0.0527025656339892,0.0,0.645460391319138,0.0308205050271762,0.0,0.705419811623899,0.746844127335971,1.7044345382911,0.786935072541731,0.490327436570271,3.07753904585362,0.457119322466537,1.69377357416524,0.949256032417731,0.0,1.55465894843894,1.30566290354629,1.62832459725533,0.794766023307043,0.270808065571118,0.079174316795641,0.327276253367848,0.30197452196893,0.118965313339487,0.0143935216510215,1.95818282841891,0.428086489267162,0.0401241337790341,,1.01846327527924,0.469219261140648,0.0629588667268396,0.103448710199616,0.0746268988974189,0.0343847801877554,1.16339289808688,1.90215561859893,0.0586133293796151,0.736562511089073,0.69387608151282,0.523507073538759,0.109044629173972,0.212601131944544,0.042962117845555,1.05186703886665,0.031863527491131,0.0236178637971995
TmY14*,137,fuzzy,0.482256504837169,0.260704510847252,0.989038999551504,0.391954801743977,3.90016370536845,0.0,0.0292016235688667,0.00244016295448819,0.0,0.118944289913857,0.0438540194469793,0.0140082640762316,0.601601021135138,0.813768412058415,1.0065063859701,0.869606753570032,1.23386216549418,2.46317460761087,0.469092435211969,2.0442977937699,1.22533079189634,0.0,4.35624455294452,1.23198251429238,0.0205950892748383,1.66643039810805,0.190215323805852,0.326278735196122,1.21185536837852,0.130693071390855,0.40055368999318,0.00680543489795746,0.236752870827989,0.562118208045198,0.0209874294023056,,1.30223571924067,0.668446604242916,0.0138898522843125,0.0369750217258225,0.0630238900375525,0.022309640449621,1.75471218464668,2.67222976749585,0.0809576705527385,0.294918165576046,0.894535921410144,0.34841710962069,0.17976116898838,0.759994180419151,0.234666641078232,0.193374303202108,0.0,0.0484699084712599
138,138,unmatched,0.512535750861235,0.339101741682445,1.1823591342887,0.506316329090225,3.14365720594982,0.00899137047391249,0.0775183896844608,0.0924499234134563,0.0,0.0495618858466126,0.0,0.0,1.15053543723292,1.49622315371239,0.950539876054117,0.723009244380973,1.06815305388549,3.2507642314041,2.07149964827883,1.91841674626684,1.50950938945263,0.0,3.39172418844166,2.72722328062187,0.339866464140934,1.99681698320625,0.250110533146364,0.746836922282122,1.30239416971572,0.235365071332135,0.519002344765157,0.0220409169349782,0.303326861090497,0.369731218770119,0.892159056979687,,1.12202518985951,0.709351470530857,0.40559156325917,0.619747804014629,0.0828733318114902,0.266478828120566,1.28265101210587,1.89746011426179,0.0208983667983564,0.390625202281615,0.948854074268485,0.936062424752487,0.856914134542348,0.667505347697782,0.522163826082247,0.69694907114943,0.00859163481774248,0.0156520560652483
139,139,unmatched,2.1006205488934,1.68116808954615,1.00290218671127,0.66880119160459,1.20570026074514,0.0,0.0,0.0610951586260961,0.0,0.113639458005256,0.0,0.0,0.77848147114986,0.630301230238861,0.898444428688816,0.773675712573652,1.33422476864622,1.62006935962167,1.31626142138992,1.97071602658566,1.49757045812977,0.0,3.01278787901751,1.33046237399028,0.0,1.62929586283028,0.179793229084422,0.339440011468384,0.478712303210008,0.575524694195669,0.231198583322069,0.0,0.301432688312884,0.548123952613963,0.189472301669852,,1.35949248267916,0.685858302719717,0.0260167123270736,1.13936999713169,0.965449509318002,0.168322517471265,2.66916864252451,1.96682361966659,0.0766010224802263,0.708271722969393,1.03236882819963,1.90084005462141,0.353137530504843,0.328472310324256,0.199740655734178,0.0936593772374402,0.0,0.0342510962551737
Tm1,140,exact,2.26078676337763,1.85750831589846,1.05939294673235,0.446480618830367,1.4631792720201,0.000994788584032991,0.0453787963056545,0.0389832861995997,0.00171852706818883,0.0108090604762139,0.0185237207379328,0.0168208314528857,0.628196479161645,0.415279579968724,1.80341957991335,0.807963969514818,0.33826581864913,1.18877196289712,1.84598525886813,1.573881327886,1.19001463953385,0.00247204797266636,4.13608087223004,1.33128530051038,0.0303943480163796,1.48620203457924,0.177520118663946,0.12773788736435,0.338348574409611,0.119392875850901,0.250276127517417,0.00527208351413529,0.289398992022779,0.11225269574106,0.0267569183554765,,2.7008234285288,0.743672778241979,0.570134403101947,0.907039254387507,0.0766310509772089,0.0239930097288037,1.43897459014177,2.1617346115536,0.464277355970341,2.34590836727217,1.95483459854973,1.55361295534576,1.55393824777251,1.0749787852367,0.718119625121327,0.314988377417235,0.169405308928077,0.117705130438793
Mi1,142,exact,2.74313792101399,2.03590785357629,1.02497322192086,0.451984034806823,1.21937104410941,0.000906174736239182,0.0474765993284192,0.0318606699615927,0.000978291019401115,0.0178574198036331,0.00738895488621122,0.00125545007294947,0.309208221602039,0.218932424474118,1.77855684089306,0.928072152310948,0.982004382613407,3.10666034253546,0.474211370510178,1.47074804442387,0.94807988194907,0.0,3.50713444772982,1.12559240506176,0.0232138147658543,1.09876141997998,0.164169509529187,0.205829853940743,0.679908084745904,0.0681609193474972,0.285056139854733,0.00450300734591783,0.195346795104602,0.536939162492141,0.0184876177001859,,1.8595363613602,0.621290046554659,0.177175546385757,0.771599513172937,0.0850358333295569,0.0756469665116968,0.709493883253355,2.3141772740777,0.348319069035743,2.70994638150864,1.3040189993959,1.27861691872663,0.17050622811117,1.32045609901462,0.610110597521714,1.7232560307499,0.157232799599045,0.238944442205568
Dm9,144,exact,0.520873539619578,0.306158052115612,0.921661097048485,0.428657259327604,5.37480333105134,0.0048403461054253,0.143998763813511,0.0419824887752673,0.0,0.0341385087071756,0.02657033676878,0.0,0.101471493355654,0.188103435999248,0.271558573180055,0.868230296339294,0.26276376736044,1.49270760294862,1.34139307953471,1.04528335537815,0.840362260552942,0.0,1.42391969257738,1.66731433582911,0.0276532646592143,0.313988050839351,0.335027251413647,0.100429922203984,0.13753814727773,0.129648452579648,0.564985208040459,0.0,3.56546718961077,0.718002908870763,0.0412243135446877,,0.829551510822965,0.540124377707768,0.16809023643809,0.0480852677951194,0.370050870052598,0.167522031234556,0.489380504493509,0.78493203142159,2.1365440349751,2.79880475619266,0.342532793728011,0.377129954570056,0.0919444376932849,0.096818724859228,0.142267561630015,0.836963862802319,0.00490301369651422,0.0622436924520819
Lai,145,exact,0.374107574435328,0.225068148920468,0.879440194888442,0.262315884078306,3.77610551282246,0.00283249718616123,0.06816613627789,0.0321637228538761,0.0,0.0672670850184261,0.0310528215506376,0.0166107119688301,0.329380432925115,0.293030642870432,1.90807099244186,0.910587249823166,0.316979630779451,2.97982400669317,2.99521407136672,1.3645304239936,1.05410458833781,0.0,3.16032775995045,1.7090566960927,0.0376518850923197,0.534838422783028,3.49516691216854,1.65241716470697,1.95604954617768,0.464079009366484,0.156974771084479,0.017694630558055,1.62952465741259,0.453159164090445,0.0102157416617057,,2.17577278985014,0.678631350111506,0.020645590511943,0.547933856521215,0.0458665711663838,0.0255377074304067,0.851973940789302,1.92602396856667,0.040258230520118,1.89254162433231,0.887586476638178,0.163346969520247,0.127816115293852,0.146895036927313,0.127185099074391,0.246134870641736,0.00276267080485689,0.0134041197074797
146,146,unmatched,0.535597432115088,0.505840790028947,0.849383016295053,0.401870142352355,4.45170430873821,0.0,0.0,0.0309512998706041,0.0,0.0,0.0142202574285844,0.0194643496687852,0.703876705110648,1.01033376488608,1.56918725542986,0.741091104781476,1.78688127211835,4.91282830072054,1.79008621714726,1.87655647908385,1.2993629121154,0.0,3.29125441672611,1.04455509097938,0.0197889896361103,2.01716238183106,0.213980896200026,1.26562023797487,1.59794949724457,0.244702584528538,0.182380210173641,0.0,0.290378318477246,0.774765435239782,0.550176946272965,,0.974450018090879,0.768115810677815,0.0755495208132807,0.948212299600684,0.581839600004764,0.404828608956101,4.42728065219947,2.02061015224537,0.192518075780202,0.287289465956725,1.59535605661906,1.0710683632355,0.769646683584353,0.194524693937744,0.191482431687401,0.116059791610285,0.0311920989833817,0.12502810627594
LC4,147,exact,1.41037956411054,1.45975723984577,1.01269520462201,0.415849339213553,1.1294231689791,0.0,0.103724489328517,0.0469298727812883,0.0,0.0,0.0,0.0,1.48458138036047,1.41063788458296,0.957162232096198,0.832849616271394,4.14449848579408,3.07085269022376,3.78012333072544,2.75683336473475,1.7570309213615,0.0,5.35280274927047,0.917425025707163,0.0,1.36037670638733,0.120499479609509,0.298473766789954,1.06591819764221,0.199526958316769,0.523552811889681,0.0,0.151152975659426,0.297117168869039,0.367851595263141,,2.46158825194664,0.410382758039215,0.127187564214781,0.0334920756731908,0.0,0.0298110434909705,0.400064206289001,2.7685832525909,1.0760555268819,0.265770839533499,0.936344629721566,0.929341126480214,0.568713233175585,0.43316291158164,0.44749870066824,0.0,0.0,0.159030556152408
LPLC1,148,exact,1.17308571427279,1.66842926428406,0.788323942970724,0.54913812372511,1.25225778005603,0.0,0.0,0.0,0.0,0.209969783527641,0.00801622920992861,0.0,1.38020147293388,1.29095440982154,1.25152337247773,0.626871499427158,2.21748104125075,3.95151758221952,2.47084479665338,2.3504912698451,1.50124711152204,0.0,3.60933349607578,1.1887524511863,0.0,2.00368360257631,0.193921342829579,0.0855900033393841,0.290158856520296,0.268077534930668,0.420698110627126,0.00986909849062152,0.16507342093023,0.568243943786213,0.0251667327418577,,1.56961812702613,0.69252225562255,0.0869071860398317,0.0548787924305494,0.223497310194827,0.0,1.60262966260039,2.2046993118365,0.468344358668283,0.252835537218655,1.27470660519471,1.21862543943258,0.412868970849075,2.05721548790531,0.834304369060564,0.105482908783447,0.0434605892708241,0.0
149,149,unmatched,1.69978094324155,1.71270135775746,0.974303600253587,0.670542191437266,1.19580975100319,0.0,0.0377514423665267,0.0159127285004475,0.0,0.0526345378716541,0.0369960439587632,0.0,1.0886610653287,0.864976269835805,1.78026770483839,0.693502011066525,1.53393641037082,3.22686005297869,2.31476897153566,2.28531367632181,1.25813533056762,0.0,3.63960197105902,1.18585694606811,0.784060406652835,1.69741207566259,0.164332534463938,0.978364539434259,1.74126009296213,0.452929619870093,0.569470381601912,0.0,0.204702312146023,0.745822500309586,0.0982702832040296,,1.28101650035411,0.58604682105746,0.175827298783522,0.114314352916802,0.0614527294901056,0.233720654291236,2.68164957609796,2.19977746943324,0.512354817335376,0.578558654650012,1.27154860083823,0.945964204259807,0.240157595639641,1.11082902625686,0.311803508583937,0.320133150391074,0.127170265396956,0.16755158245009
LPLC2,150,exact,1.71980061941894,1.89651256869198,1.07191341203486,0.430010333420979,1.3111965371242,0.0,0.0823135235102103,0.0682839843534919,0.0,0.0293499184583846,0.0,0.0,1.23490316014807,1.3945141653247,2.13680976187457,0.866519132153039,1.89199146584396,2.85496191336745,2.06022681296649,2.28742164144857,1.59502085483039,0.0,3.33879900728093,1.18520384742152,0.0301803772317753,1.71383168812065,0.161645641803846,0.70825017457575,1.38501592264931,0.37278709963426,0.404811554177246,0.0,0.209656282382425,0.501777800902002,0.279023607118073,,1.31317664799126,0.694910226705176,0.0821723739266962,0.252304320031512,0.239577789971164,0.556658242429969,1.298749323466,2.19264781949655,0.512203531922633,0.382573711472564,1.18779900140177,1.08456023260196,1.00809912118884,0.395081067398939,0.125515324410577,0.209741440026501,0.327928295080627,0.0619097483675675
Pm3*,151,fuzzy,0.871848711161752,0.277806112611961,4.29056897628675,1.60096677887489,1.63441384460474,0.0,0.0643656522448981,0.0632034009171783,0.0,0.221940822165723,0.0649122316428815,0.00813494096315511,0.241107768761088,0.440643120765299,0.582090442264673,0.546215245398792,1.81244218639645,3.76994499240581,0.602421045792152,1.40969023673399,1.00665036478092,0.0,3.27458016549296,1.04349918021683,0.0603138803933892,1.41597852496804,0.297754736357829,0.767573837875389,1.42224031638342,0.262047619241027,0.171447057433582,0.0,0.326027581186087,1.66428022627928,1.31966324759498,,1.26380291422908,0.582854033418184,0.0311750640901681,0.552666068071025,0.0828125199042507,0.00732896096418693,1.33595667408602,1.4875221051636,0.105866275745266,0.872471469976774,0.762090074142451,1.55869491745256,0.651463673891935,0.978526426100315,0.100650684768361,0.272822916035402,0.0,0.218684165787735
Pm4,152,exact,0.418959643955113,0.240545027727792,4.4894370261591,2.08865835950077,1.10076282371819,0.0,0.0,0.0511452415677209,0.0,0.472433484049568,0.0404359022672037,0.00383451343646683,1.12496302930468,0.984685315522278,1.27155864176273,0.448466900522127,1.55314477412985,1.14919082845223,2.42327504432288,2.13517760881288,1.07131059840958,0.0,3.54101167039111,1.42323956362521,0.0290591194302932,1.56775381879922,0.214624225796158,0.294745135342271,0.538153673641342,0.0783776609192586,0.421682148160984,0.0117169593556219,0.206117356123454,0.212189684307173,0.047262079092362,,1.06150930735535,0.776554679567666,1.39136271896413,0.74312098528111,0.949646665786132,1.53948387434681,1.21066285846145,1.63517127814894,1.13146606363069,1.07412071190262,1.72905095084514,1.77717250651403,1.88611523494102,1.3116785977298,0.626000950722994,0.190009995402741,0.002710504750526,0.150294646335407
153,153,unmatched,0.566907167588993,0.408252553762843,4.19193889791763,1.86464485857615,1.76247568712036,0.0,0.0213879872577214,0.0,0.0,0.0204368177927202,0.0259559329831477,0.0,1.08876056256093,0.918205465092444,1.91453769650664,0.768518885767506,1.53972020600608,2.41731004007212,1.59428424248585,1.92861037227746,1.14968139073376,0.0,3.02742527829506,1.20881058256054,0.0355115058077222,1.38488584881954,0.0972900473955553,0.445640339290852,0.844162083454029,0.928622101708707,0.164012442747255,0.0,0.215659991185048,0.460471749548698,0.391531867792653,,1.55096073976791,0.523968042109263,0.304431966497635,0.0996405844277818,0.296905080840924,0.146641263228912,1.72923799141988,1.94022782344095,0.12049287943556,0.449757296969073,1.22618135764903,0.928828487970718,0.304898667512757,1.26860840881472,0.18241022005842,0.232277266978342,0.0,0.0364704169126295
154,154,unmatched,0.762125953878176,0.356735698303023,4.85801355091391,2.09083019038906,1.09228194140746,0.0,0.0704288271033835,0.0221813338559358,0.0,0.348825966408412,0.0725418011209773,0.0,1.18288842674312,0.949881487522956,1.30601488507497,0.676641171142482,1.45758574726339,3.37132298268635,1.84163058658334,1.68881318419123,1.3478217356107,0.0,2.64348223540355,1.15426310078066,0.0081607258254611,1.47429666763618,0.0952399848169481,0.0455828482508565,0.171370850743721,0.567125466998235,0.0956690877529298,0.0655882731511689,0.163904786440575,0.40563807377105,0.448117659624518,,0.903342124508462,0.508169282920222,0.185570587053878,0.0866512603208171,0.183406666954358,0.0535855864149453,3.97480339334273,2.1103433887762,0.438628417867071,0.189805283580366,1.36331479436558,1.09140489165789,0.944818141007068,1.29488366891122,0.693644725504982,0.0135868701704776,0.0309082904663717,0.115785086923776
155,155,unmatched,0.251440084316817,0.281899249681659,4.39631431248767,2.12597630255451,1.23079991937682,0.0,0.00737162033669549,0.0747536617823535,0.0,0.00693671665591443,0.0,0.0787095317285278,1.39124954643338,1.34817495845556,2.43966948372153,0.71509729849039,1.6196438018087,2.34393722676508,2.86498449827451,2.35636619709853,1.5954884261403,0.0,3.47530193907495,1.02999460188867,0.0133977526714045,1.77757551193805,0.0980044297657415,0.0810339698164758,0.403416982160207,0.621236256522353,0.458492418130327,0.0,0.213164540049012,1.43959267500898,0.170571307098871,,1.18268992205401,0.609644288754067,0.0201585184714897,0.0562532022576037,0.972687121797589,0.102353355995124,2.53616186195851,1.77607601572757,0.501068622627084,0.368982680199203,1.2192469492541,0.948739901218141,1.30002971309809,0.826423419154996,0.851280969683526,0.0868616618900398,0.0,0.0
156,156,unmatched,0.945866378971128,0.342264859525672,3.99587431526025,1.7599723972311,1.50967370466826,0.0,0.319760510061931,0.132339523140998,0.0,0.0,0.0,0.0,0.599991161784882,0.508483356782957,0.992843137292996,0.658208076311647,1.65197341636909,3.12727781318118,1.5210660466507,2.20295384450017,1.24485440021973,0.0,2.89930448202751,1.28944438422872,0.142303622852965,1.71414342526441,0.0255582103730995,1.71386870443544,1.82923900555666,0.33345203256024,0.212668338952752,0.0,0.324338302707509,0.598083447324451,0.0258008919704358,,1.39459174369623,0.629875532753929,0.0982716015755728,0.546797408546913,0.217270727453965,0.041562696642976,4.42409963646421,1.72917021462618,0.0,0.316605884689234,0.771585728724279,0.552524264420359,0.969243670372812,0.198973039908417,0.161010876438998,0.378662459935939,0.0,0.0310975166486715
157,157,unmatched,0.567333899171305,0.181838260145618,4.4437149195702,1.82659578034076,1.33348591845004,0.0,0.0,0.038865498545805,0.0,0.51721912892724,0.0,0.0,0.958623616714887,1.24406538890372,0.560727813156568,0.646918340176325,1.59940850997765,3.39361639171108,2.37093138021177,2.10761921916492,1.64053867182639,0.0,3.00341550736492,1.32660350289121,0.04857129506861,1.40938506071455,0.133771938869327,0.168516649857079,0.562154052247817,0.465129159832385,0.346500443069761,0.010179862733733,0.316385842441036,0.568462884961831,1.05971426330312,,1.27297205450304,0.725160482821677,0.0093258159802276,0.495206226916163,0.394197599072091,0.346714657882672,0.482311340091047,2.18768692000801,0.0,1.08056273672709,2.06605850258911,1.09831807726289,1.53628221277648,0.389843550965073,0.418964435880236,2.26309852847544,0.0694681779517595,0.723586941282987
158,158,unmatched,0.353307434001382,0.243310159291825,4.42043198757652,1.77806266493993,1.1895351720946,0.0,0.0170403676153423,0.0185575702243461,0.0,0.0,0.0,0.0,0.58296980405163,0.825692363777128,0.279729582989842,0.485076582092776,1.48668321032881,0.663264905156402,1.68747941138787,1.94378303238187,1.16451912630198,0.0,3.30703964843117,1.06410843414415,0.0334060420047063,2.02489533130791,0.261654741953913,0.952708704459747,1.34178773189663,0.263857019517102,0.203690011626902,0.0181489232261216,0.211555474989884,1.45397677466911,0.0465612598218225,,1.08637185641935,0.672001069314851,0.0581449623041176,0.206175907118609,0.756714764590854,0.0395102933693711,0.666795485902207,1.66385715346068,0.215679992689444,0.832669744759738,0.973817480692612,0.883549237494543,0.558338636753437,1.0408804994072,0.533291290287879,0.141908955061391,0.0,0.250832752063017
159,159,unmatched,0.34194873392363,0.262227043596543,4.56303425558635,1.90671289958651,1.45287292640455,0.0132834066659291,0.0056721327791074,0.0376517113601624,0.0,0.0857335647766708,0.0215673666244745,0.0126076154326822,0.961417433389584,0.778870837903242,0.590098506433656,0.542799689808571,2.01574778909285,3.17877685549484,1.73290000619194,2.10927088411936,1.21589526559801,0.0,3.01116824964514,1.1189325646705,0.0316837826313468,1.65583363899035,0.189199461499841,1.43606079168038,1.53716394819374,0.299270926369277,0.396217943022234,0.00392801252945299,0.243675285297216,1.54552915452349,0.673923727342439,,1.21888866024743,0.691135332218901,0.35282106423947,0.626336803754177,0.50056612889835,0.114075120510002,1.55105868666733,1.64876639912967,0.237252438466519,0.25547640652228,1.08928139821077,0.950211631787522,1.16411747212752,0.355813381955436,0.442095439323613,0.164376169890174,0.0,0.0524475333618838
160,160,unmatched,0.485640216607596,0.17327944845592,4.68218396408779,1.88908816139798,1.2610162877053,0.0,0.0,0.0,0.0,0.0,0.0462600054568709,0.0,0.909363757696382,0.927357722404679,1.35336357246976,0.431671555107574,0.871576684999039,3.0504346299796,1.45932970169441,2.19470319520584,1.04129629385979,0.0,2.71119718003924,1.43073504237802,0.0324914155766363,1.83739985011466,0.125553382413604,0.322649269448358,0.603396020182332,0.173652216759352,0.194763740985348,0.0849021118150743,0.261034086524761,1.63048200122501,0.672445844003075,,1.15552720795712,0.63769469586816,0.0195419478749723,0.927655530197639,0.140641404948845,0.366280104485166,0.676653956941235,1.96245553143534,0.542901716989072,0.878229224669581,1.53020724702429,0.603833785227456,0.791980412783371,1.13690465789221,0.408155966821784,1.34250952685909,0.0,0.0
161,161,unmatched,0.477270663197312,0.385131642958127,4.61381883333075,2.04283231817316,1.81300542621945,0.0,0.0118149101563107,0.0139955008387884,0.0,0.0144314310457497,0.0,0.0,0.490407948581804,0.481359234261676,1.20772204611377,0.612068769029648,1.20855643761727,2.68344584419734,1.96070210378136,2.2020844695566,1.06463269889664,0.0,3.30842589302071,1.31897839859757,0.0582070595826481,2.09874028026698,0.342810557748686,0.260466398523439,0.584900443776103,0.338688967984696,0.167240617032126,0.0706386260625496,0.363458234923926,0.624296224700059,0.657459146983896,,1.27801144589948,0.717502031184609,0.169574236238254,0.127822860937877,0.139214772148151,0.174171010339623,1.2365568468223,1.88619450262334,0.198897136845175,0.514804030599906,1.53445923225962,0.755354511940333,0.658838611965434,1.38085608071417,0.455712237353035,0.254902361680892,0.0220737587636054,0.040884715172647
162,162,unmatched,0.428689299382266,0.226119684698525,4.90453583225813,2.15228315437851,1.22435119330205,0.0,0.0618562582304237,0.00637133129039144,0.0,0.0249692134256248,0.0105243181905911,0.0,1.26123845060827,1.56496759160298,1.12408818346319,0.696094047880174,1.16739624902153,0.948161910071867,2.56320469347378,2.12745846616661,1.43902761436487,0.0,2.78353116871069,1.20462853656722,0.00941332261674619,1.47396327230111,0.330949227199814,0.243079098920772,0.593466796180935,0.403096977989397,0.441469852763131,0.0,0.199692516747465,0.819309250296722,0.506746628341113,,0.899048313352971,0.610190228964784,0.0302425456910109,0.593094964261413,0.104572113865733,0.00296164445467938,2.10308805412516,1.8337401870144,0.511280587889008,0.560698926047869,1.55236046611458,0.833265046584434,0.97751442278505,0.067025589103474,0.0231564336846889,1.8927748715014,0.0110034747487586,0.081242588130359
Pm1,163,exact,0.33305226893856,0.190889381528918,4.68160212839882,2.06005440599325,1.202194589642,0.0,0.0889904844087562,0.0374181914937526,0.0,0.0186219572217689,0.0,0.0,1.350202011221,1.10466245968632,2.69135897959133,0.542843273340448,1.36297478736983,2.78258125050041,1.67139049056321,2.21823940465784,1.2534556027971,0.0140063804767001,2.40280673504917,1.20567871201408,0.0,1.78942409181674,0.132435419777076,0.551618373331379,0.848245599135401,0.267277407643492,0.215108703092807,0.0,0.252053462632377,0.352461910191319,0.0258218670682918,,1.32317317459291,0.518443682346475,0.0396902689459455,0.277369178721311,0.239821484092105,0.0568999837489254,2.57890778177077,1.99542551138835,0.722778831164525,0.246652371100932,2.18427921070647,1.48969463365134,0.856423734777025,1.11065724355692,0.990699538198713,0.129317046571338,0.00722763744900781,0.052653177614125
Mi4,164,exact,0.515298566301067,0.300140767648027,4.50464673328954,1.84370168440223,1.55646088801199,0.0,0.0589214864310358,0.0530616344718272,0.0,0.416681121226979,0.0152369047113936,0.0116934753458075,0.684201767975386,0.739230156441767,1.82342497823947,0.601821178165948,2.04222049332168,3.20247926969189,0.614736533368789,1.64239179736206,1.05118602729402,0.0,3.30730741792596,1.58488800418486,0.214763177967878,1.42073389788086,0.229354521170633,0.735879652539731,1.79949443181707,0.195179199193614,0.211133781720761,0.0,0.30541933733855,0.868517835708918,0.637028169180428,,0.41079684392745,0.576719102923722,0.449696129432851,0.399967187630039,0.0515484977141147,0.0417486570824952,0.884668699660063,1.86670618213003,0.922746955661213,0.329973675871686,1.60163349892503,0.969858802640128,0.231093784777892,0.985515765350021,1.13844908421435,0.435280659499442,0.00499713538688672,0.251086547211843
C3,165,exact,0.52579015611934,0.349405440293214,3.98583184455123,1.7421017199468,1.58079447562043,0.0,0.0849110511479669,0.0769935264527587,0.00543336288099451,0.0317523397477941,0.0204422278285731,0.0,0.187292588075874,0.304141262220752,1.8953283265296,0.561004164523582,1.10274822344238,1.19447307048874,1.74494491895087,1.45522717709663,1.05029648237948,0.0,3.08137960961842,1.7101776256781,0.0306298766880605,1.1152268671546,0.188956892873782,1.33326432238208,2.69134922802217,0.242581335565599,0.269366721120651,0.00243640823082814,0.309936761651137,0.272501143822933,0.0265289395768988,,1.82390356003188,0.61798408362647,0.0455546637175905,0.0801369807869732,0.065890847203125,0.212247422308086,0.786516347725641,1.91294032402293,0.0737740518052262,3.06873602540997,1.55618285823283,0.475084790113356,0.213602323701721,0.911436378005899,0.234205409674933,1.4740914436786,0.00781381381220065,0.0356928271969362
166,166,unmatched,0.359915880818453,0.0812245192978471,4.79248361511723,1.93341492305966,1.51741462964595,0.0,0.0,0.0340753113738506,0.0,0.0,0.0,0.0,0.896203671841757,1.2237905169204,0.46600174680081,0.833201572091814,0.226692447438587,0.590005633319044,2.65701148643223,2.11907663278259,1.23462858326643,0.0,3.45367869440618,1.20516484052002,0.0,1.68568818515736,0.0197363401339151,0.982677947948567,1.84404257820795,1.16436962262632,0.327443492647573,0.0,0.459399096393453,0.173879371812755,0.327119524701704,,1.19826412483661,0.635544111612766,0.331492506627278,0.780308334430366,0.0,0.655296430207634,0.387414626756778,1.82103839403097,0.0544737648599988,1.90865811226028,1.35117160041329,1.49596495571664,0.388902899697783,1.58233515219167,0.360018644974051,0.178969318078802,0.0,0.0222326234850482
167,167,unmatched,0.620261537668235,0.321216825740614,4.27623295276582,1.86879288541536,1.72239337545277,0.0,0.137149980404251,0.100895942279128,0.0,0.102589689348409,0.0352917189505464,0.0,0.671178752429758,0.597704330620845,1.21806111982542,0.626636426937187,1.73515919765934,3.2172992769282,1.56548282993897,2.14470847487152,1.10812889136388,0.0,3.03395858636536,1.48527831702383,0.164225333176833,1.68257672104771,0.236301917411901,0.829216623264119,1.59903767118432,0.390607878952101,0.26654622855648,0.0281634186245127,0.253169236809017,0.773554067507462,0.101624053448768,,1.18889923025928,0.40124325608604,0.102441202300566,0.64256427032821,0.120313763716411,0.206025406657133,1.42084657885141,1.99236242047527,0.141233093950107,0.369525874104602,1.20756321384735,0.800257645400631,1.27105192992197,1.05576629954649,0.488169362947564,0.786399153225538,0.0134404844662582,0.0
168,168,unmatched,0.550337027129181,0.261761654301167,3.98134573798853,1.88212159661818,1.41338522651794,0.0,0.0788093469642797,0.0318224580025193,0.0,0.0568174573496805,0.0,0.0,0.733338776757197,0.517669546069802,0.844998300769181,0.802923562412149,1.87229253935076,3.00954714031831,1.45458134476853,1.92886124177306,1.12112561132417,0.0,3.1476186891053,1.38945109799223,0.0431931845746037,1.94282013822764,0.309386186042262,0.483824175716313,0.309695943600054,0.251556043973491,0.428859010844887,0.0287424008269356,0.252204137812129,0.661470586860927,0.0,,1.35123342505078,0.666704756452228,0.018453363713935,0.798800262327721,0.0715652478065033,0.722850452354749,0.967207892910652,2.08281824806706,0.0765342713289647,0.451486063818408,1.5421571634911,1.08916249469294,0.0845762221611,0.688697869052491,0.364927986795704,0.360490902331318,0.13623567864167,0.216519435462874
170,170,unmatched,1.33427058953694,0.625710123921261,4.02948161821918,1.74856535682331,1.92917531886933,0.0,0.064041438963694,0.0187690243967806,0.0,0.265298008560741,0.0235808583402161,0.0383491330312306,0.718278538270011,0.656592766469133,1.01172724783696,0.718780030764897,1.51891956520125,2.95654896913342,1.8166443535449,2.00287640576404,1.17510524209876,0.0,2.99814921356891,1.14959965192938,0.0954706746485315,1.4166856983255,0.147292982983065,1.28694444601165,1.64833255766305,0.496840657690147,0.342821659753423,0.0,0.275320185533875,0.605822356592987,0.128857194998929,,1.33731400349088,0.702608678125707,0.0908949302163597,0.449515403290213,0.315821817405874,0.234022905237379,3.2525365561058,2.01632891945212,0.365933727560074,0.785938731052023,1.16143735180628,1.32171610308141,0.834759947737835,1.43461858654866,0.376849910407126,0.508317272710771,0.0760468077590834,0.103248014619754
171,171,unmatched,0.744729976916558,0.33595809701346,4.3724022849522,1.85068498809364,1.14829632497201,0.0,0.149846231604892,0.0260018288818261,0.0,0.0519246571530599,0.0,0.0,0.703119843548925,0.638299926089846,0.937100807348198,0.598472609361037,1.47953449060652,3.49212172320367,1.24975631373203,2.05380926373569,1.06348997200059,0.0,2.55325442013636,1.36572303449959,0.0,1.76885275166813,0.143155449848702,1.159421050066,2.1439754322748,0.376663242304912,0.18978117273373,0.0,0.192430068458254,0.654444489552387,0.0208963451081018,,0.993341500167996,0.498283037844957,0.0110319774290597,0.256562573553976,0.0598236837237615,0.0222300533706835,3.39520114742088,1.85714202913626,0.0337516820884689,0.389590914760249,1.76804307680767,1.1575899503267,0.482952815892366,1.8521917481865,0.395306339181657,0.885022350252449,0.0,0.507846415154536
172,172,unmatched,0.560401563467902,0.346231469964162,3.98826843877712,1.73131900083474,1.91764015931995,0.0,0.0767276979092155,0.0258487127810287,0.0,0.190678410928893,0.0162885967646286,0.0,0.509018770056143,0.838243846278366,1.49821725640057,0.749794711454788,1.38189956877664,2.67823082328526,1.65232349796174,1.91232324142476,1.33708989742032,0.0,3.33644404535075,1.30547989715363,0.104966926861049,1.52656896369593,0.170888248565927,0.388954889186947,0.579742872788377,0.288180724201412,0.284940162423486,0.0,0.211497645374546,0.522469970264949,0.150110351549648,,1.26257817076737,0.545841462636028,0.26267865519225,0.436904017422844,0.577503989053562,0.429859013133206,2.93090598765311,2.49266618553732,0.280489061641296,0.492296980504628,0.984729238632785,1.05349199787467,0.987855720176837,1.25898691877891,0.340052433257451,0.344747656122663,0.168977543326211,0.128183858829548
173,173,unmatched,0.535058062864261,0.470978403743716,4.03776636609732,1.96577229439461,1.61077419775688,0.0,0.0354017636086561,0.0927782686660451,0.0102774137536001,0.084712574728217,0.0,0.0,0.774139697135105,0.724659089011541,1.22319186421134,0.432225080500029,1.69184324133458,3.37598347765567,2.28950096207491,1.91948158811091,1.04632029920046,0.0,3.13297292588737,1.29367576439239,0.0,1.59471467735459,0.137834777517564,1.18286099835974,1.53919308606157,0.337996470874916,0.202463764952219,0.0,0.262869324530965,0.610808583554329,0.0678849649768953,,1.2121191624468,0.597933743578711,0.0459446698679642,0.649018851226875,0.0333959257789306,0.577407616440193,0.858515987536228,2.15469512187078,0.075582543262693,0.777774292590834,1.2761255893952,0.697000680673383,0.801587069767934,0.601298111449409,0.190988701156391,0.223711526131322,0.0110146373155158,0.034373301529256
174,174,unmatched,0.652066946562803,0.354767846101126,4.38270132698119,1.85653707465855,1.39756588149642,0.0,0.132266651769684,0.0312823962356253,0.0,0.100333568072231,0.0277606662900912,0.0139168694769833,0.469451234753314,0.412360832661954,1.19147320213165,0.651400228407975,1.64562684324322,1.10693802981488,2.25512290381946,2.05082358168735,1.0617301310399,0.0,3.0189049585681,1.42409745360798,0.0510741149549728,1.98247623417865,0.246024070937924,0.9316664441438,1.92160393333393,0.6398790819326,0.237505110168425,0.0,0.309229977168884,0.889284221608826,0.054165593028649,,1.04990896498782,0.60383777211603,0.113187695108651,0.692890151127376,0.068261977750365,0.613345011309156,0.821551595666839,2.1366573164369,0.0911016658759162,0.52135609820552,1.31029877554047,1.0812988371703,1.44980780025077,2.21997948839426,0.501507328542295,0.213505759936785,0.101824622660528,0.11402391746216
Pm2,175,class,0.564299655263689,0.334958544205916,4.36316865875274,1.78923529616166,1.13567019844883,0.0,0.0166108693408502,0.0235312726295328,0.0,0.0219652165571351,0.0,0.0150561718692975,1.18717005009045,1.12494797009103,0.30023987493113,0.734036799790474,1.50577507494288,0.966490331173949,3.33733525844593,2.12776878716655,1.46113261485755,0.0,2.21500913823318,1.18341198495525,0.0247026926503719,2.31795182618927,0.199163908550164,0.107795390512721,1.05767731916376,0.267038071625376,0.902572113659087,0.00399285012685532,0.219932402053736,1.21705163743898,1.07565045112645,,1.09303019648096,0.606853302935958,0.0466729838084967,0.0444639924402288,0.0380072309090891,0.0219606610090145,0.754418205449672,1.97803662402217,0.63380537759866,0.859003627522331,1.69905749519852,0.341825554168834,0.208165925944084,1.65539145161151,0.38742978089505,0.13997940130072,0.0334226667409,0.0263353210770321
176,176,unmatched,0.4583976534491,0.262986942168479,4.4957166178356,1.77508834004357,1.17978128436271,0.0,0.0320211784343679,0.0142166588389968,0.0,0.0338652687135822,0.0,0.0,0.741157021293976,0.906714755016079,0.268438559401727,0.611406401410588,1.67767438287418,3.09519910043778,2.03110209221143,1.92062791827442,1.30064075527362,0.0,2.12450359931863,1.11266028532589,0.0802616080015646,2.12690483616157,0.115361397038294,0.616531794039772,1.36663800637831,0.452626416342893,0.370602727408828,0.0173067704093942,0.308752399911589,1.66010665058305,0.0759301852695606,,1.03751620322416,0.463727786479052,0.0539204329809665,0.909593713706681,0.135539365480067,0.570472834442416,0.688016326092866,1.91261705972907,0.698111342967105,1.57562584070428,1.68322775742461,0.635275739207189,0.805897460079849,1.37455050683864,0.341088819685559,0.20361624235333,0.00533165121313046,0.245224951623728
177,177,unmatched,0.528989482858349,0.28005010084575,4.20382451850928,1.91644463607501,0.976043562999269,0.0,0.0,0.00862520441180699,0.0,0.0,0.00916689127820552,0.0,0.926950114208258,0.828210288254832,0.708081109249435,0.537064430687209,1.34726644573856,2.82656854912747,1.8328844807437,2.12804376951815,1.09827218508575,0.0,3.00227824338941,1.21413893722699,0.0,1.68621893648922,0.206930668626667,1.28638538829857,1.77595744570592,0.362721472342362,0.339495689263932,0.0174731870729557,0.24492545866076,0.589081220490518,0.0639305816179739,,1.1698247622771,0.657862476953506,0.0470169568654267,0.31707633780815,0.037418922264408,0.396176201760245,1.53942088939724,1.59359542066673,0.146634696521721,1.15177009335069,1.03479477766901,0.621279924277258,0.711882616594577,1.44936208386811,0.542946578671797,0.0349114841502716,0.0,0.0350495095291361
178,178,unmatched,0.438146649818642,0.418210392754114,4.4707346258108,1.97334077121721,1.59977605355376,0.0,0.0502089025822014,0.038744415342952,0.0,0.0619876922962701,0.0,0.0,0.771671574761275,0.710804807402954,1.25697103788764,0.465128866281204,1.2646709564504,2.22810936311264,1.90533659968792,2.24254369520354,1.20475124547043,0.0,2.98272271637305,1.1998080002502,0.0205002505338904,1.42022418243567,0.160881501416558,1.00329490293317,1.60496298589299,0.381221795650676,0.559883689371058,0.0974062270712528,0.546232477760593,0.478980000091134,0.178050499026981,,1.12384932603454,0.59121377424208,0.0124353109332326,0.0,0.584971596987113,0.143249043899795,1.41343276779155,1.84801524929435,0.184821949872696,0.44057214101985,1.08290766525407,0.204188697443092,0.707543259076076,2.67737891588,0.661418406906274,0.143683291033486,0.0,0.0
179,179,unmatched,0.976295603237977,0.509827361268261,3.68906478597863,1.45720137775179,1.28437145738102,0.0,0.0199051212597527,0.0196946062927375,0.0,0.0547484393254619,0.0,0.0162294855623574,1.11603209882008,1.5979212399215,0.977582353893956,0.577738159231203,2.70266137724233,1.04891811627188,2.05379114752383,2.30805791721287,1.70624525589799,0.0,3.11781345304125,1.48288314154065,0.0120177576517658,1.68774556917298,0.191362082682755,0.0786573714721904,0.309701327555042,0.328412259561679,0.575588262511825,0.0,0.284028756695833,1.19720205950234,0.795688728783483,,1.3619432983206,0.716109106533337,0.0137960077489854,0.0643941636000835,1.27504473105792,0.034294264026613,0.669868388500008,2.4489746430342,0.0577259077800875,1.3730846966602,1.45687491629712,0.336731930268545,1.25618058432809,0.375193625215862,0.127501431953042,0.212880180961339,0.0181658411432403,0.482436231551067
180,180,unmatched,0.849958208373438,0.415502921314544,3.65317283136359,1.40413529958153,1.25771848236451,0.0,0.0598916056730018,0.0026892493628413,0.0,0.00877848738058536,0.00585505076782912,0.0,1.02233713523213,1.5695196747246,1.00700834145508,0.655504588985961,2.6551310693529,1.07136480560812,3.07757216713401,2.18512234344368,1.61713975532884,0.0,3.19701935615297,1.3108286808547,0.0631590321203834,1.62552544980145,0.286551552964108,0.148009959872788,0.308528138658118,0.266004131987069,0.567335836701521,0.0,0.295215681222655,0.936390430560628,0.530854251844343,,1.63877656945491,0.594971029011073,0.0501796983132456,0.126013837411656,0.898552420333926,0.0196678090459558,0.821154529742321,2.17567256022026,0.071163821053735,1.68061462549801,1.75939895016372,0.644904739301156,1.13670590786881,0.246174740547731,0.102122059364103,0.8468463485081,0.0057968824471989,0.492067286607236
181,181,unmatched,0.578897325172875,0.433703263009748,4.61785613071036,1.79855867283804,1.77703662717009,0.0,0.0668158475171003,0.0,0.0,0.0,0.0,0.0,0.652504471799189,0.523258150624985,0.79166886991876,0.863760300845888,0.529887013582777,1.460445102516,3.12079328359354,1.54779299234288,1.20032549328089,0.0,3.7174145571862,1.19934852302593,0.0,2.32087897276852,0.264827852134417,1.87543089305511,2.13572428122617,0.467298040642774,0.174085380605529,0.0336140115792085,0.256480783532458,0.389563466119387,0.194596096885061,,0.981474502858641,0.499552365834465,0.0132975660710411,0.0247172053909069,0.0539391836578719,0.651207693908457,0.679603788691571,2.17734264492935,0.193987521414356,0.74230619270974,1.29181962091021,0.670589228367439,0.347109871334546,0.232368936309366,0.114162116690339,0.126667577037129,0.101308053320904,0.0874684786636736
C2,182,exact,0.481880427039384,0.346807329586548,3.01826332541428,1.54159597100103,1.57503373676462,0.0,0.0994557439105098,0.0203622200978123,0.00348292605510828,0.0333115321373555,0.0199291898841913,0.00590437415230012,0.394126873443624,0.498677848027793,1.00808003796309,0.88701739586558,1.00297661842541,1.33744656236331,3.14967912896527,1.44056958755313,0.909763501414797,0.0,2.97010288430727,1.60575014418305,0.0684999880263706,1.08293764399693,0.2515856579369,1.28624761232665,2.05134243056349,0.0861806341073896,0.175452125577269,0.00302156294702512,2.65384797069763,0.116290845062474,0.037425388237463,,1.15816927177209,0.596506905730816,0.29543841939114,0.0742622863144211,0.0579812667228747,0.087049498951347,0.928082977401813,1.61002389832199,0.0496863511017884,2.81031051170273,0.800748508398463,0.369050406608722,1.06273365883349,1.60626026697006,0.251579551340692,0.234241849328241,0.0204397104686893,0.0259610911583262
183,183,unmatched,0.612868473689754,0.390670676092981,3.69573299469272,1.52065045934382,1.7176720811424,0.0,0.0210569558945277,0.0,0.0,0.0602852891154157,0.0319941295962728,0.0178631680365496,0.786149928746454,0.640409897079084,1.42874099335534,0.529817150137619,1.91384620985782,3.24774922823867,1.0168364247902,1.81160181238276,1.05670674890156,0.0,3.34332523255125,1.37915310498307,0.136937800376338,1.23463706442784,0.379371302044198,0.956292092832713,1.53143807471003,0.244433012301776,0.26330180508396,0.0,0.264838267862847,0.62527417612406,0.853119502400352,,1.12087784254087,0.688127053270627,0.017880224314428,0.10704097572579,0.245508739611407,0.0730465402035382,1.90740735256909,1.87662490134654,0.258087921090034,0.438703125266482,1.20959041462239,1.05204762016253,0.853539168907093,0.815517895214556,0.42329471596837,0.802539883268243,0.348235893149268,0.0134787462215711
184,184,unmatched,2.66031899769243,1.59490423747871,4.04945871175153,1.66564111024222,1.69574722203956,0.0,0.0991068888449122,0.0756380172114296,0.0,0.076979300094524,0.0701511720042504,0.0,0.969142693500132,0.79232797405359,0.490017761699316,0.629743428262102,1.78291668654003,3.6077496241284,1.36557016241599,2.08935640404408,1.25359417145218,0.0,3.20759046164121,1.42956704684218,0.360076800253139,1.75000679654797,0.273313087463173,1.0608197900394,1.99086322263891,0.560381492130041,0.469512221069281,0.0,0.290481788711102,0.478643610684278,0.36903927421177,,1.39478906169369,0.453475125610885,0.0887357278189433,0.29213052786409,0.451765747745969,0.106478976623363,2.17935594727859,1.79340648294764,0.0533282085551562,1.58148758999159,1.51634229926825,1.19427186206021,0.854363271665665,0.986011590938631,0.578719256838555,0.375794445649537,0.0459361467416698,0.0154473046511836
G01,185,unmatched,0.792662857056183,0.442806245044005,1.35160850055601,0.231561778105669,1.82562240352311,0.0,0.158057471653924,0.0657450503952259,0.0,0.0119678205386757,0.0336479809144118,0.0205332531392904,0.259316877899787,0.298055428708801,0.431110828753547,0.1547863460829,0.403349706678446,1.34688433382887,0.734380076327783,0.542183806673722,0.382559786557908,0.0,1.58724839301376,0.490361071199039,0.085345164689485,0.609069454653822,0.0602635175457749,0.185817792124913,0.454315806099451,0.0424557180415782,0.0648341485625938,0.0,0.437136891480991,0.0971638962570196,0.0679258436115792,,0.611875549488846,0.233199431461369,0.0887104282168549,0.107283571964209,0.575282078640377,0.00602902501973528,1.01439697141178,0.785869452178778,0.0797201007286233,0.312259092905392,0.784987262242966,0.343250275489557,0.260963928208178,0.353839136082795,0.0980868678143601,0.392566073942198,0.00790298039401558,0.0886745051005242
G/LQ1,186,unmatched,0.74881828643591,0.391187238975127,1.47492826172356,0.24090660279629,1.93185805004353,0.0,0.0979932105675024,0.0944852004140641,0.0,0.0180247125897856,0.0344599253707759,0.0,0.200635298866872,0.264519896379269,0.437403932641646,0.173720608032572,0.469379189707716,1.2764384633691,0.696640131209577,0.631094438975227,0.520738228717257,0.0,1.66635753726691,0.502236941222652,0.0655057683318207,0.764336282508972,0.157157851467759,0.191373797580742,0.235985641078617,0.0854302507209357,0.0732847251974988,0.0,0.402191247016435,0.139878659754342,0.0536875715345196,,0.507227823430522,0.263225613267747,0.0803169720313001,0.098341588850054,0.0845013348684799,0.0658048605041392,0.919037625236706,0.828972420960184,0.0715558354712435,0.537073144851995,0.647171776920347,0.270023760516312,0.261589961482708,0.270056136740427,0.0625583854775265,0.231685565201275,0.0147733319274173,0.0610998447213893
G02,187,unmatched,0.505018464057612,0.364660276832333,1.25154892875126,0.232817440773446,1.49693296784478,0.0,0.0525981758564703,0.0441354104342021,0.0,0.0159249821093651,0.0139914387464283,0.0261735899122619,0.209601843203163,0.24129794557346,0.389902331979749,0.136645603640899,0.324414233300761,1.16817719853415,0.566698103050966,0.515392732029615,0.392017443016004,0.0,1.39140260649025,0.400478804198802,0.0481490006309496,1.18816091618043,0.120989197595403,0.104885356327233,0.230045151715204,0.0339010110276963,0.0768879587448898,0.004032458647434,0.330544132629517,0.164871724748478,0.0689208495097493,,0.478423778985257,0.06674688209575,0.0524959008374808,0.0592219222539806,0.0777020592178617,0.0138740559602559,0.807224863274104,0.654084287765858,0.109412370852264,0.294547952368258,0.944819768675677,0.226410566634121,0.189147128839501,0.212747941208259,0.0756077286463453,0.182461290591831,0.0107063619828271,0.0990878049863146
G14ab,188,unmatched,1.2111940049042,0.775561829287372,2.03481796394216,0.435979602198845,2.51217209332834,0.0,0.149476271265873,0.0514712783995637,0.0,0.0279528162719575,0.0279104499781949,0.0,0.42530090606495,0.590743207731816,1.03035330924309,0.220473704832187,0.805310046549467,2.49404721947762,1.30861065555003,1.31390389089968,0.908003755243122,0.0,2.70764345064315,1.22530265276469,0.0963569611677614,2.4461757400493,0.280150963433002,0.482232554933062,0.837116586160262,0.129004194189136,0.165242837760494,0.0,0.870066786262629,0.156836233077629,0.0977904928871974,,0.996573328773735,0.512163668927862,0.0932421759795096,0.203408036801225,0.746189480248895,0.115622608472429,1.3885927854299,1.5416403630377,0.442193002500366,0.875927907856229,1.10972636474904,0.829890803018075,0.475051916861287,0.554255841623387,0.131805310443668,0.564523542399227,0.0,0.0631896946825933
G16/LQ,189,unmatched,1.01259809780609,0.764663972642661,1.71576760635279,0.36582673422065,2.43506467865531,0.0,1.07982388500647,0.175158837619812,0.0098877174512153,0.0743592661300343,0.0,0.0441908526854272,0.572459695346349,0.457868930540839,0.918567655186753,0.404484242522987,0.840431764559359,1.75762262379016,1.23550059139354,1.14743748090702,0.703786871769815,0.674103532394599,2.43323323894498,0.875665465578617,0.0885096762824499,1.15028717830139,0.132555539730962,0.24198850054516,0.78752649877958,0.151588665541373,0.216836373900799,0.0,0.909986324418079,0.256667810079315,0.0900749647589191,,1.01843028358373,0.393734266237155,0.0528619897116767,0.114802188765418,0.109223297197795,0.0848387347341999,1.58015483955119,1.49616772469977,0.126129919925121,0.535169532981326,1.34209169640296,0.502837973335304,0.61392974084535,0.588867465783073,0.238975883029744,0.703737996804245,0.0534500572341419,0.0408042710273818
G/LQ2,190,unmatched,1.09006132952911,0.635830254350471,2.13633290624128,0.419714878464557,2.50142915002453,0.0,0.208394401394655,0.0741184376249661,0.00644996660113538,0.0574952045678918,0.126975359995593,0.0208032222452347,0.424059337560153,0.511846341522202,0.810417487540897,0.419242357887169,0.783836731698086,1.92835265708778,1.01487150048773,0.942787097098667,0.695201601774616,0.00756468164337496,2.36216129140799,0.864873995537712,0.10395128623558,0.967969274574278,0.225309406152654,0.354919717513364,0.61053526151492,0.110533377464606,0.108588601459086,0.00577503850065551,0.658025383446566,0.231850397168533,0.0955057049797836,,0.875389491273803,0.312924205370326,0.12398234150036,0.161896472722163,0.217182086729744,0.0838072987879071,1.45958548783413,1.24969220852345,0.126379909480652,0.697556417490029,0.939756999117806,0.581234613463657,0.428960275497038,0.555500590327724,0.170680692820984,0.476681650182474,0.0267833081198979,0.0500840096222473
191,191,unmatched,1.30314454885965,1.21075593673287,1.7331979715822,0.532852756941084,2.36020565031732,0.0,0.487107143072117,0.103948854092523,0.0,0.063380122147566,0.0,0.0495089346800506,0.708145776724234,0.734778961989482,1.34442326921684,0.5904611376094,1.5746712497407,2.85071597822155,1.51930317799629,1.54860796936549,1.08059207091775,0.0,3.11273052635314,1.20086809757499,0.0855954151305903,1.45958036401188,0.531715588062041,0.534345315375609,1.19608591758616,0.17001129048249,0.268973094364834,0.0698644902552018,0.654639783960611,0.416833963529611,0.192433144933742,,1.52588003820362,0.505625086164621,0.154739795880028,0.214787958808557,0.302910589441542,0.143885537935856,1.77860826346817,2.09223478945364,0.289416549211792,0.874978246300459,1.32059909332902,1.14336056412707,1.04889888460978,0.837965815832085,0.143178081355545,1.25124672337041,0.013567900747089,0.0518971054024659
LQ,192,unmatched,1.40023276837334,0.855880065513392,2.77105312450158,0.668641384403858,2.9031228972821,0.00408736899373223,0.229559840974534,0.134601167868966,0.00949333278272699,0.0660193623618145,0.0669323559847324,0.0258438473413248,0.507318005303863,0.736425428078986,0.99585155686976,0.431405467488043,0.724204547789107,2.17245499763012,1.31907042201893,1.13512386782499,1.03521529944931,0.0,2.74177394936296,1.18218792033127,0.152509248428028,1.07810528037949,0.324831315481347,0.43328780819786,0.618154850784418,0.173845489803749,0.151833128966215,0.00697103143538886,0.972303066557588,0.346605371274836,0.159620364428864,,1.04659334080813,0.495739439910241,0.125486032225064,0.23700144892405,0.246104052428451,0.139413077607804,1.85713605346008,1.62792371376408,0.258659472573701,0.918520341457548,1.14275388062465,0.669977237885464,0.580118080089643,0.769115113385069,0.26617196741552,0.462766761852357,0.0333524246873086,0.0551323286952254
G/LQ3,196,unmatched,0.782919897564197,0.617522521971228,1.80588142225129,0.315654427047358,1.96769240120628,0.0,0.0715676227497315,0.279293347834746,0.0,0.0,0.0,0.0182651811627107,0.242164944572625,0.388673191298822,0.568808275044076,0.238229331393175,0.496051137939786,1.83973895215823,0.863519198452016,0.638023507437035,0.44935272955899,0.0,1.95499147461971,0.608627542672931,0.0443701003905109,0.779601625966009,0.266406883092299,0.238183973410735,0.431868050433645,0.049905411162555,0.0711781146732974,0.0,0.44440848915619,0.0947736511000372,0.0881858114215077,,0.516276908377563,0.257411683503339,0.0198596537968032,0.14098232096121,0.864906518894143,0.0862886614763223,1.13723632051062,1.088792221879,0.0815413763083827,0.448666617126556,1.07562250360515,0.383575886760937,0.291527211365563,0.381827815193544,0.137421427351511,0.294931721718466,0.0153879965602141,0.0501036054041654
G/LQ4,197,unmatched,1.02543336478424,0.752560410346551,2.01552418192339,0.422113886465005,2.40089560164974,0.0,0.0977036936647569,0.151067252535647,0.0,0.0354736606706071,0.0609449706198424,0.0,0.502425073378258,0.530544201567806,0.841469207171068,0.390605198852074,0.893532912825932,2.13581324278139,1.13684203471945,1.02323779460079,0.723949379172488,0.0,2.48970253890445,0.89639778772559,0.0846708664112263,1.08818303227884,0.224564832095482,0.392850228687077,0.781279132904935,0.101905015250948,0.0947943999118793,0.0,0.650875643252658,0.248025407610628,0.0934396134127044,,0.919051027388057,0.34542479855125,0.0857736328469648,0.195562672208188,0.681939627375056,0.0937410551300266,1.55246164013956,1.33292893642956,0.131711321059418,0.733693852877126,0.97749774003783,0.673852412372523,0.511834828133953,0.598914955387325,0.222177020662973,0.478086572061115,0.0129590214863702,0.101507497533309
G03,198,unmatched,0.528187838303573,0.501716249114689,1.39502522215417,0.239396235755005,1.76512753151058,0.0,0.0890231244767763,0.060660897361898,0.0,0.0,0.0353501111183686,0.0,0.321162889396913,0.249302275538479,0.339529855865126,0.153193322795963,0.446284275341545,1.46063841512835,0.619260836955651,0.640191132073449,0.336236895142652,0.0,1.73700077348591,0.563440100343341,0.0283266897517123,0.576770808130137,0.0092516755384808,0.180182705886532,0.317788047168695,0.0269688962132268,0.101510651052089,0.0,0.366189862735713,0.146996299190351,0.100035712821067,,0.512958975603899,0.152210227030628,0.00940368272860147,0.0157104044296348,1.96334397099916,0.0345414268473384,0.82873396173749,0.843545450201692,0.053954444966711,0.332303247256284,1.19645582509453,0.294888946204583,0.138936822641171,0.296082750325983,0.110994514342723,0.25752881229235,0.0,0.2315729533413
G04,199,unmatched,0.326641672132284,0.551572277877597,1.06266296603136,0.192164337031065,1.66618082257829,0.0,0.157794047935274,0.242066548826898,0.0,0.0802745933849839,0.0,0.0,0.119021538685895,0.321324947141418,0.600003232858379,0.169635594300345,0.340215204059971,1.33359733106766,0.490313367249658,0.34489252815604,0.353696665206005,0.0,1.56944427280172,0.386779095446687,0.0,0.482243646901221,0.0186330610329287,0.156302213320032,0.29880703115426,0.0615397036367995,0.0,0.0,0.254028033181019,0.174775009496047,0.0426882630522996,,0.472335394563677,0.0,0.089507535652819,0.0563641486555611,2.25744963730908,0.0,0.760364584288312,0.57921021682613,0.141523364699619,0.302385079008115,1.66238728564598,0.239463862365646,0.228456788183007,0.245684010036725,0.0311913205820673,0.140481678231606,0.0311913205820673,0.0
G05,200,unmatched,0.738218098659296,0.342100879882715,1.96900587336655,0.591577941077734,2.09213240491774,0.0,0.0188948673838458,0.134192352093583,0.0229378376297486,0.0536638744008289,0.0240165241512318,0.0,0.141280467166406,0.436786299650877,0.701956818230365,0.415851701248558,0.706008824002167,1.60703908731632,1.0087770110853,0.862770434460917,0.659321435290865,0.0,2.17685989382038,0.709214756047187,0.0,1.06736643117488,0.1643858120267,0.387494938167413,0.669920345255064,0.0506133682678205,0.0584797371068849,0.0,0.581884868958603,0.115208473698448,0.114146659321865,,0.77946709303938,0.256880141348194,0.129961197332719,0.10087768415514,0.604576775921051,0.113885365454583,1.4843384734775,1.17466448597512,0.126332261697614,0.645682573392182,0.971235154366168,0.527773417530931,0.937591873801818,0.550067762613325,0.104476152088261,0.421264668445214,0.00235959354598003,0.0373316959784571
G06,201,unmatched,0.636040805640365,0.519473886246893,1.3676771629585,0.148091827140326,1.68102667178116,0.0,0.063746287047562,0.0487839744787429,0.0712237726953649,0.116958987187426,0.0,0.0,0.141143482403327,0.291467578203277,0.191186598506173,0.17320452103959,0.399498796986662,1.33988683510398,0.408806248360597,0.704498217294504,0.262851120129772,0.0,1.58091939420074,0.308540943272609,0.0577390300295682,1.3124133041873,0.142274877672458,0.233654137631824,0.450763645774431,0.0385380338542734,0.222414515844546,0.0823557853044853,0.209606395282847,0.220345401579135,0.004926916839601,,0.469844526172672,0.190196219646059,0.100782641831122,0.0576491802595463,2.15032582869853,0.0,0.733328208300759,0.887851251512658,0.115645792191259,0.282817486231802,1.52731366137176,0.139624375686352,2.25173711813171,0.525733947722392,0.134639867319907,0.0727687535546245,0.0,0.0267066379766152
G07,202,unmatched,0.940082940367387,0.700919045417605,1.50534316690165,0.202314942397495,1.86248239536649,0.0,0.0266369893121165,0.0851267227621716,0.0,0.0692589299719255,0.0588314481922287,0.264084686848338,0.52623382126379,0.286632233849667,0.692954003875858,0.327261243016081,0.570165619435137,1.89550536370273,0.927184927492035,0.907925585581546,0.592745364630989,0.0,2.04355038739139,0.657102650527985,0.173042494569406,0.933153236827914,0.108511374596214,0.231149914678346,0.484649091784442,0.0912849579496477,0.182235233936613,0.0225944224079231,0.818636455998247,0.291472988314488,0.0400451597779442,,0.629558202186051,0.228172116541783,0.129816107353518,0.109567612158702,0.0449217104002658,0.0165403890512306,1.31254632408193,1.33356772812911,0.187785875770271,0.52713125784779,1.03546542912653,0.754980951325548,0.680195466832817,0.350133075961723,0.0686590685525705,0.466954177746461,0.127670772560948,0.0514437284796904
G08,203,unmatched,0.905665675459897,0.69963261948407,1.4999191949415,0.329350579459294,2.28058818088787,0.0,0.0,2.62399214573103,0.0526060612318079,0.0127256675181897,0.0484234185412204,0.0,0.324648176470077,0.265451028335149,0.638357856453547,0.265866212082807,0.679738761364202,1.7938953388656,0.767625121701357,0.86205002357971,0.402829468665591,0.0,2.06938018088135,0.590754870795143,0.160429386739884,0.977820463954156,0.300801745393774,0.25930934973382,0.553930288669964,0.0702979334718646,0.104151111665793,0.0,0.646691996296389,0.186727118951192,0.11832876910166,,0.725611483396652,0.292469490853089,0.0606217212933666,0.187092341542547,0.190594573394239,0.0,1.46017585671594,1.15327749544874,0.135199547133357,0.615905125006639,1.18543645833348,0.270994106415101,0.531765309461146,0.713009837963653,0.148132812010223,0.349708266434521,0.0,0.104553816632462
G09,204,unmatched,0.308583570375289,0.483924129399982,1.18912902392974,0.141562712714016,1.33081304662938,0.0,0.424188364701372,0.0,0.0,0.154558903023586,0.0,0.0,0.414077070547454,0.0295233980989623,0.29633743970627,0.297319439092373,0.328143678672909,0.935844204797165,0.631459177812746,0.533464257493714,0.239405657865579,0.0,1.68550937058543,0.288369261303684,0.0,0.802109848927124,0.0652032161947854,0.113687677252887,0.0295233980989623,0.0,0.138577944378515,0.0,0.41937081702622,0.063742252151127,0.0,,0.875430158871481,0.154441705503979,0.0,0.0,0.998220130453771,0.0,0.554048764467949,0.847602880105064,0.0,0.480222264898726,1.22880784032871,0.719915733208307,0.224519755597927,0.301949858371932,0.0295233980989623,0.180779450869074,0.0,0.0
G10,205,unmatched,0.659362128890917,0.451119953591789,1.4284562401989,0.222811031348557,1.70845968566714,0.0,0.0773211633492544,0.0516020549745163,0.0,0.0277308677685597,0.0373698585267933,0.0,0.199562920405103,0.271880641493932,0.522869852492709,0.151669718893447,0.384739833965643,1.40441950710886,0.677963163371573,0.635865761855351,0.399705747509466,0.0,1.79945300144423,0.518854227031567,0.0267593153828407,0.652730132663555,0.148525605317579,0.181334636718879,0.395354939735305,0.0341575928782176,0.0968340344667162,0.0,0.542954119750097,0.0604921928573215,0.0257274389971262,,0.502229443473829,0.0985960377486285,0.0353493607961024,0.0904377532261762,0.0819164976391538,0.029211935406885,0.922815919354206,0.813909865125865,0.0486397079724791,0.387824134755682,0.754520142506331,0.362411920955627,0.21812005703544,0.256307344546767,0.143757625954837,0.215006363667376,0.05513817587311,0.0564613693480273
G11,206,unmatched,0.458545958722748,0.565516225027336,1.57075573816306,0.466563950748084,2.10629188089322,0.0,0.128630460256418,0.0252579498480548,0.0,0.0,0.0317696799145248,0.0166785907050852,0.412526895549305,0.433094822103868,0.665034774134756,0.193363459295895,0.876287733073315,2.14846436186184,0.744510787270224,0.886855008989962,0.519192140683365,0.0,2.0945904921557,0.543551983505825,0.121172805375834,0.831077297620709,0.131296137248366,0.375434886110533,0.468405432150717,0.0535528644482259,0.175295857052402,0.0536494230607305,0.594940070269389,0.26194226839251,0.116979731608304,,0.446893035178435,0.278283672565694,0.0993802891381822,0.122157250406095,0.102832240119516,0.0478766575728208,0.973205637357854,1.24633141850168,0.0730476177983593,0.454020410406657,1.10861434650904,0.460894339233567,1.2860771229329,0.528067659282895,0.0671011274676089,0.364487143484329,0.0,0.0336728995065269
G12,207,unmatched,0.676842743292639,0.409477216418222,1.47706913868164,0.193950153767802,1.41013909188624,0.0,0.0,0.0249685899471823,0.0,0.0,0.0,0.00409652630810201,0.169706512524749,0.216467199329279,0.314891936895284,0.189871992395071,0.407874819416566,1.17566181622369,0.637247624409977,0.565057376099458,0.386079751935546,0.0,1.52793483124658,0.411797082322232,0.141756939709056,0.479425797029516,0.0812500047701976,0.0801554299175938,0.423181804640049,0.058485106572057,0.0520452848681185,0.0,0.239068112400498,0.0209250910594655,0.038361204272345,,0.322834332403887,0.0807400290692149,0.0533202020582758,0.0538089226902081,0.0339440385368466,0.0246604830390544,1.14501497716974,1.1066258470117,0.0559734361321693,0.112602748634705,0.579186854580097,0.259211776301231,0.45110394043556,0.216688757233729,0.0901013370174887,0.206139319785816,0.0246874252227164,0.00422970249528737
G13,208,unmatched,0.62994621641384,0.477147621649114,1.23816903469426,0.203057900299118,1.55030885367797,0.00458310647181531,0.0473657624626116,0.222040263054636,0.0268106105447996,0.000869618205473074,0.0161765120892819,0.0,0.199928052987993,0.186426651997107,0.454209688368919,0.196578837505709,0.434487241001642,1.46434779368722,0.618367621597239,0.562614294120403,0.301339889445911,0.0,1.6297453775836,0.506441519731762,0.0765491451307966,0.52076789631102,0.124086878216337,0.130057426688947,0.350047910457257,0.0783577725682983,0.0910978610018734,0.00866078448614691,0.337854424525437,0.143068267119051,0.094457457083976,,0.568838963750469,0.16960020205367,0.0467864167941346,0.114541281408426,0.0942267647213925,0.0233462741017395,0.906743426646948,1.00331081796376,0.0461279934011232,0.442630590337295,0.492506214252067,0.346190170528427,0.577639370143737,0.295710504097891,0.0609609827329715,0.208157719509855,0.00314535894630596,0.0279405607236413
221,221,unmatched,1.48640196358085,1.57612544730722,1.05389667036195,0.441402587008875,1.29179075284326,0.0,0.0725560970926148,0.0471187817619748,0.0,0.662417126387557,0.0,0.0,0.850046855466968,0.729497879288826,2.10327548274273,0.729188981955882,1.58502514714158,3.78696350364387,0.934973457153101,1.93630382988683,1.37235616241159,0.0,3.09040308495703,1.00660656250117,0.0440275340536075,2.04274585694203,0.378411988596102,0.839167400345483,1.68711610563759,0.342889767820452,0.262997068206161,0.0,0.209883492503454,0.48848575029336,0.0385304072480458,,1.27589515692406,0.717817865320496,0.0421756523606861,0.720792448074415,0.0584801402951065,0.0144522045797879,1.58975735515167,1.49817066765462,0.422264850790676,0.242611519696431,2.14726048002205,2.62018262457752,1.69023295394154,1.82097754364203,0.92588712548126,0.23987292331807,0.0192039692610469,0.157050564173987
LC6,222,exact,1.67264710258375,1.50851444019451,1.26127297844939,0.411456841597999,1.62442150355438,0.0,0.0536365821863197,0.0,0.0,0.0858705967412467,0.0207626668224439,0.0322605499651941,1.12349982862394,1.0252152712312,1.55335722525481,0.807844971895837,1.69202400192801,3.04268462716826,1.63724811656941,2.21806938744439,1.67503401002509,0.0,3.25955955757222,1.14766599591009,0.0,1.88126134155518,0.195220928148389,0.566940698524971,1.5568346535869,0.503207471531735,0.519763491167154,0.0,0.210836444829356,0.618057051806595,0.181682540032958,,1.34523840686022,0.616711423071027,0.0,0.810596811895284,0.367932301196831,0.17272214918175,2.40670608477426,2.10601886052992,0.391852771111289,0.349317003434552,1.36604087106321,1.2909802294415,1.56760146890085,1.3669080025009,0.560059334977401,0.130927112808192,0.0180780849794132,0.228473893287209
Dm3a,225,class,0.558096946898166,0.323280687931092,1.36416821403968,0.634713352645757,4.11112760103371,0.0,0.0602977937779146,0.0686989806192733,0.0,0.0141557202118433,0.0118271475331685,0.00720101045012523,1.41438394720311,1.20626621466049,1.47520907134493,0.673252816410261,2.03396415760456,1.16517030546202,1.14636070197099,1.71177956281513,1.14988462134928,0.0,2.97238819260666,1.22257240204858,0.0735697577494047,1.87669452568487,0.195821338859231,1.61151893769379,1.23019449949332,0.130901574829748,0.348831217764777,0.0142385615688144,1.39802161550472,0.414237481733415,0.417937762903589,,1.3093791947862,0.642693172999418,0.490605966167914,0.842206536256488,0.0844180953368979,0.169759353115856,1.03485583322703,2.53864058745559,0.291263986760954,2.00558692246354,1.44377390125981,2.11655280131641,1.75245586755729,0.755371990234401,0.482964219503219,0.318957897078854,0.0361934917197533,0.0
Dm3b,226,class,0.564761464126478,0.367334096207079,1.37854865913829,0.538622364558119,4.18517834868101,0.0,0.0625231261070154,0.0486331239016662,0.0,0.0503471554187042,0.0,0.00402325174409412,1.39142715198465,1.18971931462759,1.26729819094984,0.798216517790039,2.01359464365294,1.38991219697309,1.15355337408402,1.7400579969965,1.130178691171,0.0,2.99882187940064,1.21611898123057,0.0637228842768667,1.88544040385768,0.221990434479172,0.82809683400403,0.912137924696799,0.151860654470401,0.296889072692709,0.0173804001739131,1.55141972909515,0.393194094555707,0.332499883720654,,1.30385242173547,0.659628213747412,0.373294508539184,0.804101217898094,0.0996368225875426,0.0892980014719301,1.15062116802406,2.54490762283671,0.209605329493515,2.07293461937745,1.51987252403613,2.15302196304022,1.79399427424085,0.755154717770114,0.605972348589763,0.397088578331662,0.0133096104846134,0.0128107828784745
Tm9v,227,class,2.576828120274,1.65900044620004,1.24311675604075,0.500234606941182,1.66469695460299,0.0,0.0448328665437296,0.0737362845773916,0.0,0.0382187132648576,0.00506570015902346,0.00643258639370039,0.794528279078978,0.56283734391426,1.49837681918023,0.904652884083519,1.08892944716633,1.24087153451714,1.72173386346261,1.48437930874922,1.13344029241512,0.0,3.34852340728425,1.19811987107214,0.0618728285534941,0.813738228188283,0.133646984789211,0.158150836999514,0.362727962235801,0.478724338592796,0.284626205751911,0.00916123479754388,0.284744054919116,0.404076828764882,0.0462161149403292,,1.19321476191837,0.590090597393944,0.0894910965915883,0.0784398677933437,0.0672562059380188,0.0568678082771196,1.18576601887841,2.01587311906913,0.115269548497606,1.63747625711323,2.16335716137372,2.17338682181275,0.314994090949035,0.808177899274894,0.267509531776777,1.3152348822289,0.0739466152628448,0.0793334653578613
Tm9d,228,class,2.53509216540173,1.65319852575879,0.99125552464651,0.530954746511615,1.50372760251114,0.0,0.0479884142202653,0.0530018588796359,0.0,0.0479101683080129,0.0108041998491994,0.0,0.878758815123154,0.640082490174698,1.3834849337771,1.03995202654503,1.19931224276625,1.38832356368711,1.65689279575168,1.37193784526508,1.29484883116916,0.0,3.31198879980658,1.29566641888959,0.0558275437086192,0.8094392299591,0.214957951002631,0.178000307512132,0.354250172755583,0.519143020893536,0.351730338640354,0.0,0.335380096017421,0.510693223094471,0.035267957093858,,1.21684802838392,0.601397428256228,0.0730153130268012,0.0487595179202373,0.0860725601711445,0.0240774457705401,1.57104927454886,2.14187158501645,0.100729811189915,1.19797365187019,1.93306629040833,1.9820390098771,0.261202073789325,1.42270222230362,0.233066416933752,1.41091173462219,0.0263633467798972,0.040710578835753
88a,229,unmatched,1.73895844478746,1.63802788965745,1.12718428461145,0.62346142909476,1.53845391323245,0.0,0.0716728877301828,0.0591266755596824,0.0,0.0222294009920433,0.014944163823843,0.0126562129261303,0.888213889075933,0.812650843991266,1.33542608785165,0.669664185222117,2.06266270704335,2.48300569053256,1.48408490442317,1.95054460902118,1.21901163215795,0.0185056132951772,3.17840718216996,1.16289262990381,0.0380765625115256,1.61959657641264,0.227437041085452,0.923203967088864,1.43123268899499,0.122423040560104,0.332193731238314,0.0,0.318466539812253,0.553919995409375,0.239824245752318,,1.62963833541269,0.62885054067691,0.0687938153360978,0.874884899476605,0.502122380779399,0.110330553811222,2.41665871192258,2.3557473078879,0.164132617114713,0.236729411919632,1.61855410669796,1.18813916894701,1.15277655775019,0.312661494938134,0.167456516358783,0.281386161718281,0.0,0.0930339092583307
88b,230,unmatched,1.74093475144784,1.64911918961433,1.07605686058389,0.618591625411925,1.51951470402341,0.00630070194776039,0.0784728669324751,0.0492707681118025,0.0,0.0776188293130479,0.0316868102908443,0.0,0.795981488646401,0.759257845069366,1.447323063418,0.720295660840191,1.90543884338144,2.26888955462288,1.65200572977348,1.9648018993459,1.28140119310342,0.0,3.21472686428107,1.12352955160459,0.0401483931656849,1.6931544567432,0.24174317470236,0.845603728173711,1.40701604681918,0.116686936168444,0.305045377740806,0.00601934261375901,0.278622874481301,0.638081553452203,0.122271130499525,,1.52772707611179,0.594236596703742,0.0290178423916541,0.776341011447953,0.418441554027298,0.212065055531821,2.01816256460404,2.41684428261946,0.165543458191237,0.45073232156672,1.70950902205887,1.22151714254709,1.01188457442918,0.246333863597279,0.418012325938212,0.223627122497722,0.0142932081311502,0.0638581792229826
169a,231,unmatched,0.256843782122912,0.427220245199302,4.23206777632802,1.83834872667289,1.14349909877092,0.0,0.0,0.0,0.0,0.124948054150959,0.0,0.0,0.253453841174074,0.379687212546977,0.925772861250476,0.652706163418814,1.816473159023,3.44463040798483,1.34624650886653,2.09129214014591,0.98489785880845,0.0,2.7495075177567,1.20248738457808,0.0,1.90952098597274,0.330337037557829,1.80742977856657,2.15288398929227,0.287877422344681,0.143313306204351,0.0,0.292082403325725,0.576162320140504,0.0,,1.24008600930547,0.772433194978352,0.0,0.218290370038658,0.271820721252387,0.457079537000578,0.680556296022445,1.8321165582566,0.0,1.44090004524256,1.72527713395705,1.52955044935162,0.72168165547227,1.20524602157347,0.240743330598448,0.107420038617429,0.0,0.107420038617429
169b,232,unmatched,0.786011572956675,0.555968050667808,3.74260180809013,1.70418310579246,1.7211984999073,0.0,0.0,0.0,0.0,0.0,0.0,0.0,0.753404797441085,0.31792078574596,1.13662230397347,0.764789509401924,1.5153035389451,3.35340807898371,1.54444824682082,2.19373857988798,1.14861318055664,0.0,3.03143783666694,1.43579783640398,0.0,1.56890901288463,0.0,1.78372813360663,2.43724725561342,0.135240524232216,0.601581947665542,0.0,0.440514868616422,0.550276101045802,0.166705166306521,,1.14125444896708,0.654926496750327,0.0,0.238843853572881,0.485857383865834,0.135240524232216,1.83406474866128,1.85615109301211,0.124228999962209,0.85235784789323,1.62236001195076,1.66443832140347,1.10155962182856,1.80915877693935,0.644450402308775,0.331251851389305,0.0,0.245031911949494
T4-5a/b,234,class,1.55477936151746,1.48677509693536,1.25990766580669,0.614968263427394,1.67758327650422,0.00277151461553084,0.0601015792996845,0.0431822456085607,0.00328904961088024,0.165731088649918,0.0338741064969647,0.0106990314925625,0.819395804542806,0.74615464782309,1.45911964254301,0.644035357075885,2.00754793789077,1.26399038325716,1.34014449856957,1.62001476795636,1.25515169037781,0.000916704453248093,3.25407850001765,1.18249931795075,0.0493455907102506,1.92112043674189,0.212574998410297,0.311751031087679,1.21515207934311,0.0917847486227158,0.200152025293926,0.00829943683350294,0.37796283222857,0.568347289737814,0.382543233870487,,1.79106747686433,0.68550178045218,0.0515386200506012,0.099403401989858,0.365235354734959,0.031140973343963,0.805642499096524,2.52366365825627,0.531164042405925,0.498860943457404,1.90542391226569,1.17211447420736,1.07761792805745,0.612275667477469,0.277723038609082,1.54527956102932,0.0154979847201754,0.0245140449046009
T4-5c/d,235,class,1.67061927815563,1.53976712180699,1.37517919645476,0.684731110454703,1.73129831330763,0.00105151463533713,0.063016861709521,0.055318954786812397,0.0,0.141862116648242,0.0568515062772673,0.00471536370174894,0.836596908993667,0.781118650574414,1.43647748235727,0.672312933846746,2.05541723645366,1.2545384799339,1.47392225209861,1.64869383799042,1.24534110938401,0.0,3.28031005891341,1.21391433683079,0.0489009034811322,1.95205831568148,0.236580397092976,0.449869787674169,1.60238036616237,0.0801952756782723,0.234033167916537,0.0105517909673204,0.437556172731081,0.527398548139865,0.385987285475346,,1.79650230560343,0.731721209213612,0.0635233482697403,0.0711274350139497,0.389234091548005,0.0444551706927738,0.848397013173979,2.40596048594156,0.461555032910361,0.391753226958193,1.90335954996641,1.21299391786729,1.03104753467058,1.04862547864065,0.311156891429955,1.38908054609931,0.00845803621065514,0.0344684361364351
