# type_map_central.csv -- source cluster/annotation -> MaleCNS v1.0 type, for the two central-brain single-cell atlases.
# sources: davie2018 = Davie et al. 2018 Cell 174:982 (GEO GSE107451, 57k-cell 10x metadata `annotation`; Table S2 = mmc2.xlsx);
#          fca2022 = Li et al. 2022 Science 375:eabk2432, Fly Cell Atlas head 10x stringent loom col_attrs/annotation (FBbt terms).
# tier: exact = source label (or its type token) is a MaleCNS type name; alias = documented synonym of one type; fuzzy = the label names a
#       family that MaleCNS splits into several types, selected by the name rule in `rule` (re:regex | list:A|B); class = the label is a cell
#       class, MaleCNS side selected by class/subclass/nt columns or a curated list (`rule`); unmatched = no evidenced correspondence.
# One row per (source_name, malecns_type). n_cells_malecns = MaleCNS cells of that type; n_cells_source = cells/nuclei in the source cluster.
# Sex: davie2018 is mixed-sex (male 27,854 / female 29,048), fca2022 head is mixed (male 47,409 / female 49,105 / mix 4,013); MaleCNS is male.
# Built by scratchpad/build_central_map.py (session 10 NT integration workflow, source key central).
source,source_name,malecns_type,tier,evidence,n_cells_malecns,n_cells_source,rule
davie2018,G-KC,KCg,fuzzy,"Table S2 res2 cluster 8 'G-KC' (Awasaki 2000; Crocker 2016); sNPF-high, trio-low (mean log1p cp10k sNPF 3.57, trio 0.10); rule ^KCg -> all gamma KC types",1,1642,re:^KCg
davie2018,G-KC,KCg-d,fuzzy,"Table S2 res2 cluster 8 'G-KC' (Awasaki 2000; Crocker 2016); sNPF-high, trio-low (mean log1p cp10k sNPF 3.57, trio 0.10); rule ^KCg -> all gamma KC types",206,1642,re:^KCg
davie2018,G-KC,KCg-m,fuzzy,"Table S2 res2 cluster 8 'G-KC' (Awasaki 2000; Crocker 2016); sNPF-high, trio-low (mean log1p cp10k sNPF 3.57, trio 0.10); rule ^KCg -> all gamma KC types",1342,1642,re:^KCg
davie2018,G-KC,KCg-s1,fuzzy,"Table S2 res2 cluster 8 'G-KC' (Awasaki 2000; Crocker 2016); sNPF-high, trio-low (mean log1p cp10k sNPF 3.57, trio 0.10); rule ^KCg -> all gamma KC types",2,1642,re:^KCg
davie2018,G-KC,KCg-s2,fuzzy,"Table S2 res2 cluster 8 'G-KC' (Awasaki 2000; Crocker 2016); sNPF-high, trio-low (mean log1p cp10k sNPF 3.57, trio 0.10); rule ^KCg -> all gamma KC types",2,1642,re:^KCg
davie2018,G-KC,KCg-s3,fuzzy,"Table S2 res2 cluster 8 'G-KC' (Awasaki 2000; Crocker 2016); sNPF-high, trio-low (mean log1p cp10k sNPF 3.57, trio 0.10); rule ^KCg -> all gamma KC types",2,1642,re:^KCg
davie2018,G-KC,KCg-s4,fuzzy,"Table S2 res2 cluster 8 'G-KC' (Awasaki 2000; Crocker 2016); sNPF-high, trio-low (mean log1p cp10k sNPF 3.57, trio 0.10); rule ^KCg -> all gamma KC types",2,1642,re:^KCg
davie2018,A/B-KC,KCab-c,fuzzy,"Table S2 res2 cluster 22 'a/b-KC' (Crocker 2016; Johard 2008); sNPF 2.93, trio 0.28; rule ^KCab",488,688,re:^KCab
davie2018,A/B-KC,KCab-m,fuzzy,"Table S2 res2 cluster 22 'a/b-KC' (Crocker 2016; Johard 2008); sNPF 2.93, trio 0.28; rule ^KCab",536,688,re:^KCab
davie2018,A/B-KC,KCab-p,fuzzy,"Table S2 res2 cluster 22 'a/b-KC' (Crocker 2016; Johard 2008); sNPF 2.93, trio 0.28; rule ^KCab",129,688,re:^KCab
davie2018,A/B-KC,KCab-s,fuzzy,"Table S2 res2 cluster 22 'a/b-KC' (Crocker 2016; Johard 2008); sNPF 2.93, trio 0.28; rule ^KCab",657,688,re:^KCab
davie2018,A/B*-KC,KCa'b'-ap1,fuzzy,"Table S2 res2 cluster 28 ""a'/b'-KC"" (Medioni 2014); trio 1.90, DAT 1.52 (alpha'/beta' KCs express DAT); rule ^KCa'b'",199,518,re:^KCa'b'
davie2018,A/B*-KC,KCa'b'-ap2,fuzzy,"Table S2 res2 cluster 28 ""a'/b'-KC"" (Medioni 2014); trio 1.90, DAT 1.52 (alpha'/beta' KCs express DAT); rule ^KCa'b'",291,518,re:^KCa'b'
davie2018,A/B*-KC,KCa'b'-m,fuzzy,"Table S2 res2 cluster 28 ""a'/b'-KC"" (Medioni 2014); trio 1.90, DAT 1.52 (alpha'/beta' KCs express DAT); rule ^KCa'b'",205,518,re:^KCa'b'
davie2018,PAM,PAM01,fuzzy,"Table S2 subcluster of 42 'PAM (Fer2(+)) neurons' (Bou Dib 2014); ple 3.17, DAT 4.12, Fer2 1.56; rule ^PAM\d\d",44,222,re:^PAM\d\d$
davie2018,PAM,PAM02,fuzzy,"Table S2 subcluster of 42 'PAM (Fer2(+)) neurons' (Bou Dib 2014); ple 3.17, DAT 4.12, Fer2 1.56; rule ^PAM\d\d",17,222,re:^PAM\d\d$
davie2018,PAM,PAM03,fuzzy,"Table S2 subcluster of 42 'PAM (Fer2(+)) neurons' (Bou Dib 2014); ple 3.17, DAT 4.12, Fer2 1.56; rule ^PAM\d\d",12,222,re:^PAM\d\d$
davie2018,PAM,PAM04,fuzzy,"Table S2 subcluster of 42 'PAM (Fer2(+)) neurons' (Bou Dib 2014); ple 3.17, DAT 4.12, Fer2 1.56; rule ^PAM\d\d",32,222,re:^PAM\d\d$
davie2018,PAM,PAM05,fuzzy,"Table S2 subcluster of 42 'PAM (Fer2(+)) neurons' (Bou Dib 2014); ple 3.17, DAT 4.12, Fer2 1.56; rule ^PAM\d\d",20,222,re:^PAM\d\d$
davie2018,PAM,PAM06,fuzzy,"Table S2 subcluster of 42 'PAM (Fer2(+)) neurons' (Bou Dib 2014); ple 3.17, DAT 4.12, Fer2 1.56; rule ^PAM\d\d",28,222,re:^PAM\d\d$
davie2018,PAM,PAM07,fuzzy,"Table S2 subcluster of 42 'PAM (Fer2(+)) neurons' (Bou Dib 2014); ple 3.17, DAT 4.12, Fer2 1.56; rule ^PAM\d\d",14,222,re:^PAM\d\d$
davie2018,PAM,PAM08,fuzzy,"Table S2 subcluster of 42 'PAM (Fer2(+)) neurons' (Bou Dib 2014); ple 3.17, DAT 4.12, Fer2 1.56; rule ^PAM\d\d",50,222,re:^PAM\d\d$
davie2018,PAM,PAM09,fuzzy,"Table S2 subcluster of 42 'PAM (Fer2(+)) neurons' (Bou Dib 2014); ple 3.17, DAT 4.12, Fer2 1.56; rule ^PAM\d\d",9,222,re:^PAM\d\d$
davie2018,PAM,PAM10,fuzzy,"Table S2 subcluster of 42 'PAM (Fer2(+)) neurons' (Bou Dib 2014); ple 3.17, DAT 4.12, Fer2 1.56; rule ^PAM\d\d",15,222,re:^PAM\d\d$
davie2018,PAM,PAM11,fuzzy,"Table S2 subcluster of 42 'PAM (Fer2(+)) neurons' (Bou Dib 2014); ple 3.17, DAT 4.12, Fer2 1.56; rule ^PAM\d\d",15,222,re:^PAM\d\d$
davie2018,PAM,PAM12,fuzzy,"Table S2 subcluster of 42 'PAM (Fer2(+)) neurons' (Bou Dib 2014); ple 3.17, DAT 4.12, Fer2 1.56; rule ^PAM\d\d",22,222,re:^PAM\d\d$
davie2018,PAM,PAM13,fuzzy,"Table S2 subcluster of 42 'PAM (Fer2(+)) neurons' (Bou Dib 2014); ple 3.17, DAT 4.12, Fer2 1.56; rule ^PAM\d\d",16,222,re:^PAM\d\d$
davie2018,PAM,PAM14,fuzzy,"Table S2 subcluster of 42 'PAM (Fer2(+)) neurons' (Bou Dib 2014); ple 3.17, DAT 4.12, Fer2 1.56; rule ^PAM\d\d",18,222,re:^PAM\d\d$
davie2018,PAM,PAM15,fuzzy,"Table S2 subcluster of 42 'PAM (Fer2(+)) neurons' (Bou Dib 2014); ple 3.17, DAT 4.12, Fer2 1.56; rule ^PAM\d\d",4,222,re:^PAM\d\d$
davie2018,Dopaminergic,ATL031,class,"Table S2 res2 cluster 42 'Dopaminergic' minus the PAM subcluster (= 'Fer2(-) neurons'); ple 3.35, DAT 3.33, Fer2 0.36; MaleCNS side = consensus nt dopamine, non-PAM, non-VNC (PPL1/PPL2/PPM/PAL and other DA types)",2,125,"query:nt == 'dopamine' and not type.str.match('^PAM') and superclass in ['cb_intrinsic','cb_sensory','cb_endocrine','cb_motor','visual_centrifugal','visual_projection','ol_intrinsic','descending_neuron']"
davie2018,Dopaminergic,AVLP476,class,"Table S2 res2 cluster 42 'Dopaminergic' minus the PAM subcluster (= 'Fer2(-) neurons'); ple 3.35, DAT 3.33, Fer2 0.36; MaleCNS side = consensus nt dopamine, non-PAM, non-VNC (PPL1/PPL2/PPM/PAL and other DA types)",2,125,"query:nt == 'dopamine' and not type.str.match('^PAM') and superclass in ['cb_intrinsic','cb_sensory','cb_endocrine','cb_motor','visual_centrifugal','visual_projection','ol_intrinsic','descending_neuron']"
davie2018,Dopaminergic,AVLP610,class,"Table S2 res2 cluster 42 'Dopaminergic' minus the PAM subcluster (= 'Fer2(-) neurons'); ple 3.35, DAT 3.33, Fer2 0.36; MaleCNS side = consensus nt dopamine, non-PAM, non-VNC (PPL1/PPL2/PPM/PAL and other DA types)",2,125,"query:nt == 'dopamine' and not type.str.match('^PAM') and superclass in ['cb_intrinsic','cb_sensory','cb_endocrine','cb_motor','visual_centrifugal','visual_projection','ol_intrinsic','descending_neuron']"
davie2018,Dopaminergic,DPM,class,"Table S2 res2 cluster 42 'Dopaminergic' minus the PAM subcluster (= 'Fer2(-) neurons'); ple 3.35, DAT 3.33, Fer2 0.36; MaleCNS side = consensus nt dopamine, non-PAM, non-VNC (PPL1/PPL2/PPM/PAL and other DA types)",2,125,"query:nt == 'dopamine' and not type.str.match('^PAM') and superclass in ['cb_intrinsic','cb_sensory','cb_endocrine','cb_motor','visual_centrifugal','visual_projection','ol_intrinsic','descending_neuron']"
davie2018,Dopaminergic,ExR2,class,"Table S2 res2 cluster 42 'Dopaminergic' minus the PAM subcluster (= 'Fer2(-) neurons'); ple 3.35, DAT 3.33, Fer2 0.36; MaleCNS side = consensus nt dopamine, non-PAM, non-VNC (PPL1/PPL2/PPM/PAL and other DA types)",4,125,"query:nt == 'dopamine' and not type.str.match('^PAM') and superclass in ['cb_intrinsic','cb_sensory','cb_endocrine','cb_motor','visual_centrifugal','visual_projection','ol_intrinsic','descending_neuron']"
davie2018,Dopaminergic,FB1C,class,"Table S2 res2 cluster 42 'Dopaminergic' minus the PAM subcluster (= 'Fer2(-) neurons'); ple 3.35, DAT 3.33, Fer2 0.36; MaleCNS side = consensus nt dopamine, non-PAM, non-VNC (PPL1/PPL2/PPM/PAL and other DA types)",4,125,"query:nt == 'dopamine' and not type.str.match('^PAM') and superclass in ['cb_intrinsic','cb_sensory','cb_endocrine','cb_motor','visual_centrifugal','visual_projection','ol_intrinsic','descending_neuron']"
davie2018,Dopaminergic,FB1H,class,"Table S2 res2 cluster 42 'Dopaminergic' minus the PAM subcluster (= 'Fer2(-) neurons'); ple 3.35, DAT 3.33, Fer2 0.36; MaleCNS side = consensus nt dopamine, non-PAM, non-VNC (PPL1/PPL2/PPM/PAL and other DA types)",2,125,"query:nt == 'dopamine' and not type.str.match('^PAM') and superclass in ['cb_intrinsic','cb_sensory','cb_endocrine','cb_motor','visual_centrifugal','visual_projection','ol_intrinsic','descending_neuron']"
davie2018,Dopaminergic,FB2A,class,"Table S2 res2 cluster 42 'Dopaminergic' minus the PAM subcluster (= 'Fer2(-) neurons'); ple 3.35, DAT 3.33, Fer2 0.36; MaleCNS side = consensus nt dopamine, non-PAM, non-VNC (PPL1/PPL2/PPM/PAL and other DA types)",4,125,"query:nt == 'dopamine' and not type.str.match('^PAM') and superclass in ['cb_intrinsic','cb_sensory','cb_endocrine','cb_motor','visual_centrifugal','visual_projection','ol_intrinsic','descending_neuron']"
davie2018,Dopaminergic,FB4L,class,"Table S2 res2 cluster 42 'Dopaminergic' minus the PAM subcluster (= 'Fer2(-) neurons'); ple 3.35, DAT 3.33, Fer2 0.36; MaleCNS side = consensus nt dopamine, non-PAM, non-VNC (PPL1/PPL2/PPM/PAL and other DA types)",4,125,"query:nt == 'dopamine' and not type.str.match('^PAM') and superclass in ['cb_intrinsic','cb_sensory','cb_endocrine','cb_motor','visual_centrifugal','visual_projection','ol_intrinsic','descending_neuron']"
davie2018,Dopaminergic,FB4M,class,"Table S2 res2 cluster 42 'Dopaminergic' minus the PAM subcluster (= 'Fer2(-) neurons'); ple 3.35, DAT 3.33, Fer2 0.36; MaleCNS side = consensus nt dopamine, non-PAM, non-VNC (PPL1/PPL2/PPM/PAL and other DA types)",4,125,"query:nt == 'dopamine' and not type.str.match('^PAM') and superclass in ['cb_intrinsic','cb_sensory','cb_endocrine','cb_motor','visual_centrifugal','visual_projection','ol_intrinsic','descending_neuron']"
davie2018,Dopaminergic,FB5H,class,"Table S2 res2 cluster 42 'Dopaminergic' minus the PAM subcluster (= 'Fer2(-) neurons'); ple 3.35, DAT 3.33, Fer2 0.36; MaleCNS side = consensus nt dopamine, non-PAM, non-VNC (PPL1/PPL2/PPM/PAL and other DA types)",2,125,"query:nt == 'dopamine' and not type.str.match('^PAM') and superclass in ['cb_intrinsic','cb_sensory','cb_endocrine','cb_motor','visual_centrifugal','visual_projection','ol_intrinsic','descending_neuron']"
davie2018,Dopaminergic,LAL128,class,"Table S2 res2 cluster 42 'Dopaminergic' minus the PAM subcluster (= 'Fer2(-) neurons'); ple 3.35, DAT 3.33, Fer2 0.36; MaleCNS side = consensus nt dopamine, non-PAM, non-VNC (PPL1/PPL2/PPM/PAL and other DA types)",2,125,"query:nt == 'dopamine' and not type.str.match('^PAM') and superclass in ['cb_intrinsic','cb_sensory','cb_endocrine','cb_motor','visual_centrifugal','visual_projection','ol_intrinsic','descending_neuron']"
davie2018,Dopaminergic,LoVC18,class,"Table S2 res2 cluster 42 'Dopaminergic' minus the PAM subcluster (= 'Fer2(-) neurons'); ple 3.35, DAT 3.33, Fer2 0.36; MaleCNS side = consensus nt dopamine, non-PAM, non-VNC (PPL1/PPL2/PPM/PAL and other DA types)",4,125,"query:nt == 'dopamine' and not type.str.match('^PAM') and superclass in ['cb_intrinsic','cb_sensory','cb_endocrine','cb_motor','visual_centrifugal','visual_projection','ol_intrinsic','descending_neuron']"
davie2018,Dopaminergic,LoVC22,class,"Table S2 res2 cluster 42 'Dopaminergic' minus the PAM subcluster (= 'Fer2(-) neurons'); ple 3.35, DAT 3.33, Fer2 0.36; MaleCNS side = consensus nt dopamine, non-PAM, non-VNC (PPL1/PPL2/PPM/PAL and other DA types)",4,125,"query:nt == 'dopamine' and not type.str.match('^PAM') and superclass in ['cb_intrinsic','cb_sensory','cb_endocrine','cb_motor','visual_centrifugal','visual_projection','ol_intrinsic','descending_neuron']"
davie2018,Dopaminergic,PPL101,class,"Table S2 res2 cluster 42 'Dopaminergic' minus the PAM subcluster (= 'Fer2(-) neurons'); ple 3.35, DAT 3.33, Fer2 0.36; MaleCNS side = consensus nt dopamine, non-PAM, non-VNC (PPL1/PPL2/PPM/PAL and other DA types)",2,125,"query:nt == 'dopamine' and not type.str.match('^PAM') and superclass in ['cb_intrinsic','cb_sensory','cb_endocrine','cb_motor','visual_centrifugal','visual_projection','ol_intrinsic','descending_neuron']"
davie2018,Dopaminergic,PPL102,class,"Table S2 res2 cluster 42 'Dopaminergic' minus the PAM subcluster (= 'Fer2(-) neurons'); ple 3.35, DAT 3.33, Fer2 0.36; MaleCNS side = consensus nt dopamine, non-PAM, non-VNC (PPL1/PPL2/PPM/PAL and other DA types)",2,125,"query:nt == 'dopamine' and not type.str.match('^PAM') and superclass in ['cb_intrinsic','cb_sensory','cb_endocrine','cb_motor','visual_centrifugal','visual_projection','ol_intrinsic','descending_neuron']"
davie2018,Dopaminergic,PPL103,class,"Table S2 res2 cluster 42 'Dopaminergic' minus the PAM subcluster (= 'Fer2(-) neurons'); ple 3.35, DAT 3.33, Fer2 0.36; MaleCNS side = consensus nt dopamine, non-PAM, non-VNC (PPL1/PPL2/PPM/PAL and other DA types)",2,125,"query:nt == 'dopamine' and not type.str.match('^PAM') and superclass in ['cb_intrinsic','cb_sensory','cb_endocrine','cb_motor','visual_centrifugal','visual_projection','ol_intrinsic','descending_neuron']"
davie2018,Dopaminergic,PPL104,class,"Table S2 res2 cluster 42 'Dopaminergic' minus the PAM subcluster (= 'Fer2(-) neurons'); ple 3.35, DAT 3.33, Fer2 0.36; MaleCNS side = consensus nt dopamine, non-PAM, non-VNC (PPL1/PPL2/PPM/PAL and other DA types)",2,125,"query:nt == 'dopamine' and not type.str.match('^PAM') and superclass in ['cb_intrinsic','cb_sensory','cb_endocrine','cb_motor','visual_centrifugal','visual_projection','ol_intrinsic','descending_neuron']"
davie2018,Dopaminergic,PPL105,class,"Table S2 res2 cluster 42 'Dopaminergic' minus the PAM subcluster (= 'Fer2(-) neurons'); ple 3.35, DAT 3.33, Fer2 0.36; MaleCNS side = consensus nt dopamine, non-PAM, non-VNC (PPL1/PPL2/PPM/PAL and other DA types)",2,125,"query:nt == 'dopamine' and not type.str.match('^PAM') and superclass in ['cb_intrinsic','cb_sensory','cb_endocrine','cb_motor','visual_centrifugal','visual_projection','ol_intrinsic','descending_neuron']"
davie2018,Dopaminergic,PPL106,class,"Table S2 res2 cluster 42 'Dopaminergic' minus the PAM subcluster (= 'Fer2(-) neurons'); ple 3.35, DAT 3.33, Fer2 0.36; MaleCNS side = consensus nt dopamine, non-PAM, non-VNC (PPL1/PPL2/PPM/PAL and other DA types)",2,125,"query:nt == 'dopamine' and not type.str.match('^PAM') and superclass in ['cb_intrinsic','cb_sensory','cb_endocrine','cb_motor','visual_centrifugal','visual_projection','ol_intrinsic','descending_neuron']"
davie2018,Dopaminergic,PPL107,class,"Table S2 res2 cluster 42 'Dopaminergic' minus the PAM subcluster (= 'Fer2(-) neurons'); ple 3.35, DAT 3.33, Fer2 0.36; MaleCNS side = consensus nt dopamine, non-PAM, non-VNC (PPL1/PPL2/PPM/PAL and other DA types)",2,125,"query:nt == 'dopamine' and not type.str.match('^PAM') and superclass in ['cb_intrinsic','cb_sensory','cb_endocrine','cb_motor','visual_centrifugal','visual_projection','ol_intrinsic','descending_neuron']"
davie2018,Dopaminergic,PPL108,class,"Table S2 res2 cluster 42 'Dopaminergic' minus the PAM subcluster (= 'Fer2(-) neurons'); ple 3.35, DAT 3.33, Fer2 0.36; MaleCNS side = consensus nt dopamine, non-PAM, non-VNC (PPL1/PPL2/PPM/PAL and other DA types)",2,125,"query:nt == 'dopamine' and not type.str.match('^PAM') and superclass in ['cb_intrinsic','cb_sensory','cb_endocrine','cb_motor','visual_centrifugal','visual_projection','ol_intrinsic','descending_neuron']"
davie2018,Dopaminergic,PPL201,class,"Table S2 res2 cluster 42 'Dopaminergic' minus the PAM subcluster (= 'Fer2(-) neurons'); ple 3.35, DAT 3.33, Fer2 0.36; MaleCNS side = consensus nt dopamine, non-PAM, non-VNC (PPL1/PPL2/PPM/PAL and other DA types)",2,125,"query:nt == 'dopamine' and not type.str.match('^PAM') and superclass in ['cb_intrinsic','cb_sensory','cb_endocrine','cb_motor','visual_centrifugal','visual_projection','ol_intrinsic','descending_neuron']"
davie2018,Dopaminergic,PPL202,class,"Table S2 res2 cluster 42 'Dopaminergic' minus the PAM subcluster (= 'Fer2(-) neurons'); ple 3.35, DAT 3.33, Fer2 0.36; MaleCNS side = consensus nt dopamine, non-PAM, non-VNC (PPL1/PPL2/PPM/PAL and other DA types)",2,125,"query:nt == 'dopamine' and not type.str.match('^PAM') and superclass in ['cb_intrinsic','cb_sensory','cb_endocrine','cb_motor','visual_centrifugal','visual_projection','ol_intrinsic','descending_neuron']"
davie2018,Dopaminergic,PPL204,class,"Table S2 res2 cluster 42 'Dopaminergic' minus the PAM subcluster (= 'Fer2(-) neurons'); ple 3.35, DAT 3.33, Fer2 0.36; MaleCNS side = consensus nt dopamine, non-PAM, non-VNC (PPL1/PPL2/PPM/PAL and other DA types)",2,125,"query:nt == 'dopamine' and not type.str.match('^PAM') and superclass in ['cb_intrinsic','cb_sensory','cb_endocrine','cb_motor','visual_centrifugal','visual_projection','ol_intrinsic','descending_neuron']"
davie2018,Dopaminergic,PPM1201,class,"Table S2 res2 cluster 42 'Dopaminergic' minus the PAM subcluster (= 'Fer2(-) neurons'); ple 3.35, DAT 3.33, Fer2 0.36; MaleCNS side = consensus nt dopamine, non-PAM, non-VNC (PPL1/PPL2/PPM/PAL and other DA types)",4,125,"query:nt == 'dopamine' and not type.str.match('^PAM') and superclass in ['cb_intrinsic','cb_sensory','cb_endocrine','cb_motor','visual_centrifugal','visual_projection','ol_intrinsic','descending_neuron']"
davie2018,Dopaminergic,PPM1202,class,"Table S2 res2 cluster 42 'Dopaminergic' minus the PAM subcluster (= 'Fer2(-) neurons'); ple 3.35, DAT 3.33, Fer2 0.36; MaleCNS side = consensus nt dopamine, non-PAM, non-VNC (PPL1/PPL2/PPM/PAL and other DA types)",4,125,"query:nt == 'dopamine' and not type.str.match('^PAM') and superclass in ['cb_intrinsic','cb_sensory','cb_endocrine','cb_motor','visual_centrifugal','visual_projection','ol_intrinsic','descending_neuron']"
davie2018,Dopaminergic,PPM1203,class,"Table S2 res2 cluster 42 'Dopaminergic' minus the PAM subcluster (= 'Fer2(-) neurons'); ple 3.35, DAT 3.33, Fer2 0.36; MaleCNS side = consensus nt dopamine, non-PAM, non-VNC (PPL1/PPL2/PPM/PAL and other DA types)",2,125,"query:nt == 'dopamine' and not type.str.match('^PAM') and superclass in ['cb_intrinsic','cb_sensory','cb_endocrine','cb_motor','visual_centrifugal','visual_projection','ol_intrinsic','descending_neuron']"
davie2018,Dopaminergic,PPM1205,class,"Table S2 res2 cluster 42 'Dopaminergic' minus the PAM subcluster (= 'Fer2(-) neurons'); ple 3.35, DAT 3.33, Fer2 0.36; MaleCNS side = consensus nt dopamine, non-PAM, non-VNC (PPL1/PPL2/PPM/PAL and other DA types)",2,125,"query:nt == 'dopamine' and not type.str.match('^PAM') and superclass in ['cb_intrinsic','cb_sensory','cb_endocrine','cb_motor','visual_centrifugal','visual_projection','ol_intrinsic','descending_neuron']"
davie2018,Dopaminergic,SIP106m,class,"Table S2 res2 cluster 42 'Dopaminergic' minus the PAM subcluster (= 'Fer2(-) neurons'); ple 3.35, DAT 3.33, Fer2 0.36; MaleCNS side = consensus nt dopamine, non-PAM, non-VNC (PPL1/PPL2/PPM/PAL and other DA types)",2,125,"query:nt == 'dopamine' and not type.str.match('^PAM') and superclass in ['cb_intrinsic','cb_sensory','cb_endocrine','cb_motor','visual_centrifugal','visual_projection','ol_intrinsic','descending_neuron']"
davie2018,Serotonergic,5-HTPMPD01,class,"Table S2 res2 cluster 38 'Serotonergic' (Couch 2004); SerT 1.26, Trh 1.80; MaleCNS side = consensus nt serotonin, non-VNC (NT-defined class, not a type match)",2,391,"query:nt == 'serotonin' and superclass in ['cb_intrinsic','cb_sensory','cb_endocrine','cb_motor','visual_centrifugal','visual_projection','ol_intrinsic','descending_neuron']"
davie2018,Serotonergic,5-HTPMPV01,class,"Table S2 res2 cluster 38 'Serotonergic' (Couch 2004); SerT 1.26, Trh 1.80; MaleCNS side = consensus nt serotonin, non-VNC (NT-defined class, not a type match)",2,391,"query:nt == 'serotonin' and superclass in ['cb_intrinsic','cb_sensory','cb_endocrine','cb_motor','visual_centrifugal','visual_projection','ol_intrinsic','descending_neuron']"
davie2018,Serotonergic,5-HTPMPV03,class,"Table S2 res2 cluster 38 'Serotonergic' (Couch 2004); SerT 1.26, Trh 1.80; MaleCNS side = consensus nt serotonin, non-VNC (NT-defined class, not a type match)",2,391,"query:nt == 'serotonin' and superclass in ['cb_intrinsic','cb_sensory','cb_endocrine','cb_motor','visual_centrifugal','visual_projection','ol_intrinsic','descending_neuron']"
davie2018,Serotonergic,ATL032,class,"Table S2 res2 cluster 38 'Serotonergic' (Couch 2004); SerT 1.26, Trh 1.80; MaleCNS side = consensus nt serotonin, non-VNC (NT-defined class, not a type match)",2,391,"query:nt == 'serotonin' and superclass in ['cb_intrinsic','cb_sensory','cb_endocrine','cb_motor','visual_centrifugal','visual_projection','ol_intrinsic','descending_neuron']"
davie2018,Serotonergic,ATL042,class,"Table S2 res2 cluster 38 'Serotonergic' (Couch 2004); SerT 1.26, Trh 1.80; MaleCNS side = consensus nt serotonin, non-VNC (NT-defined class, not a type match)",2,391,"query:nt == 'serotonin' and superclass in ['cb_intrinsic','cb_sensory','cb_endocrine','cb_motor','visual_centrifugal','visual_projection','ol_intrinsic','descending_neuron']"
davie2018,Serotonergic,AVLP532,class,"Table S2 res2 cluster 38 'Serotonergic' (Couch 2004); SerT 1.26, Trh 1.80; MaleCNS side = consensus nt serotonin, non-VNC (NT-defined class, not a type match)",2,391,"query:nt == 'serotonin' and superclass in ['cb_intrinsic','cb_sensory','cb_endocrine','cb_motor','visual_centrifugal','visual_projection','ol_intrinsic','descending_neuron']"
davie2018,Serotonergic,CB1009,class,"Table S2 res2 cluster 38 'Serotonergic' (Couch 2004); SerT 1.26, Trh 1.80; MaleCNS side = consensus nt serotonin, non-VNC (NT-defined class, not a type match)",2,391,"query:nt == 'serotonin' and superclass in ['cb_intrinsic','cb_sensory','cb_endocrine','cb_motor','visual_centrifugal','visual_projection','ol_intrinsic','descending_neuron']"
davie2018,Serotonergic,CB1026,class,"Table S2 res2 cluster 38 'Serotonergic' (Couch 2004); SerT 1.26, Trh 1.80; MaleCNS side = consensus nt serotonin, non-VNC (NT-defined class, not a type match)",10,391,"query:nt == 'serotonin' and superclass in ['cb_intrinsic','cb_sensory','cb_endocrine','cb_motor','visual_centrifugal','visual_projection','ol_intrinsic','descending_neuron']"
davie2018,Serotonergic,CB4246,class,"Table S2 res2 cluster 38 'Serotonergic' (Couch 2004); SerT 1.26, Trh 1.80; MaleCNS side = consensus nt serotonin, non-VNC (NT-defined class, not a type match)",2,391,"query:nt == 'serotonin' and superclass in ['cb_intrinsic','cb_sensory','cb_endocrine','cb_motor','visual_centrifugal','visual_projection','ol_intrinsic','descending_neuron']"
davie2018,Serotonergic,CL344_a,class,"Table S2 res2 cluster 38 'Serotonergic' (Couch 2004); SerT 1.26, Trh 1.80; MaleCNS side = consensus nt serotonin, non-VNC (NT-defined class, not a type match)",2,391,"query:nt == 'serotonin' and superclass in ['cb_intrinsic','cb_sensory','cb_endocrine','cb_motor','visual_centrifugal','visual_projection','ol_intrinsic','descending_neuron']"
davie2018,Serotonergic,CL357,class,"Table S2 res2 cluster 38 'Serotonergic' (Couch 2004); SerT 1.26, Trh 1.80; MaleCNS side = consensus nt serotonin, non-VNC (NT-defined class, not a type match)",2,391,"query:nt == 'serotonin' and superclass in ['cb_intrinsic','cb_sensory','cb_endocrine','cb_motor','visual_centrifugal','visual_projection','ol_intrinsic','descending_neuron']"
davie2018,Serotonergic,CL360,class,"Table S2 res2 cluster 38 'Serotonergic' (Couch 2004); SerT 1.26, Trh 1.80; MaleCNS side = consensus nt serotonin, non-VNC (NT-defined class, not a type match)",2,391,"query:nt == 'serotonin' and superclass in ['cb_intrinsic','cb_sensory','cb_endocrine','cb_motor','visual_centrifugal','visual_projection','ol_intrinsic','descending_neuron']"
davie2018,Serotonergic,CL365,class,"Table S2 res2 cluster 38 'Serotonergic' (Couch 2004); SerT 1.26, Trh 1.80; MaleCNS side = consensus nt serotonin, non-VNC (NT-defined class, not a type match)",4,391,"query:nt == 'serotonin' and superclass in ['cb_intrinsic','cb_sensory','cb_endocrine','cb_motor','visual_centrifugal','visual_projection','ol_intrinsic','descending_neuron']"
davie2018,Serotonergic,CRZ01,class,"Table S2 res2 cluster 38 'Serotonergic' (Couch 2004); SerT 1.26, Trh 1.80; MaleCNS side = consensus nt serotonin, non-VNC (NT-defined class, not a type match)",2,391,"query:nt == 'serotonin' and superclass in ['cb_intrinsic','cb_sensory','cb_endocrine','cb_motor','visual_centrifugal','visual_projection','ol_intrinsic','descending_neuron']"
davie2018,Serotonergic,CRZ02,class,"Table S2 res2 cluster 38 'Serotonergic' (Couch 2004); SerT 1.26, Trh 1.80; MaleCNS side = consensus nt serotonin, non-VNC (NT-defined class, not a type match)",2,391,"query:nt == 'serotonin' and superclass in ['cb_intrinsic','cb_sensory','cb_endocrine','cb_motor','visual_centrifugal','visual_projection','ol_intrinsic','descending_neuron']"
davie2018,Serotonergic,CSD,class,"Table S2 res2 cluster 38 'Serotonergic' (Couch 2004); SerT 1.26, Trh 1.80; MaleCNS side = consensus nt serotonin, non-VNC (NT-defined class, not a type match)",2,391,"query:nt == 'serotonin' and superclass in ['cb_intrinsic','cb_sensory','cb_endocrine','cb_motor','visual_centrifugal','visual_projection','ol_intrinsic','descending_neuron']"
davie2018,Serotonergic,DNg26,class,"Table S2 res2 cluster 38 'Serotonergic' (Couch 2004); SerT 1.26, Trh 1.80; MaleCNS side = consensus nt serotonin, non-VNC (NT-defined class, not a type match)",4,391,"query:nt == 'serotonin' and superclass in ['cb_intrinsic','cb_sensory','cb_endocrine','cb_motor','visual_centrifugal','visual_projection','ol_intrinsic','descending_neuron']"
davie2018,Serotonergic,DNg30,class,"Table S2 res2 cluster 38 'Serotonergic' (Couch 2004); SerT 1.26, Trh 1.80; MaleCNS side = consensus nt serotonin, non-VNC (NT-defined class, not a type match)",2,391,"query:nt == 'serotonin' and superclass in ['cb_intrinsic','cb_sensory','cb_endocrine','cb_motor','visual_centrifugal','visual_projection','ol_intrinsic','descending_neuron']"
davie2018,Serotonergic,DNp29,class,"Table S2 res2 cluster 38 'Serotonergic' (Couch 2004); SerT 1.26, Trh 1.80; MaleCNS side = consensus nt serotonin, non-VNC (NT-defined class, not a type match)",2,391,"query:nt == 'serotonin' and superclass in ['cb_intrinsic','cb_sensory','cb_endocrine','cb_motor','visual_centrifugal','visual_projection','ol_intrinsic','descending_neuron']"
davie2018,Serotonergic,DNp32,class,"Table S2 res2 cluster 38 'Serotonergic' (Couch 2004); SerT 1.26, Trh 1.80; MaleCNS side = consensus nt serotonin, non-VNC (NT-defined class, not a type match)",2,391,"query:nt == 'serotonin' and superclass in ['cb_intrinsic','cb_sensory','cb_endocrine','cb_motor','visual_centrifugal','visual_projection','ol_intrinsic','descending_neuron']"
davie2018,Serotonergic,DNpe048,class,"Table S2 res2 cluster 38 'Serotonergic' (Couch 2004); SerT 1.26, Trh 1.80; MaleCNS side = consensus nt serotonin, non-VNC (NT-defined class, not a type match)",2,391,"query:nt == 'serotonin' and superclass in ['cb_intrinsic','cb_sensory','cb_endocrine','cb_motor','visual_centrifugal','visual_projection','ol_intrinsic','descending_neuron']"
davie2018,Serotonergic,DSKMP3,class,"Table S2 res2 cluster 38 'Serotonergic' (Couch 2004); SerT 1.26, Trh 1.80; MaleCNS side = consensus nt serotonin, non-VNC (NT-defined class, not a type match)",4,391,"query:nt == 'serotonin' and superclass in ['cb_intrinsic','cb_sensory','cb_endocrine','cb_motor','visual_centrifugal','visual_projection','ol_intrinsic','descending_neuron']"
davie2018,Serotonergic,ENS4,class,"Table S2 res2 cluster 38 'Serotonergic' (Couch 2004); SerT 1.26, Trh 1.80; MaleCNS side = consensus nt serotonin, non-VNC (NT-defined class, not a type match)",5,391,"query:nt == 'serotonin' and superclass in ['cb_intrinsic','cb_sensory','cb_endocrine','cb_motor','visual_centrifugal','visual_projection','ol_intrinsic','descending_neuron']"
davie2018,Serotonergic,ENS5,class,"Table S2 res2 cluster 38 'Serotonergic' (Couch 2004); SerT 1.26, Trh 1.80; MaleCNS side = consensus nt serotonin, non-VNC (NT-defined class, not a type match)",6,391,"query:nt == 'serotonin' and superclass in ['cb_intrinsic','cb_sensory','cb_endocrine','cb_motor','visual_centrifugal','visual_projection','ol_intrinsic','descending_neuron']"
davie2018,Serotonergic,ExR3,class,"Table S2 res2 cluster 38 'Serotonergic' (Couch 2004); SerT 1.26, Trh 1.80; MaleCNS side = consensus nt serotonin, non-VNC (NT-defined class, not a type match)",2,391,"query:nt == 'serotonin' and superclass in ['cb_intrinsic','cb_sensory','cb_endocrine','cb_motor','visual_centrifugal','visual_projection','ol_intrinsic','descending_neuron']"
davie2018,Serotonergic,FB4Y,class,"Table S2 res2 cluster 38 'Serotonergic' (Couch 2004); SerT 1.26, Trh 1.80; MaleCNS side = consensus nt serotonin, non-VNC (NT-defined class, not a type match)",4,391,"query:nt == 'serotonin' and superclass in ['cb_intrinsic','cb_sensory','cb_endocrine','cb_motor','visual_centrifugal','visual_projection','ol_intrinsic','descending_neuron']"
davie2018,Serotonergic,FLA006m,class,"Table S2 res2 cluster 38 'Serotonergic' (Couch 2004); SerT 1.26, Trh 1.80; MaleCNS side = consensus nt serotonin, non-VNC (NT-defined class, not a type match)",6,391,"query:nt == 'serotonin' and superclass in ['cb_intrinsic','cb_sensory','cb_endocrine','cb_motor','visual_centrifugal','visual_projection','ol_intrinsic','descending_neuron']"
davie2018,Serotonergic,GNG002,class,"Table S2 res2 cluster 38 'Serotonergic' (Couch 2004); SerT 1.26, Trh 1.80; MaleCNS side = consensus nt serotonin, non-VNC (NT-defined class, not a type match)",1,391,"query:nt == 'serotonin' and superclass in ['cb_intrinsic','cb_sensory','cb_endocrine','cb_motor','visual_centrifugal','visual_projection','ol_intrinsic','descending_neuron']"
davie2018,Serotonergic,GNG056,class,"Table S2 res2 cluster 38 'Serotonergic' (Couch 2004); SerT 1.26, Trh 1.80; MaleCNS side = consensus nt serotonin, non-VNC (NT-defined class, not a type match)",2,391,"query:nt == 'serotonin' and superclass in ['cb_intrinsic','cb_sensory','cb_endocrine','cb_motor','visual_centrifugal','visual_projection','ol_intrinsic','descending_neuron']"
davie2018,Serotonergic,GNG067,class,"Table S2 res2 cluster 38 'Serotonergic' (Couch 2004); SerT 1.26, Trh 1.80; MaleCNS side = consensus nt serotonin, non-VNC (NT-defined class, not a type match)",2,391,"query:nt == 'serotonin' and superclass in ['cb_intrinsic','cb_sensory','cb_endocrine','cb_motor','visual_centrifugal','visual_projection','ol_intrinsic','descending_neuron']"
davie2018,Serotonergic,GNG101,class,"Table S2 res2 cluster 38 'Serotonergic' (Couch 2004); SerT 1.26, Trh 1.80; MaleCNS side = consensus nt serotonin, non-VNC (NT-defined class, not a type match)",2,391,"query:nt == 'serotonin' and superclass in ['cb_intrinsic','cb_sensory','cb_endocrine','cb_motor','visual_centrifugal','visual_projection','ol_intrinsic','descending_neuron']"
davie2018,Serotonergic,GNG137,class,"Table S2 res2 cluster 38 'Serotonergic' (Couch 2004); SerT 1.26, Trh 1.80; MaleCNS side = consensus nt serotonin, non-VNC (NT-defined class, not a type match)",2,391,"query:nt == 'serotonin' and superclass in ['cb_intrinsic','cb_sensory','cb_endocrine','cb_motor','visual_centrifugal','visual_projection','ol_intrinsic','descending_neuron']"
davie2018,Serotonergic,GNG190,class,"Table S2 res2 cluster 38 'Serotonergic' (Couch 2004); SerT 1.26, Trh 1.80; MaleCNS side = consensus nt serotonin, non-VNC (NT-defined class, not a type match)",2,391,"query:nt == 'serotonin' and superclass in ['cb_intrinsic','cb_sensory','cb_endocrine','cb_motor','visual_centrifugal','visual_projection','ol_intrinsic','descending_neuron']"
davie2018,Serotonergic,GNG540,class,"Table S2 res2 cluster 38 'Serotonergic' (Couch 2004); SerT 1.26, Trh 1.80; MaleCNS side = consensus nt serotonin, non-VNC (NT-defined class, not a type match)",2,391,"query:nt == 'serotonin' and superclass in ['cb_intrinsic','cb_sensory','cb_endocrine','cb_motor','visual_centrifugal','visual_projection','ol_intrinsic','descending_neuron']"
davie2018,Serotonergic,GNG550,class,"Table S2 res2 cluster 38 'Serotonergic' (Couch 2004); SerT 1.26, Trh 1.80; MaleCNS side = consensus nt serotonin, non-VNC (NT-defined class, not a type match)",2,391,"query:nt == 'serotonin' and superclass in ['cb_intrinsic','cb_sensory','cb_endocrine','cb_motor','visual_centrifugal','visual_projection','ol_intrinsic','descending_neuron']"
davie2018,Serotonergic,GNG572,class,"Table S2 res2 cluster 38 'Serotonergic' (Couch 2004); SerT 1.26, Trh 1.80; MaleCNS side = consensus nt serotonin, non-VNC (NT-defined class, not a type match)",3,391,"query:nt == 'serotonin' and superclass in ['cb_intrinsic','cb_sensory','cb_endocrine','cb_motor','visual_centrifugal','visual_projection','ol_intrinsic','descending_neuron']"
davie2018,Serotonergic,GNG642,class,"Table S2 res2 cluster 38 'Serotonergic' (Couch 2004); SerT 1.26, Trh 1.80; MaleCNS side = consensus nt serotonin, non-VNC (NT-defined class, not a type match)",2,391,"query:nt == 'serotonin' and superclass in ['cb_intrinsic','cb_sensory','cb_endocrine','cb_motor','visual_centrifugal','visual_projection','ol_intrinsic','descending_neuron']"
davie2018,Serotonergic,GNG644,class,"Table S2 res2 cluster 38 'Serotonergic' (Couch 2004); SerT 1.26, Trh 1.80; MaleCNS side = consensus nt serotonin, non-VNC (NT-defined class, not a type match)",2,391,"query:nt == 'serotonin' and superclass in ['cb_intrinsic','cb_sensory','cb_endocrine','cb_motor','visual_centrifugal','visual_projection','ol_intrinsic','descending_neuron']"
davie2018,Serotonergic,GNG655,class,"Table S2 res2 cluster 38 'Serotonergic' (Couch 2004); SerT 1.26, Trh 1.80; MaleCNS side = consensus nt serotonin, non-VNC (NT-defined class, not a type match)",2,391,"query:nt == 'serotonin' and superclass in ['cb_intrinsic','cb_sensory','cb_endocrine','cb_motor','visual_centrifugal','visual_projection','ol_intrinsic','descending_neuron']"
davie2018,Serotonergic,IB118,class,"Table S2 res2 cluster 38 'Serotonergic' (Couch 2004); SerT 1.26, Trh 1.80; MaleCNS side = consensus nt serotonin, non-VNC (NT-defined class, not a type match)",2,391,"query:nt == 'serotonin' and superclass in ['cb_intrinsic','cb_sensory','cb_endocrine','cb_motor','visual_centrifugal','visual_projection','ol_intrinsic','descending_neuron']"
davie2018,Serotonergic,LHPV6q1,class,"Table S2 res2 cluster 38 'Serotonergic' (Couch 2004); SerT 1.26, Trh 1.80; MaleCNS side = consensus nt serotonin, non-VNC (NT-defined class, not a type match)",2,391,"query:nt == 'serotonin' and superclass in ['cb_intrinsic','cb_sensory','cb_endocrine','cb_motor','visual_centrifugal','visual_projection','ol_intrinsic','descending_neuron']"
davie2018,Serotonergic,MNx05,class,"Table S2 res2 cluster 38 'Serotonergic' (Couch 2004); SerT 1.26, Trh 1.80; MaleCNS side = consensus nt serotonin, non-VNC (NT-defined class, not a type match)",2,391,"query:nt == 'serotonin' and superclass in ['cb_intrinsic','cb_sensory','cb_endocrine','cb_motor','visual_centrifugal','visual_projection','ol_intrinsic','descending_neuron']"
davie2018,Serotonergic,NPFL1-I,class,"Table S2 res2 cluster 38 'Serotonergic' (Couch 2004); SerT 1.26, Trh 1.80; MaleCNS side = consensus nt serotonin, non-VNC (NT-defined class, not a type match)",2,391,"query:nt == 'serotonin' and superclass in ['cb_intrinsic','cb_sensory','cb_endocrine','cb_motor','visual_centrifugal','visual_projection','ol_intrinsic','descending_neuron']"
davie2018,Serotonergic,OA-ASM3,class,"Table S2 res2 cluster 38 'Serotonergic' (Couch 2004); SerT 1.26, Trh 1.80; MaleCNS side = consensus nt serotonin, non-VNC (NT-defined class, not a type match)",2,391,"query:nt == 'serotonin' and superclass in ['cb_intrinsic','cb_sensory','cb_endocrine','cb_motor','visual_centrifugal','visual_projection','ol_intrinsic','descending_neuron']"
davie2018,Serotonergic,PFGs,class,"Table S2 res2 cluster 38 'Serotonergic' (Couch 2004); SerT 1.26, Trh 1.80; MaleCNS side = consensus nt serotonin, non-VNC (NT-defined class, not a type match)",18,391,"query:nt == 'serotonin' and superclass in ['cb_intrinsic','cb_sensory','cb_endocrine','cb_motor','visual_centrifugal','visual_projection','ol_intrinsic','descending_neuron']"
davie2018,Serotonergic,PFR_a,class,"Table S2 res2 cluster 38 'Serotonergic' (Couch 2004); SerT 1.26, Trh 1.80; MaleCNS side = consensus nt serotonin, non-VNC (NT-defined class, not a type match)",28,391,"query:nt == 'serotonin' and superclass in ['cb_intrinsic','cb_sensory','cb_endocrine','cb_motor','visual_centrifugal','visual_projection','ol_intrinsic','descending_neuron']"
davie2018,Serotonergic,PLP259,class,"Table S2 res2 cluster 38 'Serotonergic' (Couch 2004); SerT 1.26, Trh 1.80; MaleCNS side = consensus nt serotonin, non-VNC (NT-defined class, not a type match)",2,391,"query:nt == 'serotonin' and superclass in ['cb_intrinsic','cb_sensory','cb_endocrine','cb_motor','visual_centrifugal','visual_projection','ol_intrinsic','descending_neuron']"
davie2018,Serotonergic,PPL203,class,"Table S2 res2 cluster 38 'Serotonergic' (Couch 2004); SerT 1.26, Trh 1.80; MaleCNS side = consensus nt serotonin, non-VNC (NT-defined class, not a type match)",2,391,"query:nt == 'serotonin' and superclass in ['cb_intrinsic','cb_sensory','cb_endocrine','cb_motor','visual_centrifugal','visual_projection','ol_intrinsic','descending_neuron']"
davie2018,Serotonergic,PRW006,class,"Table S2 res2 cluster 38 'Serotonergic' (Couch 2004); SerT 1.26, Trh 1.80; MaleCNS side = consensus nt serotonin, non-VNC (NT-defined class, not a type match)",19,391,"query:nt == 'serotonin' and superclass in ['cb_intrinsic','cb_sensory','cb_endocrine','cb_motor','visual_centrifugal','visual_projection','ol_intrinsic','descending_neuron']"
davie2018,Serotonergic,PRW044,class,"Table S2 res2 cluster 38 'Serotonergic' (Couch 2004); SerT 1.26, Trh 1.80; MaleCNS side = consensus nt serotonin, non-VNC (NT-defined class, not a type match)",8,391,"query:nt == 'serotonin' and superclass in ['cb_intrinsic','cb_sensory','cb_endocrine','cb_motor','visual_centrifugal','visual_projection','ol_intrinsic','descending_neuron']"
davie2018,Serotonergic,PRW068,class,"Table S2 res2 cluster 38 'Serotonergic' (Couch 2004); SerT 1.26, Trh 1.80; MaleCNS side = consensus nt serotonin, non-VNC (NT-defined class, not a type match)",2,391,"query:nt == 'serotonin' and superclass in ['cb_intrinsic','cb_sensory','cb_endocrine','cb_motor','visual_centrifugal','visual_projection','ol_intrinsic','descending_neuron']"
davie2018,Serotonergic,SIP087,class,"Table S2 res2 cluster 38 'Serotonergic' (Couch 2004); SerT 1.26, Trh 1.80; MaleCNS side = consensus nt serotonin, non-VNC (NT-defined class, not a type match)",2,391,"query:nt == 'serotonin' and superclass in ['cb_intrinsic','cb_sensory','cb_endocrine','cb_motor','visual_centrifugal','visual_projection','ol_intrinsic','descending_neuron']"
davie2018,Serotonergic,SLP304,class,"Table S2 res2 cluster 38 'Serotonergic' (Couch 2004); SerT 1.26, Trh 1.80; MaleCNS side = consensus nt serotonin, non-VNC (NT-defined class, not a type match)",4,391,"query:nt == 'serotonin' and superclass in ['cb_intrinsic','cb_sensory','cb_endocrine','cb_motor','visual_centrifugal','visual_projection','ol_intrinsic','descending_neuron']"
davie2018,Serotonergic,SLP373,class,"Table S2 res2 cluster 38 'Serotonergic' (Couch 2004); SerT 1.26, Trh 1.80; MaleCNS side = consensus nt serotonin, non-VNC (NT-defined class, not a type match)",2,391,"query:nt == 'serotonin' and superclass in ['cb_intrinsic','cb_sensory','cb_endocrine','cb_motor','visual_centrifugal','visual_projection','ol_intrinsic','descending_neuron']"
davie2018,Serotonergic,SLP374,class,"Table S2 res2 cluster 38 'Serotonergic' (Couch 2004); SerT 1.26, Trh 1.80; MaleCNS side = consensus nt serotonin, non-VNC (NT-defined class, not a type match)",2,391,"query:nt == 'serotonin' and superclass in ['cb_intrinsic','cb_sensory','cb_endocrine','cb_motor','visual_centrifugal','visual_projection','ol_intrinsic','descending_neuron']"
davie2018,Serotonergic,SLP403,class,"Table S2 res2 cluster 38 'Serotonergic' (Couch 2004); SerT 1.26, Trh 1.80; MaleCNS side = consensus nt serotonin, non-VNC (NT-defined class, not a type match)",4,391,"query:nt == 'serotonin' and superclass in ['cb_intrinsic','cb_sensory','cb_endocrine','cb_motor','visual_centrifugal','visual_projection','ol_intrinsic','descending_neuron']"
davie2018,Serotonergic,SLP438,class,"Table S2 res2 cluster 38 'Serotonergic' (Couch 2004); SerT 1.26, Trh 1.80; MaleCNS side = consensus nt serotonin, non-VNC (NT-defined class, not a type match)",4,391,"query:nt == 'serotonin' and superclass in ['cb_intrinsic','cb_sensory','cb_endocrine','cb_motor','visual_centrifugal','visual_projection','ol_intrinsic','descending_neuron']"
davie2018,Serotonergic,SLP444,class,"Table S2 res2 cluster 38 'Serotonergic' (Couch 2004); SerT 1.26, Trh 1.80; MaleCNS side = consensus nt serotonin, non-VNC (NT-defined class, not a type match)",4,391,"query:nt == 'serotonin' and superclass in ['cb_intrinsic','cb_sensory','cb_endocrine','cb_motor','visual_centrifugal','visual_projection','ol_intrinsic','descending_neuron']"
davie2018,Serotonergic,SLP457,class,"Table S2 res2 cluster 38 'Serotonergic' (Couch 2004); SerT 1.26, Trh 1.80; MaleCNS side = consensus nt serotonin, non-VNC (NT-defined class, not a type match)",4,391,"query:nt == 'serotonin' and superclass in ['cb_intrinsic','cb_sensory','cb_endocrine','cb_motor','visual_centrifugal','visual_projection','ol_intrinsic','descending_neuron']"
davie2018,Serotonergic,SMP039,class,"Table S2 res2 cluster 38 'Serotonergic' (Couch 2004); SerT 1.26, Trh 1.80; MaleCNS side = consensus nt serotonin, non-VNC (NT-defined class, not a type match)",4,391,"query:nt == 'serotonin' and superclass in ['cb_intrinsic','cb_sensory','cb_endocrine','cb_motor','visual_centrifugal','visual_projection','ol_intrinsic','descending_neuron']"
davie2018,Serotonergic,SMP142,class,"Table S2 res2 cluster 38 'Serotonergic' (Couch 2004); SerT 1.26, Trh 1.80; MaleCNS side = consensus nt serotonin, non-VNC (NT-defined class, not a type match)",2,391,"query:nt == 'serotonin' and superclass in ['cb_intrinsic','cb_sensory','cb_endocrine','cb_motor','visual_centrifugal','visual_projection','ol_intrinsic','descending_neuron']"
davie2018,Serotonergic,SMP145,class,"Table S2 res2 cluster 38 'Serotonergic' (Couch 2004); SerT 1.26, Trh 1.80; MaleCNS side = consensus nt serotonin, non-VNC (NT-defined class, not a type match)",2,391,"query:nt == 'serotonin' and superclass in ['cb_intrinsic','cb_sensory','cb_endocrine','cb_motor','visual_centrifugal','visual_projection','ol_intrinsic','descending_neuron']"
davie2018,Serotonergic,SMP384,class,"Table S2 res2 cluster 38 'Serotonergic' (Couch 2004); SerT 1.26, Trh 1.80; MaleCNS side = consensus nt serotonin, non-VNC (NT-defined class, not a type match)",2,391,"query:nt == 'serotonin' and superclass in ['cb_intrinsic','cb_sensory','cb_endocrine','cb_motor','visual_centrifugal','visual_projection','ol_intrinsic','descending_neuron']"
davie2018,Serotonergic,SMP385,class,"Table S2 res2 cluster 38 'Serotonergic' (Couch 2004); SerT 1.26, Trh 1.80; MaleCNS side = consensus nt serotonin, non-VNC (NT-defined class, not a type match)",2,391,"query:nt == 'serotonin' and superclass in ['cb_intrinsic','cb_sensory','cb_endocrine','cb_motor','visual_centrifugal','visual_projection','ol_intrinsic','descending_neuron']"
davie2018,Serotonergic,SMP503,class,"Table S2 res2 cluster 38 'Serotonergic' (Couch 2004); SerT 1.26, Trh 1.80; MaleCNS side = consensus nt serotonin, non-VNC (NT-defined class, not a type match)",2,391,"query:nt == 'serotonin' and superclass in ['cb_intrinsic','cb_sensory','cb_endocrine','cb_motor','visual_centrifugal','visual_projection','ol_intrinsic','descending_neuron']"
davie2018,Serotonergic,SMP588,class,"Table S2 res2 cluster 38 'Serotonergic' (Couch 2004); SerT 1.26, Trh 1.80; MaleCNS side = consensus nt serotonin, non-VNC (NT-defined class, not a type match)",4,391,"query:nt == 'serotonin' and superclass in ['cb_intrinsic','cb_sensory','cb_endocrine','cb_motor','visual_centrifugal','visual_projection','ol_intrinsic','descending_neuron']"
davie2018,Serotonergic,SMP732,class,"Table S2 res2 cluster 38 'Serotonergic' (Couch 2004); SerT 1.26, Trh 1.80; MaleCNS side = consensus nt serotonin, non-VNC (NT-defined class, not a type match)",2,391,"query:nt == 'serotonin' and superclass in ['cb_intrinsic','cb_sensory','cb_endocrine','cb_motor','visual_centrifugal','visual_projection','ol_intrinsic','descending_neuron']"
davie2018,Serotonergic,SMP735,class,"Table S2 res2 cluster 38 'Serotonergic' (Couch 2004); SerT 1.26, Trh 1.80; MaleCNS side = consensus nt serotonin, non-VNC (NT-defined class, not a type match)",3,391,"query:nt == 'serotonin' and superclass in ['cb_intrinsic','cb_sensory','cb_endocrine','cb_motor','visual_centrifugal','visual_projection','ol_intrinsic','descending_neuron']"
davie2018,Serotonergic,SMP737,class,"Table S2 res2 cluster 38 'Serotonergic' (Couch 2004); SerT 1.26, Trh 1.80; MaleCNS side = consensus nt serotonin, non-VNC (NT-defined class, not a type match)",6,391,"query:nt == 'serotonin' and superclass in ['cb_intrinsic','cb_sensory','cb_endocrine','cb_motor','visual_centrifugal','visual_projection','ol_intrinsic','descending_neuron']"
davie2018,Serotonergic,SMP738,class,"Table S2 res2 cluster 38 'Serotonergic' (Couch 2004); SerT 1.26, Trh 1.80; MaleCNS side = consensus nt serotonin, non-VNC (NT-defined class, not a type match)",9,391,"query:nt == 'serotonin' and superclass in ['cb_intrinsic','cb_sensory','cb_endocrine','cb_motor','visual_centrifugal','visual_projection','ol_intrinsic','descending_neuron']"
davie2018,Serotonergic,SMP741,class,"Table S2 res2 cluster 38 'Serotonergic' (Couch 2004); SerT 1.26, Trh 1.80; MaleCNS side = consensus nt serotonin, non-VNC (NT-defined class, not a type match)",8,391,"query:nt == 'serotonin' and superclass in ['cb_intrinsic','cb_sensory','cb_endocrine','cb_motor','visual_centrifugal','visual_projection','ol_intrinsic','descending_neuron']"
davie2018,Serotonergic,SMP745,class,"Table S2 res2 cluster 38 'Serotonergic' (Couch 2004); SerT 1.26, Trh 1.80; MaleCNS side = consensus nt serotonin, non-VNC (NT-defined class, not a type match)",2,391,"query:nt == 'serotonin' and superclass in ['cb_intrinsic','cb_sensory','cb_endocrine','cb_motor','visual_centrifugal','visual_projection','ol_intrinsic','descending_neuron']"
davie2018,Serotonergic,aDT4,class,"Table S2 res2 cluster 38 'Serotonergic' (Couch 2004); SerT 1.26, Trh 1.80; MaleCNS side = consensus nt serotonin, non-VNC (NT-defined class, not a type match)",4,391,"query:nt == 'serotonin' and superclass in ['cb_intrinsic','cb_sensory','cb_endocrine','cb_motor','visual_centrifugal','visual_projection','ol_intrinsic','descending_neuron']"
davie2018,Serotonergic,aMe17a,class,"Table S2 res2 cluster 38 'Serotonergic' (Couch 2004); SerT 1.26, Trh 1.80; MaleCNS side = consensus nt serotonin, non-VNC (NT-defined class, not a type match)",2,391,"query:nt == 'serotonin' and superclass in ['cb_intrinsic','cb_sensory','cb_endocrine','cb_motor','visual_centrifugal','visual_projection','ol_intrinsic','descending_neuron']"
davie2018,Serotonergic,l-LNv,class,"Table S2 res2 cluster 38 'Serotonergic' (Couch 2004); SerT 1.26, Trh 1.80; MaleCNS side = consensus nt serotonin, non-VNC (NT-defined class, not a type match)",8,391,"query:nt == 'serotonin' and superclass in ['cb_intrinsic','cb_sensory','cb_endocrine','cb_motor','visual_centrifugal','visual_projection','ol_intrinsic','descending_neuron']"
davie2018,Octopaminergic,DNg104,class,"Table S2 subcluster of 64 'Octopaminergic' (Tdc2 2.45, Tbh 2.56); MaleCNS side = consensus nt octopamine, non-VNC (OA-VUMa/VPM/ASM/AL2i and others); NT-defined class",2,76,"query:nt == 'octopamine' and superclass in ['cb_intrinsic','cb_sensory','cb_endocrine','cb_motor','visual_centrifugal','visual_projection','ol_intrinsic','descending_neuron']"
davie2018,Octopaminergic,DNg34,class,"Table S2 subcluster of 64 'Octopaminergic' (Tdc2 2.45, Tbh 2.56); MaleCNS side = consensus nt octopamine, non-VNC (OA-VUMa/VPM/ASM/AL2i and others); NT-defined class",2,76,"query:nt == 'octopamine' and superclass in ['cb_intrinsic','cb_sensory','cb_endocrine','cb_motor','visual_centrifugal','visual_projection','ol_intrinsic','descending_neuron']"
davie2018,Octopaminergic,DNg66,class,"Table S2 subcluster of 64 'Octopaminergic' (Tdc2 2.45, Tbh 2.56); MaleCNS side = consensus nt octopamine, non-VNC (OA-VUMa/VPM/ASM/AL2i and others); NT-defined class",1,76,"query:nt == 'octopamine' and superclass in ['cb_intrinsic','cb_sensory','cb_endocrine','cb_motor','visual_centrifugal','visual_projection','ol_intrinsic','descending_neuron']"
davie2018,Octopaminergic,DNge138,class,"Table S2 subcluster of 64 'Octopaminergic' (Tdc2 2.45, Tbh 2.56); MaleCNS side = consensus nt octopamine, non-VNC (OA-VUMa/VPM/ASM/AL2i and others); NT-defined class",2,76,"query:nt == 'octopamine' and superclass in ['cb_intrinsic','cb_sensory','cb_endocrine','cb_motor','visual_centrifugal','visual_projection','ol_intrinsic','descending_neuron']"
davie2018,Octopaminergic,DNge149,class,"Table S2 subcluster of 64 'Octopaminergic' (Tdc2 2.45, Tbh 2.56); MaleCNS side = consensus nt octopamine, non-VNC (OA-VUMa/VPM/ASM/AL2i and others); NT-defined class",1,76,"query:nt == 'octopamine' and superclass in ['cb_intrinsic','cb_sensory','cb_endocrine','cb_motor','visual_centrifugal','visual_projection','ol_intrinsic','descending_neuron']"
davie2018,Octopaminergic,DNge150,class,"Table S2 subcluster of 64 'Octopaminergic' (Tdc2 2.45, Tbh 2.56); MaleCNS side = consensus nt octopamine, non-VNC (OA-VUMa/VPM/ASM/AL2i and others); NT-defined class",1,76,"query:nt == 'octopamine' and superclass in ['cb_intrinsic','cb_sensory','cb_endocrine','cb_motor','visual_centrifugal','visual_projection','ol_intrinsic','descending_neuron']"
davie2018,Octopaminergic,DNge151,class,"Table S2 subcluster of 64 'Octopaminergic' (Tdc2 2.45, Tbh 2.56); MaleCNS side = consensus nt octopamine, non-VNC (OA-VUMa/VPM/ASM/AL2i and others); NT-defined class",1,76,"query:nt == 'octopamine' and superclass in ['cb_intrinsic','cb_sensory','cb_endocrine','cb_motor','visual_centrifugal','visual_projection','ol_intrinsic','descending_neuron']"
davie2018,Octopaminergic,DNge152,class,"Table S2 subcluster of 64 'Octopaminergic' (Tdc2 2.45, Tbh 2.56); MaleCNS side = consensus nt octopamine, non-VNC (OA-VUMa/VPM/ASM/AL2i and others); NT-defined class",1,76,"query:nt == 'octopamine' and superclass in ['cb_intrinsic','cb_sensory','cb_endocrine','cb_motor','visual_centrifugal','visual_projection','ol_intrinsic','descending_neuron']"
davie2018,Octopaminergic,EL,class,"Table S2 subcluster of 64 'Octopaminergic' (Tdc2 2.45, Tbh 2.56); MaleCNS side = consensus nt octopamine, non-VNC (OA-VUMa/VPM/ASM/AL2i and others); NT-defined class",18,76,"query:nt == 'octopamine' and superclass in ['cb_intrinsic','cb_sensory','cb_endocrine','cb_motor','visual_centrifugal','visual_projection','ol_intrinsic','descending_neuron']"
davie2018,Octopaminergic,GNG629,class,"Table S2 subcluster of 64 'Octopaminergic' (Tdc2 2.45, Tbh 2.56); MaleCNS side = consensus nt octopamine, non-VNC (OA-VUMa/VPM/ASM/AL2i and others); NT-defined class",2,76,"query:nt == 'octopamine' and superclass in ['cb_intrinsic','cb_sensory','cb_endocrine','cb_motor','visual_centrifugal','visual_projection','ol_intrinsic','descending_neuron']"
davie2018,Octopaminergic,LB2b,class,"Table S2 subcluster of 64 'Octopaminergic' (Tdc2 2.45, Tbh 2.56); MaleCNS side = consensus nt octopamine, non-VNC (OA-VUMa/VPM/ASM/AL2i and others); NT-defined class",3,76,"query:nt == 'octopamine' and superclass in ['cb_intrinsic','cb_sensory','cb_endocrine','cb_motor','visual_centrifugal','visual_projection','ol_intrinsic','descending_neuron']"
davie2018,Octopaminergic,Lat3,class,"Table S2 subcluster of 64 'Octopaminergic' (Tdc2 2.45, Tbh 2.56); MaleCNS side = consensus nt octopamine, non-VNC (OA-VUMa/VPM/ASM/AL2i and others); NT-defined class",8,76,"query:nt == 'octopamine' and superclass in ['cb_intrinsic','cb_sensory','cb_endocrine','cb_motor','visual_centrifugal','visual_projection','ol_intrinsic','descending_neuron']"
davie2018,Octopaminergic,LoVCLo3,class,"Table S2 subcluster of 64 'Octopaminergic' (Tdc2 2.45, Tbh 2.56); MaleCNS side = consensus nt octopamine, non-VNC (OA-VUMa/VPM/ASM/AL2i and others); NT-defined class",2,76,"query:nt == 'octopamine' and superclass in ['cb_intrinsic','cb_sensory','cb_endocrine','cb_motor','visual_centrifugal','visual_projection','ol_intrinsic','descending_neuron']"
davie2018,Octopaminergic,OA-AL2i1,class,"Table S2 subcluster of 64 'Octopaminergic' (Tdc2 2.45, Tbh 2.56); MaleCNS side = consensus nt octopamine, non-VNC (OA-VUMa/VPM/ASM/AL2i and others); NT-defined class",2,76,"query:nt == 'octopamine' and superclass in ['cb_intrinsic','cb_sensory','cb_endocrine','cb_motor','visual_centrifugal','visual_projection','ol_intrinsic','descending_neuron']"
davie2018,Octopaminergic,OA-AL2i2,class,"Table S2 subcluster of 64 'Octopaminergic' (Tdc2 2.45, Tbh 2.56); MaleCNS side = consensus nt octopamine, non-VNC (OA-VUMa/VPM/ASM/AL2i and others); NT-defined class",4,76,"query:nt == 'octopamine' and superclass in ['cb_intrinsic','cb_sensory','cb_endocrine','cb_motor','visual_centrifugal','visual_projection','ol_intrinsic','descending_neuron']"
davie2018,Octopaminergic,OA-AL2i3,class,"Table S2 subcluster of 64 'Octopaminergic' (Tdc2 2.45, Tbh 2.56); MaleCNS side = consensus nt octopamine, non-VNC (OA-VUMa/VPM/ASM/AL2i and others); NT-defined class",4,76,"query:nt == 'octopamine' and superclass in ['cb_intrinsic','cb_sensory','cb_endocrine','cb_motor','visual_centrifugal','visual_projection','ol_intrinsic','descending_neuron']"
davie2018,Octopaminergic,OA-AL2i4,class,"Table S2 subcluster of 64 'Octopaminergic' (Tdc2 2.45, Tbh 2.56); MaleCNS side = consensus nt octopamine, non-VNC (OA-VUMa/VPM/ASM/AL2i and others); NT-defined class",2,76,"query:nt == 'octopamine' and superclass in ['cb_intrinsic','cb_sensory','cb_endocrine','cb_motor','visual_centrifugal','visual_projection','ol_intrinsic','descending_neuron']"
davie2018,Octopaminergic,OA-ASM1,class,"Table S2 subcluster of 64 'Octopaminergic' (Tdc2 2.45, Tbh 2.56); MaleCNS side = consensus nt octopamine, non-VNC (OA-VUMa/VPM/ASM/AL2i and others); NT-defined class",4,76,"query:nt == 'octopamine' and superclass in ['cb_intrinsic','cb_sensory','cb_endocrine','cb_motor','visual_centrifugal','visual_projection','ol_intrinsic','descending_neuron']"
davie2018,Octopaminergic,OA-VPM3,class,"Table S2 subcluster of 64 'Octopaminergic' (Tdc2 2.45, Tbh 2.56); MaleCNS side = consensus nt octopamine, non-VNC (OA-VUMa/VPM/ASM/AL2i and others); NT-defined class",2,76,"query:nt == 'octopamine' and superclass in ['cb_intrinsic','cb_sensory','cb_endocrine','cb_motor','visual_centrifugal','visual_projection','ol_intrinsic','descending_neuron']"
davie2018,Octopaminergic,OA-VPM4,class,"Table S2 subcluster of 64 'Octopaminergic' (Tdc2 2.45, Tbh 2.56); MaleCNS side = consensus nt octopamine, non-VNC (OA-VUMa/VPM/ASM/AL2i and others); NT-defined class",2,76,"query:nt == 'octopamine' and superclass in ['cb_intrinsic','cb_sensory','cb_endocrine','cb_motor','visual_centrifugal','visual_projection','ol_intrinsic','descending_neuron']"
davie2018,Octopaminergic,OA-VUMa1,class,"Table S2 subcluster of 64 'Octopaminergic' (Tdc2 2.45, Tbh 2.56); MaleCNS side = consensus nt octopamine, non-VNC (OA-VUMa/VPM/ASM/AL2i and others); NT-defined class",2,76,"query:nt == 'octopamine' and superclass in ['cb_intrinsic','cb_sensory','cb_endocrine','cb_motor','visual_centrifugal','visual_projection','ol_intrinsic','descending_neuron']"
davie2018,Octopaminergic,OA-VUMa2,class,"Table S2 subcluster of 64 'Octopaminergic' (Tdc2 2.45, Tbh 2.56); MaleCNS side = consensus nt octopamine, non-VNC (OA-VUMa/VPM/ASM/AL2i and others); NT-defined class",2,76,"query:nt == 'octopamine' and superclass in ['cb_intrinsic','cb_sensory','cb_endocrine','cb_motor','visual_centrifugal','visual_projection','ol_intrinsic','descending_neuron']"
davie2018,Octopaminergic,OA-VUMa3,class,"Table S2 subcluster of 64 'Octopaminergic' (Tdc2 2.45, Tbh 2.56); MaleCNS side = consensus nt octopamine, non-VNC (OA-VUMa/VPM/ASM/AL2i and others); NT-defined class",2,76,"query:nt == 'octopamine' and superclass in ['cb_intrinsic','cb_sensory','cb_endocrine','cb_motor','visual_centrifugal','visual_projection','ol_intrinsic','descending_neuron']"
davie2018,Octopaminergic,OA-VUMa4,class,"Table S2 subcluster of 64 'Octopaminergic' (Tdc2 2.45, Tbh 2.56); MaleCNS side = consensus nt octopamine, non-VNC (OA-VUMa/VPM/ASM/AL2i and others); NT-defined class",2,76,"query:nt == 'octopamine' and superclass in ['cb_intrinsic','cb_sensory','cb_endocrine','cb_motor','visual_centrifugal','visual_projection','ol_intrinsic','descending_neuron']"
davie2018,Octopaminergic,OA-VUMa5,class,"Table S2 subcluster of 64 'Octopaminergic' (Tdc2 2.45, Tbh 2.56); MaleCNS side = consensus nt octopamine, non-VNC (OA-VUMa/VPM/ASM/AL2i and others); NT-defined class",2,76,"query:nt == 'octopamine' and superclass in ['cb_intrinsic','cb_sensory','cb_endocrine','cb_motor','visual_centrifugal','visual_projection','ol_intrinsic','descending_neuron']"
davie2018,Octopaminergic,OA-VUMa6,class,"Table S2 subcluster of 64 'Octopaminergic' (Tdc2 2.45, Tbh 2.56); MaleCNS side = consensus nt octopamine, non-VNC (OA-VUMa/VPM/ASM/AL2i and others); NT-defined class",2,76,"query:nt == 'octopamine' and superclass in ['cb_intrinsic','cb_sensory','cb_endocrine','cb_motor','visual_centrifugal','visual_projection','ol_intrinsic','descending_neuron']"
davie2018,Octopaminergic,OA-VUMa8,class,"Table S2 subcluster of 64 'Octopaminergic' (Tdc2 2.45, Tbh 2.56); MaleCNS side = consensus nt octopamine, non-VNC (OA-VUMa/VPM/ASM/AL2i and others); NT-defined class",1,76,"query:nt == 'octopamine' and superclass in ['cb_intrinsic','cb_sensory','cb_endocrine','cb_motor','visual_centrifugal','visual_projection','ol_intrinsic','descending_neuron']"
davie2018,Tyraminergic,,unmatched,"Table S2 subcluster of 64 'Tyraminergic' (Tdc2 2.59, Tbh 0.11); MaleCNS has no tyramine NT label and no tyraminergic type names",0,122,
davie2018,Clock,s-LNv,class,"Table S2 res2 cluster 36 'Clock neurons' (Abruzzi 2017; Klarsfeld 2004; Park 2000); 389 cells is ~2-3x the ~150 canonical clock neurons, so the cluster is broader than the list; MaleCNS side = the 10 named clock types (no DN2/DN3 names exist in MaleCNS v1.0)",8,389,list:s-LNv|l-LNv|5thsLNv_LNd6|LNd_b|LNd_c|LPN_a|LPN_b|DN1a|DN1pA|DN1pB
davie2018,Clock,l-LNv,class,"Table S2 res2 cluster 36 'Clock neurons' (Abruzzi 2017; Klarsfeld 2004; Park 2000); 389 cells is ~2-3x the ~150 canonical clock neurons, so the cluster is broader than the list; MaleCNS side = the 10 named clock types (no DN2/DN3 names exist in MaleCNS v1.0)",8,389,list:s-LNv|l-LNv|5thsLNv_LNd6|LNd_b|LNd_c|LPN_a|LPN_b|DN1a|DN1pA|DN1pB
davie2018,Clock,5thsLNv_LNd6,class,"Table S2 res2 cluster 36 'Clock neurons' (Abruzzi 2017; Klarsfeld 2004; Park 2000); 389 cells is ~2-3x the ~150 canonical clock neurons, so the cluster is broader than the list; MaleCNS side = the 10 named clock types (no DN2/DN3 names exist in MaleCNS v1.0)",4,389,list:s-LNv|l-LNv|5thsLNv_LNd6|LNd_b|LNd_c|LPN_a|LPN_b|DN1a|DN1pA|DN1pB
davie2018,Clock,LNd_b,class,"Table S2 res2 cluster 36 'Clock neurons' (Abruzzi 2017; Klarsfeld 2004; Park 2000); 389 cells is ~2-3x the ~150 canonical clock neurons, so the cluster is broader than the list; MaleCNS side = the 10 named clock types (no DN2/DN3 names exist in MaleCNS v1.0)",4,389,list:s-LNv|l-LNv|5thsLNv_LNd6|LNd_b|LNd_c|LPN_a|LPN_b|DN1a|DN1pA|DN1pB
davie2018,Clock,LNd_c,class,"Table S2 res2 cluster 36 'Clock neurons' (Abruzzi 2017; Klarsfeld 2004; Park 2000); 389 cells is ~2-3x the ~150 canonical clock neurons, so the cluster is broader than the list; MaleCNS side = the 10 named clock types (no DN2/DN3 names exist in MaleCNS v1.0)",6,389,list:s-LNv|l-LNv|5thsLNv_LNd6|LNd_b|LNd_c|LPN_a|LPN_b|DN1a|DN1pA|DN1pB
davie2018,Clock,LPN_a,class,"Table S2 res2 cluster 36 'Clock neurons' (Abruzzi 2017; Klarsfeld 2004; Park 2000); 389 cells is ~2-3x the ~150 canonical clock neurons, so the cluster is broader than the list; MaleCNS side = the 10 named clock types (no DN2/DN3 names exist in MaleCNS v1.0)",4,389,list:s-LNv|l-LNv|5thsLNv_LNd6|LNd_b|LNd_c|LPN_a|LPN_b|DN1a|DN1pA|DN1pB
davie2018,Clock,LPN_b,class,"Table S2 res2 cluster 36 'Clock neurons' (Abruzzi 2017; Klarsfeld 2004; Park 2000); 389 cells is ~2-3x the ~150 canonical clock neurons, so the cluster is broader than the list; MaleCNS side = the 10 named clock types (no DN2/DN3 names exist in MaleCNS v1.0)",2,389,list:s-LNv|l-LNv|5thsLNv_LNd6|LNd_b|LNd_c|LPN_a|LPN_b|DN1a|DN1pA|DN1pB
davie2018,Clock,DN1a,class,"Table S2 res2 cluster 36 'Clock neurons' (Abruzzi 2017; Klarsfeld 2004; Park 2000); 389 cells is ~2-3x the ~150 canonical clock neurons, so the cluster is broader than the list; MaleCNS side = the 10 named clock types (no DN2/DN3 names exist in MaleCNS v1.0)",4,389,list:s-LNv|l-LNv|5thsLNv_LNd6|LNd_b|LNd_c|LPN_a|LPN_b|DN1a|DN1pA|DN1pB
davie2018,Clock,DN1pA,class,"Table S2 res2 cluster 36 'Clock neurons' (Abruzzi 2017; Klarsfeld 2004; Park 2000); 389 cells is ~2-3x the ~150 canonical clock neurons, so the cluster is broader than the list; MaleCNS side = the 10 named clock types (no DN2/DN3 names exist in MaleCNS v1.0)",8,389,list:s-LNv|l-LNv|5thsLNv_LNd6|LNd_b|LNd_c|LPN_a|LPN_b|DN1a|DN1pA|DN1pB
davie2018,Clock,DN1pB,class,"Table S2 res2 cluster 36 'Clock neurons' (Abruzzi 2017; Klarsfeld 2004; Park 2000); 389 cells is ~2-3x the ~150 canonical clock neurons, so the cluster is broader than the list; MaleCNS side = the 10 named clock types (no DN2/DN3 names exist in MaleCNS v1.0)",4,389,list:s-LNv|l-LNv|5thsLNv_LNd6|LNd_b|LNd_c|LPN_a|LPN_b|DN1a|DN1pA|DN1pB
davie2018,LNv,s-LNv,fuzzy,Table S2 sub-clustering 'LNv' (Pdf-expressing cells; Klarsfeld 2004); Pdf 6.29; rule = the two Pdf+ LNv types (5th s-LNv is Pdf-negative and excluded),8,41,list:s-LNv|l-LNv
davie2018,LNv,l-LNv,fuzzy,Table S2 sub-clustering 'LNv' (Pdf-expressing cells; Klarsfeld 2004); Pdf 6.29; rule = the two Pdf+ LNv types (5th s-LNv is Pdf-negative and excluded),8,41,list:s-LNv|l-LNv
davie2018,DN1,DN1a,fuzzy,"Table S2 res2 cluster 86 'DN1' (Abruzzi 2017; Kunst 2014); VGlut 5.01, Dh31 4.80 (DN1p are glutamatergic/Dh31+); rule ^DN1(a|pA|pB)",4,29,re:^DN1(a|pA|pB)$
davie2018,DN1,DN1pA,fuzzy,"Table S2 res2 cluster 86 'DN1' (Abruzzi 2017; Kunst 2014); VGlut 5.01, Dh31 4.80 (DN1p are glutamatergic/Dh31+); rule ^DN1(a|pA|pB)",8,29,re:^DN1(a|pA|pB)$
davie2018,DN1,DN1pB,fuzzy,"Table S2 res2 cluster 86 'DN1' (Abruzzi 2017; Kunst 2014); VGlut 5.01, Dh31 4.80 (DN1p are glutamatergic/Dh31+); rule ^DN1(a|pA|pB)",4,29,re:^DN1(a|pA|pB)$
davie2018,MBON,MBON01,class,Table S2 res2 cluster 57 'MBON' (mapping to Crocker 2016); MaleCNS class MBON,2,257,query:klass == 'MBON'
davie2018,MBON,MBON02,class,Table S2 res2 cluster 57 'MBON' (mapping to Crocker 2016); MaleCNS class MBON,2,257,query:klass == 'MBON'
davie2018,MBON,MBON03,class,Table S2 res2 cluster 57 'MBON' (mapping to Crocker 2016); MaleCNS class MBON,2,257,query:klass == 'MBON'
davie2018,MBON,MBON04,class,Table S2 res2 cluster 57 'MBON' (mapping to Crocker 2016); MaleCNS class MBON,2,257,query:klass == 'MBON'
davie2018,MBON,MBON05,class,Table S2 res2 cluster 57 'MBON' (mapping to Crocker 2016); MaleCNS class MBON,2,257,query:klass == 'MBON'
davie2018,MBON,MBON06,class,Table S2 res2 cluster 57 'MBON' (mapping to Crocker 2016); MaleCNS class MBON,2,257,query:klass == 'MBON'
davie2018,MBON,MBON07,class,Table S2 res2 cluster 57 'MBON' (mapping to Crocker 2016); MaleCNS class MBON,4,257,query:klass == 'MBON'
davie2018,MBON,MBON09,class,Table S2 res2 cluster 57 'MBON' (mapping to Crocker 2016); MaleCNS class MBON,4,257,query:klass == 'MBON'
davie2018,MBON,MBON10,class,Table S2 res2 cluster 57 'MBON' (mapping to Crocker 2016); MaleCNS class MBON,9,257,query:klass == 'MBON'
davie2018,MBON,MBON11,class,Table S2 res2 cluster 57 'MBON' (mapping to Crocker 2016); MaleCNS class MBON,2,257,query:klass == 'MBON'
davie2018,MBON,MBON12,class,Table S2 res2 cluster 57 'MBON' (mapping to Crocker 2016); MaleCNS class MBON,4,257,query:klass == 'MBON'
davie2018,MBON,MBON13,class,Table S2 res2 cluster 57 'MBON' (mapping to Crocker 2016); MaleCNS class MBON,2,257,query:klass == 'MBON'
davie2018,MBON,MBON14,class,Table S2 res2 cluster 57 'MBON' (mapping to Crocker 2016); MaleCNS class MBON,4,257,query:klass == 'MBON'
davie2018,MBON,MBON15,class,Table S2 res2 cluster 57 'MBON' (mapping to Crocker 2016); MaleCNS class MBON,4,257,query:klass == 'MBON'
davie2018,MBON,MBON15-like,class,Table S2 res2 cluster 57 'MBON' (mapping to Crocker 2016); MaleCNS class MBON,4,257,query:klass == 'MBON'
davie2018,MBON,MBON16,class,Table S2 res2 cluster 57 'MBON' (mapping to Crocker 2016); MaleCNS class MBON,2,257,query:klass == 'MBON'
davie2018,MBON,MBON17,class,Table S2 res2 cluster 57 'MBON' (mapping to Crocker 2016); MaleCNS class MBON,2,257,query:klass == 'MBON'
davie2018,MBON,MBON17-like,class,Table S2 res2 cluster 57 'MBON' (mapping to Crocker 2016); MaleCNS class MBON,2,257,query:klass == 'MBON'
davie2018,MBON,MBON18,class,Table S2 res2 cluster 57 'MBON' (mapping to Crocker 2016); MaleCNS class MBON,2,257,query:klass == 'MBON'
davie2018,MBON,MBON19,class,Table S2 res2 cluster 57 'MBON' (mapping to Crocker 2016); MaleCNS class MBON,4,257,query:klass == 'MBON'
davie2018,MBON,MBON20,class,Table S2 res2 cluster 57 'MBON' (mapping to Crocker 2016); MaleCNS class MBON,2,257,query:klass == 'MBON'
davie2018,MBON,MBON21,class,Table S2 res2 cluster 57 'MBON' (mapping to Crocker 2016); MaleCNS class MBON,2,257,query:klass == 'MBON'
davie2018,MBON,MBON22,class,Table S2 res2 cluster 57 'MBON' (mapping to Crocker 2016); MaleCNS class MBON,2,257,query:klass == 'MBON'
davie2018,MBON,MBON23,class,Table S2 res2 cluster 57 'MBON' (mapping to Crocker 2016); MaleCNS class MBON,2,257,query:klass == 'MBON'
davie2018,MBON,MBON24,class,Table S2 res2 cluster 57 'MBON' (mapping to Crocker 2016); MaleCNS class MBON,2,257,query:klass == 'MBON'
davie2018,MBON,MBON25,class,Table S2 res2 cluster 57 'MBON' (mapping to Crocker 2016); MaleCNS class MBON,2,257,query:klass == 'MBON'
davie2018,MBON,MBON25-like,class,Table S2 res2 cluster 57 'MBON' (mapping to Crocker 2016); MaleCNS class MBON,4,257,query:klass == 'MBON'
davie2018,MBON,MBON26,class,Table S2 res2 cluster 57 'MBON' (mapping to Crocker 2016); MaleCNS class MBON,2,257,query:klass == 'MBON'
davie2018,MBON,MBON27,class,Table S2 res2 cluster 57 'MBON' (mapping to Crocker 2016); MaleCNS class MBON,2,257,query:klass == 'MBON'
davie2018,MBON,MBON28,class,Table S2 res2 cluster 57 'MBON' (mapping to Crocker 2016); MaleCNS class MBON,2,257,query:klass == 'MBON'
davie2018,MBON,MBON29,class,Table S2 res2 cluster 57 'MBON' (mapping to Crocker 2016); MaleCNS class MBON,2,257,query:klass == 'MBON'
davie2018,MBON,MBON30,class,Table S2 res2 cluster 57 'MBON' (mapping to Crocker 2016); MaleCNS class MBON,2,257,query:klass == 'MBON'
davie2018,MBON,MBON31,class,Table S2 res2 cluster 57 'MBON' (mapping to Crocker 2016); MaleCNS class MBON,2,257,query:klass == 'MBON'
davie2018,MBON,MBON32,class,Table S2 res2 cluster 57 'MBON' (mapping to Crocker 2016); MaleCNS class MBON,2,257,query:klass == 'MBON'
davie2018,MBON,MBON33,class,Table S2 res2 cluster 57 'MBON' (mapping to Crocker 2016); MaleCNS class MBON,2,257,query:klass == 'MBON'
davie2018,MBON,MBON34,class,Table S2 res2 cluster 57 'MBON' (mapping to Crocker 2016); MaleCNS class MBON,2,257,query:klass == 'MBON'
davie2018,MBON,MBON35,class,Table S2 res2 cluster 57 'MBON' (mapping to Crocker 2016); MaleCNS class MBON,2,257,query:klass == 'MBON'
davie2018,Olfactory_projection_neurons,DA1_lPN,fuzzy,"Table S2 res2 cluster 27 'OPN: adPN and lPN' (Komiyama & Luo 2007; Li 2017); ChAT 1.60, acj6 0.09; rule = uniglomerular adPN/lPN types (_adPN$|_lPN$); vPN/ilPN/lvPN excluded",13,71,re:_(ad|l)PN$
davie2018,Olfactory_projection_neurons,DA2_lPN,fuzzy,"Table S2 res2 cluster 27 'OPN: adPN and lPN' (Komiyama & Luo 2007; Li 2017); ChAT 1.60, acj6 0.09; rule = uniglomerular adPN/lPN types (_adPN$|_lPN$); vPN/ilPN/lvPN excluded",10,71,re:_(ad|l)PN$
davie2018,Olfactory_projection_neurons,DA3_adPN,fuzzy,"Table S2 res2 cluster 27 'OPN: adPN and lPN' (Komiyama & Luo 2007; Li 2017); ChAT 1.60, acj6 0.09; rule = uniglomerular adPN/lPN types (_adPN$|_lPN$); vPN/ilPN/lvPN excluded",4,71,re:_(ad|l)PN$
davie2018,Olfactory_projection_neurons,DA4l_adPN,fuzzy,"Table S2 res2 cluster 27 'OPN: adPN and lPN' (Komiyama & Luo 2007; Li 2017); ChAT 1.60, acj6 0.09; rule = uniglomerular adPN/lPN types (_adPN$|_lPN$); vPN/ilPN/lvPN excluded",2,71,re:_(ad|l)PN$
davie2018,Olfactory_projection_neurons,DA4m_adPN,fuzzy,"Table S2 res2 cluster 27 'OPN: adPN and lPN' (Komiyama & Luo 2007; Li 2017); ChAT 1.60, acj6 0.09; rule = uniglomerular adPN/lPN types (_adPN$|_lPN$); vPN/ilPN/lvPN excluded",2,71,re:_(ad|l)PN$
davie2018,Olfactory_projection_neurons,DC1_adPN,fuzzy,"Table S2 res2 cluster 27 'OPN: adPN and lPN' (Komiyama & Luo 2007; Li 2017); ChAT 1.60, acj6 0.09; rule = uniglomerular adPN/lPN types (_adPN$|_lPN$); vPN/ilPN/lvPN excluded",2,71,re:_(ad|l)PN$
davie2018,Olfactory_projection_neurons,DC2_adPN,fuzzy,"Table S2 res2 cluster 27 'OPN: adPN and lPN' (Komiyama & Luo 2007; Li 2017); ChAT 1.60, acj6 0.09; rule = uniglomerular adPN/lPN types (_adPN$|_lPN$); vPN/ilPN/lvPN excluded",4,71,re:_(ad|l)PN$
davie2018,Olfactory_projection_neurons,DC3_adPN,fuzzy,"Table S2 res2 cluster 27 'OPN: adPN and lPN' (Komiyama & Luo 2007; Li 2017); ChAT 1.60, acj6 0.09; rule = uniglomerular adPN/lPN types (_adPN$|_lPN$); vPN/ilPN/lvPN excluded",6,71,re:_(ad|l)PN$
davie2018,Olfactory_projection_neurons,DC4_adPN,fuzzy,"Table S2 res2 cluster 27 'OPN: adPN and lPN' (Komiyama & Luo 2007; Li 2017); ChAT 1.60, acj6 0.09; rule = uniglomerular adPN/lPN types (_adPN$|_lPN$); vPN/ilPN/lvPN excluded",2,71,re:_(ad|l)PN$
davie2018,Olfactory_projection_neurons,DL1_adPN,fuzzy,"Table S2 res2 cluster 27 'OPN: adPN and lPN' (Komiyama & Luo 2007; Li 2017); ChAT 1.60, acj6 0.09; rule = uniglomerular adPN/lPN types (_adPN$|_lPN$); vPN/ilPN/lvPN excluded",4,71,re:_(ad|l)PN$
davie2018,Olfactory_projection_neurons,DL2d_adPN,fuzzy,"Table S2 res2 cluster 27 'OPN: adPN and lPN' (Komiyama & Luo 2007; Li 2017); ChAT 1.60, acj6 0.09; rule = uniglomerular adPN/lPN types (_adPN$|_lPN$); vPN/ilPN/lvPN excluded",9,71,re:_(ad|l)PN$
davie2018,Olfactory_projection_neurons,DL2v_adPN,fuzzy,"Table S2 res2 cluster 27 'OPN: adPN and lPN' (Komiyama & Luo 2007; Li 2017); ChAT 1.60, acj6 0.09; rule = uniglomerular adPN/lPN types (_adPN$|_lPN$); vPN/ilPN/lvPN excluded",8,71,re:_(ad|l)PN$
davie2018,Olfactory_projection_neurons,DL3_lPN,fuzzy,"Table S2 res2 cluster 27 'OPN: adPN and lPN' (Komiyama & Luo 2007; Li 2017); ChAT 1.60, acj6 0.09; rule = uniglomerular adPN/lPN types (_adPN$|_lPN$); vPN/ilPN/lvPN excluded",11,71,re:_(ad|l)PN$
davie2018,Olfactory_projection_neurons,DL4_adPN,fuzzy,"Table S2 res2 cluster 27 'OPN: adPN and lPN' (Komiyama & Luo 2007; Li 2017); ChAT 1.60, acj6 0.09; rule = uniglomerular adPN/lPN types (_adPN$|_lPN$); vPN/ilPN/lvPN excluded",2,71,re:_(ad|l)PN$
davie2018,Olfactory_projection_neurons,DL5_adPN,fuzzy,"Table S2 res2 cluster 27 'OPN: adPN and lPN' (Komiyama & Luo 2007; Li 2017); ChAT 1.60, acj6 0.09; rule = uniglomerular adPN/lPN types (_adPN$|_lPN$); vPN/ilPN/lvPN excluded",2,71,re:_(ad|l)PN$
davie2018,Olfactory_projection_neurons,DM1_lPN,fuzzy,"Table S2 res2 cluster 27 'OPN: adPN and lPN' (Komiyama & Luo 2007; Li 2017); ChAT 1.60, acj6 0.09; rule = uniglomerular adPN/lPN types (_adPN$|_lPN$); vPN/ilPN/lvPN excluded",2,71,re:_(ad|l)PN$
davie2018,Olfactory_projection_neurons,DM2_lPN,fuzzy,"Table S2 res2 cluster 27 'OPN: adPN and lPN' (Komiyama & Luo 2007; Li 2017); ChAT 1.60, acj6 0.09; rule = uniglomerular adPN/lPN types (_adPN$|_lPN$); vPN/ilPN/lvPN excluded",4,71,re:_(ad|l)PN$
davie2018,Olfactory_projection_neurons,DM3_adPN,fuzzy,"Table S2 res2 cluster 27 'OPN: adPN and lPN' (Komiyama & Luo 2007; Li 2017); ChAT 1.60, acj6 0.09; rule = uniglomerular adPN/lPN types (_adPN$|_lPN$); vPN/ilPN/lvPN excluded",2,71,re:_(ad|l)PN$
davie2018,Olfactory_projection_neurons,DM4_adPN,fuzzy,"Table S2 res2 cluster 27 'OPN: adPN and lPN' (Komiyama & Luo 2007; Li 2017); ChAT 1.60, acj6 0.09; rule = uniglomerular adPN/lPN types (_adPN$|_lPN$); vPN/ilPN/lvPN excluded",2,71,re:_(ad|l)PN$
davie2018,Olfactory_projection_neurons,DM5_lPN,fuzzy,"Table S2 res2 cluster 27 'OPN: adPN and lPN' (Komiyama & Luo 2007; Li 2017); ChAT 1.60, acj6 0.09; rule = uniglomerular adPN/lPN types (_adPN$|_lPN$); vPN/ilPN/lvPN excluded",7,71,re:_(ad|l)PN$
davie2018,Olfactory_projection_neurons,DM6_adPN,fuzzy,"Table S2 res2 cluster 27 'OPN: adPN and lPN' (Komiyama & Luo 2007; Li 2017); ChAT 1.60, acj6 0.09; rule = uniglomerular adPN/lPN types (_adPN$|_lPN$); vPN/ilPN/lvPN excluded",7,71,re:_(ad|l)PN$
davie2018,Olfactory_projection_neurons,DP1l_adPN,fuzzy,"Table S2 res2 cluster 27 'OPN: adPN and lPN' (Komiyama & Luo 2007; Li 2017); ChAT 1.60, acj6 0.09; rule = uniglomerular adPN/lPN types (_adPN$|_lPN$); vPN/ilPN/lvPN excluded",2,71,re:_(ad|l)PN$
davie2018,Olfactory_projection_neurons,DP1m_adPN,fuzzy,"Table S2 res2 cluster 27 'OPN: adPN and lPN' (Komiyama & Luo 2007; Li 2017); ChAT 1.60, acj6 0.09; rule = uniglomerular adPN/lPN types (_adPN$|_lPN$); vPN/ilPN/lvPN excluded",2,71,re:_(ad|l)PN$
davie2018,Olfactory_projection_neurons,D_adPN,fuzzy,"Table S2 res2 cluster 27 'OPN: adPN and lPN' (Komiyama & Luo 2007; Li 2017); ChAT 1.60, acj6 0.09; rule = uniglomerular adPN/lPN types (_adPN$|_lPN$); vPN/ilPN/lvPN excluded",6,71,re:_(ad|l)PN$
davie2018,Olfactory_projection_neurons,VA1d_adPN,fuzzy,"Table S2 res2 cluster 27 'OPN: adPN and lPN' (Komiyama & Luo 2007; Li 2017); ChAT 1.60, acj6 0.09; rule = uniglomerular adPN/lPN types (_adPN$|_lPN$); vPN/ilPN/lvPN excluded",6,71,re:_(ad|l)PN$
davie2018,Olfactory_projection_neurons,VA1v_adPN,fuzzy,"Table S2 res2 cluster 27 'OPN: adPN and lPN' (Komiyama & Luo 2007; Li 2017); ChAT 1.60, acj6 0.09; rule = uniglomerular adPN/lPN types (_adPN$|_lPN$); vPN/ilPN/lvPN excluded",8,71,re:_(ad|l)PN$
davie2018,Olfactory_projection_neurons,VA2_adPN,fuzzy,"Table S2 res2 cluster 27 'OPN: adPN and lPN' (Komiyama & Luo 2007; Li 2017); ChAT 1.60, acj6 0.09; rule = uniglomerular adPN/lPN types (_adPN$|_lPN$); vPN/ilPN/lvPN excluded",2,71,re:_(ad|l)PN$
davie2018,Olfactory_projection_neurons,VA3_adPN,fuzzy,"Table S2 res2 cluster 27 'OPN: adPN and lPN' (Komiyama & Luo 2007; Li 2017); ChAT 1.60, acj6 0.09; rule = uniglomerular adPN/lPN types (_adPN$|_lPN$); vPN/ilPN/lvPN excluded",4,71,re:_(ad|l)PN$
davie2018,Olfactory_projection_neurons,VA4_lPN,fuzzy,"Table S2 res2 cluster 27 'OPN: adPN and lPN' (Komiyama & Luo 2007; Li 2017); ChAT 1.60, acj6 0.09; rule = uniglomerular adPN/lPN types (_adPN$|_lPN$); vPN/ilPN/lvPN excluded",2,71,re:_(ad|l)PN$
davie2018,Olfactory_projection_neurons,VA5_lPN,fuzzy,"Table S2 res2 cluster 27 'OPN: adPN and lPN' (Komiyama & Luo 2007; Li 2017); ChAT 1.60, acj6 0.09; rule = uniglomerular adPN/lPN types (_adPN$|_lPN$); vPN/ilPN/lvPN excluded",6,71,re:_(ad|l)PN$
davie2018,Olfactory_projection_neurons,VA6_adPN,fuzzy,"Table S2 res2 cluster 27 'OPN: adPN and lPN' (Komiyama & Luo 2007; Li 2017); ChAT 1.60, acj6 0.09; rule = uniglomerular adPN/lPN types (_adPN$|_lPN$); vPN/ilPN/lvPN excluded",2,71,re:_(ad|l)PN$
davie2018,Olfactory_projection_neurons,VA7l_adPN,fuzzy,"Table S2 res2 cluster 27 'OPN: adPN and lPN' (Komiyama & Luo 2007; Li 2017); ChAT 1.60, acj6 0.09; rule = uniglomerular adPN/lPN types (_adPN$|_lPN$); vPN/ilPN/lvPN excluded",2,71,re:_(ad|l)PN$
davie2018,Olfactory_projection_neurons,VA7m_lPN,fuzzy,"Table S2 res2 cluster 27 'OPN: adPN and lPN' (Komiyama & Luo 2007; Li 2017); ChAT 1.60, acj6 0.09; rule = uniglomerular adPN/lPN types (_adPN$|_lPN$); vPN/ilPN/lvPN excluded",6,71,re:_(ad|l)PN$
davie2018,Olfactory_projection_neurons,VC1_lPN,fuzzy,"Table S2 res2 cluster 27 'OPN: adPN and lPN' (Komiyama & Luo 2007; Li 2017); ChAT 1.60, acj6 0.09; rule = uniglomerular adPN/lPN types (_adPN$|_lPN$); vPN/ilPN/lvPN excluded",2,71,re:_(ad|l)PN$
davie2018,Olfactory_projection_neurons,VC2_lPN,fuzzy,"Table S2 res2 cluster 27 'OPN: adPN and lPN' (Komiyama & Luo 2007; Li 2017); ChAT 1.60, acj6 0.09; rule = uniglomerular adPN/lPN types (_adPN$|_lPN$); vPN/ilPN/lvPN excluded",2,71,re:_(ad|l)PN$
davie2018,Olfactory_projection_neurons,VC3_adPN,fuzzy,"Table S2 res2 cluster 27 'OPN: adPN and lPN' (Komiyama & Luo 2007; Li 2017); ChAT 1.60, acj6 0.09; rule = uniglomerular adPN/lPN types (_adPN$|_lPN$); vPN/ilPN/lvPN excluded",7,71,re:_(ad|l)PN$
davie2018,Olfactory_projection_neurons,VC4_adPN,fuzzy,"Table S2 res2 cluster 27 'OPN: adPN and lPN' (Komiyama & Luo 2007; Li 2017); ChAT 1.60, acj6 0.09; rule = uniglomerular adPN/lPN types (_adPN$|_lPN$); vPN/ilPN/lvPN excluded",6,71,re:_(ad|l)PN$
davie2018,Olfactory_projection_neurons,VL2a_adPN,fuzzy,"Table S2 res2 cluster 27 'OPN: adPN and lPN' (Komiyama & Luo 2007; Li 2017); ChAT 1.60, acj6 0.09; rule = uniglomerular adPN/lPN types (_adPN$|_lPN$); vPN/ilPN/lvPN excluded",2,71,re:_(ad|l)PN$
davie2018,Olfactory_projection_neurons,VL2p_adPN,fuzzy,"Table S2 res2 cluster 27 'OPN: adPN and lPN' (Komiyama & Luo 2007; Li 2017); ChAT 1.60, acj6 0.09; rule = uniglomerular adPN/lPN types (_adPN$|_lPN$); vPN/ilPN/lvPN excluded",2,71,re:_(ad|l)PN$
davie2018,Olfactory_projection_neurons,VM1_lPN,fuzzy,"Table S2 res2 cluster 27 'OPN: adPN and lPN' (Komiyama & Luo 2007; Li 2017); ChAT 1.60, acj6 0.09; rule = uniglomerular adPN/lPN types (_adPN$|_lPN$); vPN/ilPN/lvPN excluded",2,71,re:_(ad|l)PN$
davie2018,Olfactory_projection_neurons,VM2_adPN,fuzzy,"Table S2 res2 cluster 27 'OPN: adPN and lPN' (Komiyama & Luo 2007; Li 2017); ChAT 1.60, acj6 0.09; rule = uniglomerular adPN/lPN types (_adPN$|_lPN$); vPN/ilPN/lvPN excluded",3,71,re:_(ad|l)PN$
davie2018,Olfactory_projection_neurons,VM3_adPN,fuzzy,"Table S2 res2 cluster 27 'OPN: adPN and lPN' (Komiyama & Luo 2007; Li 2017); ChAT 1.60, acj6 0.09; rule = uniglomerular adPN/lPN types (_adPN$|_lPN$); vPN/ilPN/lvPN excluded",4,71,re:_(ad|l)PN$
davie2018,Olfactory_projection_neurons,VM4_adPN,fuzzy,"Table S2 res2 cluster 27 'OPN: adPN and lPN' (Komiyama & Luo 2007; Li 2017); ChAT 1.60, acj6 0.09; rule = uniglomerular adPN/lPN types (_adPN$|_lPN$); vPN/ilPN/lvPN excluded",2,71,re:_(ad|l)PN$
davie2018,Olfactory_projection_neurons,VM5d_adPN,fuzzy,"Table S2 res2 cluster 27 'OPN: adPN and lPN' (Komiyama & Luo 2007; Li 2017); ChAT 1.60, acj6 0.09; rule = uniglomerular adPN/lPN types (_adPN$|_lPN$); vPN/ilPN/lvPN excluded",12,71,re:_(ad|l)PN$
davie2018,Olfactory_projection_neurons,VM5v_adPN,fuzzy,"Table S2 res2 cluster 27 'OPN: adPN and lPN' (Komiyama & Luo 2007; Li 2017); ChAT 1.60, acj6 0.09; rule = uniglomerular adPN/lPN types (_adPN$|_lPN$); vPN/ilPN/lvPN excluded",5,71,re:_(ad|l)PN$
davie2018,Olfactory_projection_neurons,VM6_adPN,fuzzy,"Table S2 res2 cluster 27 'OPN: adPN and lPN' (Komiyama & Luo 2007; Li 2017); ChAT 1.60, acj6 0.09; rule = uniglomerular adPN/lPN types (_adPN$|_lPN$); vPN/ilPN/lvPN excluded",2,71,re:_(ad|l)PN$
davie2018,Olfactory_projection_neurons,VM7d_adPN,fuzzy,"Table S2 res2 cluster 27 'OPN: adPN and lPN' (Komiyama & Luo 2007; Li 2017); ChAT 1.60, acj6 0.09; rule = uniglomerular adPN/lPN types (_adPN$|_lPN$); vPN/ilPN/lvPN excluded",7,71,re:_(ad|l)PN$
davie2018,Olfactory_projection_neurons,VM7v_adPN,fuzzy,"Table S2 res2 cluster 27 'OPN: adPN and lPN' (Komiyama & Luo 2007; Li 2017); ChAT 1.60, acj6 0.09; rule = uniglomerular adPN/lPN types (_adPN$|_lPN$); vPN/ilPN/lvPN excluded",3,71,re:_(ad|l)PN$
davie2018,Olfactory_projection_neurons,VP2+_adPN,fuzzy,"Table S2 res2 cluster 27 'OPN: adPN and lPN' (Komiyama & Luo 2007; Li 2017); ChAT 1.60, acj6 0.09; rule = uniglomerular adPN/lPN types (_adPN$|_lPN$); vPN/ilPN/lvPN excluded",2,71,re:_(ad|l)PN$
davie2018,Olfactory_projection_neurons,VP2_adPN,fuzzy,"Table S2 res2 cluster 27 'OPN: adPN and lPN' (Komiyama & Luo 2007; Li 2017); ChAT 1.60, acj6 0.09; rule = uniglomerular adPN/lPN types (_adPN$|_lPN$); vPN/ilPN/lvPN excluded",1,71,re:_(ad|l)PN$
davie2018,Olfactory_projection_neurons,VP5+Z_adPN,fuzzy,"Table S2 res2 cluster 27 'OPN: adPN and lPN' (Komiyama & Luo 2007; Li 2017); ChAT 1.60, acj6 0.09; rule = uniglomerular adPN/lPN types (_adPN$|_lPN$); vPN/ilPN/lvPN excluded",2,71,re:_(ad|l)PN$
davie2018,adPN,DA3_adPN,fuzzy,"Table S2 sub-clustering of 27, adPN lineage (Li 2017); acj6 1.41 (adPN marker); rule _adPN$; glomerulus not resolved",4,107,re:_adPN$
davie2018,adPN,DA4l_adPN,fuzzy,"Table S2 sub-clustering of 27, adPN lineage (Li 2017); acj6 1.41 (adPN marker); rule _adPN$; glomerulus not resolved",2,107,re:_adPN$
davie2018,adPN,DA4m_adPN,fuzzy,"Table S2 sub-clustering of 27, adPN lineage (Li 2017); acj6 1.41 (adPN marker); rule _adPN$; glomerulus not resolved",2,107,re:_adPN$
davie2018,adPN,DC1_adPN,fuzzy,"Table S2 sub-clustering of 27, adPN lineage (Li 2017); acj6 1.41 (adPN marker); rule _adPN$; glomerulus not resolved",2,107,re:_adPN$
davie2018,adPN,DC2_adPN,fuzzy,"Table S2 sub-clustering of 27, adPN lineage (Li 2017); acj6 1.41 (adPN marker); rule _adPN$; glomerulus not resolved",4,107,re:_adPN$
davie2018,adPN,DC3_adPN,fuzzy,"Table S2 sub-clustering of 27, adPN lineage (Li 2017); acj6 1.41 (adPN marker); rule _adPN$; glomerulus not resolved",6,107,re:_adPN$
davie2018,adPN,DC4_adPN,fuzzy,"Table S2 sub-clustering of 27, adPN lineage (Li 2017); acj6 1.41 (adPN marker); rule _adPN$; glomerulus not resolved",2,107,re:_adPN$
davie2018,adPN,DL1_adPN,fuzzy,"Table S2 sub-clustering of 27, adPN lineage (Li 2017); acj6 1.41 (adPN marker); rule _adPN$; glomerulus not resolved",4,107,re:_adPN$
davie2018,adPN,DL2d_adPN,fuzzy,"Table S2 sub-clustering of 27, adPN lineage (Li 2017); acj6 1.41 (adPN marker); rule _adPN$; glomerulus not resolved",9,107,re:_adPN$
davie2018,adPN,DL2v_adPN,fuzzy,"Table S2 sub-clustering of 27, adPN lineage (Li 2017); acj6 1.41 (adPN marker); rule _adPN$; glomerulus not resolved",8,107,re:_adPN$
davie2018,adPN,DL4_adPN,fuzzy,"Table S2 sub-clustering of 27, adPN lineage (Li 2017); acj6 1.41 (adPN marker); rule _adPN$; glomerulus not resolved",2,107,re:_adPN$
davie2018,adPN,DL5_adPN,fuzzy,"Table S2 sub-clustering of 27, adPN lineage (Li 2017); acj6 1.41 (adPN marker); rule _adPN$; glomerulus not resolved",2,107,re:_adPN$
davie2018,adPN,DM3_adPN,fuzzy,"Table S2 sub-clustering of 27, adPN lineage (Li 2017); acj6 1.41 (adPN marker); rule _adPN$; glomerulus not resolved",2,107,re:_adPN$
davie2018,adPN,DM4_adPN,fuzzy,"Table S2 sub-clustering of 27, adPN lineage (Li 2017); acj6 1.41 (adPN marker); rule _adPN$; glomerulus not resolved",2,107,re:_adPN$
davie2018,adPN,DM6_adPN,fuzzy,"Table S2 sub-clustering of 27, adPN lineage (Li 2017); acj6 1.41 (adPN marker); rule _adPN$; glomerulus not resolved",7,107,re:_adPN$
davie2018,adPN,DP1l_adPN,fuzzy,"Table S2 sub-clustering of 27, adPN lineage (Li 2017); acj6 1.41 (adPN marker); rule _adPN$; glomerulus not resolved",2,107,re:_adPN$
davie2018,adPN,DP1m_adPN,fuzzy,"Table S2 sub-clustering of 27, adPN lineage (Li 2017); acj6 1.41 (adPN marker); rule _adPN$; glomerulus not resolved",2,107,re:_adPN$
davie2018,adPN,D_adPN,fuzzy,"Table S2 sub-clustering of 27, adPN lineage (Li 2017); acj6 1.41 (adPN marker); rule _adPN$; glomerulus not resolved",6,107,re:_adPN$
davie2018,adPN,VA1d_adPN,fuzzy,"Table S2 sub-clustering of 27, adPN lineage (Li 2017); acj6 1.41 (adPN marker); rule _adPN$; glomerulus not resolved",6,107,re:_adPN$
davie2018,adPN,VA1v_adPN,fuzzy,"Table S2 sub-clustering of 27, adPN lineage (Li 2017); acj6 1.41 (adPN marker); rule _adPN$; glomerulus not resolved",8,107,re:_adPN$
davie2018,adPN,VA2_adPN,fuzzy,"Table S2 sub-clustering of 27, adPN lineage (Li 2017); acj6 1.41 (adPN marker); rule _adPN$; glomerulus not resolved",2,107,re:_adPN$
davie2018,adPN,VA3_adPN,fuzzy,"Table S2 sub-clustering of 27, adPN lineage (Li 2017); acj6 1.41 (adPN marker); rule _adPN$; glomerulus not resolved",4,107,re:_adPN$
davie2018,adPN,VA6_adPN,fuzzy,"Table S2 sub-clustering of 27, adPN lineage (Li 2017); acj6 1.41 (adPN marker); rule _adPN$; glomerulus not resolved",2,107,re:_adPN$
davie2018,adPN,VA7l_adPN,fuzzy,"Table S2 sub-clustering of 27, adPN lineage (Li 2017); acj6 1.41 (adPN marker); rule _adPN$; glomerulus not resolved",2,107,re:_adPN$
davie2018,adPN,VC3_adPN,fuzzy,"Table S2 sub-clustering of 27, adPN lineage (Li 2017); acj6 1.41 (adPN marker); rule _adPN$; glomerulus not resolved",7,107,re:_adPN$
davie2018,adPN,VC4_adPN,fuzzy,"Table S2 sub-clustering of 27, adPN lineage (Li 2017); acj6 1.41 (adPN marker); rule _adPN$; glomerulus not resolved",6,107,re:_adPN$
davie2018,adPN,VL2a_adPN,fuzzy,"Table S2 sub-clustering of 27, adPN lineage (Li 2017); acj6 1.41 (adPN marker); rule _adPN$; glomerulus not resolved",2,107,re:_adPN$
davie2018,adPN,VL2p_adPN,fuzzy,"Table S2 sub-clustering of 27, adPN lineage (Li 2017); acj6 1.41 (adPN marker); rule _adPN$; glomerulus not resolved",2,107,re:_adPN$
davie2018,adPN,VM2_adPN,fuzzy,"Table S2 sub-clustering of 27, adPN lineage (Li 2017); acj6 1.41 (adPN marker); rule _adPN$; glomerulus not resolved",3,107,re:_adPN$
davie2018,adPN,VM3_adPN,fuzzy,"Table S2 sub-clustering of 27, adPN lineage (Li 2017); acj6 1.41 (adPN marker); rule _adPN$; glomerulus not resolved",4,107,re:_adPN$
davie2018,adPN,VM4_adPN,fuzzy,"Table S2 sub-clustering of 27, adPN lineage (Li 2017); acj6 1.41 (adPN marker); rule _adPN$; glomerulus not resolved",2,107,re:_adPN$
davie2018,adPN,VM5d_adPN,fuzzy,"Table S2 sub-clustering of 27, adPN lineage (Li 2017); acj6 1.41 (adPN marker); rule _adPN$; glomerulus not resolved",12,107,re:_adPN$
davie2018,adPN,VM5v_adPN,fuzzy,"Table S2 sub-clustering of 27, adPN lineage (Li 2017); acj6 1.41 (adPN marker); rule _adPN$; glomerulus not resolved",5,107,re:_adPN$
davie2018,adPN,VM6_adPN,fuzzy,"Table S2 sub-clustering of 27, adPN lineage (Li 2017); acj6 1.41 (adPN marker); rule _adPN$; glomerulus not resolved",2,107,re:_adPN$
davie2018,adPN,VM7d_adPN,fuzzy,"Table S2 sub-clustering of 27, adPN lineage (Li 2017); acj6 1.41 (adPN marker); rule _adPN$; glomerulus not resolved",7,107,re:_adPN$
davie2018,adPN,VM7v_adPN,fuzzy,"Table S2 sub-clustering of 27, adPN lineage (Li 2017); acj6 1.41 (adPN marker); rule _adPN$; glomerulus not resolved",3,107,re:_adPN$
davie2018,adPN,VP2+_adPN,fuzzy,"Table S2 sub-clustering of 27, adPN lineage (Li 2017); acj6 1.41 (adPN marker); rule _adPN$; glomerulus not resolved",2,107,re:_adPN$
davie2018,adPN,VP2_adPN,fuzzy,"Table S2 sub-clustering of 27, adPN lineage (Li 2017); acj6 1.41 (adPN marker); rule _adPN$; glomerulus not resolved",1,107,re:_adPN$
davie2018,adPN,VP5+Z_adPN,fuzzy,"Table S2 sub-clustering of 27, adPN lineage (Li 2017); acj6 1.41 (adPN marker); rule _adPN$; glomerulus not resolved",2,107,re:_adPN$
davie2018,adPN/C15,DA3_adPN,fuzzy,"Table S2 'C15(+) adPNs' (Li 2017); acj6 2.02, C15 0.73; glomerular identity of the C15+ subset not resolved here -> whole adPN lineage",4,46,re:_adPN$
davie2018,adPN/C15,DA4l_adPN,fuzzy,"Table S2 'C15(+) adPNs' (Li 2017); acj6 2.02, C15 0.73; glomerular identity of the C15+ subset not resolved here -> whole adPN lineage",2,46,re:_adPN$
davie2018,adPN/C15,DA4m_adPN,fuzzy,"Table S2 'C15(+) adPNs' (Li 2017); acj6 2.02, C15 0.73; glomerular identity of the C15+ subset not resolved here -> whole adPN lineage",2,46,re:_adPN$
davie2018,adPN/C15,DC1_adPN,fuzzy,"Table S2 'C15(+) adPNs' (Li 2017); acj6 2.02, C15 0.73; glomerular identity of the C15+ subset not resolved here -> whole adPN lineage",2,46,re:_adPN$
davie2018,adPN/C15,DC2_adPN,fuzzy,"Table S2 'C15(+) adPNs' (Li 2017); acj6 2.02, C15 0.73; glomerular identity of the C15+ subset not resolved here -> whole adPN lineage",4,46,re:_adPN$
davie2018,adPN/C15,DC3_adPN,fuzzy,"Table S2 'C15(+) adPNs' (Li 2017); acj6 2.02, C15 0.73; glomerular identity of the C15+ subset not resolved here -> whole adPN lineage",6,46,re:_adPN$
davie2018,adPN/C15,DC4_adPN,fuzzy,"Table S2 'C15(+) adPNs' (Li 2017); acj6 2.02, C15 0.73; glomerular identity of the C15+ subset not resolved here -> whole adPN lineage",2,46,re:_adPN$
davie2018,adPN/C15,DL1_adPN,fuzzy,"Table S2 'C15(+) adPNs' (Li 2017); acj6 2.02, C15 0.73; glomerular identity of the C15+ subset not resolved here -> whole adPN lineage",4,46,re:_adPN$
davie2018,adPN/C15,DL2d_adPN,fuzzy,"Table S2 'C15(+) adPNs' (Li 2017); acj6 2.02, C15 0.73; glomerular identity of the C15+ subset not resolved here -> whole adPN lineage",9,46,re:_adPN$
davie2018,adPN/C15,DL2v_adPN,fuzzy,"Table S2 'C15(+) adPNs' (Li 2017); acj6 2.02, C15 0.73; glomerular identity of the C15+ subset not resolved here -> whole adPN lineage",8,46,re:_adPN$
davie2018,adPN/C15,DL4_adPN,fuzzy,"Table S2 'C15(+) adPNs' (Li 2017); acj6 2.02, C15 0.73; glomerular identity of the C15+ subset not resolved here -> whole adPN lineage",2,46,re:_adPN$
davie2018,adPN/C15,DL5_adPN,fuzzy,"Table S2 'C15(+) adPNs' (Li 2017); acj6 2.02, C15 0.73; glomerular identity of the C15+ subset not resolved here -> whole adPN lineage",2,46,re:_adPN$
davie2018,adPN/C15,DM3_adPN,fuzzy,"Table S2 'C15(+) adPNs' (Li 2017); acj6 2.02, C15 0.73; glomerular identity of the C15+ subset not resolved here -> whole adPN lineage",2,46,re:_adPN$
davie2018,adPN/C15,DM4_adPN,fuzzy,"Table S2 'C15(+) adPNs' (Li 2017); acj6 2.02, C15 0.73; glomerular identity of the C15+ subset not resolved here -> whole adPN lineage",2,46,re:_adPN$
davie2018,adPN/C15,DM6_adPN,fuzzy,"Table S2 'C15(+) adPNs' (Li 2017); acj6 2.02, C15 0.73; glomerular identity of the C15+ subset not resolved here -> whole adPN lineage",7,46,re:_adPN$
davie2018,adPN/C15,DP1l_adPN,fuzzy,"Table S2 'C15(+) adPNs' (Li 2017); acj6 2.02, C15 0.73; glomerular identity of the C15+ subset not resolved here -> whole adPN lineage",2,46,re:_adPN$
davie2018,adPN/C15,DP1m_adPN,fuzzy,"Table S2 'C15(+) adPNs' (Li 2017); acj6 2.02, C15 0.73; glomerular identity of the C15+ subset not resolved here -> whole adPN lineage",2,46,re:_adPN$
davie2018,adPN/C15,D_adPN,fuzzy,"Table S2 'C15(+) adPNs' (Li 2017); acj6 2.02, C15 0.73; glomerular identity of the C15+ subset not resolved here -> whole adPN lineage",6,46,re:_adPN$
davie2018,adPN/C15,VA1d_adPN,fuzzy,"Table S2 'C15(+) adPNs' (Li 2017); acj6 2.02, C15 0.73; glomerular identity of the C15+ subset not resolved here -> whole adPN lineage",6,46,re:_adPN$
davie2018,adPN/C15,VA1v_adPN,fuzzy,"Table S2 'C15(+) adPNs' (Li 2017); acj6 2.02, C15 0.73; glomerular identity of the C15+ subset not resolved here -> whole adPN lineage",8,46,re:_adPN$
davie2018,adPN/C15,VA2_adPN,fuzzy,"Table S2 'C15(+) adPNs' (Li 2017); acj6 2.02, C15 0.73; glomerular identity of the C15+ subset not resolved here -> whole adPN lineage",2,46,re:_adPN$
davie2018,adPN/C15,VA3_adPN,fuzzy,"Table S2 'C15(+) adPNs' (Li 2017); acj6 2.02, C15 0.73; glomerular identity of the C15+ subset not resolved here -> whole adPN lineage",4,46,re:_adPN$
davie2018,adPN/C15,VA6_adPN,fuzzy,"Table S2 'C15(+) adPNs' (Li 2017); acj6 2.02, C15 0.73; glomerular identity of the C15+ subset not resolved here -> whole adPN lineage",2,46,re:_adPN$
davie2018,adPN/C15,VA7l_adPN,fuzzy,"Table S2 'C15(+) adPNs' (Li 2017); acj6 2.02, C15 0.73; glomerular identity of the C15+ subset not resolved here -> whole adPN lineage",2,46,re:_adPN$
davie2018,adPN/C15,VC3_adPN,fuzzy,"Table S2 'C15(+) adPNs' (Li 2017); acj6 2.02, C15 0.73; glomerular identity of the C15+ subset not resolved here -> whole adPN lineage",7,46,re:_adPN$
davie2018,adPN/C15,VC4_adPN,fuzzy,"Table S2 'C15(+) adPNs' (Li 2017); acj6 2.02, C15 0.73; glomerular identity of the C15+ subset not resolved here -> whole adPN lineage",6,46,re:_adPN$
davie2018,adPN/C15,VL2a_adPN,fuzzy,"Table S2 'C15(+) adPNs' (Li 2017); acj6 2.02, C15 0.73; glomerular identity of the C15+ subset not resolved here -> whole adPN lineage",2,46,re:_adPN$
davie2018,adPN/C15,VL2p_adPN,fuzzy,"Table S2 'C15(+) adPNs' (Li 2017); acj6 2.02, C15 0.73; glomerular identity of the C15+ subset not resolved here -> whole adPN lineage",2,46,re:_adPN$
davie2018,adPN/C15,VM2_adPN,fuzzy,"Table S2 'C15(+) adPNs' (Li 2017); acj6 2.02, C15 0.73; glomerular identity of the C15+ subset not resolved here -> whole adPN lineage",3,46,re:_adPN$
davie2018,adPN/C15,VM3_adPN,fuzzy,"Table S2 'C15(+) adPNs' (Li 2017); acj6 2.02, C15 0.73; glomerular identity of the C15+ subset not resolved here -> whole adPN lineage",4,46,re:_adPN$
davie2018,adPN/C15,VM4_adPN,fuzzy,"Table S2 'C15(+) adPNs' (Li 2017); acj6 2.02, C15 0.73; glomerular identity of the C15+ subset not resolved here -> whole adPN lineage",2,46,re:_adPN$
davie2018,adPN/C15,VM5d_adPN,fuzzy,"Table S2 'C15(+) adPNs' (Li 2017); acj6 2.02, C15 0.73; glomerular identity of the C15+ subset not resolved here -> whole adPN lineage",12,46,re:_adPN$
davie2018,adPN/C15,VM5v_adPN,fuzzy,"Table S2 'C15(+) adPNs' (Li 2017); acj6 2.02, C15 0.73; glomerular identity of the C15+ subset not resolved here -> whole adPN lineage",5,46,re:_adPN$
davie2018,adPN/C15,VM6_adPN,fuzzy,"Table S2 'C15(+) adPNs' (Li 2017); acj6 2.02, C15 0.73; glomerular identity of the C15+ subset not resolved here -> whole adPN lineage",2,46,re:_adPN$
davie2018,adPN/C15,VM7d_adPN,fuzzy,"Table S2 'C15(+) adPNs' (Li 2017); acj6 2.02, C15 0.73; glomerular identity of the C15+ subset not resolved here -> whole adPN lineage",7,46,re:_adPN$
davie2018,adPN/C15,VM7v_adPN,fuzzy,"Table S2 'C15(+) adPNs' (Li 2017); acj6 2.02, C15 0.73; glomerular identity of the C15+ subset not resolved here -> whole adPN lineage",3,46,re:_adPN$
davie2018,adPN/C15,VP2+_adPN,fuzzy,"Table S2 'C15(+) adPNs' (Li 2017); acj6 2.02, C15 0.73; glomerular identity of the C15+ subset not resolved here -> whole adPN lineage",2,46,re:_adPN$
davie2018,adPN/C15,VP2_adPN,fuzzy,"Table S2 'C15(+) adPNs' (Li 2017); acj6 2.02, C15 0.73; glomerular identity of the C15+ subset not resolved here -> whole adPN lineage",1,46,re:_adPN$
davie2018,adPN/C15,VP5+Z_adPN,fuzzy,"Table S2 'C15(+) adPNs' (Li 2017); acj6 2.02, C15 0.73; glomerular identity of the C15+ subset not resolved here -> whole adPN lineage",2,46,re:_adPN$
davie2018,adPN/kn,DA3_adPN,fuzzy,"Table S2 'kn(+) adPNs' (Li 2017); acj6 2.43, kn 1.57; whole adPN lineage (subset unresolved)",4,70,re:_adPN$
davie2018,adPN/kn,DA4l_adPN,fuzzy,"Table S2 'kn(+) adPNs' (Li 2017); acj6 2.43, kn 1.57; whole adPN lineage (subset unresolved)",2,70,re:_adPN$
davie2018,adPN/kn,DA4m_adPN,fuzzy,"Table S2 'kn(+) adPNs' (Li 2017); acj6 2.43, kn 1.57; whole adPN lineage (subset unresolved)",2,70,re:_adPN$
davie2018,adPN/kn,DC1_adPN,fuzzy,"Table S2 'kn(+) adPNs' (Li 2017); acj6 2.43, kn 1.57; whole adPN lineage (subset unresolved)",2,70,re:_adPN$
davie2018,adPN/kn,DC2_adPN,fuzzy,"Table S2 'kn(+) adPNs' (Li 2017); acj6 2.43, kn 1.57; whole adPN lineage (subset unresolved)",4,70,re:_adPN$
davie2018,adPN/kn,DC3_adPN,fuzzy,"Table S2 'kn(+) adPNs' (Li 2017); acj6 2.43, kn 1.57; whole adPN lineage (subset unresolved)",6,70,re:_adPN$
davie2018,adPN/kn,DC4_adPN,fuzzy,"Table S2 'kn(+) adPNs' (Li 2017); acj6 2.43, kn 1.57; whole adPN lineage (subset unresolved)",2,70,re:_adPN$
davie2018,adPN/kn,DL1_adPN,fuzzy,"Table S2 'kn(+) adPNs' (Li 2017); acj6 2.43, kn 1.57; whole adPN lineage (subset unresolved)",4,70,re:_adPN$
davie2018,adPN/kn,DL2d_adPN,fuzzy,"Table S2 'kn(+) adPNs' (Li 2017); acj6 2.43, kn 1.57; whole adPN lineage (subset unresolved)",9,70,re:_adPN$
davie2018,adPN/kn,DL2v_adPN,fuzzy,"Table S2 'kn(+) adPNs' (Li 2017); acj6 2.43, kn 1.57; whole adPN lineage (subset unresolved)",8,70,re:_adPN$
davie2018,adPN/kn,DL4_adPN,fuzzy,"Table S2 'kn(+) adPNs' (Li 2017); acj6 2.43, kn 1.57; whole adPN lineage (subset unresolved)",2,70,re:_adPN$
davie2018,adPN/kn,DL5_adPN,fuzzy,"Table S2 'kn(+) adPNs' (Li 2017); acj6 2.43, kn 1.57; whole adPN lineage (subset unresolved)",2,70,re:_adPN$
davie2018,adPN/kn,DM3_adPN,fuzzy,"Table S2 'kn(+) adPNs' (Li 2017); acj6 2.43, kn 1.57; whole adPN lineage (subset unresolved)",2,70,re:_adPN$
davie2018,adPN/kn,DM4_adPN,fuzzy,"Table S2 'kn(+) adPNs' (Li 2017); acj6 2.43, kn 1.57; whole adPN lineage (subset unresolved)",2,70,re:_adPN$
davie2018,adPN/kn,DM6_adPN,fuzzy,"Table S2 'kn(+) adPNs' (Li 2017); acj6 2.43, kn 1.57; whole adPN lineage (subset unresolved)",7,70,re:_adPN$
davie2018,adPN/kn,DP1l_adPN,fuzzy,"Table S2 'kn(+) adPNs' (Li 2017); acj6 2.43, kn 1.57; whole adPN lineage (subset unresolved)",2,70,re:_adPN$
davie2018,adPN/kn,DP1m_adPN,fuzzy,"Table S2 'kn(+) adPNs' (Li 2017); acj6 2.43, kn 1.57; whole adPN lineage (subset unresolved)",2,70,re:_adPN$
davie2018,adPN/kn,D_adPN,fuzzy,"Table S2 'kn(+) adPNs' (Li 2017); acj6 2.43, kn 1.57; whole adPN lineage (subset unresolved)",6,70,re:_adPN$
davie2018,adPN/kn,VA1d_adPN,fuzzy,"Table S2 'kn(+) adPNs' (Li 2017); acj6 2.43, kn 1.57; whole adPN lineage (subset unresolved)",6,70,re:_adPN$
davie2018,adPN/kn,VA1v_adPN,fuzzy,"Table S2 'kn(+) adPNs' (Li 2017); acj6 2.43, kn 1.57; whole adPN lineage (subset unresolved)",8,70,re:_adPN$
davie2018,adPN/kn,VA2_adPN,fuzzy,"Table S2 'kn(+) adPNs' (Li 2017); acj6 2.43, kn 1.57; whole adPN lineage (subset unresolved)",2,70,re:_adPN$
davie2018,adPN/kn,VA3_adPN,fuzzy,"Table S2 'kn(+) adPNs' (Li 2017); acj6 2.43, kn 1.57; whole adPN lineage (subset unresolved)",4,70,re:_adPN$
davie2018,adPN/kn,VA6_adPN,fuzzy,"Table S2 'kn(+) adPNs' (Li 2017); acj6 2.43, kn 1.57; whole adPN lineage (subset unresolved)",2,70,re:_adPN$
davie2018,adPN/kn,VA7l_adPN,fuzzy,"Table S2 'kn(+) adPNs' (Li 2017); acj6 2.43, kn 1.57; whole adPN lineage (subset unresolved)",2,70,re:_adPN$
davie2018,adPN/kn,VC3_adPN,fuzzy,"Table S2 'kn(+) adPNs' (Li 2017); acj6 2.43, kn 1.57; whole adPN lineage (subset unresolved)",7,70,re:_adPN$
davie2018,adPN/kn,VC4_adPN,fuzzy,"Table S2 'kn(+) adPNs' (Li 2017); acj6 2.43, kn 1.57; whole adPN lineage (subset unresolved)",6,70,re:_adPN$
davie2018,adPN/kn,VL2a_adPN,fuzzy,"Table S2 'kn(+) adPNs' (Li 2017); acj6 2.43, kn 1.57; whole adPN lineage (subset unresolved)",2,70,re:_adPN$
davie2018,adPN/kn,VL2p_adPN,fuzzy,"Table S2 'kn(+) adPNs' (Li 2017); acj6 2.43, kn 1.57; whole adPN lineage (subset unresolved)",2,70,re:_adPN$
davie2018,adPN/kn,VM2_adPN,fuzzy,"Table S2 'kn(+) adPNs' (Li 2017); acj6 2.43, kn 1.57; whole adPN lineage (subset unresolved)",3,70,re:_adPN$
davie2018,adPN/kn,VM3_adPN,fuzzy,"Table S2 'kn(+) adPNs' (Li 2017); acj6 2.43, kn 1.57; whole adPN lineage (subset unresolved)",4,70,re:_adPN$
davie2018,adPN/kn,VM4_adPN,fuzzy,"Table S2 'kn(+) adPNs' (Li 2017); acj6 2.43, kn 1.57; whole adPN lineage (subset unresolved)",2,70,re:_adPN$
davie2018,adPN/kn,VM5d_adPN,fuzzy,"Table S2 'kn(+) adPNs' (Li 2017); acj6 2.43, kn 1.57; whole adPN lineage (subset unresolved)",12,70,re:_adPN$
davie2018,adPN/kn,VM5v_adPN,fuzzy,"Table S2 'kn(+) adPNs' (Li 2017); acj6 2.43, kn 1.57; whole adPN lineage (subset unresolved)",5,70,re:_adPN$
davie2018,adPN/kn,VM6_adPN,fuzzy,"Table S2 'kn(+) adPNs' (Li 2017); acj6 2.43, kn 1.57; whole adPN lineage (subset unresolved)",2,70,re:_adPN$
davie2018,adPN/kn,VM7d_adPN,fuzzy,"Table S2 'kn(+) adPNs' (Li 2017); acj6 2.43, kn 1.57; whole adPN lineage (subset unresolved)",7,70,re:_adPN$
davie2018,adPN/kn,VM7v_adPN,fuzzy,"Table S2 'kn(+) adPNs' (Li 2017); acj6 2.43, kn 1.57; whole adPN lineage (subset unresolved)",3,70,re:_adPN$
davie2018,adPN/kn,VP2+_adPN,fuzzy,"Table S2 'kn(+) adPNs' (Li 2017); acj6 2.43, kn 1.57; whole adPN lineage (subset unresolved)",2,70,re:_adPN$
davie2018,adPN/kn,VP2_adPN,fuzzy,"Table S2 'kn(+) adPNs' (Li 2017); acj6 2.43, kn 1.57; whole adPN lineage (subset unresolved)",1,70,re:_adPN$
davie2018,adPN/kn,VP5+Z_adPN,fuzzy,"Table S2 'kn(+) adPNs' (Li 2017); acj6 2.43, kn 1.57; whole adPN lineage (subset unresolved)",2,70,re:_adPN$
davie2018,adPN/C15&kn,DA3_adPN,fuzzy,"Table S2 'C15(+) kn(+) adPNs' (Li 2017); acj6 1.98, C15 0.97, kn 0.82; whole adPN lineage (subset unresolved)",4,131,re:_adPN$
davie2018,adPN/C15&kn,DA4l_adPN,fuzzy,"Table S2 'C15(+) kn(+) adPNs' (Li 2017); acj6 1.98, C15 0.97, kn 0.82; whole adPN lineage (subset unresolved)",2,131,re:_adPN$
davie2018,adPN/C15&kn,DA4m_adPN,fuzzy,"Table S2 'C15(+) kn(+) adPNs' (Li 2017); acj6 1.98, C15 0.97, kn 0.82; whole adPN lineage (subset unresolved)",2,131,re:_adPN$
davie2018,adPN/C15&kn,DC1_adPN,fuzzy,"Table S2 'C15(+) kn(+) adPNs' (Li 2017); acj6 1.98, C15 0.97, kn 0.82; whole adPN lineage (subset unresolved)",2,131,re:_adPN$
davie2018,adPN/C15&kn,DC2_adPN,fuzzy,"Table S2 'C15(+) kn(+) adPNs' (Li 2017); acj6 1.98, C15 0.97, kn 0.82; whole adPN lineage (subset unresolved)",4,131,re:_adPN$
davie2018,adPN/C15&kn,DC3_adPN,fuzzy,"Table S2 'C15(+) kn(+) adPNs' (Li 2017); acj6 1.98, C15 0.97, kn 0.82; whole adPN lineage (subset unresolved)",6,131,re:_adPN$
davie2018,adPN/C15&kn,DC4_adPN,fuzzy,"Table S2 'C15(+) kn(+) adPNs' (Li 2017); acj6 1.98, C15 0.97, kn 0.82; whole adPN lineage (subset unresolved)",2,131,re:_adPN$
davie2018,adPN/C15&kn,DL1_adPN,fuzzy,"Table S2 'C15(+) kn(+) adPNs' (Li 2017); acj6 1.98, C15 0.97, kn 0.82; whole adPN lineage (subset unresolved)",4,131,re:_adPN$
davie2018,adPN/C15&kn,DL2d_adPN,fuzzy,"Table S2 'C15(+) kn(+) adPNs' (Li 2017); acj6 1.98, C15 0.97, kn 0.82; whole adPN lineage (subset unresolved)",9,131,re:_adPN$
davie2018,adPN/C15&kn,DL2v_adPN,fuzzy,"Table S2 'C15(+) kn(+) adPNs' (Li 2017); acj6 1.98, C15 0.97, kn 0.82; whole adPN lineage (subset unresolved)",8,131,re:_adPN$
davie2018,adPN/C15&kn,DL4_adPN,fuzzy,"Table S2 'C15(+) kn(+) adPNs' (Li 2017); acj6 1.98, C15 0.97, kn 0.82; whole adPN lineage (subset unresolved)",2,131,re:_adPN$
davie2018,adPN/C15&kn,DL5_adPN,fuzzy,"Table S2 'C15(+) kn(+) adPNs' (Li 2017); acj6 1.98, C15 0.97, kn 0.82; whole adPN lineage (subset unresolved)",2,131,re:_adPN$
davie2018,adPN/C15&kn,DM3_adPN,fuzzy,"Table S2 'C15(+) kn(+) adPNs' (Li 2017); acj6 1.98, C15 0.97, kn 0.82; whole adPN lineage (subset unresolved)",2,131,re:_adPN$
davie2018,adPN/C15&kn,DM4_adPN,fuzzy,"Table S2 'C15(+) kn(+) adPNs' (Li 2017); acj6 1.98, C15 0.97, kn 0.82; whole adPN lineage (subset unresolved)",2,131,re:_adPN$
davie2018,adPN/C15&kn,DM6_adPN,fuzzy,"Table S2 'C15(+) kn(+) adPNs' (Li 2017); acj6 1.98, C15 0.97, kn 0.82; whole adPN lineage (subset unresolved)",7,131,re:_adPN$
davie2018,adPN/C15&kn,DP1l_adPN,fuzzy,"Table S2 'C15(+) kn(+) adPNs' (Li 2017); acj6 1.98, C15 0.97, kn 0.82; whole adPN lineage (subset unresolved)",2,131,re:_adPN$
davie2018,adPN/C15&kn,DP1m_adPN,fuzzy,"Table S2 'C15(+) kn(+) adPNs' (Li 2017); acj6 1.98, C15 0.97, kn 0.82; whole adPN lineage (subset unresolved)",2,131,re:_adPN$
davie2018,adPN/C15&kn,D_adPN,fuzzy,"Table S2 'C15(+) kn(+) adPNs' (Li 2017); acj6 1.98, C15 0.97, kn 0.82; whole adPN lineage (subset unresolved)",6,131,re:_adPN$
davie2018,adPN/C15&kn,VA1d_adPN,fuzzy,"Table S2 'C15(+) kn(+) adPNs' (Li 2017); acj6 1.98, C15 0.97, kn 0.82; whole adPN lineage (subset unresolved)",6,131,re:_adPN$
davie2018,adPN/C15&kn,VA1v_adPN,fuzzy,"Table S2 'C15(+) kn(+) adPNs' (Li 2017); acj6 1.98, C15 0.97, kn 0.82; whole adPN lineage (subset unresolved)",8,131,re:_adPN$
davie2018,adPN/C15&kn,VA2_adPN,fuzzy,"Table S2 'C15(+) kn(+) adPNs' (Li 2017); acj6 1.98, C15 0.97, kn 0.82; whole adPN lineage (subset unresolved)",2,131,re:_adPN$
davie2018,adPN/C15&kn,VA3_adPN,fuzzy,"Table S2 'C15(+) kn(+) adPNs' (Li 2017); acj6 1.98, C15 0.97, kn 0.82; whole adPN lineage (subset unresolved)",4,131,re:_adPN$
davie2018,adPN/C15&kn,VA6_adPN,fuzzy,"Table S2 'C15(+) kn(+) adPNs' (Li 2017); acj6 1.98, C15 0.97, kn 0.82; whole adPN lineage (subset unresolved)",2,131,re:_adPN$
davie2018,adPN/C15&kn,VA7l_adPN,fuzzy,"Table S2 'C15(+) kn(+) adPNs' (Li 2017); acj6 1.98, C15 0.97, kn 0.82; whole adPN lineage (subset unresolved)",2,131,re:_adPN$
davie2018,adPN/C15&kn,VC3_adPN,fuzzy,"Table S2 'C15(+) kn(+) adPNs' (Li 2017); acj6 1.98, C15 0.97, kn 0.82; whole adPN lineage (subset unresolved)",7,131,re:_adPN$
davie2018,adPN/C15&kn,VC4_adPN,fuzzy,"Table S2 'C15(+) kn(+) adPNs' (Li 2017); acj6 1.98, C15 0.97, kn 0.82; whole adPN lineage (subset unresolved)",6,131,re:_adPN$
davie2018,adPN/C15&kn,VL2a_adPN,fuzzy,"Table S2 'C15(+) kn(+) adPNs' (Li 2017); acj6 1.98, C15 0.97, kn 0.82; whole adPN lineage (subset unresolved)",2,131,re:_adPN$
davie2018,adPN/C15&kn,VL2p_adPN,fuzzy,"Table S2 'C15(+) kn(+) adPNs' (Li 2017); acj6 1.98, C15 0.97, kn 0.82; whole adPN lineage (subset unresolved)",2,131,re:_adPN$
davie2018,adPN/C15&kn,VM2_adPN,fuzzy,"Table S2 'C15(+) kn(+) adPNs' (Li 2017); acj6 1.98, C15 0.97, kn 0.82; whole adPN lineage (subset unresolved)",3,131,re:_adPN$
davie2018,adPN/C15&kn,VM3_adPN,fuzzy,"Table S2 'C15(+) kn(+) adPNs' (Li 2017); acj6 1.98, C15 0.97, kn 0.82; whole adPN lineage (subset unresolved)",4,131,re:_adPN$
davie2018,adPN/C15&kn,VM4_adPN,fuzzy,"Table S2 'C15(+) kn(+) adPNs' (Li 2017); acj6 1.98, C15 0.97, kn 0.82; whole adPN lineage (subset unresolved)",2,131,re:_adPN$
davie2018,adPN/C15&kn,VM5d_adPN,fuzzy,"Table S2 'C15(+) kn(+) adPNs' (Li 2017); acj6 1.98, C15 0.97, kn 0.82; whole adPN lineage (subset unresolved)",12,131,re:_adPN$
davie2018,adPN/C15&kn,VM5v_adPN,fuzzy,"Table S2 'C15(+) kn(+) adPNs' (Li 2017); acj6 1.98, C15 0.97, kn 0.82; whole adPN lineage (subset unresolved)",5,131,re:_adPN$
davie2018,adPN/C15&kn,VM6_adPN,fuzzy,"Table S2 'C15(+) kn(+) adPNs' (Li 2017); acj6 1.98, C15 0.97, kn 0.82; whole adPN lineage (subset unresolved)",2,131,re:_adPN$
davie2018,adPN/C15&kn,VM7d_adPN,fuzzy,"Table S2 'C15(+) kn(+) adPNs' (Li 2017); acj6 1.98, C15 0.97, kn 0.82; whole adPN lineage (subset unresolved)",7,131,re:_adPN$
davie2018,adPN/C15&kn,VM7v_adPN,fuzzy,"Table S2 'C15(+) kn(+) adPNs' (Li 2017); acj6 1.98, C15 0.97, kn 0.82; whole adPN lineage (subset unresolved)",3,131,re:_adPN$
davie2018,adPN/C15&kn,VP2+_adPN,fuzzy,"Table S2 'C15(+) kn(+) adPNs' (Li 2017); acj6 1.98, C15 0.97, kn 0.82; whole adPN lineage (subset unresolved)",2,131,re:_adPN$
davie2018,adPN/C15&kn,VP2_adPN,fuzzy,"Table S2 'C15(+) kn(+) adPNs' (Li 2017); acj6 1.98, C15 0.97, kn 0.82; whole adPN lineage (subset unresolved)",1,131,re:_adPN$
davie2018,adPN/C15&kn,VP5+Z_adPN,fuzzy,"Table S2 'C15(+) kn(+) adPNs' (Li 2017); acj6 1.98, C15 0.97, kn 0.82; whole adPN lineage (subset unresolved)",2,131,re:_adPN$
davie2018,adPN/kn&CG31676,DA3_adPN,fuzzy,"Table S2-derived label (11 cells); acj6 2.53, kn 1.74; whole adPN lineage (subset unresolved)",4,11,re:_adPN$
davie2018,adPN/kn&CG31676,DA4l_adPN,fuzzy,"Table S2-derived label (11 cells); acj6 2.53, kn 1.74; whole adPN lineage (subset unresolved)",2,11,re:_adPN$
davie2018,adPN/kn&CG31676,DA4m_adPN,fuzzy,"Table S2-derived label (11 cells); acj6 2.53, kn 1.74; whole adPN lineage (subset unresolved)",2,11,re:_adPN$
davie2018,adPN/kn&CG31676,DC1_adPN,fuzzy,"Table S2-derived label (11 cells); acj6 2.53, kn 1.74; whole adPN lineage (subset unresolved)",2,11,re:_adPN$
davie2018,adPN/kn&CG31676,DC2_adPN,fuzzy,"Table S2-derived label (11 cells); acj6 2.53, kn 1.74; whole adPN lineage (subset unresolved)",4,11,re:_adPN$
davie2018,adPN/kn&CG31676,DC3_adPN,fuzzy,"Table S2-derived label (11 cells); acj6 2.53, kn 1.74; whole adPN lineage (subset unresolved)",6,11,re:_adPN$
davie2018,adPN/kn&CG31676,DC4_adPN,fuzzy,"Table S2-derived label (11 cells); acj6 2.53, kn 1.74; whole adPN lineage (subset unresolved)",2,11,re:_adPN$
davie2018,adPN/kn&CG31676,DL1_adPN,fuzzy,"Table S2-derived label (11 cells); acj6 2.53, kn 1.74; whole adPN lineage (subset unresolved)",4,11,re:_adPN$
davie2018,adPN/kn&CG31676,DL2d_adPN,fuzzy,"Table S2-derived label (11 cells); acj6 2.53, kn 1.74; whole adPN lineage (subset unresolved)",9,11,re:_adPN$
davie2018,adPN/kn&CG31676,DL2v_adPN,fuzzy,"Table S2-derived label (11 cells); acj6 2.53, kn 1.74; whole adPN lineage (subset unresolved)",8,11,re:_adPN$
davie2018,adPN/kn&CG31676,DL4_adPN,fuzzy,"Table S2-derived label (11 cells); acj6 2.53, kn 1.74; whole adPN lineage (subset unresolved)",2,11,re:_adPN$
davie2018,adPN/kn&CG31676,DL5_adPN,fuzzy,"Table S2-derived label (11 cells); acj6 2.53, kn 1.74; whole adPN lineage (subset unresolved)",2,11,re:_adPN$
davie2018,adPN/kn&CG31676,DM3_adPN,fuzzy,"Table S2-derived label (11 cells); acj6 2.53, kn 1.74; whole adPN lineage (subset unresolved)",2,11,re:_adPN$
davie2018,adPN/kn&CG31676,DM4_adPN,fuzzy,"Table S2-derived label (11 cells); acj6 2.53, kn 1.74; whole adPN lineage (subset unresolved)",2,11,re:_adPN$
davie2018,adPN/kn&CG31676,DM6_adPN,fuzzy,"Table S2-derived label (11 cells); acj6 2.53, kn 1.74; whole adPN lineage (subset unresolved)",7,11,re:_adPN$
davie2018,adPN/kn&CG31676,DP1l_adPN,fuzzy,"Table S2-derived label (11 cells); acj6 2.53, kn 1.74; whole adPN lineage (subset unresolved)",2,11,re:_adPN$
davie2018,adPN/kn&CG31676,DP1m_adPN,fuzzy,"Table S2-derived label (11 cells); acj6 2.53, kn 1.74; whole adPN lineage (subset unresolved)",2,11,re:_adPN$
davie2018,adPN/kn&CG31676,D_adPN,fuzzy,"Table S2-derived label (11 cells); acj6 2.53, kn 1.74; whole adPN lineage (subset unresolved)",6,11,re:_adPN$
davie2018,adPN/kn&CG31676,VA1d_adPN,fuzzy,"Table S2-derived label (11 cells); acj6 2.53, kn 1.74; whole adPN lineage (subset unresolved)",6,11,re:_adPN$
davie2018,adPN/kn&CG31676,VA1v_adPN,fuzzy,"Table S2-derived label (11 cells); acj6 2.53, kn 1.74; whole adPN lineage (subset unresolved)",8,11,re:_adPN$
davie2018,adPN/kn&CG31676,VA2_adPN,fuzzy,"Table S2-derived label (11 cells); acj6 2.53, kn 1.74; whole adPN lineage (subset unresolved)",2,11,re:_adPN$
davie2018,adPN/kn&CG31676,VA3_adPN,fuzzy,"Table S2-derived label (11 cells); acj6 2.53, kn 1.74; whole adPN lineage (subset unresolved)",4,11,re:_adPN$
davie2018,adPN/kn&CG31676,VA6_adPN,fuzzy,"Table S2-derived label (11 cells); acj6 2.53, kn 1.74; whole adPN lineage (subset unresolved)",2,11,re:_adPN$
davie2018,adPN/kn&CG31676,VA7l_adPN,fuzzy,"Table S2-derived label (11 cells); acj6 2.53, kn 1.74; whole adPN lineage (subset unresolved)",2,11,re:_adPN$
davie2018,adPN/kn&CG31676,VC3_adPN,fuzzy,"Table S2-derived label (11 cells); acj6 2.53, kn 1.74; whole adPN lineage (subset unresolved)",7,11,re:_adPN$
davie2018,adPN/kn&CG31676,VC4_adPN,fuzzy,"Table S2-derived label (11 cells); acj6 2.53, kn 1.74; whole adPN lineage (subset unresolved)",6,11,re:_adPN$
davie2018,adPN/kn&CG31676,VL2a_adPN,fuzzy,"Table S2-derived label (11 cells); acj6 2.53, kn 1.74; whole adPN lineage (subset unresolved)",2,11,re:_adPN$
davie2018,adPN/kn&CG31676,VL2p_adPN,fuzzy,"Table S2-derived label (11 cells); acj6 2.53, kn 1.74; whole adPN lineage (subset unresolved)",2,11,re:_adPN$
davie2018,adPN/kn&CG31676,VM2_adPN,fuzzy,"Table S2-derived label (11 cells); acj6 2.53, kn 1.74; whole adPN lineage (subset unresolved)",3,11,re:_adPN$
davie2018,adPN/kn&CG31676,VM3_adPN,fuzzy,"Table S2-derived label (11 cells); acj6 2.53, kn 1.74; whole adPN lineage (subset unresolved)",4,11,re:_adPN$
davie2018,adPN/kn&CG31676,VM4_adPN,fuzzy,"Table S2-derived label (11 cells); acj6 2.53, kn 1.74; whole adPN lineage (subset unresolved)",2,11,re:_adPN$
davie2018,adPN/kn&CG31676,VM5d_adPN,fuzzy,"Table S2-derived label (11 cells); acj6 2.53, kn 1.74; whole adPN lineage (subset unresolved)",12,11,re:_adPN$
davie2018,adPN/kn&CG31676,VM5v_adPN,fuzzy,"Table S2-derived label (11 cells); acj6 2.53, kn 1.74; whole adPN lineage (subset unresolved)",5,11,re:_adPN$
davie2018,adPN/kn&CG31676,VM6_adPN,fuzzy,"Table S2-derived label (11 cells); acj6 2.53, kn 1.74; whole adPN lineage (subset unresolved)",2,11,re:_adPN$
davie2018,adPN/kn&CG31676,VM7d_adPN,fuzzy,"Table S2-derived label (11 cells); acj6 2.53, kn 1.74; whole adPN lineage (subset unresolved)",7,11,re:_adPN$
davie2018,adPN/kn&CG31676,VM7v_adPN,fuzzy,"Table S2-derived label (11 cells); acj6 2.53, kn 1.74; whole adPN lineage (subset unresolved)",3,11,re:_adPN$
davie2018,adPN/kn&CG31676,VP2+_adPN,fuzzy,"Table S2-derived label (11 cells); acj6 2.53, kn 1.74; whole adPN lineage (subset unresolved)",2,11,re:_adPN$
davie2018,adPN/kn&CG31676,VP2_adPN,fuzzy,"Table S2-derived label (11 cells); acj6 2.53, kn 1.74; whole adPN lineage (subset unresolved)",1,11,re:_adPN$
davie2018,adPN/kn&CG31676,VP5+Z_adPN,fuzzy,"Table S2-derived label (11 cells); acj6 2.53, kn 1.74; whole adPN lineage (subset unresolved)",2,11,re:_adPN$
davie2018,lPN,DA1_lPN,fuzzy,"Table S2 sub-clustering of 27, lPN lineage (Li 2017); acj6 0.00; rule _lPN$",13,14,re:_lPN$
davie2018,lPN,DA2_lPN,fuzzy,"Table S2 sub-clustering of 27, lPN lineage (Li 2017); acj6 0.00; rule _lPN$",10,14,re:_lPN$
davie2018,lPN,DL3_lPN,fuzzy,"Table S2 sub-clustering of 27, lPN lineage (Li 2017); acj6 0.00; rule _lPN$",11,14,re:_lPN$
davie2018,lPN,DM1_lPN,fuzzy,"Table S2 sub-clustering of 27, lPN lineage (Li 2017); acj6 0.00; rule _lPN$",2,14,re:_lPN$
davie2018,lPN,DM2_lPN,fuzzy,"Table S2 sub-clustering of 27, lPN lineage (Li 2017); acj6 0.00; rule _lPN$",4,14,re:_lPN$
davie2018,lPN,DM5_lPN,fuzzy,"Table S2 sub-clustering of 27, lPN lineage (Li 2017); acj6 0.00; rule _lPN$",7,14,re:_lPN$
davie2018,lPN,VA4_lPN,fuzzy,"Table S2 sub-clustering of 27, lPN lineage (Li 2017); acj6 0.00; rule _lPN$",2,14,re:_lPN$
davie2018,lPN,VA5_lPN,fuzzy,"Table S2 sub-clustering of 27, lPN lineage (Li 2017); acj6 0.00; rule _lPN$",6,14,re:_lPN$
davie2018,lPN,VA7m_lPN,fuzzy,"Table S2 sub-clustering of 27, lPN lineage (Li 2017); acj6 0.00; rule _lPN$",6,14,re:_lPN$
davie2018,lPN,VC1_lPN,fuzzy,"Table S2 sub-clustering of 27, lPN lineage (Li 2017); acj6 0.00; rule _lPN$",2,14,re:_lPN$
davie2018,lPN,VC2_lPN,fuzzy,"Table S2 sub-clustering of 27, lPN lineage (Li 2017); acj6 0.00; rule _lPN$",2,14,re:_lPN$
davie2018,lPN,VM1_lPN,fuzzy,"Table S2 sub-clustering of 27, lPN lineage (Li 2017); acj6 0.00; rule _lPN$",2,14,re:_lPN$
davie2018,lPN/unpg,DA1_lPN,fuzzy,Table S2 'unpg(+) lPNs' (Li 2017); unpg 0.68; whole lPN lineage (subset unresolved),13,41,re:_lPN$
davie2018,lPN/unpg,DA2_lPN,fuzzy,Table S2 'unpg(+) lPNs' (Li 2017); unpg 0.68; whole lPN lineage (subset unresolved),10,41,re:_lPN$
davie2018,lPN/unpg,DL3_lPN,fuzzy,Table S2 'unpg(+) lPNs' (Li 2017); unpg 0.68; whole lPN lineage (subset unresolved),11,41,re:_lPN$
davie2018,lPN/unpg,DM1_lPN,fuzzy,Table S2 'unpg(+) lPNs' (Li 2017); unpg 0.68; whole lPN lineage (subset unresolved),2,41,re:_lPN$
davie2018,lPN/unpg,DM2_lPN,fuzzy,Table S2 'unpg(+) lPNs' (Li 2017); unpg 0.68; whole lPN lineage (subset unresolved),4,41,re:_lPN$
davie2018,lPN/unpg,DM5_lPN,fuzzy,Table S2 'unpg(+) lPNs' (Li 2017); unpg 0.68; whole lPN lineage (subset unresolved),7,41,re:_lPN$
davie2018,lPN/unpg,VA4_lPN,fuzzy,Table S2 'unpg(+) lPNs' (Li 2017); unpg 0.68; whole lPN lineage (subset unresolved),2,41,re:_lPN$
davie2018,lPN/unpg,VA5_lPN,fuzzy,Table S2 'unpg(+) lPNs' (Li 2017); unpg 0.68; whole lPN lineage (subset unresolved),6,41,re:_lPN$
davie2018,lPN/unpg,VA7m_lPN,fuzzy,Table S2 'unpg(+) lPNs' (Li 2017); unpg 0.68; whole lPN lineage (subset unresolved),6,41,re:_lPN$
davie2018,lPN/unpg,VC1_lPN,fuzzy,Table S2 'unpg(+) lPNs' (Li 2017); unpg 0.68; whole lPN lineage (subset unresolved),2,41,re:_lPN$
davie2018,lPN/unpg,VC2_lPN,fuzzy,Table S2 'unpg(+) lPNs' (Li 2017); unpg 0.68; whole lPN lineage (subset unresolved),2,41,re:_lPN$
davie2018,lPN/unpg,VM1_lPN,fuzzy,Table S2 'unpg(+) lPNs' (Li 2017); unpg 0.68; whole lPN lineage (subset unresolved),2,41,re:_lPN$
davie2018,lPN/CG31676,DA1_lPN,fuzzy,Table S2 'CG31676(+) lPNs' (Li 2017); CG31676 1.31; whole lPN lineage (subset unresolved),13,52,re:_lPN$
davie2018,lPN/CG31676,DA2_lPN,fuzzy,Table S2 'CG31676(+) lPNs' (Li 2017); CG31676 1.31; whole lPN lineage (subset unresolved),10,52,re:_lPN$
davie2018,lPN/CG31676,DL3_lPN,fuzzy,Table S2 'CG31676(+) lPNs' (Li 2017); CG31676 1.31; whole lPN lineage (subset unresolved),11,52,re:_lPN$
davie2018,lPN/CG31676,DM1_lPN,fuzzy,Table S2 'CG31676(+) lPNs' (Li 2017); CG31676 1.31; whole lPN lineage (subset unresolved),2,52,re:_lPN$
davie2018,lPN/CG31676,DM2_lPN,fuzzy,Table S2 'CG31676(+) lPNs' (Li 2017); CG31676 1.31; whole lPN lineage (subset unresolved),4,52,re:_lPN$
davie2018,lPN/CG31676,DM5_lPN,fuzzy,Table S2 'CG31676(+) lPNs' (Li 2017); CG31676 1.31; whole lPN lineage (subset unresolved),7,52,re:_lPN$
davie2018,lPN/CG31676,VA4_lPN,fuzzy,Table S2 'CG31676(+) lPNs' (Li 2017); CG31676 1.31; whole lPN lineage (subset unresolved),2,52,re:_lPN$
davie2018,lPN/CG31676,VA5_lPN,fuzzy,Table S2 'CG31676(+) lPNs' (Li 2017); CG31676 1.31; whole lPN lineage (subset unresolved),6,52,re:_lPN$
davie2018,lPN/CG31676,VA7m_lPN,fuzzy,Table S2 'CG31676(+) lPNs' (Li 2017); CG31676 1.31; whole lPN lineage (subset unresolved),6,52,re:_lPN$
davie2018,lPN/CG31676,VC1_lPN,fuzzy,Table S2 'CG31676(+) lPNs' (Li 2017); CG31676 1.31; whole lPN lineage (subset unresolved),2,52,re:_lPN$
davie2018,lPN/CG31676,VC2_lPN,fuzzy,Table S2 'CG31676(+) lPNs' (Li 2017); CG31676 1.31; whole lPN lineage (subset unresolved),2,52,re:_lPN$
davie2018,lPN/CG31676,VM1_lPN,fuzzy,Table S2 'CG31676(+) lPNs' (Li 2017); CG31676 1.31; whole lPN lineage (subset unresolved),2,52,re:_lPN$
davie2018,Poxn,ER1_a,class,Table S2 res2 cluster 80 'Poxn' (Boll & Noll 2002; Minocha 2017). Poxn+ protocerebral dorsal-cluster neurons are the EB ring neurons R1-R4 (Omoto 2019 Biol Open; Minocha 2017); cluster is Gad1-high (3.20; ring neurons GABAergic) but also contains the deutocerebral Poxn ventral cluster (~100 non-ring neurons) -> mixed; MaleCNS side ER1-ER4 types (ER5/ER6 excluded),11,99,re:^ER[1-4]
davie2018,Poxn,ER1_b,class,Table S2 res2 cluster 80 'Poxn' (Boll & Noll 2002; Minocha 2017). Poxn+ protocerebral dorsal-cluster neurons are the EB ring neurons R1-R4 (Omoto 2019 Biol Open; Minocha 2017); cluster is Gad1-high (3.20; ring neurons GABAergic) but also contains the deutocerebral Poxn ventral cluster (~100 non-ring neurons) -> mixed; MaleCNS side ER1-ER4 types (ER5/ER6 excluded),13,99,re:^ER[1-4]
davie2018,Poxn,ER1_c,class,Table S2 res2 cluster 80 'Poxn' (Boll & Noll 2002; Minocha 2017). Poxn+ protocerebral dorsal-cluster neurons are the EB ring neurons R1-R4 (Omoto 2019 Biol Open; Minocha 2017); cluster is Gad1-high (3.20; ring neurons GABAergic) but also contains the deutocerebral Poxn ventral cluster (~100 non-ring neurons) -> mixed; MaleCNS side ER1-ER4 types (ER5/ER6 excluded),4,99,re:^ER[1-4]
davie2018,Poxn,ER2_a,class,Table S2 res2 cluster 80 'Poxn' (Boll & Noll 2002; Minocha 2017). Poxn+ protocerebral dorsal-cluster neurons are the EB ring neurons R1-R4 (Omoto 2019 Biol Open; Minocha 2017); cluster is Gad1-high (3.20; ring neurons GABAergic) but also contains the deutocerebral Poxn ventral cluster (~100 non-ring neurons) -> mixed; MaleCNS side ER1-ER4 types (ER5/ER6 excluded),12,99,re:^ER[1-4]
davie2018,Poxn,ER2_b,class,Table S2 res2 cluster 80 'Poxn' (Boll & Noll 2002; Minocha 2017). Poxn+ protocerebral dorsal-cluster neurons are the EB ring neurons R1-R4 (Omoto 2019 Biol Open; Minocha 2017); cluster is Gad1-high (3.20; ring neurons GABAergic) but also contains the deutocerebral Poxn ventral cluster (~100 non-ring neurons) -> mixed; MaleCNS side ER1-ER4 types (ER5/ER6 excluded),4,99,re:^ER[1-4]
davie2018,Poxn,ER2_c,class,Table S2 res2 cluster 80 'Poxn' (Boll & Noll 2002; Minocha 2017). Poxn+ protocerebral dorsal-cluster neurons are the EB ring neurons R1-R4 (Omoto 2019 Biol Open; Minocha 2017); cluster is Gad1-high (3.20; ring neurons GABAergic) but also contains the deutocerebral Poxn ventral cluster (~100 non-ring neurons) -> mixed; MaleCNS side ER1-ER4 types (ER5/ER6 excluded),20,99,re:^ER[1-4]
davie2018,Poxn,ER2_d,class,Table S2 res2 cluster 80 'Poxn' (Boll & Noll 2002; Minocha 2017). Poxn+ protocerebral dorsal-cluster neurons are the EB ring neurons R1-R4 (Omoto 2019 Biol Open; Minocha 2017); cluster is Gad1-high (3.20; ring neurons GABAergic) but also contains the deutocerebral Poxn ventral cluster (~100 non-ring neurons) -> mixed; MaleCNS side ER1-ER4 types (ER5/ER6 excluded),5,99,re:^ER[1-4]
davie2018,Poxn,ER3a_a,class,Table S2 res2 cluster 80 'Poxn' (Boll & Noll 2002; Minocha 2017). Poxn+ protocerebral dorsal-cluster neurons are the EB ring neurons R1-R4 (Omoto 2019 Biol Open; Minocha 2017); cluster is Gad1-high (3.20; ring neurons GABAergic) but also contains the deutocerebral Poxn ventral cluster (~100 non-ring neurons) -> mixed; MaleCNS side ER1-ER4 types (ER5/ER6 excluded),15,99,re:^ER[1-4]
davie2018,Poxn,ER3a_b,class,Table S2 res2 cluster 80 'Poxn' (Boll & Noll 2002; Minocha 2017). Poxn+ protocerebral dorsal-cluster neurons are the EB ring neurons R1-R4 (Omoto 2019 Biol Open; Minocha 2017); cluster is Gad1-high (3.20; ring neurons GABAergic) but also contains the deutocerebral Poxn ventral cluster (~100 non-ring neurons) -> mixed; MaleCNS side ER1-ER4 types (ER5/ER6 excluded),6,99,re:^ER[1-4]
davie2018,Poxn,ER3a_c,class,Table S2 res2 cluster 80 'Poxn' (Boll & Noll 2002; Minocha 2017). Poxn+ protocerebral dorsal-cluster neurons are the EB ring neurons R1-R4 (Omoto 2019 Biol Open; Minocha 2017); cluster is Gad1-high (3.20; ring neurons GABAergic) but also contains the deutocerebral Poxn ventral cluster (~100 non-ring neurons) -> mixed; MaleCNS side ER1-ER4 types (ER5/ER6 excluded),4,99,re:^ER[1-4]
davie2018,Poxn,ER3a_d,class,Table S2 res2 cluster 80 'Poxn' (Boll & Noll 2002; Minocha 2017). Poxn+ protocerebral dorsal-cluster neurons are the EB ring neurons R1-R4 (Omoto 2019 Biol Open; Minocha 2017); cluster is Gad1-high (3.20; ring neurons GABAergic) but also contains the deutocerebral Poxn ventral cluster (~100 non-ring neurons) -> mixed; MaleCNS side ER1-ER4 types (ER5/ER6 excluded),5,99,re:^ER[1-4]
davie2018,Poxn,ER3d_a,class,Table S2 res2 cluster 80 'Poxn' (Boll & Noll 2002; Minocha 2017). Poxn+ protocerebral dorsal-cluster neurons are the EB ring neurons R1-R4 (Omoto 2019 Biol Open; Minocha 2017); cluster is Gad1-high (3.20; ring neurons GABAergic) but also contains the deutocerebral Poxn ventral cluster (~100 non-ring neurons) -> mixed; MaleCNS side ER1-ER4 types (ER5/ER6 excluded),7,99,re:^ER[1-4]
davie2018,Poxn,ER3d_b,class,Table S2 res2 cluster 80 'Poxn' (Boll & Noll 2002; Minocha 2017). Poxn+ protocerebral dorsal-cluster neurons are the EB ring neurons R1-R4 (Omoto 2019 Biol Open; Minocha 2017); cluster is Gad1-high (3.20; ring neurons GABAergic) but also contains the deutocerebral Poxn ventral cluster (~100 non-ring neurons) -> mixed; MaleCNS side ER1-ER4 types (ER5/ER6 excluded),20,99,re:^ER[1-4]
davie2018,Poxn,ER3d_c,class,Table S2 res2 cluster 80 'Poxn' (Boll & Noll 2002; Minocha 2017). Poxn+ protocerebral dorsal-cluster neurons are the EB ring neurons R1-R4 (Omoto 2019 Biol Open; Minocha 2017); cluster is Gad1-high (3.20; ring neurons GABAergic) but also contains the deutocerebral Poxn ventral cluster (~100 non-ring neurons) -> mixed; MaleCNS side ER1-ER4 types (ER5/ER6 excluded),9,99,re:^ER[1-4]
davie2018,Poxn,ER3d_d,class,Table S2 res2 cluster 80 'Poxn' (Boll & Noll 2002; Minocha 2017). Poxn+ protocerebral dorsal-cluster neurons are the EB ring neurons R1-R4 (Omoto 2019 Biol Open; Minocha 2017); cluster is Gad1-high (3.20; ring neurons GABAergic) but also contains the deutocerebral Poxn ventral cluster (~100 non-ring neurons) -> mixed; MaleCNS side ER1-ER4 types (ER5/ER6 excluded),11,99,re:^ER[1-4]
davie2018,Poxn,ER3d_e,class,Table S2 res2 cluster 80 'Poxn' (Boll & Noll 2002; Minocha 2017). Poxn+ protocerebral dorsal-cluster neurons are the EB ring neurons R1-R4 (Omoto 2019 Biol Open; Minocha 2017); cluster is Gad1-high (3.20; ring neurons GABAergic) but also contains the deutocerebral Poxn ventral cluster (~100 non-ring neurons) -> mixed; MaleCNS side ER1-ER4 types (ER5/ER6 excluded),7,99,re:^ER[1-4]
davie2018,Poxn,ER3m,class,Table S2 res2 cluster 80 'Poxn' (Boll & Noll 2002; Minocha 2017). Poxn+ protocerebral dorsal-cluster neurons are the EB ring neurons R1-R4 (Omoto 2019 Biol Open; Minocha 2017); cluster is Gad1-high (3.20; ring neurons GABAergic) but also contains the deutocerebral Poxn ventral cluster (~100 non-ring neurons) -> mixed; MaleCNS side ER1-ER4 types (ER5/ER6 excluded),18,99,re:^ER[1-4]
davie2018,Poxn,ER3p_a,class,Table S2 res2 cluster 80 'Poxn' (Boll & Noll 2002; Minocha 2017). Poxn+ protocerebral dorsal-cluster neurons are the EB ring neurons R1-R4 (Omoto 2019 Biol Open; Minocha 2017); cluster is Gad1-high (3.20; ring neurons GABAergic) but also contains the deutocerebral Poxn ventral cluster (~100 non-ring neurons) -> mixed; MaleCNS side ER1-ER4 types (ER5/ER6 excluded),14,99,re:^ER[1-4]
davie2018,Poxn,ER3p_b,class,Table S2 res2 cluster 80 'Poxn' (Boll & Noll 2002; Minocha 2017). Poxn+ protocerebral dorsal-cluster neurons are the EB ring neurons R1-R4 (Omoto 2019 Biol Open; Minocha 2017); cluster is Gad1-high (3.20; ring neurons GABAergic) but also contains the deutocerebral Poxn ventral cluster (~100 non-ring neurons) -> mixed; MaleCNS side ER1-ER4 types (ER5/ER6 excluded),4,99,re:^ER[1-4]
davie2018,Poxn,ER3w_a,class,Table S2 res2 cluster 80 'Poxn' (Boll & Noll 2002; Minocha 2017). Poxn+ protocerebral dorsal-cluster neurons are the EB ring neurons R1-R4 (Omoto 2019 Biol Open; Minocha 2017); cluster is Gad1-high (3.20; ring neurons GABAergic) but also contains the deutocerebral Poxn ventral cluster (~100 non-ring neurons) -> mixed; MaleCNS side ER1-ER4 types (ER5/ER6 excluded),7,99,re:^ER[1-4]
davie2018,Poxn,ER3w_b,class,Table S2 res2 cluster 80 'Poxn' (Boll & Noll 2002; Minocha 2017). Poxn+ protocerebral dorsal-cluster neurons are the EB ring neurons R1-R4 (Omoto 2019 Biol Open; Minocha 2017); cluster is Gad1-high (3.20; ring neurons GABAergic) but also contains the deutocerebral Poxn ventral cluster (~100 non-ring neurons) -> mixed; MaleCNS side ER1-ER4 types (ER5/ER6 excluded),18,99,re:^ER[1-4]
davie2018,Poxn,ER3w_c,class,Table S2 res2 cluster 80 'Poxn' (Boll & Noll 2002; Minocha 2017). Poxn+ protocerebral dorsal-cluster neurons are the EB ring neurons R1-R4 (Omoto 2019 Biol Open; Minocha 2017); cluster is Gad1-high (3.20; ring neurons GABAergic) but also contains the deutocerebral Poxn ventral cluster (~100 non-ring neurons) -> mixed; MaleCNS side ER1-ER4 types (ER5/ER6 excluded),6,99,re:^ER[1-4]
davie2018,Poxn,ER4d,class,Table S2 res2 cluster 80 'Poxn' (Boll & Noll 2002; Minocha 2017). Poxn+ protocerebral dorsal-cluster neurons are the EB ring neurons R1-R4 (Omoto 2019 Biol Open; Minocha 2017); cluster is Gad1-high (3.20; ring neurons GABAergic) but also contains the deutocerebral Poxn ventral cluster (~100 non-ring neurons) -> mixed; MaleCNS side ER1-ER4 types (ER5/ER6 excluded),26,99,re:^ER[1-4]
davie2018,Poxn,ER4m,class,Table S2 res2 cluster 80 'Poxn' (Boll & Noll 2002; Minocha 2017). Poxn+ protocerebral dorsal-cluster neurons are the EB ring neurons R1-R4 (Omoto 2019 Biol Open; Minocha 2017); cluster is Gad1-high (3.20; ring neurons GABAergic) but also contains the deutocerebral Poxn ventral cluster (~100 non-ring neurons) -> mixed; MaleCNS side ER1-ER4 types (ER5/ER6 excluded),11,99,re:^ER[1-4]
davie2018,dorsal_Fan-shaped_Body,,unmatched,Table S2 res2 cluster 61 'dFB' (mapped to R23E10 sorted cells generated in the study); VGlut 4.48. Candidate = FB tangential neurons of dorsal layers (FB6-FB8 types) but the R23E10 -> EM-type correspondence is not established here; not mapped,0,232,
davie2018,IPC,IPC,exact,"Table S2 res8 cluster 30 'IPC' (Brogiolo 2001; Rulifson 2002); Ilp2 7.08; MaleCNS type IPC (cb_endocrine, 16 cells)",16,17,exact:IPC
davie2018,Crz,CRZ01,fuzzy,Table S2 'all cells expressing neuropeptides' -> Crz (9 cells); Crz 4.45; MaleCNS CRZ01/CRZ02 (brain Crz neurons),2,9,re:^CRZ\d\d$
davie2018,Crz,CRZ02,fuzzy,Table S2 'all cells expressing neuropeptides' -> Crz (9 cells); Crz 4.45; MaleCNS CRZ01/CRZ02 (brain Crz neurons),2,9,re:^CRZ\d\d$
davie2018,Hug,Hugin-RG,fuzzy,Table S2 'Hugin neurons' (Melcher & Pankratz 2005); Hug 7.68; MaleCNS names only Hugin-RG (4 cells) of the ~20 hugin neurons -> partial,4,42,re:^Hugin
davie2018,ITP,,unmatched,"label 'ITP' (25 cells) but ITP mean log1p cp10k only 0.41 (vs 2.63 in 'Mip/ITP', 1.76 in 'LNv'); the MaleCNS type ITP (7 cells) is not evidenced by this cluster's expression -> not mapped",0,25,
davie2018,Mip/ITP,,unmatched,"9 cells; Mip 1.64, ITP 2.63, Dh31 4.54; no confident MaleCNS type (candidates ITP, DMS not distinguishable)",0,9,
davie2018,Capa,,unmatched,Table S2 res8 cluster 119 'Capa neurons' (Diesner 2018); Capa 4.28 but Ms 6.65 too (73 cells); MaleCNS CAPA (2 cells) / DMS (6) are far smaller endocrine types -> not mapped,0,73,
davie2018,CCAP,,unmatched,Table S2 res8 cluster 151 'CCAP' (Luan 2006); no CCAP-named type in MaleCNS v1.0,0,9,
davie2018,FMRFa,,unmatched,FMRFa 2.72; MaleCNS FMRFa_Tv is a VNC endocrine type (Davie is brain-only) -> not mapped,0,44,
davie2018,AstA/NPF,,unmatched,"NPF 3.96, AstA 4.80, ChAT-high; no confident MaleCNS type (NPFL1-I is 2 serotonergic cells)",0,20,
davie2018,AstA/Nplp1,,unmatched,"AstA 6.33, Gad1 3.30; MaleCNS AstA1 is a 2-cell pair; cluster (83 cells) is broader -> not mapped",0,83,
davie2018,CCHa1,,unmatched,no CCHa1-named MaleCNS type,0,22,
davie2018,Proc/Ms,,unmatched,"Proc 1.46, Ms 0.55, Mip 1.07; candidate DMS (6 cells) not evidenced",0,71,
davie2018,Proc/Gpb5,,unmatched,Proc 5.25; no Proc-named MaleCNS type,0,52,
davie2018,Mip,,unmatched,"Table S2 res2 cluster 17 'Mip' (Carlsson 2010; Min 2016); 814 cells, Mip 0.70 -> a broad cluster, no MaleCNS Mip type",0,814,
davie2018,Mip/OCT,,unmatched,"26 cells; Tdc2 2.83, Mip 4.25, Dh31 4.81 (tyraminergic/octopaminergic Mip+); no MaleCNS correspondence established",0,26,
davie2018,Peptidergic,,unmatched,Table S2 res2 cluster 46 'Peptidergic'; heterogeneous (Proc 2.32); no MaleCNS type,0,155,
davie2018,Gr43a,,unmatched,Table S2 res8 cluster 129 'Gr43a neurons' (Miyamoto & Amrein 2014); Gr43a 1.17; no Gr43a-named brain type in MaleCNS,0,79,
davie2018,Hsp,,unmatched,"heat-shock / stress signature cluster, not a cell type",0,668,
davie2018,DCN,LC14a-1,fuzzy,"Table S2 res8 cluster 118 'DCN' (Hassan 2000); dorsal cluster neurons = LC14 (Zschaetzsch 2014); acj6 2.29; rule ^LC14 (LC14a-1, LC14a-2, LC14b)",30,98,re:^LC14
davie2018,DCN,LC14a-2,fuzzy,"Table S2 res8 cluster 118 'DCN' (Hassan 2000); dorsal cluster neurons = LC14 (Zschaetzsch 2014); acj6 2.29; rule ^LC14 (LC14a-1, LC14a-2, LC14b)",15,98,re:^LC14
davie2018,DCN,LC14b,fuzzy,"Table S2 res8 cluster 118 'DCN' (Hassan 2000); dorsal cluster neurons = LC14 (Zschaetzsch 2014); acj6 2.29; rule ^LC14 (LC14a-1, LC14a-2, LC14b)",43,98,re:^LC14
davie2018,TmY14,TmY14,exact,Table S2 res2 cluster 11 (mapping to Konstantinides 2018); VGlut 4.04,477,1399,exact:TmY14
davie2018,Mi1,Mi1,exact,Table S2 res2 cluster 26 (Hasegawa 2013); ChAT 2.10,1773,562,exact:Mi1
davie2018,T1,T1,exact,Table S2 res2 cluster 37 (Hamanaka & Meinertzhagen 2010); ort 2.32,1777,428,exact:T1
davie2018,Tm9,Tm9,exact,Table S2 res2 cluster 18 (mapping),1771,229,exact:Tm9
davie2018,Tm5c,Tm5c,exact,Table S2 res2 cluster 39 'Dm8/Tm5c' sub-annotation; VGlut 3.91,750,382,exact:Tm5c
davie2018,Tm5ab,Tm5a,fuzzy,Table S2 res2 cluster 41 'Tm5ab' (Konstantinides 2018); rule Tm5a|Tm5b,624,351,list:Tm5a|Tm5b
davie2018,Tm5ab,Tm5b,fuzzy,Table S2 res2 cluster 41 'Tm5ab' (Konstantinides 2018); rule Tm5a|Tm5b,522,351,list:Tm5a|Tm5b
davie2018,Dm8/Dm11,Dm8a,fuzzy,Table S2 res2 cluster 39 sub-annotation 'Dm8/Dm11'; VGlut 4.24; rule Dm8a|Dm8b|Dm11,572,276,list:Dm8a|Dm8b|Dm11
davie2018,Dm8/Dm11,Dm8b,fuzzy,Table S2 res2 cluster 39 sub-annotation 'Dm8/Dm11'; VGlut 4.24; rule Dm8a|Dm8b|Dm11,532,276,list:Dm8a|Dm8b|Dm11
davie2018,Dm8/Dm11,Dm11,fuzzy,Table S2 res2 cluster 39 sub-annotation 'Dm8/Dm11'; VGlut 4.24; rule Dm8a|Dm8b|Dm11,158,276,list:Dm8a|Dm8b|Dm11
davie2018,Dm9,Dm9,exact,Table S2-derived label; VGlut 5.19,273,139,exact:Dm9
davie2018,Pm1/Pm2,Pm1,fuzzy,Table S2 res2 cluster 12 (Erclik 2017); Gad1 3.70; rule Pm1|Pm2a|Pm2b,246,1162,list:Pm1|Pm2a|Pm2b
davie2018,Pm1/Pm2,Pm2a,fuzzy,Table S2 res2 cluster 12 (Erclik 2017); Gad1 3.70; rule Pm1|Pm2a|Pm2b,219,1162,list:Pm1|Pm2a|Pm2b
davie2018,Pm1/Pm2,Pm2b,fuzzy,Table S2 res2 cluster 12 (Erclik 2017); Gad1 3.70; rule Pm1|Pm2a|Pm2b,124,1162,list:Pm1|Pm2a|Pm2b
davie2018,Pm1/Pm2/Pm3,Pm1,fuzzy,Table S2 res2 cluster 48 (Erclik 2017); Gad1 3.44,246,316,list:Pm1|Pm2a|Pm2b|Pm3
davie2018,Pm1/Pm2/Pm3,Pm2a,fuzzy,Table S2 res2 cluster 48 (Erclik 2017); Gad1 3.44,219,316,list:Pm1|Pm2a|Pm2b|Pm3
davie2018,Pm1/Pm2/Pm3,Pm2b,fuzzy,Table S2 res2 cluster 48 (Erclik 2017); Gad1 3.44,124,316,list:Pm1|Pm2a|Pm2b|Pm3
davie2018,Pm1/Pm2/Pm3,Pm3,fuzzy,Table S2 res2 cluster 48 (Erclik 2017); Gad1 3.44,69,316,list:Pm1|Pm2a|Pm2b|Pm3
davie2018,Pm3,,unmatched,"Table S2 res2 cluster 73 'Pm3' (Erclik 2017 markers) but the cluster is glutamatergic (VGlut 3.97, Gad1 0.20) whereas MaleCNS Pm3 is GABA 100% (Pm numbering was reorganised in the Nern 2025 optic-lobe nomenclature) -> name match not trusted",0,82,
davie2018,Pm4,Pm4,exact,Table S2-derived label; Gad1 3.87,168,271,exact:Pm4
davie2018,T2,T2,exact,Table S2 res2 cluster 31 'T2/T3' sub-annotation; MaleCNS also has T2a (not included),1630,507,exact:T2
davie2018,T3,T3,exact,Table S2 res2 cluster 31 'T2/T3' sub-annotation,1940,471,exact:T3
davie2018,T4/T5,T4a,fuzzy,Table S2 res2 cluster 24 (Pankova & Borst 2016); rule ^T[45][a-d],1684,648,re:^T[45][a-d]$
davie2018,T4/T5,T4b,fuzzy,Table S2 res2 cluster 24 (Pankova & Borst 2016); rule ^T[45][a-d],1690,648,re:^T[45][a-d]$
davie2018,T4/T5,T4c,fuzzy,Table S2 res2 cluster 24 (Pankova & Borst 2016); rule ^T[45][a-d],1778,648,re:^T[45][a-d]$
davie2018,T4/T5,T4d,fuzzy,Table S2 res2 cluster 24 (Pankova & Borst 2016); rule ^T[45][a-d],1709,648,re:^T[45][a-d]$
davie2018,T4/T5,T5a,fuzzy,Table S2 res2 cluster 24 (Pankova & Borst 2016); rule ^T[45][a-d],1664,648,re:^T[45][a-d]$
davie2018,T4/T5,T5b,fuzzy,Table S2 res2 cluster 24 (Pankova & Borst 2016); rule ^T[45][a-d],1715,648,re:^T[45][a-d]$
davie2018,T4/T5,T5c,fuzzy,Table S2 res2 cluster 24 (Pankova & Borst 2016); rule ^T[45][a-d],1720,648,re:^T[45][a-d]$
davie2018,T4/T5,T5d,fuzzy,Table S2 res2 cluster 24 (Pankova & Borst 2016); rule ^T[45][a-d],1620,648,re:^T[45][a-d]$
davie2018,C2,C2,exact,Table S2 res2 cluster 65 'C2/C3' sub-annotation; Gad1 2.58,1745,127,exact:C2
davie2018,C3,C3,exact,Table S2 res2 cluster 65 'C2/C3' sub-annotation; Gad1 3.39,1779,219,exact:C3
davie2018,Tm1/TmY8,Tm1,fuzzy,Table S2 res2 cluster 45 'Tm1/TmY8'; MaleCNS v1.0 has no type named TmY8 -> Tm1 only (partial),1777,325,exact:Tm1
davie2018,Lawf1,Lawf1,exact,Table S2 res2 cluster 58 (Chen 2016),361,246,exact:Lawf1
davie2018,Lawf2,Lawf2,exact,Table S2 res2 cluster 72 (Chen 2016),383,173,exact:Lawf2
davie2018,L1,L1,exact,Table S2 sub-clustering of 20 (Kolodziejczyk 2008; Tan 2015),1776,84,exact:L1
davie2018,L2,L2,exact,Table S2 sub-clustering of 20 (Tan 2015),1779,81,exact:L2
davie2018,L3,L3,exact,Table S2 sub-clustering of 20 (Tan 2015),1772,101,exact:L3
davie2018,L4/L5,L4,fuzzy,Table S2 sub-clustering of 20 (Hasegawa 2013; Tan 2015),1769,163,list:L4|L5
davie2018,L4/L5,L5,fuzzy,Table S2 sub-clustering of 20 (Hasegawa 2013; Tan 2015),1787,163,list:L4|L5
davie2018,Lamina_monopolar,L1,fuzzy,Table S2 res2 cluster 20 'L1/L2/L3/L4/L5' (Tan 2015); rule ^L[1-5]$,1776,307,re:^L[1-5]$
davie2018,Lamina_monopolar,L2,fuzzy,Table S2 res2 cluster 20 'L1/L2/L3/L4/L5' (Tan 2015); rule ^L[1-5]$,1779,307,re:^L[1-5]$
davie2018,Lamina_monopolar,L3,fuzzy,Table S2 res2 cluster 20 'L1/L2/L3/L4/L5' (Tan 2015); rule ^L[1-5]$,1772,307,re:^L[1-5]$
davie2018,Lamina_monopolar,L4,fuzzy,Table S2 res2 cluster 20 'L1/L2/L3/L4/L5' (Tan 2015); rule ^L[1-5]$,1769,307,re:^L[1-5]$
davie2018,Lamina_monopolar,L5,fuzzy,Table S2 res2 cluster 20 'L1/L2/L3/L4/L5' (Tan 2015); rule ^L[1-5]$,1787,307,re:^L[1-5]$
davie2018,Photoreceptors,R1-R6,class,"Table S2 res2 cluster 53 (Montell & Rubin 1988); MaleCNS class visual (R1-R6, R7*, R8*)",3377,277,query:klass == 'visual'
davie2018,Photoreceptors,R7R8_unclear,class,"Table S2 res2 cluster 53 (Montell & Rubin 1988); MaleCNS class visual (R1-R6, R7*, R8*)",85,277,query:klass == 'visual'
davie2018,Photoreceptors,R7_unclear,class,"Table S2 res2 cluster 53 (Montell & Rubin 1988); MaleCNS class visual (R1-R6, R7*, R8*)",404,277,query:klass == 'visual'
davie2018,Photoreceptors,R7d,class,"Table S2 res2 cluster 53 (Montell & Rubin 1988); MaleCNS class visual (R1-R6, R7*, R8*)",82,277,query:klass == 'visual'
davie2018,Photoreceptors,R7p,class,"Table S2 res2 cluster 53 (Montell & Rubin 1988); MaleCNS class visual (R1-R6, R7*, R8*)",332,277,query:klass == 'visual'
davie2018,Photoreceptors,R7y,class,"Table S2 res2 cluster 53 (Montell & Rubin 1988); MaleCNS class visual (R1-R6, R7*, R8*)",482,277,query:klass == 'visual'
davie2018,Photoreceptors,R8_unclear,class,"Table S2 res2 cluster 53 (Montell & Rubin 1988); MaleCNS class visual (R1-R6, R7*, R8*)",442,277,query:klass == 'visual'
davie2018,Photoreceptors,R8d,class,"Table S2 res2 cluster 53 (Montell & Rubin 1988); MaleCNS class visual (R1-R6, R7*, R8*)",76,277,query:klass == 'visual'
davie2018,Photoreceptors,R8p,class,"Table S2 res2 cluster 53 (Montell & Rubin 1988); MaleCNS class visual (R1-R6, R7*, R8*)",330,277,query:klass == 'visual'
davie2018,Photoreceptors,R8y,class,"Table S2 res2 cluster 53 (Montell & Rubin 1988); MaleCNS class visual (R1-R6, R7*, R8*)",481,277,query:klass == 'visual'
davie2018,Astrocyte-like,,unmatched,glia,0,1421,
davie2018,Ensheathing_glia,,unmatched,glia,0,1517,
davie2018,Cortex_glia,,unmatched,glia,0,239,
davie2018,Perineurial_glia,,unmatched,glia,0,259,
davie2018,Subperineurial_glia,,unmatched,glia,0,217,
davie2018,Chiasm_glia,,unmatched,glia,0,86,
davie2018,Plasmatocytes,,unmatched,hemocytes,0,329,
fca2022,gamma Kenyon cell,KCg,fuzzy,FCA annotation (FBbt); sNPF-high; rule ^KCg,1,1139,re:^KCg
fca2022,gamma Kenyon cell,KCg-d,fuzzy,FCA annotation (FBbt); sNPF-high; rule ^KCg,206,1139,re:^KCg
fca2022,gamma Kenyon cell,KCg-m,fuzzy,FCA annotation (FBbt); sNPF-high; rule ^KCg,1342,1139,re:^KCg
fca2022,gamma Kenyon cell,KCg-s1,fuzzy,FCA annotation (FBbt); sNPF-high; rule ^KCg,2,1139,re:^KCg
fca2022,gamma Kenyon cell,KCg-s2,fuzzy,FCA annotation (FBbt); sNPF-high; rule ^KCg,2,1139,re:^KCg
fca2022,gamma Kenyon cell,KCg-s3,fuzzy,FCA annotation (FBbt); sNPF-high; rule ^KCg,2,1139,re:^KCg
fca2022,gamma Kenyon cell,KCg-s4,fuzzy,FCA annotation (FBbt); sNPF-high; rule ^KCg,2,1139,re:^KCg
fca2022,alpha/beta Kenyon cell,KCab-c,fuzzy,FCA annotation (FBbt); rule ^KCab,488,525,re:^KCab
fca2022,alpha/beta Kenyon cell,KCab-m,fuzzy,FCA annotation (FBbt); rule ^KCab,536,525,re:^KCab
fca2022,alpha/beta Kenyon cell,KCab-p,fuzzy,FCA annotation (FBbt); rule ^KCab,129,525,re:^KCab
fca2022,alpha/beta Kenyon cell,KCab-s,fuzzy,FCA annotation (FBbt); rule ^KCab,657,525,re:^KCab
fca2022,alpha'/beta' Kenyon cell,KCa'b'-ap1,fuzzy,FCA annotation (FBbt); rule ^KCa'b',199,431,re:^KCa'b'
fca2022,alpha'/beta' Kenyon cell,KCa'b'-ap2,fuzzy,FCA annotation (FBbt); rule ^KCa'b',291,431,re:^KCa'b'
fca2022,alpha'/beta' Kenyon cell,KCa'b'-m,fuzzy,FCA annotation (FBbt); rule ^KCa'b',205,431,re:^KCa'b'
fca2022,Kenyon cell,KC,class,"FCA annotation (FBbt, unresolved KC); MaleCNS class Kenyon_Cell",2,116,query:klass == 'Kenyon_Cell'
fca2022,Kenyon cell,KCa'b'-ap1,class,"FCA annotation (FBbt, unresolved KC); MaleCNS class Kenyon_Cell",199,116,query:klass == 'Kenyon_Cell'
fca2022,Kenyon cell,KCa'b'-ap2,class,"FCA annotation (FBbt, unresolved KC); MaleCNS class Kenyon_Cell",291,116,query:klass == 'Kenyon_Cell'
fca2022,Kenyon cell,KCa'b'-m,class,"FCA annotation (FBbt, unresolved KC); MaleCNS class Kenyon_Cell",205,116,query:klass == 'Kenyon_Cell'
fca2022,Kenyon cell,KCab-c,class,"FCA annotation (FBbt, unresolved KC); MaleCNS class Kenyon_Cell",488,116,query:klass == 'Kenyon_Cell'
fca2022,Kenyon cell,KCab-m,class,"FCA annotation (FBbt, unresolved KC); MaleCNS class Kenyon_Cell",536,116,query:klass == 'Kenyon_Cell'
fca2022,Kenyon cell,KCab-p,class,"FCA annotation (FBbt, unresolved KC); MaleCNS class Kenyon_Cell",129,116,query:klass == 'Kenyon_Cell'
fca2022,Kenyon cell,KCab-s,class,"FCA annotation (FBbt, unresolved KC); MaleCNS class Kenyon_Cell",657,116,query:klass == 'Kenyon_Cell'
fca2022,Kenyon cell,KCg,class,"FCA annotation (FBbt, unresolved KC); MaleCNS class Kenyon_Cell",1,116,query:klass == 'Kenyon_Cell'
fca2022,Kenyon cell,KCg-d,class,"FCA annotation (FBbt, unresolved KC); MaleCNS class Kenyon_Cell",206,116,query:klass == 'Kenyon_Cell'
fca2022,Kenyon cell,KCg-m,class,"FCA annotation (FBbt, unresolved KC); MaleCNS class Kenyon_Cell",1342,116,query:klass == 'Kenyon_Cell'
fca2022,Kenyon cell,KCg-s1,class,"FCA annotation (FBbt, unresolved KC); MaleCNS class Kenyon_Cell",2,116,query:klass == 'Kenyon_Cell'
fca2022,Kenyon cell,KCg-s2,class,"FCA annotation (FBbt, unresolved KC); MaleCNS class Kenyon_Cell",2,116,query:klass == 'Kenyon_Cell'
fca2022,Kenyon cell,KCg-s3,class,"FCA annotation (FBbt, unresolved KC); MaleCNS class Kenyon_Cell",2,116,query:klass == 'Kenyon_Cell'
fca2022,Kenyon cell,KCg-s4,class,"FCA annotation (FBbt, unresolved KC); MaleCNS class Kenyon_Cell",2,116,query:klass == 'Kenyon_Cell'
fca2022,dopaminergic PAM neuron,PAM01,fuzzy,FCA annotation (FBbt); rule ^PAM\d\d,44,288,re:^PAM\d\d$
fca2022,dopaminergic PAM neuron,PAM02,fuzzy,FCA annotation (FBbt); rule ^PAM\d\d,17,288,re:^PAM\d\d$
fca2022,dopaminergic PAM neuron,PAM03,fuzzy,FCA annotation (FBbt); rule ^PAM\d\d,12,288,re:^PAM\d\d$
fca2022,dopaminergic PAM neuron,PAM04,fuzzy,FCA annotation (FBbt); rule ^PAM\d\d,32,288,re:^PAM\d\d$
fca2022,dopaminergic PAM neuron,PAM05,fuzzy,FCA annotation (FBbt); rule ^PAM\d\d,20,288,re:^PAM\d\d$
fca2022,dopaminergic PAM neuron,PAM06,fuzzy,FCA annotation (FBbt); rule ^PAM\d\d,28,288,re:^PAM\d\d$
fca2022,dopaminergic PAM neuron,PAM07,fuzzy,FCA annotation (FBbt); rule ^PAM\d\d,14,288,re:^PAM\d\d$
fca2022,dopaminergic PAM neuron,PAM08,fuzzy,FCA annotation (FBbt); rule ^PAM\d\d,50,288,re:^PAM\d\d$
fca2022,dopaminergic PAM neuron,PAM09,fuzzy,FCA annotation (FBbt); rule ^PAM\d\d,9,288,re:^PAM\d\d$
fca2022,dopaminergic PAM neuron,PAM10,fuzzy,FCA annotation (FBbt); rule ^PAM\d\d,15,288,re:^PAM\d\d$
fca2022,dopaminergic PAM neuron,PAM11,fuzzy,FCA annotation (FBbt); rule ^PAM\d\d,15,288,re:^PAM\d\d$
fca2022,dopaminergic PAM neuron,PAM12,fuzzy,FCA annotation (FBbt); rule ^PAM\d\d,22,288,re:^PAM\d\d$
fca2022,dopaminergic PAM neuron,PAM13,fuzzy,FCA annotation (FBbt); rule ^PAM\d\d,16,288,re:^PAM\d\d$
fca2022,dopaminergic PAM neuron,PAM14,fuzzy,FCA annotation (FBbt); rule ^PAM\d\d,18,288,re:^PAM\d\d$
fca2022,dopaminergic PAM neuron,PAM15,fuzzy,FCA annotation (FBbt); rule ^PAM\d\d,4,288,re:^PAM\d\d$
fca2022,dopaminergic neuron,ATL031,class,"FCA annotation (FBbt), 25 nuclei; MaleCNS side = consensus nt dopamine, non-PAM, non-VNC",2,25,"query:nt == 'dopamine' and not type.str.match('^PAM') and superclass in ['cb_intrinsic','cb_sensory','cb_endocrine','cb_motor','visual_centrifugal','visual_projection','ol_intrinsic','descending_neuron']"
fca2022,dopaminergic neuron,AVLP476,class,"FCA annotation (FBbt), 25 nuclei; MaleCNS side = consensus nt dopamine, non-PAM, non-VNC",2,25,"query:nt == 'dopamine' and not type.str.match('^PAM') and superclass in ['cb_intrinsic','cb_sensory','cb_endocrine','cb_motor','visual_centrifugal','visual_projection','ol_intrinsic','descending_neuron']"
fca2022,dopaminergic neuron,AVLP610,class,"FCA annotation (FBbt), 25 nuclei; MaleCNS side = consensus nt dopamine, non-PAM, non-VNC",2,25,"query:nt == 'dopamine' and not type.str.match('^PAM') and superclass in ['cb_intrinsic','cb_sensory','cb_endocrine','cb_motor','visual_centrifugal','visual_projection','ol_intrinsic','descending_neuron']"
fca2022,dopaminergic neuron,DPM,class,"FCA annotation (FBbt), 25 nuclei; MaleCNS side = consensus nt dopamine, non-PAM, non-VNC",2,25,"query:nt == 'dopamine' and not type.str.match('^PAM') and superclass in ['cb_intrinsic','cb_sensory','cb_endocrine','cb_motor','visual_centrifugal','visual_projection','ol_intrinsic','descending_neuron']"
fca2022,dopaminergic neuron,ExR2,class,"FCA annotation (FBbt), 25 nuclei; MaleCNS side = consensus nt dopamine, non-PAM, non-VNC",4,25,"query:nt == 'dopamine' and not type.str.match('^PAM') and superclass in ['cb_intrinsic','cb_sensory','cb_endocrine','cb_motor','visual_centrifugal','visual_projection','ol_intrinsic','descending_neuron']"
fca2022,dopaminergic neuron,FB1C,class,"FCA annotation (FBbt), 25 nuclei; MaleCNS side = consensus nt dopamine, non-PAM, non-VNC",4,25,"query:nt == 'dopamine' and not type.str.match('^PAM') and superclass in ['cb_intrinsic','cb_sensory','cb_endocrine','cb_motor','visual_centrifugal','visual_projection','ol_intrinsic','descending_neuron']"
fca2022,dopaminergic neuron,FB1H,class,"FCA annotation (FBbt), 25 nuclei; MaleCNS side = consensus nt dopamine, non-PAM, non-VNC",2,25,"query:nt == 'dopamine' and not type.str.match('^PAM') and superclass in ['cb_intrinsic','cb_sensory','cb_endocrine','cb_motor','visual_centrifugal','visual_projection','ol_intrinsic','descending_neuron']"
fca2022,dopaminergic neuron,FB2A,class,"FCA annotation (FBbt), 25 nuclei; MaleCNS side = consensus nt dopamine, non-PAM, non-VNC",4,25,"query:nt == 'dopamine' and not type.str.match('^PAM') and superclass in ['cb_intrinsic','cb_sensory','cb_endocrine','cb_motor','visual_centrifugal','visual_projection','ol_intrinsic','descending_neuron']"
fca2022,dopaminergic neuron,FB4L,class,"FCA annotation (FBbt), 25 nuclei; MaleCNS side = consensus nt dopamine, non-PAM, non-VNC",4,25,"query:nt == 'dopamine' and not type.str.match('^PAM') and superclass in ['cb_intrinsic','cb_sensory','cb_endocrine','cb_motor','visual_centrifugal','visual_projection','ol_intrinsic','descending_neuron']"
fca2022,dopaminergic neuron,FB4M,class,"FCA annotation (FBbt), 25 nuclei; MaleCNS side = consensus nt dopamine, non-PAM, non-VNC",4,25,"query:nt == 'dopamine' and not type.str.match('^PAM') and superclass in ['cb_intrinsic','cb_sensory','cb_endocrine','cb_motor','visual_centrifugal','visual_projection','ol_intrinsic','descending_neuron']"
fca2022,dopaminergic neuron,FB5H,class,"FCA annotation (FBbt), 25 nuclei; MaleCNS side = consensus nt dopamine, non-PAM, non-VNC",2,25,"query:nt == 'dopamine' and not type.str.match('^PAM') and superclass in ['cb_intrinsic','cb_sensory','cb_endocrine','cb_motor','visual_centrifugal','visual_projection','ol_intrinsic','descending_neuron']"
fca2022,dopaminergic neuron,LAL128,class,"FCA annotation (FBbt), 25 nuclei; MaleCNS side = consensus nt dopamine, non-PAM, non-VNC",2,25,"query:nt == 'dopamine' and not type.str.match('^PAM') and superclass in ['cb_intrinsic','cb_sensory','cb_endocrine','cb_motor','visual_centrifugal','visual_projection','ol_intrinsic','descending_neuron']"
fca2022,dopaminergic neuron,LoVC18,class,"FCA annotation (FBbt), 25 nuclei; MaleCNS side = consensus nt dopamine, non-PAM, non-VNC",4,25,"query:nt == 'dopamine' and not type.str.match('^PAM') and superclass in ['cb_intrinsic','cb_sensory','cb_endocrine','cb_motor','visual_centrifugal','visual_projection','ol_intrinsic','descending_neuron']"
fca2022,dopaminergic neuron,LoVC22,class,"FCA annotation (FBbt), 25 nuclei; MaleCNS side = consensus nt dopamine, non-PAM, non-VNC",4,25,"query:nt == 'dopamine' and not type.str.match('^PAM') and superclass in ['cb_intrinsic','cb_sensory','cb_endocrine','cb_motor','visual_centrifugal','visual_projection','ol_intrinsic','descending_neuron']"
fca2022,dopaminergic neuron,PPL101,class,"FCA annotation (FBbt), 25 nuclei; MaleCNS side = consensus nt dopamine, non-PAM, non-VNC",2,25,"query:nt == 'dopamine' and not type.str.match('^PAM') and superclass in ['cb_intrinsic','cb_sensory','cb_endocrine','cb_motor','visual_centrifugal','visual_projection','ol_intrinsic','descending_neuron']"
fca2022,dopaminergic neuron,PPL102,class,"FCA annotation (FBbt), 25 nuclei; MaleCNS side = consensus nt dopamine, non-PAM, non-VNC",2,25,"query:nt == 'dopamine' and not type.str.match('^PAM') and superclass in ['cb_intrinsic','cb_sensory','cb_endocrine','cb_motor','visual_centrifugal','visual_projection','ol_intrinsic','descending_neuron']"
fca2022,dopaminergic neuron,PPL103,class,"FCA annotation (FBbt), 25 nuclei; MaleCNS side = consensus nt dopamine, non-PAM, non-VNC",2,25,"query:nt == 'dopamine' and not type.str.match('^PAM') and superclass in ['cb_intrinsic','cb_sensory','cb_endocrine','cb_motor','visual_centrifugal','visual_projection','ol_intrinsic','descending_neuron']"
fca2022,dopaminergic neuron,PPL104,class,"FCA annotation (FBbt), 25 nuclei; MaleCNS side = consensus nt dopamine, non-PAM, non-VNC",2,25,"query:nt == 'dopamine' and not type.str.match('^PAM') and superclass in ['cb_intrinsic','cb_sensory','cb_endocrine','cb_motor','visual_centrifugal','visual_projection','ol_intrinsic','descending_neuron']"
fca2022,dopaminergic neuron,PPL105,class,"FCA annotation (FBbt), 25 nuclei; MaleCNS side = consensus nt dopamine, non-PAM, non-VNC",2,25,"query:nt == 'dopamine' and not type.str.match('^PAM') and superclass in ['cb_intrinsic','cb_sensory','cb_endocrine','cb_motor','visual_centrifugal','visual_projection','ol_intrinsic','descending_neuron']"
fca2022,dopaminergic neuron,PPL106,class,"FCA annotation (FBbt), 25 nuclei; MaleCNS side = consensus nt dopamine, non-PAM, non-VNC",2,25,"query:nt == 'dopamine' and not type.str.match('^PAM') and superclass in ['cb_intrinsic','cb_sensory','cb_endocrine','cb_motor','visual_centrifugal','visual_projection','ol_intrinsic','descending_neuron']"
fca2022,dopaminergic neuron,PPL107,class,"FCA annotation (FBbt), 25 nuclei; MaleCNS side = consensus nt dopamine, non-PAM, non-VNC",2,25,"query:nt == 'dopamine' and not type.str.match('^PAM') and superclass in ['cb_intrinsic','cb_sensory','cb_endocrine','cb_motor','visual_centrifugal','visual_projection','ol_intrinsic','descending_neuron']"
fca2022,dopaminergic neuron,PPL108,class,"FCA annotation (FBbt), 25 nuclei; MaleCNS side = consensus nt dopamine, non-PAM, non-VNC",2,25,"query:nt == 'dopamine' and not type.str.match('^PAM') and superclass in ['cb_intrinsic','cb_sensory','cb_endocrine','cb_motor','visual_centrifugal','visual_projection','ol_intrinsic','descending_neuron']"
fca2022,dopaminergic neuron,PPL201,class,"FCA annotation (FBbt), 25 nuclei; MaleCNS side = consensus nt dopamine, non-PAM, non-VNC",2,25,"query:nt == 'dopamine' and not type.str.match('^PAM') and superclass in ['cb_intrinsic','cb_sensory','cb_endocrine','cb_motor','visual_centrifugal','visual_projection','ol_intrinsic','descending_neuron']"
fca2022,dopaminergic neuron,PPL202,class,"FCA annotation (FBbt), 25 nuclei; MaleCNS side = consensus nt dopamine, non-PAM, non-VNC",2,25,"query:nt == 'dopamine' and not type.str.match('^PAM') and superclass in ['cb_intrinsic','cb_sensory','cb_endocrine','cb_motor','visual_centrifugal','visual_projection','ol_intrinsic','descending_neuron']"
fca2022,dopaminergic neuron,PPL204,class,"FCA annotation (FBbt), 25 nuclei; MaleCNS side = consensus nt dopamine, non-PAM, non-VNC",2,25,"query:nt == 'dopamine' and not type.str.match('^PAM') and superclass in ['cb_intrinsic','cb_sensory','cb_endocrine','cb_motor','visual_centrifugal','visual_projection','ol_intrinsic','descending_neuron']"
fca2022,dopaminergic neuron,PPM1201,class,"FCA annotation (FBbt), 25 nuclei; MaleCNS side = consensus nt dopamine, non-PAM, non-VNC",4,25,"query:nt == 'dopamine' and not type.str.match('^PAM') and superclass in ['cb_intrinsic','cb_sensory','cb_endocrine','cb_motor','visual_centrifugal','visual_projection','ol_intrinsic','descending_neuron']"
fca2022,dopaminergic neuron,PPM1202,class,"FCA annotation (FBbt), 25 nuclei; MaleCNS side = consensus nt dopamine, non-PAM, non-VNC",4,25,"query:nt == 'dopamine' and not type.str.match('^PAM') and superclass in ['cb_intrinsic','cb_sensory','cb_endocrine','cb_motor','visual_centrifugal','visual_projection','ol_intrinsic','descending_neuron']"
fca2022,dopaminergic neuron,PPM1203,class,"FCA annotation (FBbt), 25 nuclei; MaleCNS side = consensus nt dopamine, non-PAM, non-VNC",2,25,"query:nt == 'dopamine' and not type.str.match('^PAM') and superclass in ['cb_intrinsic','cb_sensory','cb_endocrine','cb_motor','visual_centrifugal','visual_projection','ol_intrinsic','descending_neuron']"
fca2022,dopaminergic neuron,PPM1205,class,"FCA annotation (FBbt), 25 nuclei; MaleCNS side = consensus nt dopamine, non-PAM, non-VNC",2,25,"query:nt == 'dopamine' and not type.str.match('^PAM') and superclass in ['cb_intrinsic','cb_sensory','cb_endocrine','cb_motor','visual_centrifugal','visual_projection','ol_intrinsic','descending_neuron']"
fca2022,dopaminergic neuron,SIP106m,class,"FCA annotation (FBbt), 25 nuclei; MaleCNS side = consensus nt dopamine, non-PAM, non-VNC",2,25,"query:nt == 'dopamine' and not type.str.match('^PAM') and superclass in ['cb_intrinsic','cb_sensory','cb_endocrine','cb_motor','visual_centrifugal','visual_projection','ol_intrinsic','descending_neuron']"
fca2022,octopaminergic/tyraminergic neuron,DNg104,class,"FCA annotation (FBbt), Tdc2+ mixed OA/TA; MaleCNS side = consensus nt octopamine, non-VNC (tyraminergic cells have no MaleCNS label) -> mixed",2,120,"query:nt == 'octopamine' and superclass in ['cb_intrinsic','cb_sensory','cb_endocrine','cb_motor','visual_centrifugal','visual_projection','ol_intrinsic','descending_neuron']"
fca2022,octopaminergic/tyraminergic neuron,DNg34,class,"FCA annotation (FBbt), Tdc2+ mixed OA/TA; MaleCNS side = consensus nt octopamine, non-VNC (tyraminergic cells have no MaleCNS label) -> mixed",2,120,"query:nt == 'octopamine' and superclass in ['cb_intrinsic','cb_sensory','cb_endocrine','cb_motor','visual_centrifugal','visual_projection','ol_intrinsic','descending_neuron']"
fca2022,octopaminergic/tyraminergic neuron,DNg66,class,"FCA annotation (FBbt), Tdc2+ mixed OA/TA; MaleCNS side = consensus nt octopamine, non-VNC (tyraminergic cells have no MaleCNS label) -> mixed",1,120,"query:nt == 'octopamine' and superclass in ['cb_intrinsic','cb_sensory','cb_endocrine','cb_motor','visual_centrifugal','visual_projection','ol_intrinsic','descending_neuron']"
fca2022,octopaminergic/tyraminergic neuron,DNge138,class,"FCA annotation (FBbt), Tdc2+ mixed OA/TA; MaleCNS side = consensus nt octopamine, non-VNC (tyraminergic cells have no MaleCNS label) -> mixed",2,120,"query:nt == 'octopamine' and superclass in ['cb_intrinsic','cb_sensory','cb_endocrine','cb_motor','visual_centrifugal','visual_projection','ol_intrinsic','descending_neuron']"
fca2022,octopaminergic/tyraminergic neuron,DNge149,class,"FCA annotation (FBbt), Tdc2+ mixed OA/TA; MaleCNS side = consensus nt octopamine, non-VNC (tyraminergic cells have no MaleCNS label) -> mixed",1,120,"query:nt == 'octopamine' and superclass in ['cb_intrinsic','cb_sensory','cb_endocrine','cb_motor','visual_centrifugal','visual_projection','ol_intrinsic','descending_neuron']"
fca2022,octopaminergic/tyraminergic neuron,DNge150,class,"FCA annotation (FBbt), Tdc2+ mixed OA/TA; MaleCNS side = consensus nt octopamine, non-VNC (tyraminergic cells have no MaleCNS label) -> mixed",1,120,"query:nt == 'octopamine' and superclass in ['cb_intrinsic','cb_sensory','cb_endocrine','cb_motor','visual_centrifugal','visual_projection','ol_intrinsic','descending_neuron']"
fca2022,octopaminergic/tyraminergic neuron,DNge151,class,"FCA annotation (FBbt), Tdc2+ mixed OA/TA; MaleCNS side = consensus nt octopamine, non-VNC (tyraminergic cells have no MaleCNS label) -> mixed",1,120,"query:nt == 'octopamine' and superclass in ['cb_intrinsic','cb_sensory','cb_endocrine','cb_motor','visual_centrifugal','visual_projection','ol_intrinsic','descending_neuron']"
fca2022,octopaminergic/tyraminergic neuron,DNge152,class,"FCA annotation (FBbt), Tdc2+ mixed OA/TA; MaleCNS side = consensus nt octopamine, non-VNC (tyraminergic cells have no MaleCNS label) -> mixed",1,120,"query:nt == 'octopamine' and superclass in ['cb_intrinsic','cb_sensory','cb_endocrine','cb_motor','visual_centrifugal','visual_projection','ol_intrinsic','descending_neuron']"
fca2022,octopaminergic/tyraminergic neuron,EL,class,"FCA annotation (FBbt), Tdc2+ mixed OA/TA; MaleCNS side = consensus nt octopamine, non-VNC (tyraminergic cells have no MaleCNS label) -> mixed",18,120,"query:nt == 'octopamine' and superclass in ['cb_intrinsic','cb_sensory','cb_endocrine','cb_motor','visual_centrifugal','visual_projection','ol_intrinsic','descending_neuron']"
fca2022,octopaminergic/tyraminergic neuron,GNG629,class,"FCA annotation (FBbt), Tdc2+ mixed OA/TA; MaleCNS side = consensus nt octopamine, non-VNC (tyraminergic cells have no MaleCNS label) -> mixed",2,120,"query:nt == 'octopamine' and superclass in ['cb_intrinsic','cb_sensory','cb_endocrine','cb_motor','visual_centrifugal','visual_projection','ol_intrinsic','descending_neuron']"
fca2022,octopaminergic/tyraminergic neuron,LB2b,class,"FCA annotation (FBbt), Tdc2+ mixed OA/TA; MaleCNS side = consensus nt octopamine, non-VNC (tyraminergic cells have no MaleCNS label) -> mixed",3,120,"query:nt == 'octopamine' and superclass in ['cb_intrinsic','cb_sensory','cb_endocrine','cb_motor','visual_centrifugal','visual_projection','ol_intrinsic','descending_neuron']"
fca2022,octopaminergic/tyraminergic neuron,Lat3,class,"FCA annotation (FBbt), Tdc2+ mixed OA/TA; MaleCNS side = consensus nt octopamine, non-VNC (tyraminergic cells have no MaleCNS label) -> mixed",8,120,"query:nt == 'octopamine' and superclass in ['cb_intrinsic','cb_sensory','cb_endocrine','cb_motor','visual_centrifugal','visual_projection','ol_intrinsic','descending_neuron']"
fca2022,octopaminergic/tyraminergic neuron,LoVCLo3,class,"FCA annotation (FBbt), Tdc2+ mixed OA/TA; MaleCNS side = consensus nt octopamine, non-VNC (tyraminergic cells have no MaleCNS label) -> mixed",2,120,"query:nt == 'octopamine' and superclass in ['cb_intrinsic','cb_sensory','cb_endocrine','cb_motor','visual_centrifugal','visual_projection','ol_intrinsic','descending_neuron']"
fca2022,octopaminergic/tyraminergic neuron,OA-AL2i1,class,"FCA annotation (FBbt), Tdc2+ mixed OA/TA; MaleCNS side = consensus nt octopamine, non-VNC (tyraminergic cells have no MaleCNS label) -> mixed",2,120,"query:nt == 'octopamine' and superclass in ['cb_intrinsic','cb_sensory','cb_endocrine','cb_motor','visual_centrifugal','visual_projection','ol_intrinsic','descending_neuron']"
fca2022,octopaminergic/tyraminergic neuron,OA-AL2i2,class,"FCA annotation (FBbt), Tdc2+ mixed OA/TA; MaleCNS side = consensus nt octopamine, non-VNC (tyraminergic cells have no MaleCNS label) -> mixed",4,120,"query:nt == 'octopamine' and superclass in ['cb_intrinsic','cb_sensory','cb_endocrine','cb_motor','visual_centrifugal','visual_projection','ol_intrinsic','descending_neuron']"
fca2022,octopaminergic/tyraminergic neuron,OA-AL2i3,class,"FCA annotation (FBbt), Tdc2+ mixed OA/TA; MaleCNS side = consensus nt octopamine, non-VNC (tyraminergic cells have no MaleCNS label) -> mixed",4,120,"query:nt == 'octopamine' and superclass in ['cb_intrinsic','cb_sensory','cb_endocrine','cb_motor','visual_centrifugal','visual_projection','ol_intrinsic','descending_neuron']"
fca2022,octopaminergic/tyraminergic neuron,OA-AL2i4,class,"FCA annotation (FBbt), Tdc2+ mixed OA/TA; MaleCNS side = consensus nt octopamine, non-VNC (tyraminergic cells have no MaleCNS label) -> mixed",2,120,"query:nt == 'octopamine' and superclass in ['cb_intrinsic','cb_sensory','cb_endocrine','cb_motor','visual_centrifugal','visual_projection','ol_intrinsic','descending_neuron']"
fca2022,octopaminergic/tyraminergic neuron,OA-ASM1,class,"FCA annotation (FBbt), Tdc2+ mixed OA/TA; MaleCNS side = consensus nt octopamine, non-VNC (tyraminergic cells have no MaleCNS label) -> mixed",4,120,"query:nt == 'octopamine' and superclass in ['cb_intrinsic','cb_sensory','cb_endocrine','cb_motor','visual_centrifugal','visual_projection','ol_intrinsic','descending_neuron']"
fca2022,octopaminergic/tyraminergic neuron,OA-VPM3,class,"FCA annotation (FBbt), Tdc2+ mixed OA/TA; MaleCNS side = consensus nt octopamine, non-VNC (tyraminergic cells have no MaleCNS label) -> mixed",2,120,"query:nt == 'octopamine' and superclass in ['cb_intrinsic','cb_sensory','cb_endocrine','cb_motor','visual_centrifugal','visual_projection','ol_intrinsic','descending_neuron']"
fca2022,octopaminergic/tyraminergic neuron,OA-VPM4,class,"FCA annotation (FBbt), Tdc2+ mixed OA/TA; MaleCNS side = consensus nt octopamine, non-VNC (tyraminergic cells have no MaleCNS label) -> mixed",2,120,"query:nt == 'octopamine' and superclass in ['cb_intrinsic','cb_sensory','cb_endocrine','cb_motor','visual_centrifugal','visual_projection','ol_intrinsic','descending_neuron']"
fca2022,octopaminergic/tyraminergic neuron,OA-VUMa1,class,"FCA annotation (FBbt), Tdc2+ mixed OA/TA; MaleCNS side = consensus nt octopamine, non-VNC (tyraminergic cells have no MaleCNS label) -> mixed",2,120,"query:nt == 'octopamine' and superclass in ['cb_intrinsic','cb_sensory','cb_endocrine','cb_motor','visual_centrifugal','visual_projection','ol_intrinsic','descending_neuron']"
fca2022,octopaminergic/tyraminergic neuron,OA-VUMa2,class,"FCA annotation (FBbt), Tdc2+ mixed OA/TA; MaleCNS side = consensus nt octopamine, non-VNC (tyraminergic cells have no MaleCNS label) -> mixed",2,120,"query:nt == 'octopamine' and superclass in ['cb_intrinsic','cb_sensory','cb_endocrine','cb_motor','visual_centrifugal','visual_projection','ol_intrinsic','descending_neuron']"
fca2022,octopaminergic/tyraminergic neuron,OA-VUMa3,class,"FCA annotation (FBbt), Tdc2+ mixed OA/TA; MaleCNS side = consensus nt octopamine, non-VNC (tyraminergic cells have no MaleCNS label) -> mixed",2,120,"query:nt == 'octopamine' and superclass in ['cb_intrinsic','cb_sensory','cb_endocrine','cb_motor','visual_centrifugal','visual_projection','ol_intrinsic','descending_neuron']"
fca2022,octopaminergic/tyraminergic neuron,OA-VUMa4,class,"FCA annotation (FBbt), Tdc2+ mixed OA/TA; MaleCNS side = consensus nt octopamine, non-VNC (tyraminergic cells have no MaleCNS label) -> mixed",2,120,"query:nt == 'octopamine' and superclass in ['cb_intrinsic','cb_sensory','cb_endocrine','cb_motor','visual_centrifugal','visual_projection','ol_intrinsic','descending_neuron']"
fca2022,octopaminergic/tyraminergic neuron,OA-VUMa5,class,"FCA annotation (FBbt), Tdc2+ mixed OA/TA; MaleCNS side = consensus nt octopamine, non-VNC (tyraminergic cells have no MaleCNS label) -> mixed",2,120,"query:nt == 'octopamine' and superclass in ['cb_intrinsic','cb_sensory','cb_endocrine','cb_motor','visual_centrifugal','visual_projection','ol_intrinsic','descending_neuron']"
fca2022,octopaminergic/tyraminergic neuron,OA-VUMa6,class,"FCA annotation (FBbt), Tdc2+ mixed OA/TA; MaleCNS side = consensus nt octopamine, non-VNC (tyraminergic cells have no MaleCNS label) -> mixed",2,120,"query:nt == 'octopamine' and superclass in ['cb_intrinsic','cb_sensory','cb_endocrine','cb_motor','visual_centrifugal','visual_projection','ol_intrinsic','descending_neuron']"
fca2022,octopaminergic/tyraminergic neuron,OA-VUMa8,class,"FCA annotation (FBbt), Tdc2+ mixed OA/TA; MaleCNS side = consensus nt octopamine, non-VNC (tyraminergic cells have no MaleCNS label) -> mixed",1,120,"query:nt == 'octopamine' and superclass in ['cb_intrinsic','cb_sensory','cb_endocrine','cb_motor','visual_centrifugal','visual_projection','ol_intrinsic','descending_neuron']"
fca2022,antennal lobe projection neuron,CB0650,class,"FCA annotation (FBbt), 23 nuclei; MaleCNS class ALPN",4,23,query:klass == 'ALPN'
fca2022,antennal lobe projection neuron,CB1296_a,class,"FCA annotation (FBbt), 23 nuclei; MaleCNS class ALPN",5,23,query:klass == 'ALPN'
fca2022,antennal lobe projection neuron,CB2004,class,"FCA annotation (FBbt), 23 nuclei; MaleCNS class ALPN",6,23,query:klass == 'ALPN'
fca2022,antennal lobe projection neuron,CB2561,class,"FCA annotation (FBbt), 23 nuclei; MaleCNS class ALPN",2,23,query:klass == 'ALPN'
fca2022,antennal lobe projection neuron,CB2589,class,"FCA annotation (FBbt), 23 nuclei; MaleCNS class ALPN",6,23,query:klass == 'ALPN'
fca2022,antennal lobe projection neuron,CB2703,class,"FCA annotation (FBbt), 23 nuclei; MaleCNS class ALPN",6,23,query:klass == 'ALPN'
fca2022,antennal lobe projection neuron,CB2711,class,"FCA annotation (FBbt), 23 nuclei; MaleCNS class ALPN",4,23,query:klass == 'ALPN'
fca2022,antennal lobe projection neuron,CB2772,class,"FCA annotation (FBbt), 23 nuclei; MaleCNS class ALPN",2,23,query:klass == 'ALPN'
fca2022,antennal lobe projection neuron,CB3228,class,"FCA annotation (FBbt), 23 nuclei; MaleCNS class ALPN",3,23,query:klass == 'ALPN'
fca2022,antennal lobe projection neuron,CB3383,class,"FCA annotation (FBbt), 23 nuclei; MaleCNS class ALPN",1,23,query:klass == 'ALPN'
fca2022,antennal lobe projection neuron,CB3447,class,"FCA annotation (FBbt), 23 nuclei; MaleCNS class ALPN",5,23,query:klass == 'ALPN'
fca2022,antennal lobe projection neuron,DA1_lPN,class,"FCA annotation (FBbt), 23 nuclei; MaleCNS class ALPN",13,23,query:klass == 'ALPN'
fca2022,antennal lobe projection neuron,DA1_vPN,class,"FCA annotation (FBbt), 23 nuclei; MaleCNS class ALPN",2,23,query:klass == 'ALPN'
fca2022,antennal lobe projection neuron,DA2_lPN,class,"FCA annotation (FBbt), 23 nuclei; MaleCNS class ALPN",10,23,query:klass == 'ALPN'
fca2022,antennal lobe projection neuron,DA3_adPN,class,"FCA annotation (FBbt), 23 nuclei; MaleCNS class ALPN",4,23,query:klass == 'ALPN'
fca2022,antennal lobe projection neuron,DA4l_adPN,class,"FCA annotation (FBbt), 23 nuclei; MaleCNS class ALPN",2,23,query:klass == 'ALPN'
fca2022,antennal lobe projection neuron,DA4m_adPN,class,"FCA annotation (FBbt), 23 nuclei; MaleCNS class ALPN",2,23,query:klass == 'ALPN'
fca2022,antennal lobe projection neuron,DC1_adPN,class,"FCA annotation (FBbt), 23 nuclei; MaleCNS class ALPN",2,23,query:klass == 'ALPN'
fca2022,antennal lobe projection neuron,DC2_adPN,class,"FCA annotation (FBbt), 23 nuclei; MaleCNS class ALPN",4,23,query:klass == 'ALPN'
fca2022,antennal lobe projection neuron,DC3_adPN,class,"FCA annotation (FBbt), 23 nuclei; MaleCNS class ALPN",6,23,query:klass == 'ALPN'
fca2022,antennal lobe projection neuron,DC4_adPN,class,"FCA annotation (FBbt), 23 nuclei; MaleCNS class ALPN",2,23,query:klass == 'ALPN'
fca2022,antennal lobe projection neuron,DC4_vPN,class,"FCA annotation (FBbt), 23 nuclei; MaleCNS class ALPN",2,23,query:klass == 'ALPN'
fca2022,antennal lobe projection neuron,DL1_adPN,class,"FCA annotation (FBbt), 23 nuclei; MaleCNS class ALPN",4,23,query:klass == 'ALPN'
fca2022,antennal lobe projection neuron,DL2d_adPN,class,"FCA annotation (FBbt), 23 nuclei; MaleCNS class ALPN",9,23,query:klass == 'ALPN'
fca2022,antennal lobe projection neuron,DL2d_vPN,class,"FCA annotation (FBbt), 23 nuclei; MaleCNS class ALPN",4,23,query:klass == 'ALPN'
fca2022,antennal lobe projection neuron,DL2v_adPN,class,"FCA annotation (FBbt), 23 nuclei; MaleCNS class ALPN",8,23,query:klass == 'ALPN'
fca2022,antennal lobe projection neuron,DL3_lPN,class,"FCA annotation (FBbt), 23 nuclei; MaleCNS class ALPN",11,23,query:klass == 'ALPN'
fca2022,antennal lobe projection neuron,DL4_adPN,class,"FCA annotation (FBbt), 23 nuclei; MaleCNS class ALPN",2,23,query:klass == 'ALPN'
fca2022,antennal lobe projection neuron,DL5_adPN,class,"FCA annotation (FBbt), 23 nuclei; MaleCNS class ALPN",2,23,query:klass == 'ALPN'
fca2022,antennal lobe projection neuron,DM1_lPN,class,"FCA annotation (FBbt), 23 nuclei; MaleCNS class ALPN",2,23,query:klass == 'ALPN'
fca2022,antennal lobe projection neuron,DM2_lPN,class,"FCA annotation (FBbt), 23 nuclei; MaleCNS class ALPN",4,23,query:klass == 'ALPN'
fca2022,antennal lobe projection neuron,DM3_adPN,class,"FCA annotation (FBbt), 23 nuclei; MaleCNS class ALPN",2,23,query:klass == 'ALPN'
fca2022,antennal lobe projection neuron,DM3_vPN,class,"FCA annotation (FBbt), 23 nuclei; MaleCNS class ALPN",2,23,query:klass == 'ALPN'
fca2022,antennal lobe projection neuron,DM4_adPN,class,"FCA annotation (FBbt), 23 nuclei; MaleCNS class ALPN",2,23,query:klass == 'ALPN'
fca2022,antennal lobe projection neuron,DM4_vPN,class,"FCA annotation (FBbt), 23 nuclei; MaleCNS class ALPN",2,23,query:klass == 'ALPN'
fca2022,antennal lobe projection neuron,DM5_lPN,class,"FCA annotation (FBbt), 23 nuclei; MaleCNS class ALPN",7,23,query:klass == 'ALPN'
fca2022,antennal lobe projection neuron,DM6_adPN,class,"FCA annotation (FBbt), 23 nuclei; MaleCNS class ALPN",7,23,query:klass == 'ALPN'
fca2022,antennal lobe projection neuron,DP1l_adPN,class,"FCA annotation (FBbt), 23 nuclei; MaleCNS class ALPN",2,23,query:klass == 'ALPN'
fca2022,antennal lobe projection neuron,DP1l_vPN,class,"FCA annotation (FBbt), 23 nuclei; MaleCNS class ALPN",3,23,query:klass == 'ALPN'
fca2022,antennal lobe projection neuron,DP1m_adPN,class,"FCA annotation (FBbt), 23 nuclei; MaleCNS class ALPN",2,23,query:klass == 'ALPN'
fca2022,antennal lobe projection neuron,DP1m_vPN,class,"FCA annotation (FBbt), 23 nuclei; MaleCNS class ALPN",4,23,query:klass == 'ALPN'
fca2022,antennal lobe projection neuron,D_adPN,class,"FCA annotation (FBbt), 23 nuclei; MaleCNS class ALPN",6,23,query:klass == 'ALPN'
fca2022,antennal lobe projection neuron,MZ_lv2PN,class,"FCA annotation (FBbt), 23 nuclei; MaleCNS class ALPN",2,23,query:klass == 'ALPN'
fca2022,antennal lobe projection neuron,M_VPNml66,class,"FCA annotation (FBbt), 23 nuclei; MaleCNS class ALPN",6,23,query:klass == 'ALPN'
fca2022,antennal lobe projection neuron,M_adPNm3,class,"FCA annotation (FBbt), 23 nuclei; MaleCNS class ALPN",2,23,query:klass == 'ALPN'
fca2022,antennal lobe projection neuron,M_adPNm4,class,"FCA annotation (FBbt), 23 nuclei; MaleCNS class ALPN",2,23,query:klass == 'ALPN'
fca2022,antennal lobe projection neuron,M_adPNm5,class,"FCA annotation (FBbt), 23 nuclei; MaleCNS class ALPN",9,23,query:klass == 'ALPN'
fca2022,antennal lobe projection neuron,M_adPNm7,class,"FCA annotation (FBbt), 23 nuclei; MaleCNS class ALPN",3,23,query:klass == 'ALPN'
fca2022,antennal lobe projection neuron,M_adPNm8,class,"FCA annotation (FBbt), 23 nuclei; MaleCNS class ALPN",6,23,query:klass == 'ALPN'
fca2022,antennal lobe projection neuron,M_ilPNm90,class,"FCA annotation (FBbt), 23 nuclei; MaleCNS class ALPN",2,23,query:klass == 'ALPN'
fca2022,antennal lobe projection neuron,M_imPNl92,class,"FCA annotation (FBbt), 23 nuclei; MaleCNS class ALPN",2,23,query:klass == 'ALPN'
fca2022,antennal lobe projection neuron,M_l2PN10t19,class,"FCA annotation (FBbt), 23 nuclei; MaleCNS class ALPN",4,23,query:klass == 'ALPN'
fca2022,antennal lobe projection neuron,M_l2PN3t18,class,"FCA annotation (FBbt), 23 nuclei; MaleCNS class ALPN",4,23,query:klass == 'ALPN'
fca2022,antennal lobe projection neuron,M_l2PNl20,class,"FCA annotation (FBbt), 23 nuclei; MaleCNS class ALPN",2,23,query:klass == 'ALPN'
fca2022,antennal lobe projection neuron,M_l2PNl21,class,"FCA annotation (FBbt), 23 nuclei; MaleCNS class ALPN",2,23,query:klass == 'ALPN'
fca2022,antennal lobe projection neuron,M_l2PNl22,class,"FCA annotation (FBbt), 23 nuclei; MaleCNS class ALPN",2,23,query:klass == 'ALPN'
fca2022,antennal lobe projection neuron,M_l2PNl23,class,"FCA annotation (FBbt), 23 nuclei; MaleCNS class ALPN",2,23,query:klass == 'ALPN'
fca2022,antennal lobe projection neuron,M_l2PNm14,class,"FCA annotation (FBbt), 23 nuclei; MaleCNS class ALPN",2,23,query:klass == 'ALPN'
fca2022,antennal lobe projection neuron,M_l2PNm15,class,"FCA annotation (FBbt), 23 nuclei; MaleCNS class ALPN",2,23,query:klass == 'ALPN'
fca2022,antennal lobe projection neuron,M_l2PNm16,class,"FCA annotation (FBbt), 23 nuclei; MaleCNS class ALPN",4,23,query:klass == 'ALPN'
fca2022,antennal lobe projection neuron,M_l2PNm17,class,"FCA annotation (FBbt), 23 nuclei; MaleCNS class ALPN",2,23,query:klass == 'ALPN'
fca2022,antennal lobe projection neuron,M_lPNm11A,class,"FCA annotation (FBbt), 23 nuclei; MaleCNS class ALPN",6,23,query:klass == 'ALPN'
fca2022,antennal lobe projection neuron,M_lPNm11B,class,"FCA annotation (FBbt), 23 nuclei; MaleCNS class ALPN",2,23,query:klass == 'ALPN'
fca2022,antennal lobe projection neuron,M_lPNm11C,class,"FCA annotation (FBbt), 23 nuclei; MaleCNS class ALPN",2,23,query:klass == 'ALPN'
fca2022,antennal lobe projection neuron,M_lPNm11D,class,"FCA annotation (FBbt), 23 nuclei; MaleCNS class ALPN",12,23,query:klass == 'ALPN'
fca2022,antennal lobe projection neuron,M_lPNm12,class,"FCA annotation (FBbt), 23 nuclei; MaleCNS class ALPN",2,23,query:klass == 'ALPN'
fca2022,antennal lobe projection neuron,M_lPNm13,class,"FCA annotation (FBbt), 23 nuclei; MaleCNS class ALPN",7,23,query:klass == 'ALPN'
fca2022,antennal lobe projection neuron,M_lv2PN9t49_a,class,"FCA annotation (FBbt), 23 nuclei; MaleCNS class ALPN",2,23,query:klass == 'ALPN'
fca2022,antennal lobe projection neuron,M_lv2PN9t49_b,class,"FCA annotation (FBbt), 23 nuclei; MaleCNS class ALPN",2,23,query:klass == 'ALPN'
fca2022,antennal lobe projection neuron,M_lvPNm24,class,"FCA annotation (FBbt), 23 nuclei; MaleCNS class ALPN",4,23,query:klass == 'ALPN'
fca2022,antennal lobe projection neuron,M_lvPNm25,class,"FCA annotation (FBbt), 23 nuclei; MaleCNS class ALPN",4,23,query:klass == 'ALPN'
fca2022,antennal lobe projection neuron,M_lvPNm26,class,"FCA annotation (FBbt), 23 nuclei; MaleCNS class ALPN",4,23,query:klass == 'ALPN'
fca2022,antennal lobe projection neuron,M_lvPNm27,class,"FCA annotation (FBbt), 23 nuclei; MaleCNS class ALPN",1,23,query:klass == 'ALPN'
fca2022,antennal lobe projection neuron,M_lvPNm28,class,"FCA annotation (FBbt), 23 nuclei; MaleCNS class ALPN",2,23,query:klass == 'ALPN'
fca2022,antennal lobe projection neuron,M_lvPNm29,class,"FCA annotation (FBbt), 23 nuclei; MaleCNS class ALPN",2,23,query:klass == 'ALPN'
fca2022,antennal lobe projection neuron,M_lvPNm30,class,"FCA annotation (FBbt), 23 nuclei; MaleCNS class ALPN",2,23,query:klass == 'ALPN'
fca2022,antennal lobe projection neuron,M_lvPNm31,class,"FCA annotation (FBbt), 23 nuclei; MaleCNS class ALPN",2,23,query:klass == 'ALPN'
fca2022,antennal lobe projection neuron,M_lvPNm32,class,"FCA annotation (FBbt), 23 nuclei; MaleCNS class ALPN",2,23,query:klass == 'ALPN'
fca2022,antennal lobe projection neuron,M_lvPNm33,class,"FCA annotation (FBbt), 23 nuclei; MaleCNS class ALPN",5,23,query:klass == 'ALPN'
fca2022,antennal lobe projection neuron,M_lvPNm35,class,"FCA annotation (FBbt), 23 nuclei; MaleCNS class ALPN",5,23,query:klass == 'ALPN'
fca2022,antennal lobe projection neuron,M_lvPNm37,class,"FCA annotation (FBbt), 23 nuclei; MaleCNS class ALPN",5,23,query:klass == 'ALPN'
fca2022,antennal lobe projection neuron,M_lvPNm38,class,"FCA annotation (FBbt), 23 nuclei; MaleCNS class ALPN",2,23,query:klass == 'ALPN'
fca2022,antennal lobe projection neuron,M_lvPNm39,class,"FCA annotation (FBbt), 23 nuclei; MaleCNS class ALPN",2,23,query:klass == 'ALPN'
fca2022,antennal lobe projection neuron,M_lvPNm40,class,"FCA annotation (FBbt), 23 nuclei; MaleCNS class ALPN",4,23,query:klass == 'ALPN'
fca2022,antennal lobe projection neuron,M_lvPNm41,class,"FCA annotation (FBbt), 23 nuclei; MaleCNS class ALPN",5,23,query:klass == 'ALPN'
fca2022,antennal lobe projection neuron,M_lvPNm42,class,"FCA annotation (FBbt), 23 nuclei; MaleCNS class ALPN",3,23,query:klass == 'ALPN'
fca2022,antennal lobe projection neuron,M_lvPNm43,class,"FCA annotation (FBbt), 23 nuclei; MaleCNS class ALPN",4,23,query:klass == 'ALPN'
fca2022,antennal lobe projection neuron,M_lvPNm44,class,"FCA annotation (FBbt), 23 nuclei; MaleCNS class ALPN",2,23,query:klass == 'ALPN'
fca2022,antennal lobe projection neuron,M_lvPNm45,class,"FCA annotation (FBbt), 23 nuclei; MaleCNS class ALPN",7,23,query:klass == 'ALPN'
fca2022,antennal lobe projection neuron,M_lvPNm46,class,"FCA annotation (FBbt), 23 nuclei; MaleCNS class ALPN",4,23,query:klass == 'ALPN'
fca2022,antennal lobe projection neuron,M_lvPNm47,class,"FCA annotation (FBbt), 23 nuclei; MaleCNS class ALPN",4,23,query:klass == 'ALPN'
fca2022,antennal lobe projection neuron,M_lvPNm48,class,"FCA annotation (FBbt), 23 nuclei; MaleCNS class ALPN",8,23,query:klass == 'ALPN'
fca2022,antennal lobe projection neuron,M_smPN6t2,class,"FCA annotation (FBbt), 23 nuclei; MaleCNS class ALPN",2,23,query:klass == 'ALPN'
fca2022,antennal lobe projection neuron,M_smPNm1,class,"FCA annotation (FBbt), 23 nuclei; MaleCNS class ALPN",2,23,query:klass == 'ALPN'
fca2022,antennal lobe projection neuron,M_spPN4t9,class,"FCA annotation (FBbt), 23 nuclei; MaleCNS class ALPN",2,23,query:klass == 'ALPN'
fca2022,antennal lobe projection neuron,M_spPN5t10,class,"FCA annotation (FBbt), 23 nuclei; MaleCNS class ALPN",2,23,query:klass == 'ALPN'
fca2022,antennal lobe projection neuron,M_vPNml50,class,"FCA annotation (FBbt), 23 nuclei; MaleCNS class ALPN",4,23,query:klass == 'ALPN'
fca2022,antennal lobe projection neuron,M_vPNml51,class,"FCA annotation (FBbt), 23 nuclei; MaleCNS class ALPN",2,23,query:klass == 'ALPN'
fca2022,antennal lobe projection neuron,M_vPNml52,class,"FCA annotation (FBbt), 23 nuclei; MaleCNS class ALPN",2,23,query:klass == 'ALPN'
fca2022,antennal lobe projection neuron,M_vPNml53,class,"FCA annotation (FBbt), 23 nuclei; MaleCNS class ALPN",12,23,query:klass == 'ALPN'
fca2022,antennal lobe projection neuron,M_vPNml54,class,"FCA annotation (FBbt), 23 nuclei; MaleCNS class ALPN",2,23,query:klass == 'ALPN'
fca2022,antennal lobe projection neuron,M_vPNml55,class,"FCA annotation (FBbt), 23 nuclei; MaleCNS class ALPN",2,23,query:klass == 'ALPN'
fca2022,antennal lobe projection neuron,M_vPNml57,class,"FCA annotation (FBbt), 23 nuclei; MaleCNS class ALPN",2,23,query:klass == 'ALPN'
fca2022,antennal lobe projection neuron,M_vPNml60,class,"FCA annotation (FBbt), 23 nuclei; MaleCNS class ALPN",5,23,query:klass == 'ALPN'
fca2022,antennal lobe projection neuron,M_vPNml63,class,"FCA annotation (FBbt), 23 nuclei; MaleCNS class ALPN",7,23,query:klass == 'ALPN'
fca2022,antennal lobe projection neuron,M_vPNml65,class,"FCA annotation (FBbt), 23 nuclei; MaleCNS class ALPN",6,23,query:klass == 'ALPN'
fca2022,antennal lobe projection neuron,M_vPNml67,class,"FCA annotation (FBbt), 23 nuclei; MaleCNS class ALPN",4,23,query:klass == 'ALPN'
fca2022,antennal lobe projection neuron,M_vPNml68,class,"FCA annotation (FBbt), 23 nuclei; MaleCNS class ALPN",5,23,query:klass == 'ALPN'
fca2022,antennal lobe projection neuron,M_vPNml69,class,"FCA annotation (FBbt), 23 nuclei; MaleCNS class ALPN",4,23,query:klass == 'ALPN'
fca2022,antennal lobe projection neuron,M_vPNml72,class,"FCA annotation (FBbt), 23 nuclei; MaleCNS class ALPN",4,23,query:klass == 'ALPN'
fca2022,antennal lobe projection neuron,M_vPNml73,class,"FCA annotation (FBbt), 23 nuclei; MaleCNS class ALPN",2,23,query:klass == 'ALPN'
fca2022,antennal lobe projection neuron,M_vPNml75,class,"FCA annotation (FBbt), 23 nuclei; MaleCNS class ALPN",4,23,query:klass == 'ALPN'
fca2022,antennal lobe projection neuron,M_vPNml76,class,"FCA annotation (FBbt), 23 nuclei; MaleCNS class ALPN",6,23,query:klass == 'ALPN'
fca2022,antennal lobe projection neuron,M_vPNml77,class,"FCA annotation (FBbt), 23 nuclei; MaleCNS class ALPN",4,23,query:klass == 'ALPN'
fca2022,antennal lobe projection neuron,M_vPNml78,class,"FCA annotation (FBbt), 23 nuclei; MaleCNS class ALPN",1,23,query:klass == 'ALPN'
fca2022,antennal lobe projection neuron,M_vPNml79,class,"FCA annotation (FBbt), 23 nuclei; MaleCNS class ALPN",2,23,query:klass == 'ALPN'
fca2022,antennal lobe projection neuron,M_vPNml80,class,"FCA annotation (FBbt), 23 nuclei; MaleCNS class ALPN",4,23,query:klass == 'ALPN'
fca2022,antennal lobe projection neuron,M_vPNml83,class,"FCA annotation (FBbt), 23 nuclei; MaleCNS class ALPN",8,23,query:klass == 'ALPN'
fca2022,antennal lobe projection neuron,M_vPNml84,class,"FCA annotation (FBbt), 23 nuclei; MaleCNS class ALPN",8,23,query:klass == 'ALPN'
fca2022,antennal lobe projection neuron,M_vPNml86,class,"FCA annotation (FBbt), 23 nuclei; MaleCNS class ALPN",3,23,query:klass == 'ALPN'
fca2022,antennal lobe projection neuron,M_vPNml87,class,"FCA annotation (FBbt), 23 nuclei; MaleCNS class ALPN",6,23,query:klass == 'ALPN'
fca2022,antennal lobe projection neuron,M_vPNml88,class,"FCA annotation (FBbt), 23 nuclei; MaleCNS class ALPN",2,23,query:klass == 'ALPN'
fca2022,antennal lobe projection neuron,VA1d_adPN,class,"FCA annotation (FBbt), 23 nuclei; MaleCNS class ALPN",6,23,query:klass == 'ALPN'
fca2022,antennal lobe projection neuron,VA1d_vPN,class,"FCA annotation (FBbt), 23 nuclei; MaleCNS class ALPN",2,23,query:klass == 'ALPN'
fca2022,antennal lobe projection neuron,VA1v_adPN,class,"FCA annotation (FBbt), 23 nuclei; MaleCNS class ALPN",8,23,query:klass == 'ALPN'
fca2022,antennal lobe projection neuron,VA1v_vPN,class,"FCA annotation (FBbt), 23 nuclei; MaleCNS class ALPN",4,23,query:klass == 'ALPN'
fca2022,antennal lobe projection neuron,VA2_adPN,class,"FCA annotation (FBbt), 23 nuclei; MaleCNS class ALPN",2,23,query:klass == 'ALPN'
fca2022,antennal lobe projection neuron,VA3_adPN,class,"FCA annotation (FBbt), 23 nuclei; MaleCNS class ALPN",4,23,query:klass == 'ALPN'
fca2022,antennal lobe projection neuron,VA4_lPN,class,"FCA annotation (FBbt), 23 nuclei; MaleCNS class ALPN",2,23,query:klass == 'ALPN'
fca2022,antennal lobe projection neuron,VA5_lPN,class,"FCA annotation (FBbt), 23 nuclei; MaleCNS class ALPN",6,23,query:klass == 'ALPN'
fca2022,antennal lobe projection neuron,VA6_adPN,class,"FCA annotation (FBbt), 23 nuclei; MaleCNS class ALPN",2,23,query:klass == 'ALPN'
fca2022,antennal lobe projection neuron,VA7l_adPN,class,"FCA annotation (FBbt), 23 nuclei; MaleCNS class ALPN",2,23,query:klass == 'ALPN'
fca2022,antennal lobe projection neuron,VA7m_lPN,class,"FCA annotation (FBbt), 23 nuclei; MaleCNS class ALPN",6,23,query:klass == 'ALPN'
fca2022,antennal lobe projection neuron,VC1_lPN,class,"FCA annotation (FBbt), 23 nuclei; MaleCNS class ALPN",2,23,query:klass == 'ALPN'
fca2022,antennal lobe projection neuron,VC2_lPN,class,"FCA annotation (FBbt), 23 nuclei; MaleCNS class ALPN",2,23,query:klass == 'ALPN'
fca2022,antennal lobe projection neuron,VC3_adPN,class,"FCA annotation (FBbt), 23 nuclei; MaleCNS class ALPN",7,23,query:klass == 'ALPN'
fca2022,antennal lobe projection neuron,VC4_adPN,class,"FCA annotation (FBbt), 23 nuclei; MaleCNS class ALPN",6,23,query:klass == 'ALPN'
fca2022,antennal lobe projection neuron,VC5_lvPN,class,"FCA annotation (FBbt), 23 nuclei; MaleCNS class ALPN",6,23,query:klass == 'ALPN'
fca2022,antennal lobe projection neuron,VL1_ilPN,class,"FCA annotation (FBbt), 23 nuclei; MaleCNS class ALPN",2,23,query:klass == 'ALPN'
fca2022,antennal lobe projection neuron,VL1_vPN,class,"FCA annotation (FBbt), 23 nuclei; MaleCNS class ALPN",2,23,query:klass == 'ALPN'
fca2022,antennal lobe projection neuron,VL2a_adPN,class,"FCA annotation (FBbt), 23 nuclei; MaleCNS class ALPN",2,23,query:klass == 'ALPN'
fca2022,antennal lobe projection neuron,VL2a_vPN,class,"FCA annotation (FBbt), 23 nuclei; MaleCNS class ALPN",6,23,query:klass == 'ALPN'
fca2022,antennal lobe projection neuron,VL2p_adPN,class,"FCA annotation (FBbt), 23 nuclei; MaleCNS class ALPN",2,23,query:klass == 'ALPN'
fca2022,antennal lobe projection neuron,VL2p_vPN,class,"FCA annotation (FBbt), 23 nuclei; MaleCNS class ALPN",4,23,query:klass == 'ALPN'
fca2022,antennal lobe projection neuron,VM1_lPN,class,"FCA annotation (FBbt), 23 nuclei; MaleCNS class ALPN",2,23,query:klass == 'ALPN'
fca2022,antennal lobe projection neuron,VM2_adPN,class,"FCA annotation (FBbt), 23 nuclei; MaleCNS class ALPN",3,23,query:klass == 'ALPN'
fca2022,antennal lobe projection neuron,VM3_adPN,class,"FCA annotation (FBbt), 23 nuclei; MaleCNS class ALPN",4,23,query:klass == 'ALPN'
fca2022,antennal lobe projection neuron,VM4_adPN,class,"FCA annotation (FBbt), 23 nuclei; MaleCNS class ALPN",2,23,query:klass == 'ALPN'
fca2022,antennal lobe projection neuron,VM4_lvPN,class,"FCA annotation (FBbt), 23 nuclei; MaleCNS class ALPN",6,23,query:klass == 'ALPN'
fca2022,antennal lobe projection neuron,VM5d_adPN,class,"FCA annotation (FBbt), 23 nuclei; MaleCNS class ALPN",12,23,query:klass == 'ALPN'
fca2022,antennal lobe projection neuron,VM5v_adPN,class,"FCA annotation (FBbt), 23 nuclei; MaleCNS class ALPN",5,23,query:klass == 'ALPN'
fca2022,antennal lobe projection neuron,VM6_adPN,class,"FCA annotation (FBbt), 23 nuclei; MaleCNS class ALPN",2,23,query:klass == 'ALPN'
fca2022,antennal lobe projection neuron,VM6_lvPN,class,"FCA annotation (FBbt), 23 nuclei; MaleCNS class ALPN",6,23,query:klass == 'ALPN'
fca2022,antennal lobe projection neuron,VM7d_adPN,class,"FCA annotation (FBbt), 23 nuclei; MaleCNS class ALPN",7,23,query:klass == 'ALPN'
fca2022,antennal lobe projection neuron,VM7v_adPN,class,"FCA annotation (FBbt), 23 nuclei; MaleCNS class ALPN",3,23,query:klass == 'ALPN'
fca2022,antennal lobe projection neuron,VP1d+VP4_l2PN1,class,"FCA annotation (FBbt), 23 nuclei; MaleCNS class ALPN",2,23,query:klass == 'ALPN'
fca2022,antennal lobe projection neuron,VP1d+VP4_l2PN2,class,"FCA annotation (FBbt), 23 nuclei; MaleCNS class ALPN",2,23,query:klass == 'ALPN'
fca2022,antennal lobe projection neuron,VP1d_il2PN,class,"FCA annotation (FBbt), 23 nuclei; MaleCNS class ALPN",2,23,query:klass == 'ALPN'
fca2022,antennal lobe projection neuron,VP1l+VP3_ilPN,class,"FCA annotation (FBbt), 23 nuclei; MaleCNS class ALPN",2,23,query:klass == 'ALPN'
fca2022,antennal lobe projection neuron,VP1l+_lvPN,class,"FCA annotation (FBbt), 23 nuclei; MaleCNS class ALPN",9,23,query:klass == 'ALPN'
fca2022,antennal lobe projection neuron,VP1m+VP2_lvPN1,class,"FCA annotation (FBbt), 23 nuclei; MaleCNS class ALPN",2,23,query:klass == 'ALPN'
fca2022,antennal lobe projection neuron,VP1m+VP2_lvPN2,class,"FCA annotation (FBbt), 23 nuclei; MaleCNS class ALPN",8,23,query:klass == 'ALPN'
fca2022,antennal lobe projection neuron,VP1m+VP5_ilPN,class,"FCA annotation (FBbt), 23 nuclei; MaleCNS class ALPN",2,23,query:klass == 'ALPN'
fca2022,antennal lobe projection neuron,VP1m+_lvPN,class,"FCA annotation (FBbt), 23 nuclei; MaleCNS class ALPN",4,23,query:klass == 'ALPN'
fca2022,antennal lobe projection neuron,VP1m_l2PN,class,"FCA annotation (FBbt), 23 nuclei; MaleCNS class ALPN",2,23,query:klass == 'ALPN'
fca2022,antennal lobe projection neuron,VP2+VC5_l2PN,class,"FCA annotation (FBbt), 23 nuclei; MaleCNS class ALPN",2,23,query:klass == 'ALPN'
fca2022,antennal lobe projection neuron,VP2+Z_lvPN,class,"FCA annotation (FBbt), 23 nuclei; MaleCNS class ALPN",4,23,query:klass == 'ALPN'
fca2022,antennal lobe projection neuron,VP2+_adPN,class,"FCA annotation (FBbt), 23 nuclei; MaleCNS class ALPN",2,23,query:klass == 'ALPN'
fca2022,antennal lobe projection neuron,VP2_adPN,class,"FCA annotation (FBbt), 23 nuclei; MaleCNS class ALPN",1,23,query:klass == 'ALPN'
fca2022,antennal lobe projection neuron,VP2_l2PN,class,"FCA annotation (FBbt), 23 nuclei; MaleCNS class ALPN",2,23,query:klass == 'ALPN'
fca2022,antennal lobe projection neuron,VP3+VP1l_ivPN,class,"FCA annotation (FBbt), 23 nuclei; MaleCNS class ALPN",2,23,query:klass == 'ALPN'
fca2022,antennal lobe projection neuron,VP3+_l2PN,class,"FCA annotation (FBbt), 23 nuclei; MaleCNS class ALPN",6,23,query:klass == 'ALPN'
fca2022,antennal lobe projection neuron,VP3+_vPN,class,"FCA annotation (FBbt), 23 nuclei; MaleCNS class ALPN",2,23,query:klass == 'ALPN'
fca2022,antennal lobe projection neuron,VP4+VL1_l2PN,class,"FCA annotation (FBbt), 23 nuclei; MaleCNS class ALPN",2,23,query:klass == 'ALPN'
fca2022,antennal lobe projection neuron,VP4+_vPN,class,"FCA annotation (FBbt), 23 nuclei; MaleCNS class ALPN",2,23,query:klass == 'ALPN'
fca2022,antennal lobe projection neuron,VP4_vPN,class,"FCA annotation (FBbt), 23 nuclei; MaleCNS class ALPN",2,23,query:klass == 'ALPN'
fca2022,antennal lobe projection neuron,VP5+VP3_l2PN,class,"FCA annotation (FBbt), 23 nuclei; MaleCNS class ALPN",2,23,query:klass == 'ALPN'
fca2022,antennal lobe projection neuron,VP5+Z_adPN,class,"FCA annotation (FBbt), 23 nuclei; MaleCNS class ALPN",2,23,query:klass == 'ALPN'
fca2022,antennal lobe projection neuron,V_ilPN,class,"FCA annotation (FBbt), 23 nuclei; MaleCNS class ALPN",2,23,query:klass == 'ALPN'
fca2022,antennal lobe projection neuron,V_l2PN,class,"FCA annotation (FBbt), 23 nuclei; MaleCNS class ALPN",2,23,query:klass == 'ALPN'
fca2022,Poxn neuron,ER1_a,class,FCA annotation 'Poxn neuron' (102 nuclei); Poxn+ dorsal cluster = EB ring neurons R1-R4 (Omoto 2019; Minocha 2017); mixed with deutocerebral Poxn neurons; MaleCNS ER1-ER4,11,102,re:^ER[1-4]
fca2022,Poxn neuron,ER1_b,class,FCA annotation 'Poxn neuron' (102 nuclei); Poxn+ dorsal cluster = EB ring neurons R1-R4 (Omoto 2019; Minocha 2017); mixed with deutocerebral Poxn neurons; MaleCNS ER1-ER4,13,102,re:^ER[1-4]
fca2022,Poxn neuron,ER1_c,class,FCA annotation 'Poxn neuron' (102 nuclei); Poxn+ dorsal cluster = EB ring neurons R1-R4 (Omoto 2019; Minocha 2017); mixed with deutocerebral Poxn neurons; MaleCNS ER1-ER4,4,102,re:^ER[1-4]
fca2022,Poxn neuron,ER2_a,class,FCA annotation 'Poxn neuron' (102 nuclei); Poxn+ dorsal cluster = EB ring neurons R1-R4 (Omoto 2019; Minocha 2017); mixed with deutocerebral Poxn neurons; MaleCNS ER1-ER4,12,102,re:^ER[1-4]
fca2022,Poxn neuron,ER2_b,class,FCA annotation 'Poxn neuron' (102 nuclei); Poxn+ dorsal cluster = EB ring neurons R1-R4 (Omoto 2019; Minocha 2017); mixed with deutocerebral Poxn neurons; MaleCNS ER1-ER4,4,102,re:^ER[1-4]
fca2022,Poxn neuron,ER2_c,class,FCA annotation 'Poxn neuron' (102 nuclei); Poxn+ dorsal cluster = EB ring neurons R1-R4 (Omoto 2019; Minocha 2017); mixed with deutocerebral Poxn neurons; MaleCNS ER1-ER4,20,102,re:^ER[1-4]
fca2022,Poxn neuron,ER2_d,class,FCA annotation 'Poxn neuron' (102 nuclei); Poxn+ dorsal cluster = EB ring neurons R1-R4 (Omoto 2019; Minocha 2017); mixed with deutocerebral Poxn neurons; MaleCNS ER1-ER4,5,102,re:^ER[1-4]
fca2022,Poxn neuron,ER3a_a,class,FCA annotation 'Poxn neuron' (102 nuclei); Poxn+ dorsal cluster = EB ring neurons R1-R4 (Omoto 2019; Minocha 2017); mixed with deutocerebral Poxn neurons; MaleCNS ER1-ER4,15,102,re:^ER[1-4]
fca2022,Poxn neuron,ER3a_b,class,FCA annotation 'Poxn neuron' (102 nuclei); Poxn+ dorsal cluster = EB ring neurons R1-R4 (Omoto 2019; Minocha 2017); mixed with deutocerebral Poxn neurons; MaleCNS ER1-ER4,6,102,re:^ER[1-4]
fca2022,Poxn neuron,ER3a_c,class,FCA annotation 'Poxn neuron' (102 nuclei); Poxn+ dorsal cluster = EB ring neurons R1-R4 (Omoto 2019; Minocha 2017); mixed with deutocerebral Poxn neurons; MaleCNS ER1-ER4,4,102,re:^ER[1-4]
fca2022,Poxn neuron,ER3a_d,class,FCA annotation 'Poxn neuron' (102 nuclei); Poxn+ dorsal cluster = EB ring neurons R1-R4 (Omoto 2019; Minocha 2017); mixed with deutocerebral Poxn neurons; MaleCNS ER1-ER4,5,102,re:^ER[1-4]
fca2022,Poxn neuron,ER3d_a,class,FCA annotation 'Poxn neuron' (102 nuclei); Poxn+ dorsal cluster = EB ring neurons R1-R4 (Omoto 2019; Minocha 2017); mixed with deutocerebral Poxn neurons; MaleCNS ER1-ER4,7,102,re:^ER[1-4]
fca2022,Poxn neuron,ER3d_b,class,FCA annotation 'Poxn neuron' (102 nuclei); Poxn+ dorsal cluster = EB ring neurons R1-R4 (Omoto 2019; Minocha 2017); mixed with deutocerebral Poxn neurons; MaleCNS ER1-ER4,20,102,re:^ER[1-4]
fca2022,Poxn neuron,ER3d_c,class,FCA annotation 'Poxn neuron' (102 nuclei); Poxn+ dorsal cluster = EB ring neurons R1-R4 (Omoto 2019; Minocha 2017); mixed with deutocerebral Poxn neurons; MaleCNS ER1-ER4,9,102,re:^ER[1-4]
fca2022,Poxn neuron,ER3d_d,class,FCA annotation 'Poxn neuron' (102 nuclei); Poxn+ dorsal cluster = EB ring neurons R1-R4 (Omoto 2019; Minocha 2017); mixed with deutocerebral Poxn neurons; MaleCNS ER1-ER4,11,102,re:^ER[1-4]
fca2022,Poxn neuron,ER3d_e,class,FCA annotation 'Poxn neuron' (102 nuclei); Poxn+ dorsal cluster = EB ring neurons R1-R4 (Omoto 2019; Minocha 2017); mixed with deutocerebral Poxn neurons; MaleCNS ER1-ER4,7,102,re:^ER[1-4]
fca2022,Poxn neuron,ER3m,class,FCA annotation 'Poxn neuron' (102 nuclei); Poxn+ dorsal cluster = EB ring neurons R1-R4 (Omoto 2019; Minocha 2017); mixed with deutocerebral Poxn neurons; MaleCNS ER1-ER4,18,102,re:^ER[1-4]
fca2022,Poxn neuron,ER3p_a,class,FCA annotation 'Poxn neuron' (102 nuclei); Poxn+ dorsal cluster = EB ring neurons R1-R4 (Omoto 2019; Minocha 2017); mixed with deutocerebral Poxn neurons; MaleCNS ER1-ER4,14,102,re:^ER[1-4]
fca2022,Poxn neuron,ER3p_b,class,FCA annotation 'Poxn neuron' (102 nuclei); Poxn+ dorsal cluster = EB ring neurons R1-R4 (Omoto 2019; Minocha 2017); mixed with deutocerebral Poxn neurons; MaleCNS ER1-ER4,4,102,re:^ER[1-4]
fca2022,Poxn neuron,ER3w_a,class,FCA annotation 'Poxn neuron' (102 nuclei); Poxn+ dorsal cluster = EB ring neurons R1-R4 (Omoto 2019; Minocha 2017); mixed with deutocerebral Poxn neurons; MaleCNS ER1-ER4,7,102,re:^ER[1-4]
fca2022,Poxn neuron,ER3w_b,class,FCA annotation 'Poxn neuron' (102 nuclei); Poxn+ dorsal cluster = EB ring neurons R1-R4 (Omoto 2019; Minocha 2017); mixed with deutocerebral Poxn neurons; MaleCNS ER1-ER4,18,102,re:^ER[1-4]
fca2022,Poxn neuron,ER3w_c,class,FCA annotation 'Poxn neuron' (102 nuclei); Poxn+ dorsal cluster = EB ring neurons R1-R4 (Omoto 2019; Minocha 2017); mixed with deutocerebral Poxn neurons; MaleCNS ER1-ER4,6,102,re:^ER[1-4]
fca2022,Poxn neuron,ER4d,class,FCA annotation 'Poxn neuron' (102 nuclei); Poxn+ dorsal cluster = EB ring neurons R1-R4 (Omoto 2019; Minocha 2017); mixed with deutocerebral Poxn neurons; MaleCNS ER1-ER4,26,102,re:^ER[1-4]
fca2022,Poxn neuron,ER4m,class,FCA annotation 'Poxn neuron' (102 nuclei); Poxn+ dorsal cluster = EB ring neurons R1-R4 (Omoto 2019; Minocha 2017); mixed with deutocerebral Poxn neurons; MaleCNS ER1-ER4,11,102,re:^ER[1-4]
fca2022,olfactory receptor neuron,ORN_D,class,FCA annotation (FBbt); MaleCNS class olfactory (ORN_* types),28,1364,re:^ORN_
fca2022,olfactory receptor neuron,ORN_DA1,class,FCA annotation (FBbt); MaleCNS class olfactory (ORN_* types),204,1364,re:^ORN_
fca2022,olfactory receptor neuron,ORN_DA2,class,FCA annotation (FBbt); MaleCNS class olfactory (ORN_* types),48,1364,re:^ORN_
fca2022,olfactory receptor neuron,ORN_DA3,class,FCA annotation (FBbt); MaleCNS class olfactory (ORN_* types),34,1364,re:^ORN_
fca2022,olfactory receptor neuron,ORN_DA4l,class,FCA annotation (FBbt); MaleCNS class olfactory (ORN_* types),33,1364,re:^ORN_
fca2022,olfactory receptor neuron,ORN_DA4m,class,FCA annotation (FBbt); MaleCNS class olfactory (ORN_* types),35,1364,re:^ORN_
fca2022,olfactory receptor neuron,ORN_DC1,class,FCA annotation (FBbt); MaleCNS class olfactory (ORN_* types),32,1364,re:^ORN_
fca2022,olfactory receptor neuron,ORN_DC2,class,FCA annotation (FBbt); MaleCNS class olfactory (ORN_* types),22,1364,re:^ORN_
fca2022,olfactory receptor neuron,ORN_DC3,class,FCA annotation (FBbt); MaleCNS class olfactory (ORN_* types),35,1364,re:^ORN_
fca2022,olfactory receptor neuron,ORN_DC4,class,FCA annotation (FBbt); MaleCNS class olfactory (ORN_* types),23,1364,re:^ORN_
fca2022,olfactory receptor neuron,ORN_DL1,class,FCA annotation (FBbt); MaleCNS class olfactory (ORN_* types),83,1364,re:^ORN_
fca2022,olfactory receptor neuron,ORN_DL2d,class,FCA annotation (FBbt); MaleCNS class olfactory (ORN_* types),15,1364,re:^ORN_
fca2022,olfactory receptor neuron,ORN_DL2v,class,FCA annotation (FBbt); MaleCNS class olfactory (ORN_* types),23,1364,re:^ORN_
fca2022,olfactory receptor neuron,ORN_DL3,class,FCA annotation (FBbt); MaleCNS class olfactory (ORN_* types),103,1364,re:^ORN_
fca2022,olfactory receptor neuron,ORN_DL4,class,FCA annotation (FBbt); MaleCNS class olfactory (ORN_* types),62,1364,re:^ORN_
fca2022,olfactory receptor neuron,ORN_DL5,class,FCA annotation (FBbt); MaleCNS class olfactory (ORN_* types),43,1364,re:^ORN_
fca2022,olfactory receptor neuron,ORN_DM1,class,FCA annotation (FBbt); MaleCNS class olfactory (ORN_* types),74,1364,re:^ORN_
fca2022,olfactory receptor neuron,ORN_DM2,class,FCA annotation (FBbt); MaleCNS class olfactory (ORN_* types),54,1364,re:^ORN_
fca2022,olfactory receptor neuron,ORN_DM3,class,FCA annotation (FBbt); MaleCNS class olfactory (ORN_* types),63,1364,re:^ORN_
fca2022,olfactory receptor neuron,ORN_DM4,class,FCA annotation (FBbt); MaleCNS class olfactory (ORN_* types),32,1364,re:^ORN_
fca2022,olfactory receptor neuron,ORN_DM5,class,FCA annotation (FBbt); MaleCNS class olfactory (ORN_* types),35,1364,re:^ORN_
fca2022,olfactory receptor neuron,ORN_DM6,class,FCA annotation (FBbt); MaleCNS class olfactory (ORN_* types),58,1364,re:^ORN_
fca2022,olfactory receptor neuron,ORN_DP1l,class,FCA annotation (FBbt); MaleCNS class olfactory (ORN_* types),33,1364,re:^ORN_
fca2022,olfactory receptor neuron,ORN_DP1m,class,FCA annotation (FBbt); MaleCNS class olfactory (ORN_* types),31,1364,re:^ORN_
fca2022,olfactory receptor neuron,ORN_V,class,FCA annotation (FBbt); MaleCNS class olfactory (ORN_* types),55,1364,re:^ORN_
fca2022,olfactory receptor neuron,ORN_VA1d,class,FCA annotation (FBbt); MaleCNS class olfactory (ORN_* types),132,1364,re:^ORN_
fca2022,olfactory receptor neuron,ORN_VA1v,class,FCA annotation (FBbt); MaleCNS class olfactory (ORN_* types),130,1364,re:^ORN_
fca2022,olfactory receptor neuron,ORN_VA2,class,FCA annotation (FBbt); MaleCNS class olfactory (ORN_* types),83,1364,re:^ORN_
fca2022,olfactory receptor neuron,ORN_VA3,class,FCA annotation (FBbt); MaleCNS class olfactory (ORN_* types),30,1364,re:^ORN_
fca2022,olfactory receptor neuron,ORN_VA4,class,FCA annotation (FBbt); MaleCNS class olfactory (ORN_* types),34,1364,re:^ORN_
fca2022,olfactory receptor neuron,ORN_VA5,class,FCA annotation (FBbt); MaleCNS class olfactory (ORN_* types),16,1364,re:^ORN_
fca2022,olfactory receptor neuron,ORN_VA6,class,FCA annotation (FBbt); MaleCNS class olfactory (ORN_* types),63,1364,re:^ORN_
fca2022,olfactory receptor neuron,ORN_VA7l,class,FCA annotation (FBbt); MaleCNS class olfactory (ORN_* types),29,1364,re:^ORN_
fca2022,olfactory receptor neuron,ORN_VA7m,class,FCA annotation (FBbt); MaleCNS class olfactory (ORN_* types),24,1364,re:^ORN_
fca2022,olfactory receptor neuron,ORN_VC1,class,FCA annotation (FBbt); MaleCNS class olfactory (ORN_* types),29,1364,re:^ORN_
fca2022,olfactory receptor neuron,ORN_VC2,class,FCA annotation (FBbt); MaleCNS class olfactory (ORN_* types),32,1364,re:^ORN_
fca2022,olfactory receptor neuron,ORN_VC3,class,FCA annotation (FBbt); MaleCNS class olfactory (ORN_* types),34,1364,re:^ORN_
fca2022,olfactory receptor neuron,ORN_VC4,class,FCA annotation (FBbt); MaleCNS class olfactory (ORN_* types),38,1364,re:^ORN_
fca2022,olfactory receptor neuron,ORN_VC5,class,FCA annotation (FBbt); MaleCNS class olfactory (ORN_* types),31,1364,re:^ORN_
fca2022,olfactory receptor neuron,ORN_VL1,class,FCA annotation (FBbt); MaleCNS class olfactory (ORN_* types),82,1364,re:^ORN_
fca2022,olfactory receptor neuron,ORN_VL2a,class,FCA annotation (FBbt); MaleCNS class olfactory (ORN_* types),98,1364,re:^ORN_
fca2022,olfactory receptor neuron,ORN_VL2p,class,FCA annotation (FBbt); MaleCNS class olfactory (ORN_* types),45,1364,re:^ORN_
fca2022,olfactory receptor neuron,ORN_VM1,class,FCA annotation (FBbt); MaleCNS class olfactory (ORN_* types),33,1364,re:^ORN_
fca2022,olfactory receptor neuron,ORN_VM2,class,FCA annotation (FBbt); MaleCNS class olfactory (ORN_* types),41,1364,re:^ORN_
fca2022,olfactory receptor neuron,ORN_VM3,class,FCA annotation (FBbt); MaleCNS class olfactory (ORN_* types),43,1364,re:^ORN_
fca2022,olfactory receptor neuron,ORN_VM4,class,FCA annotation (FBbt); MaleCNS class olfactory (ORN_* types),78,1364,re:^ORN_
fca2022,olfactory receptor neuron,ORN_VM5d,class,FCA annotation (FBbt); MaleCNS class olfactory (ORN_* types),84,1364,re:^ORN_
fca2022,olfactory receptor neuron,ORN_VM5v,class,FCA annotation (FBbt); MaleCNS class olfactory (ORN_* types),34,1364,re:^ORN_
fca2022,olfactory receptor neuron,ORN_VM6l,class,FCA annotation (FBbt); MaleCNS class olfactory (ORN_* types),14,1364,re:^ORN_
fca2022,olfactory receptor neuron,ORN_VM6m,class,FCA annotation (FBbt); MaleCNS class olfactory (ORN_* types),25,1364,re:^ORN_
fca2022,olfactory receptor neuron,ORN_VM6v,class,FCA annotation (FBbt); MaleCNS class olfactory (ORN_* types),34,1364,re:^ORN_
fca2022,olfactory receptor neuron,ORN_VM7d,class,FCA annotation (FBbt); MaleCNS class olfactory (ORN_* types),36,1364,re:^ORN_
fca2022,olfactory receptor neuron,ORN_VM7v,class,FCA annotation (FBbt); MaleCNS class olfactory (ORN_* types),25,1364,re:^ORN_
fca2022,adult olfactory receptor neuron Gr21a/63a,ORN_V,alias,Gr21a/Gr63a CO2 ORNs project to glomerulus V (Suh 2004; Jones 2007) -> ORN_V,55,6,exact:ORN_V
fca2022,antennal trichoid sensillum at4,ORN_VA1v,fuzzy,"at4 houses Or47b (VA1v), Or65a/b/c (DL3), Or88a (VA1d) (Couto 2005); 7 nuclei",130,7,list:ORN_VA1v|ORN_DL3|ORN_VA1d
fca2022,antennal trichoid sensillum at4,ORN_DL3,fuzzy,"at4 houses Or47b (VA1v), Or65a/b/c (DL3), Or88a (VA1d) (Couto 2005); 7 nuclei",103,7,list:ORN_VA1v|ORN_DL3|ORN_VA1d
fca2022,antennal trichoid sensillum at4,ORN_VA1d,fuzzy,"at4 houses Or47b (VA1v), Or65a/b/c (DL3), Or88a (VA1d) (Couto 2005); 7 nuclei",132,7,list:ORN_VA1v|ORN_DL3|ORN_VA1d
fca2022,Johnston organ neuron,JO-A-unclear,class,FCA annotation (FBbt); MaleCNS JO-* types (class mechanosensory),24,541,re:^JO-
fca2022,Johnston organ neuron,JO-A1,class,FCA annotation (FBbt); MaleCNS JO-* types (class mechanosensory),8,541,re:^JO-
fca2022,Johnston organ neuron,JO-A2,class,FCA annotation (FBbt); MaleCNS JO-* types (class mechanosensory),13,541,re:^JO-
fca2022,Johnston organ neuron,JO-A3,class,FCA annotation (FBbt); MaleCNS JO-* types (class mechanosensory),2,541,re:^JO-
fca2022,Johnston organ neuron,JO-A4,class,FCA annotation (FBbt); MaleCNS JO-* types (class mechanosensory),3,541,re:^JO-
fca2022,Johnston organ neuron,JO-B-unclear,class,FCA annotation (FBbt); MaleCNS JO-* types (class mechanosensory),13,541,re:^JO-
fca2022,Johnston organ neuron,JO-B1_a,class,FCA annotation (FBbt); MaleCNS JO-* types (class mechanosensory),17,541,re:^JO-
fca2022,Johnston organ neuron,JO-B1_b,class,FCA annotation (FBbt); MaleCNS JO-* types (class mechanosensory),12,541,re:^JO-
fca2022,Johnston organ neuron,JO-B1_c,class,FCA annotation (FBbt); MaleCNS JO-* types (class mechanosensory),10,541,re:^JO-
fca2022,Johnston organ neuron,JO-B2,class,FCA annotation (FBbt); MaleCNS JO-* types (class mechanosensory),9,541,re:^JO-
fca2022,Johnston organ neuron,JO-B3,class,FCA annotation (FBbt); MaleCNS JO-* types (class mechanosensory),12,541,re:^JO-
fca2022,Johnston organ neuron,JO-B4_a,class,FCA annotation (FBbt); MaleCNS JO-* types (class mechanosensory),3,541,re:^JO-
fca2022,Johnston organ neuron,JO-B4_b,class,FCA annotation (FBbt); MaleCNS JO-* types (class mechanosensory),12,541,re:^JO-
fca2022,Johnston organ neuron,JO-CA1,class,FCA annotation (FBbt); MaleCNS JO-* types (class mechanosensory),10,541,re:^JO-
fca2022,Johnston organ neuron,JO-CA2,class,FCA annotation (FBbt); MaleCNS JO-* types (class mechanosensory),9,541,re:^JO-
fca2022,Johnston organ neuron,JO-CL,class,FCA annotation (FBbt); MaleCNS JO-* types (class mechanosensory),19,541,re:^JO-
fca2022,Johnston organ neuron,JO-CM,class,FCA annotation (FBbt); MaleCNS JO-* types (class mechanosensory),30,541,re:^JO-
fca2022,Johnston organ neuron,JO-DA,class,FCA annotation (FBbt); MaleCNS JO-* types (class mechanosensory),5,541,re:^JO-
fca2022,Johnston organ neuron,JO-DP,class,FCA annotation (FBbt); MaleCNS JO-* types (class mechanosensory),3,541,re:^JO-
fca2022,Johnston organ neuron,JO-ED1,class,FCA annotation (FBbt); MaleCNS JO-* types (class mechanosensory),18,541,re:^JO-
fca2022,Johnston organ neuron,JO-ED2_a,class,FCA annotation (FBbt); MaleCNS JO-* types (class mechanosensory),38,541,re:^JO-
fca2022,Johnston organ neuron,JO-ED2_b,class,FCA annotation (FBbt); MaleCNS JO-* types (class mechanosensory),21,541,re:^JO-
fca2022,Johnston organ neuron,JO-ED2_c,class,FCA annotation (FBbt); MaleCNS JO-* types (class mechanosensory),14,541,re:^JO-
fca2022,Johnston organ neuron,JO-EV1,class,FCA annotation (FBbt); MaleCNS JO-* types (class mechanosensory),50,541,re:^JO-
fca2022,Johnston organ neuron,JO-EV2,class,FCA annotation (FBbt); MaleCNS JO-* types (class mechanosensory),36,541,re:^JO-
fca2022,Johnston organ neuron,JO-EV3,class,FCA annotation (FBbt); MaleCNS JO-* types (class mechanosensory),45,541,re:^JO-
fca2022,Johnston organ neuron,JO-EV4,class,FCA annotation (FBbt); MaleCNS JO-* types (class mechanosensory),1,541,re:^JO-
fca2022,Johnston organ neuron,JO-EV5,class,FCA annotation (FBbt); MaleCNS JO-* types (class mechanosensory),23,541,re:^JO-
fca2022,Johnston organ neuron,JO-EV6,class,FCA annotation (FBbt); MaleCNS JO-* types (class mechanosensory),21,541,re:^JO-
fca2022,Johnston organ neuron,JO-FD1,class,FCA annotation (FBbt); MaleCNS JO-* types (class mechanosensory),4,541,re:^JO-
fca2022,Johnston organ neuron,JO-FD2,class,FCA annotation (FBbt); MaleCNS JO-* types (class mechanosensory),4,541,re:^JO-
fca2022,Johnston organ neuron,JO-FV,class,FCA annotation (FBbt); MaleCNS JO-* types (class mechanosensory),70,541,re:^JO-
fca2022,Johnston organ neuron,JO-mz,class,FCA annotation (FBbt); MaleCNS JO-* types (class mechanosensory),11,541,re:^JO-
fca2022,Johnston organ neuron,JO-unclear,class,FCA annotation (FBbt); MaleCNS JO-* types (class mechanosensory),102,541,re:^JO-
fca2022,auditory sensory neuron,JO-A-unclear,class,FCA annotation (FBbt); MaleCNS subclass auditory (JO-A/JO-B/JO-CA types),24,706,query:subclass == 'auditory'
fca2022,auditory sensory neuron,JO-A1,class,FCA annotation (FBbt); MaleCNS subclass auditory (JO-A/JO-B/JO-CA types),8,706,query:subclass == 'auditory'
fca2022,auditory sensory neuron,JO-A2,class,FCA annotation (FBbt); MaleCNS subclass auditory (JO-A/JO-B/JO-CA types),13,706,query:subclass == 'auditory'
fca2022,auditory sensory neuron,JO-A3,class,FCA annotation (FBbt); MaleCNS subclass auditory (JO-A/JO-B/JO-CA types),2,706,query:subclass == 'auditory'
fca2022,auditory sensory neuron,JO-A4,class,FCA annotation (FBbt); MaleCNS subclass auditory (JO-A/JO-B/JO-CA types),3,706,query:subclass == 'auditory'
fca2022,auditory sensory neuron,JO-B-unclear,class,FCA annotation (FBbt); MaleCNS subclass auditory (JO-A/JO-B/JO-CA types),13,706,query:subclass == 'auditory'
fca2022,auditory sensory neuron,JO-B1_a,class,FCA annotation (FBbt); MaleCNS subclass auditory (JO-A/JO-B/JO-CA types),17,706,query:subclass == 'auditory'
fca2022,auditory sensory neuron,JO-B1_b,class,FCA annotation (FBbt); MaleCNS subclass auditory (JO-A/JO-B/JO-CA types),12,706,query:subclass == 'auditory'
fca2022,auditory sensory neuron,JO-B1_c,class,FCA annotation (FBbt); MaleCNS subclass auditory (JO-A/JO-B/JO-CA types),10,706,query:subclass == 'auditory'
fca2022,auditory sensory neuron,JO-CA2,class,FCA annotation (FBbt); MaleCNS subclass auditory (JO-A/JO-B/JO-CA types),9,706,query:subclass == 'auditory'
fca2022,columnar neuron T1,T1,exact,label token T1,1777,1618,exact:T1
fca2022,T neuron T4/T5a-b,T4a,fuzzy,"label token T4/T5a-b -> T4a,T4b,T5a,T5b",1684,1525,list:T4a|T4b|T5a|T5b
fca2022,T neuron T4/T5a-b,T4b,fuzzy,"label token T4/T5a-b -> T4a,T4b,T5a,T5b",1690,1525,list:T4a|T4b|T5a|T5b
fca2022,T neuron T4/T5a-b,T5a,fuzzy,"label token T4/T5a-b -> T4a,T4b,T5a,T5b",1664,1525,list:T4a|T4b|T5a|T5b
fca2022,T neuron T4/T5a-b,T5b,fuzzy,"label token T4/T5a-b -> T4a,T4b,T5a,T5b",1715,1525,list:T4a|T4b|T5a|T5b
fca2022,T neuron T4/T5c-d,T4c,fuzzy,"label token T4/T5c-d -> T4c,T4d,T5c,T5d",1778,734,list:T4c|T4d|T5c|T5d
fca2022,T neuron T4/T5c-d,T4d,fuzzy,"label token T4/T5c-d -> T4c,T4d,T5c,T5d",1709,734,list:T4c|T4d|T5c|T5d
fca2022,T neuron T4/T5c-d,T5c,fuzzy,"label token T4/T5c-d -> T4c,T4d,T5c,T5d",1720,734,list:T4c|T4d|T5c|T5d
fca2022,T neuron T4/T5c-d,T5d,fuzzy,"label token T4/T5c-d -> T4c,T4d,T5c,T5d",1620,734,list:T4c|T4d|T5c|T5d
fca2022,T neuron T4/T5,T4a,fuzzy,label token T4/T5 -> all eight T4/T5 subtypes,1684,376,re:^T[45][a-d]$
fca2022,T neuron T4/T5,T4b,fuzzy,label token T4/T5 -> all eight T4/T5 subtypes,1690,376,re:^T[45][a-d]$
fca2022,T neuron T4/T5,T4c,fuzzy,label token T4/T5 -> all eight T4/T5 subtypes,1778,376,re:^T[45][a-d]$
fca2022,T neuron T4/T5,T4d,fuzzy,label token T4/T5 -> all eight T4/T5 subtypes,1709,376,re:^T[45][a-d]$
fca2022,T neuron T4/T5,T5a,fuzzy,label token T4/T5 -> all eight T4/T5 subtypes,1664,376,re:^T[45][a-d]$
fca2022,T neuron T4/T5,T5b,fuzzy,label token T4/T5 -> all eight T4/T5 subtypes,1715,376,re:^T[45][a-d]$
fca2022,T neuron T4/T5,T5c,fuzzy,label token T4/T5 -> all eight T4/T5 subtypes,1720,376,re:^T[45][a-d]$
fca2022,T neuron T4/T5,T5d,fuzzy,label token T4/T5 -> all eight T4/T5 subtypes,1620,376,re:^T[45][a-d]$
fca2022,T neuron T2,T2,exact,label token T2,1630,604,exact:T2
fca2022,T neuron T2a,T2a,exact,label token T2a,1872,622,exact:T2a
fca2022,T neuron T3,T3,exact,label token T3,1940,617,exact:T3
fca2022,lamina monopolar neuron L1,L1,exact,label token L1,1776,906,exact:L1
fca2022,lamina monopolar neuron L2,L2,exact,label token L2,1779,1238,exact:L2
fca2022,lamina monopolar neuron L3,L3,exact,label token L3,1772,1047,exact:L3
fca2022,lamina monopolar neuron L4,L4,exact,label token L4,1769,660,exact:L4
fca2022,lamina monopolar neuron L5,L5,exact,label token L5,1787,535,exact:L5
fca2022,lamina intrinsic amacrine neuron Lai,Lai,exact,label token Lai,84,368,exact:Lai
fca2022,lamina wide-field 1 neuron,Lawf1,alias,lamina wide-field 1 = Lawf1,361,181,exact:Lawf1
fca2022,lamina wide-field 2 neuron,Lawf2,alias,lamina wide-field 2 = Lawf2,383,215,exact:Lawf2
fca2022,medullary intrinsic neuron Mi1,Mi1,exact,label token Mi1,1773,1001,exact:Mi1
fca2022,medullary intrinsic neuron Mi4,Mi4,exact,label token Mi4,1772,641,exact:Mi4
fca2022,medullary intrinsic neuron Mi9,Mi9,exact,label token Mi9,1775,251,exact:Mi9
fca2022,medullary intrinsic neuron Mi15,Mi15,exact,label token Mi15,1151,282,exact:Mi15
fca2022,transmedullary neuron Tm1,Tm1,exact,label token Tm1,1777,957,exact:Tm1
fca2022,transmedullary neuron Tm2,Tm2,exact,label token Tm2,1766,731,exact:Tm2
fca2022,transmedullary neuron Tm3a,Tm3,alias,Tm3a (Oezel 2021 subtype label) -> MaleCNS Tm3 (single type),2054,615,exact:Tm3
fca2022,transmedullary neuron Tm4,Tm4,exact,label token Tm4,1670,569,exact:Tm4
fca2022,transmedullary neuron Tm9,Tm9,exact,label token Tm9,1771,274,exact:Tm9
fca2022,transmedullary neuron Tm20,Tm20,exact,label token Tm20,1762,277,exact:Tm20
fca2022,transmedullary neuron Tm5c,Tm5c,exact,label token Tm5c,750,169,exact:Tm5c
fca2022,transmedullary neuron Tm29,Tm29,exact,label token Tm29,544,115,exact:Tm29
fca2022,transmedullary Y neuron TmY4,TmY4,exact,label token TmY4,562,135,exact:TmY4
fca2022,transmedullary Y neuron TmY5a,TmY5a,exact,label token TmY5a,1364,459,exact:TmY5a
fca2022,transmedullary Y neuron TmY8,,unmatched,MaleCNS v1.0 has no type named TmY8 (renamed in the Nern 2025 optic-lobe nomenclature; correspondence not established here),0,390,
fca2022,transmedullary Y neuron TmY14,TmY14,exact,label token TmY14,477,153,exact:TmY14
fca2022,centrifugal neuron C2,C2,exact,label token C2,1745,506,exact:C2
fca2022,centrifugal neuron C3,C3,exact,label token C3,1779,617,exact:C3
fca2022,distal medullary amacrine neuron Dm3,Dm3a,fuzzy,label token Dm3 -> Dm3a/b/c,1204,305,re:^Dm3[abc]$
fca2022,distal medullary amacrine neuron Dm3,Dm3b,fuzzy,label token Dm3 -> Dm3a/b/c,1137,305,re:^Dm3[abc]$
fca2022,distal medullary amacrine neuron Dm3,Dm3c,fuzzy,label token Dm3 -> Dm3a/b/c,787,305,re:^Dm3[abc]$
fca2022,distal medullary amacrine neuron Dm8,Dm8a,fuzzy,label token Dm8 -> Dm8a/b,572,330,re:^Dm8[ab]$
fca2022,distal medullary amacrine neuron Dm8,Dm8b,fuzzy,label token Dm8 -> Dm8a/b,532,330,re:^Dm8[ab]$
fca2022,distal medullary amacrine neuron Dm9,Dm9,exact,label token Dm9,273,228,exact:Dm9
fca2022,distal medullary amacrine neuron Dm10,Dm10,exact,label token Dm10,626,284,exact:Dm10
fca2022,distal medullary amacrine neuron Dm11,Dm11,exact,label token Dm11 (4 nuclei),158,4,exact:Dm11
fca2022,distal medullary amacrine neuron Dm12,Dm12,exact,label token Dm12,276,96,exact:Dm12
fca2022,proximal medullary amacrine neuron Pm2,Pm2a,fuzzy,label token Pm2 -> Pm2a/b,219,90,re:^Pm2[ab]$
fca2022,proximal medullary amacrine neuron Pm2,Pm2b,fuzzy,label token Pm2 -> Pm2a/b,124,90,re:^Pm2[ab]$
fca2022,proximal medullary amacrine neuron Pm4,Pm4,exact,label token Pm4,168,71,exact:Pm4
fca2022,lobula columnar neuron LC10,LC10_unclear,fuzzy,label token LC10 -> LC10a-e (+ LC10_unclear),11,182,re:^LC10
fca2022,lobula columnar neuron LC10,LC10a,fuzzy,label token LC10 -> LC10a-e (+ LC10_unclear),275,182,re:^LC10
fca2022,lobula columnar neuron LC10,LC10b,fuzzy,label token LC10 -> LC10a-e (+ LC10_unclear),95,182,re:^LC10
fca2022,lobula columnar neuron LC10,LC10c-1,fuzzy,label token LC10 -> LC10a-e (+ LC10_unclear),130,182,re:^LC10
fca2022,lobula columnar neuron LC10,LC10c-2,fuzzy,label token LC10 -> LC10a-e (+ LC10_unclear),125,182,re:^LC10
fca2022,lobula columnar neuron LC10,LC10d,fuzzy,label token LC10 -> LC10a-e (+ LC10_unclear),214,182,re:^LC10
fca2022,lobula columnar neuron LC10,LC10e,fuzzy,label token LC10 -> LC10a-e (+ LC10_unclear),110,182,re:^LC10
fca2022,lobula columnar neuron LC12,LC12,exact,label token LC12,498,69,exact:LC12
fca2022,lobula columnar neuron LC17,LC17,exact,label token LC17,353,341,exact:LC17
fca2022,outer photoreceptor cell,R1-R6,alias,outer photoreceptors R1-R6 -> MaleCNS R1-R6,3377,6010,exact:R1-R6
fca2022,photoreceptor cell R7,R7_unclear,fuzzy,R7 -> R7y/R7p/R7d/R7_unclear,404,487,re:^R7(y|p|d|_unclear)$
fca2022,photoreceptor cell R7,R7d,fuzzy,R7 -> R7y/R7p/R7d/R7_unclear,82,487,re:^R7(y|p|d|_unclear)$
fca2022,photoreceptor cell R7,R7p,fuzzy,R7 -> R7y/R7p/R7d/R7_unclear,332,487,re:^R7(y|p|d|_unclear)$
fca2022,photoreceptor cell R7,R7y,fuzzy,R7 -> R7y/R7p/R7d/R7_unclear,482,487,re:^R7(y|p|d|_unclear)$
fca2022,photoreceptor cell R8,R8_unclear,fuzzy,R8 -> R8y/R8p/R8d/R8_unclear,442,1473,re:^R8(y|p|d|_unclear)$
fca2022,photoreceptor cell R8,R8d,fuzzy,R8 -> R8y/R8p/R8d/R8_unclear,76,1473,re:^R8(y|p|d|_unclear)$
fca2022,photoreceptor cell R8,R8p,fuzzy,R8 -> R8y/R8p/R8d/R8_unclear,330,1473,re:^R8(y|p|d|_unclear)$
fca2022,photoreceptor cell R8,R8y,fuzzy,R8 -> R8y/R8p/R8d/R8_unclear,481,1473,re:^R8(y|p|d|_unclear)$
fca2022,dorsal rim area,R7d,fuzzy,DRA photoreceptors = R7d/R8d (2 nuclei),82,2,list:R7d|R8d
fca2022,dorsal rim area,R8d,fuzzy,DRA photoreceptors = R7d/R8d (2 nuclei),76,2,list:R7d|R8d
fca2022,ocellus retinula cell,,unmatched,ocellar photoreceptors are not in the MaleCNS node set (OCG types are ocellar-ganglion interneurons),0,61,
fca2022,photoreceptor-like,,unmatched,no type,0,117,
fca2022,unannotated,,unmatched,unannotated nuclei,0,44906,
fca2022,artefact,,unmatched,artefact,0,216,
fca2022,cone cell,,unmatched,non-neuronal,0,5397,
fca2022,epithelial cell,,unmatched,non-neuronal,0,4804,
fca2022,ensheathing glial cell,,unmatched,glia,0,1855,
fca2022,adult brain perineurial glial cell,,unmatched,glia,0,1640,
fca2022,skeletal muscle of head,,unmatched,non-neuronal,0,1579,
fca2022,pigment cell,,unmatched,non-neuronal,0,1364,
fca2022,adult lamina epithelial/marginal glial cell,,unmatched,glia,0,984,
fca2022,adult reticular neuropil associated glial cell,,unmatched,glia,0,954,
fca2022,optic-lobe-associated cortex glial cell,,unmatched,glia,0,570,
fca2022,hemocyte,,unmatched,non-neuronal,0,352,
fca2022,adult optic chiasma glial cell,,unmatched,glia,0,322,
fca2022,subperineurial glial cell,,unmatched,glia,0,279,
fca2022,pericerebral adult fat mass,,unmatched,non-neuronal,0,198,
fca2022,adult fat body,,unmatched,non-neuronal,0,103,
fca2022,adult brain cell body glial cell,,unmatched,glia,0,67,
fca2022,perineurial glial sheath,,unmatched,glia,0,6,
davie2018,19,,unmatched,Davie res2 cluster 19: 'Unannotated' in Table S2,0,747,
davie2018,21,,unmatched,Davie res2 cluster 21: 'Unannotated' in Table S2,0,731,
davie2018,34,,unmatched,Davie res2 cluster 34: 'Unannotated' in Table S2,0,457,
davie2018,3,,unmatched,Davie res2 cluster 3: 'Unannotated' in Table S2,0,2623,
davie2018,0,,unmatched,Davie res2 cluster 0: 'Unannotated' in Table S2,0,4093,
davie2018,16,,unmatched,Davie res2 cluster 16: 'Unannotated' in Table S2,0,955,
davie2018,15,,unmatched,Davie res2 cluster 15: 'Unannotated' in Table S2,0,1047,
davie2018,2,,unmatched,Davie res2 cluster 2: 'Unannotated' in Table S2,0,2848,
davie2018,59,,unmatched,Davie res2 cluster 59: 'Unannotated' in Table S2,0,243,
davie2018,1,,unmatched,Davie res2 cluster 1: 'Unannotated' in Table S2,0,4074,
davie2018,32,,unmatched,Davie res2 cluster 32: 'Unannotated' in Table S2,0,468,
davie2018,9,,unmatched,Davie res2 cluster 9: 'Unannotated' in Table S2,0,1537,
davie2018,18,,unmatched,Davie res2 cluster 18: 'Unannotated' in Table S2,0,780,
davie2018,13,,unmatched,Davie res2 cluster 13: 'Unannotated' in Table S2,0,976,
davie2018,47,,unmatched,Davie res2 cluster 47: 'Unannotated' in Table S2,0,320,
davie2018,25,,unmatched,Davie res2 cluster 25: 'Unannotated' in Table S2,0,565,
davie2018,5,,unmatched,Davie res2 cluster 5: 'Unannotated' in Table S2,0,2300,
davie2018,4,,unmatched,Davie res2 cluster 4: 'Unannotated' in Table S2,0,2515,
davie2018,6,,unmatched,Davie res2 cluster 6: 'Unannotated' in Table S2,0,1925,
davie2018,79,,unmatched,Davie res2 cluster 79: 'Unannotated' in Table S2,0,117,
davie2018,49,,unmatched,Davie res2 cluster 49: 'Unannotated' in Table S2,0,295,
davie2018,30,,unmatched,Davie res2 cluster 30: 'Unannotated' in Table S2,0,513,
davie2018,83,,unmatched,Davie res2 cluster 83: 'Unannotated' in Table S2,0,84,
davie2018,40,,unmatched,Davie res2 cluster 40: 'Unannotated' in Table S2,0,375,
davie2018,7,,unmatched,Davie res2 cluster 7: 'Unannotated' in Table S2,0,1743,
davie2018,75,,unmatched,Davie res2 cluster 75: 'Unannotated' in Table S2,0,137,
davie2018,69,,unmatched,Davie res2 cluster 69: 'Unannotated' in Table S2,0,205,
davie2018,54,,unmatched,Davie res2 cluster 54: 'Unannotated' in Table S2,0,275,
davie2018,44,,unmatched,Davie res2 cluster 44: 'Unannotated' in Table S2,0,259,
davie2018,78,,unmatched,Davie res2 cluster 78: 'Unannotated' in Table S2,0,124,
davie2018,51,,unmatched,Davie res2 cluster 51: 'Unannotated' in Table S2,0,280,
davie2018,50,,unmatched,Davie res2 cluster 50: 'Unannotated' in Table S2,0,282,
davie2018,81,,unmatched,Davie res2 cluster 81: 'Unannotated' in Table S2,0,92,
davie2018,67,,unmatched,Davie res2 cluster 67: 'Unannotated' in Table S2,0,216,
davie2018,68,,unmatched,Davie res2 cluster 68: 'Unannotated' in Table S2,0,209,
davie2018,84,,unmatched,Davie res2 cluster 84: 'Unannotated' in Table S2,0,73,
davie2018,62,,unmatched,Davie res2 cluster 62: 'Unannotated' in Table S2,0,230,
davie2018,71,,unmatched,Davie res2 cluster 71: 'Unannotated' in Table S2,0,193,
davie2018,56,,unmatched,Davie res2 cluster 56: 'Unannotated' in Table S2,0,265,
davie2018,29,,unmatched,Davie res2 cluster 29: 'Unannotated' in Table S2,0,516,
davie2018,76,,unmatched,Davie res2 cluster 76: 'Unannotated' in Table S2,0,131,
